contig	start	end	site_id	locus_id	locus_summit	summit	family_index	start_mad	end_mad	assigned_call_count	geometry_call_count	cluster_support_molecules	n_fully_mapped	n_tf	n_msp	n_tf_msp	n_tf_no_msp	n_no_tf_msp	n_no_tf_no_msp	occupancy_overall	occupancy_given_msp	geometry_ready	population_ready
chr2R	25221317	25221382	tfsite_8d69c24b26029c79	tflocus_55af339fd22dba74	25221354	25221350	1	0	0	1	1	1	678	1	72	1	0	71	606	0.00147492625369	0.0138888888889	0	0
chr2R	25221320	25221344	tfsite_8ccdc060cd108c72	tflocus_6f6e3409440d7f5e	25221333	25221332	1	0	5	10	10	10	721	10	107	9	1	98	613	0.0138696255201	0.0841121495327	1	1
chr2R	25221320	25221359	tfsite_c3b148c4a696bab2	tflocus_6f6e3409440d7f5e	25221333	25221340	2	1.5	2	5	5	5	718	5	83	5	0	78	635	0.00696378830084	0.0602409638554	1	1
chr2R	25221320	25221368	tfsite_43f3ac1ed38b1c60	tflocus_55af339fd22dba74	25221354	25221344	2	0	0	1	1	1	726	1	80	1	0	79	646	0.00137741046832	0.0125	0	0
chr2R	25221320	25221384	tfsite_28be6661203b7b5c	tflocus_55af339fd22dba74	25221354	25221352	3	0.5	0	13	13	13	721	13	79	13	0	66	642	0.0180305131761	0.164556962025	1	1
chr2R	25221320	25221386	tfsite_fb1e5c1c79ae8a17	tflocus_55af339fd22dba74	25221354	25221353	4	1	1.5	3	3	3	728	3	79	2	1	77	648	0.00412087912088	0.0253164556962	1	1
chr2R	25221320	25221392	tfsite_c5d07e87d0434e81	tflocus_55af339fd22dba74	25221354	25221356	5	6	5.5	14	13	13	719	12	77	12	0	65	642	0.0166898470097	0.155844155844	1	1
chr2R	25221321	25221366	tfsite_268eea6750ef4342	tflocus_6f6e3409440d7f5e	25221333	25221343	3	1.5	1.5	2	2	2	736	2	85	2	0	83	651	0.00271739130435	0.0235294117647	0	0
chr2R	25221321	25221388	tfsite_20a4f6c39602200a	tflocus_55af339fd22dba74	25221354	25221354	6	1.5	1	4	4	4	736	4	83	2	2	81	651	0.0054347826087	0.0240963855422	1	1
chr2R	25221322	25221372	tfsite_5c35c4e77912d956	tflocus_55af339fd22dba74	25221354	25221347	7	2	2	6	6	6	741	6	85	6	0	79	656	0.0080971659919	0.0705882352941	1	1
chr2R	25221332	25221397	tfsite_faaa6f4092bc742c	tflocus_c5da106ac1f9dbe3	25221365	25221364	1	2.5	3	2	2	2	787	2	82	1	1	81	704	0.00254129606099	0.0121951219512	0	0
chr2R	25221334	25221375	tfsite_84f58fcf26431e12	tflocus_55af339fd22dba74	25221354	25221354	8	3.5	3.5	2	2	2	790	2	95	2	0	93	695	0.00253164556962	0.0210526315789	0	0
chr2R	25221334	25221401	tfsite_c07939257977117a	tflocus_c5da106ac1f9dbe3	25221365	25221368	2	1	1	7	7	7	782	7	75	5	2	70	705	0.00895140664962	0.0666666666667	1	1
chr2R	25221335	25221354	tfsite_06b801ad970408c8	tflocus_55af339fd22dba74	25221354	25221345	9	0	0	1	1	1	772	1	99	1	0	98	673	0.00129533678756	0.010101010101	0	0
chr2R	25221335	25221365	tfsite_d7b395896f8119e4	tflocus_55af339fd22dba74	25221354	25221350	10	1	1	2	2	2	780	2	95	2	0	93	685	0.0025641025641	0.0210526315789	0	0
chr2R	25221335	25221377	tfsite_3ef454333646f9ab	tflocus_55af339fd22dba74	25221354	25221356	11	2.5	3	2	2	2	788	2	93	2	0	91	695	0.00253807106599	0.0215053763441	0	0
chr2R	25221335	25221383	tfsite_cf974c85d21f005f	tflocus_55af339fd22dba74	25221354	25221359	12	6	5.5	3	3	3	781	3	93	2	1	91	687	0.00384122919334	0.0215053763441	1	1
chr2R	25221336	25221349	tfsite_8828c2c7ce19be43	tflocus_6f6e3409440d7f5e	25221333	25221343	4	0	0	8	8	8	778	8	118	8	0	110	660	0.0102827763496	0.0677966101695	1	1
chr2R	25221336	25221351	tfsite_7151f56beba22b06	tflocus_55af339fd22dba74	25221354	25221344	13	2	2.5	5	5	5	776	5	114	5	0	109	662	0.00644329896907	0.0438596491228	1	1
chr2R	25221336	25221370	tfsite_e2b65fab52bee3ad	tflocus_55af339fd22dba74	25221354	25221353	14	0	0	1	1	1	783	1	95	1	0	94	688	0.00127713920817	0.0105263157895	0	0
chr2R	25221337	25221384	tfsite_d66c1db1a342404d	tflocus_c5da106ac1f9dbe3	25221365	25221360	3	1	0.5	10	9	9	779	10	94	7	3	87	682	0.012836970475	0.0744680851064	1	1
chr2R	25221339	25221376	tfsite_4d0ed53761e67faf	tflocus_55af339fd22dba74	25221354	25221358	15	0	0	1	1	1	786	1	95	1	0	94	691	0.00127226463104	0.0105263157895	0	0
chr2R	25221344	25221388	tfsite_5a5ad75713f334dc	tflocus_c5da106ac1f9dbe3	25221365	25221365	4	1.5	0.5	2	2	2	787	2	93	2	0	91	694	0.00254129606099	0.0215053763441	0	0
chr2R	25221353	25221396	tfsite_fd1a2cf2d07009ec	tflocus_9121ff87d507cb4f	25221382	25221374	1	4	3.5	2	2	2	785	2	82	2	0	80	703	0.00254777070064	0.0243902439024	0	0
chr2R	25221364	25221383	tfsite_f2f60dfe2a2cb5cf	tflocus_9121ff87d507cb4f	25221382	25221374	2	0	0	1	1	1	782	1	94	1	0	93	688	0.00127877237852	0.0106382978723	0	0
chr2R	25221369	25221448	tfsite_c07ab14df989d7da	tflocus_d90799da176ca42d	25221409	25221409	1	0	0	1	1	1	786	1	30	1	0	29	756	0.00127226463104	0.0333333333333	0	0
chr2R	25221378	25221387	tfsite_fb2af2fde3f00ee5	tflocus_9121ff87d507cb4f	25221382	25221383	3	1	1	3	3	3	788	3	94	3	0	91	694	0.00380710659898	0.031914893617	1	1
chr2R	25221397	25221452	tfsite_df3506dce6c34fd2	tflocus_8580fee0e01b8450	25221424	25221424	1	1	0.5	2	2	2	786	2	30	2	0	28	756	0.00254452926209	0.0666666666667	0	0
chr2R	25221407	25221461	tfsite_048e2935c3e19470	tflocus_063479e6bc6e23dd	25221435	25221434	1	0	0	1	1	1	789	1	30	1	0	29	759	0.00126742712294	0.0333333333333	0	0
chr2R	25221412	25221466	tfsite_5fc67077ec46293e	tflocus_063479e6bc6e23dd	25221435	25221439	2	0	0	1	1	1	789	1	27	1	0	26	762	0.00126742712294	0.037037037037	0	0
chr2R	25221419	25221442	tfsite_348eb7db0e0c9a8c	tflocus_063479e6bc6e23dd	25221435	25221431	3	0	0	1	1	1	785	1	54	1	0	53	731	0.00127388535032	0.0185185185185	0	0
chr2R	25221420	25221452	tfsite_8390e22f1c0d09fe	tflocus_063479e6bc6e23dd	25221435	25221436	4	0	0	1	1	1	783	1	51	1	0	50	732	0.00127713920817	0.0196078431373	0	0
chr2R	25221437	25221467	tfsite_926b703be9300817	tflocus_723df5fafacb12d2	25221453	25221452	1	4	1.5	2	2	2	790	2	74	2	0	72	716	0.00253164556962	0.027027027027	0	0
chr2R	25221438	25221450	tfsite_4772f6c11cb21c22	tflocus_063479e6bc6e23dd	25221435	25221444	5	0	0	1	1	1	796	1	95	1	0	94	701	0.00125628140704	0.0105263157895	0	0
chr2R	25221439	25221453	tfsite_f4cd1f742a477b2c	tflocus_723df5fafacb12d2	25221453	25221446	2	0	0	1	1	1	795	1	92	1	0	91	703	0.00125786163522	0.0108695652174	0	0
chr2R	25221449	25221496	tfsite_2aff3d15f9eda949	tflocus_94468c8bd5285cc6	25221472	25221473	1	0	0	1	1	1	796	1	36	1	0	35	760	0.00125628140704	0.0277777777778	0	0
chr2R	25221450	25221468	tfsite_e8647e8144b0ce64	tflocus_723df5fafacb12d2	25221453	25221458	3	1.5	4.5	2	2	2	788	2	98	2	0	96	690	0.00253807106599	0.0204081632653	0	0
chr2R	25221456	25221519	tfsite_ff7dc91634e4b481	tflocus_a61e29c06ae42983	25221496	25221488	1	0	0	1	1	1	798	1	41	1	0	40	757	0.00125313283208	0.0243902439024	0	0
chr2R	25221460	25221484	tfsite_e76e2a90bdfc0c57	tflocus_94468c8bd5285cc6	25221472	25221472	2	2.5	4	3	3	3	797	3	77	3	0	74	720	0.00376411543287	0.038961038961	1	1
chr2R	25221471	25221492	tfsite_d39752e0f07b6916	tflocus_94468c8bd5285cc6	25221472	25221482	3	0	0	2	2	2	800	2	71	2	0	69	729	0.0025	0.0281690140845	0	0
chr2R	25221471	25221502	tfsite_05088d3547311745	tflocus_a61e29c06ae42983	25221496	25221487	2	0	0	1	1	1	798	1	53	1	0	52	745	0.00125313283208	0.0188679245283	0	0
chr2R	25221471	25221521	tfsite_a628bb8acfefc411	tflocus_a61e29c06ae42983	25221496	25221496	3	0	0	1	1	1	799	1	46	1	0	45	753	0.00125156445557	0.0217391304348	0	0
chr2R	25221475	25221537	tfsite_408a8f15883f7027	tflocus_a61e29c06ae42983	25221496	25221506	4	3.5	3	2	2	2	795	2	35	2	0	33	760	0.00251572327044	0.0571428571429	0	0
chr2R	25221485	25221551	tfsite_cfebe24c6acff103	tflocus_b739d2d01af11c13	25221520	25221518	1	0	1	4	4	4	797	4	31	2	2	29	764	0.00501882057716	0.0645161290323	1	1
chr2R	25221486	25221525	tfsite_7c9a1e1ce362a057	tflocus_a61e29c06ae42983	25221496	25221506	5	0	0	1	1	1	797	1	47	1	0	46	750	0.00125470514429	0.0212765957447	0	0
chr2R	25221493	25221551	tfsite_3974a2d5717d1a8f	tflocus_b739d2d01af11c13	25221520	25221523	2	2	1	3	3	3	797	3	31	3	0	28	766	0.00376411543287	0.0967741935484	1	1
chr2R	25221497	25221562	tfsite_7190d8fec650af62	tflocus_be53d7571043799c	25221531	25221529	1	2.5	5.5	3	3	3	798	3	29	1	2	28	767	0.00375939849624	0.0344827586207	1	1
chr2R	25221500	25221539	tfsite_a146acc0f5841946	tflocus_b739d2d01af11c13	25221520	25221520	3	0	0	2	2	2	791	2	42	2	0	40	749	0.00252844500632	0.047619047619	0	0
chr2R	25221509	25221519	tfsite_f44096d9f5b483bb	tflocus_b739d2d01af11c13	25221520	25221514	4	0	0	1	1	1	784	1	64	1	0	63	720	0.00127551020408	0.015625	0	0
chr2R	25221509	25221574	tfsite_4fcd8c0c0c1fab14	tflocus_9ba9f402d6c98039	25221547	25221542	1	0	0	1	1	1	788	1	25	1	0	24	763	0.00126903553299	0.04	0	0
chr2R	25221520	25221552	tfsite_b6397fc4501737bd	tflocus_be53d7571043799c	25221531	25221536	2	0	0	1	1	1	791	1	47	1	0	46	744	0.00126422250316	0.0212765957447	0	0
chr2R	25221534	25221561	tfsite_b3c7ef9ac413e756	tflocus_9ba9f402d6c98039	25221547	25221547	2	5.5	5	2	2	2	798	2	57	2	0	55	741	0.00250626566416	0.0350877192982	0	0
chr2R	25221554	25221609	tfsite_782949f3eec591ab	tflocus_9d109b26008cd714	25221583	25221582	1	0	0	1	1	1	795	1	21	1	0	20	774	0.00125786163522	0.047619047619	0	0
chr2R	25221555	25221623	tfsite_5ff360c07e1f34dd	tflocus_9d109b26008cd714	25221583	25221589	2	0	0	1	1	1	791	1	15	1	0	14	776	0.00126422250316	0.0666666666667	0	0
chr2R	25221569	25221592	tfsite_4f7f408625fd97b0	tflocus_9d109b26008cd714	25221583	25221581	3	0	0	1	1	1	796	1	48	1	0	47	748	0.00125628140704	0.0208333333333	0	0
chr2R	25221569	25221600	tfsite_77f20cb115646752	tflocus_9d109b26008cd714	25221583	25221585	4	0	0	1	1	1	795	1	34	1	0	33	761	0.00125786163522	0.0294117647059	0	0
chr2R	25221589	25221657	tfsite_bc70b9d892863562	tflocus_25ff2bb55abb9c2e	25221620	25221622	1	0.5	4.5	2	2	2	795	2	21	2	0	19	774	0.00251572327044	0.0952380952381	0	0
chr2R	25221591	25221616	tfsite_a949eaf768f2cd74	tflocus_e5f2e073f48bf9c5	25221604	25221604	1	2.5	2	7	7	7	791	7	35	7	0	28	756	0.00884955752212	0.2	1	1
chr2R	25221594	25221670	tfsite_036f65cdec59b35f	tflocus_67d864c8fa08e7f4	25221631	25221632	1	0	2	5	5	5	793	5	21	5	0	16	772	0.0063051702396	0.238095238095	1	1
chr2R	25221598	25221630	tfsite_3503fc947c8ba403	tflocus_25ff2bb55abb9c2e	25221620	25221614	2	0	0	1	1	1	792	1	29	1	0	28	763	0.00126262626263	0.0344827586207	0	0
chr2R	25221608	25221685	tfsite_1ada95682c56da46	tflocus_43c55328a76c36b7	25221647	25221647	1	0	0	1	1	1	792	1	18	1	0	17	774	0.00126262626263	0.0555555555556	0	0
chr2R	25221627	25221688	tfsite_9f891aa7e4cf801e	tflocus_4b2700cacea1997b	25221659	25221658	1	0	0	1	1	1	791	1	25	1	0	24	766	0.00126422250316	0.04	0	0
chr2R	25221634	25221707	tfsite_c00db379e66d0289	tflocus_91f7dcca6f698644	25221671	25221671	1	0	0	1	1	1	795	1	12	1	0	11	783	0.00125786163522	0.0833333333333	0	0
chr2R	25221644	25221668	tfsite_10703cbcf851b0cc	tflocus_4b2700cacea1997b	25221659	25221656	2	0	0	1	1	1	796	1	57	1	0	56	739	0.00125628140704	0.0175438596491	0	0
chr2R	25221648	25221672	tfsite_3ed8fec36b0fa943	tflocus_4b2700cacea1997b	25221659	25221660	3	4.5	4.5	2	2	2	798	2	57	1	1	56	740	0.00250626566416	0.0175438596491	0	0
chr2R	25221651	25221681	tfsite_cc58d5ad5f88cfff	tflocus_91f7dcca6f698644	25221671	25221666	2	0	0	1	1	1	796	1	52	1	0	51	744	0.00125628140704	0.0192307692308	0	0
chr2R	25221664	25221690	tfsite_992a69be14fa3ed8	tflocus_91f7dcca6f698644	25221671	25221677	3	1	4.5	2	2	2	792	2	60	2	0	58	732	0.00252525252525	0.0333333333333	0	0
chr2R	25221670	25221720	tfsite_eb363eeb831a1e61	tflocus_84fc3c657f0eefa9	25221695	25221695	1	0	0	1	1	1	790	1	15	1	0	14	775	0.00126582278481	0.0666666666667	0	0
chr2R	25221690	25221718	tfsite_f258812f819c0879	tflocus_84fc3c657f0eefa9	25221695	25221704	2	0	0	1	1	1	786	1	34	1	0	33	752	0.00127226463104	0.0294117647059	0	0
chr2R	25221706	25221791	tfsite_e9fc6b7820d3b6cd	tflocus_d1527b07b081a69e	25221747	25221749	1	0	0	1	1	1	796	1	8	0	1	8	787	0.00125628140704	0	0	0
chr2R	25221715	25221739	tfsite_034bd194215901c0	tflocus_90d7d3e1a6d0d187	25221727	25221727	1	0	0	1	1	1	793	1	33	1	0	32	760	0.00126103404792	0.030303030303	0	0
chr2R	25221715	25221772	tfsite_1c6a00415e04eec9	tflocus_d1527b07b081a69e	25221747	25221744	2	0	0	1	1	1	790	1	19	1	0	18	771	0.00126582278481	0.0526315789474	0	0
chr2R	25221739	25221755	tfsite_2a09d20294f4b78e	tflocus_d1527b07b081a69e	25221747	25221747	3	0	0	1	1	1	787	1	49	1	0	48	738	0.0012706480305	0.0204081632653	0	0
chr2R	25221743	25221764	tfsite_81196b4a2401e76f	tflocus_d1527b07b081a69e	25221747	25221754	4	0	0	2	1	1	797	2	51	2	0	49	746	0.00250941028858	0.0392156862745	0	0
chr2R	25221748	25221798	tfsite_1297e210c8c107a8	tflocus_210087614ba3d355	25221768	25221773	1	0	0	1	1	1	793	1	30	1	0	29	763	0.00126103404792	0.0333333333333	0	0
chr2R	25221753	25221774	tfsite_8986dab147e43786	tflocus_210087614ba3d355	25221768	25221761	2	4.5	3	2	2	2	796	2	55	2	0	53	741	0.00251256281407	0.0363636363636	0	0
chr2R	25221775	25221809	tfsite_67d6902f2611c9b2	tflocus_8b1575a99eab2e5a	25221792	25221792	1	0	0	1	1	1	796	1	25	1	0	24	771	0.00125628140704	0.04	0	0
chr2R	25221789	25221850	tfsite_ad0e503b55cadfd6	tflocus_c9145c2b1ebf3c07	25221817	25221820	1	0	0	1	1	1	797	1	18	1	0	17	779	0.00125470514429	0.0555555555556	0	0
chr2R	25221801	25221878	tfsite_9bbb12bd2473046d	tflocus_4e5ddfe27e02cdc2	25221841	25221840	1	0	0	1	1	1	794	1	18	1	0	17	776	0.00125944584383	0.0555555555556	0	0
chr2R	25221802	25221825	tfsite_3fd77eb5998a1eee	tflocus_c9145c2b1ebf3c07	25221817	25221814	2	0	0	1	1	1	793	1	47	1	0	46	746	0.00126103404792	0.0212765957447	0	0
chr2R	25221825	25221884	tfsite_61dfeda38bf011ba	tflocus_443c7e5d6766cad5	25221857	25221855	1	0	0	1	1	1	793	1	22	1	0	21	771	0.00126103404792	0.0454545454545	0	0
chr2R	25221835	25221848	tfsite_5f9540adb04848f5	tflocus_4e5ddfe27e02cdc2	25221841	25221842	2	0	0	1	1	1	798	1	53	1	0	52	745	0.00125313283208	0.0188679245283	0	0
chr2R	25221840	25221904	tfsite_59ec0faac4eea9ba	tflocus_334fdccfa68f1031	25221873	25221872	1	0	0	1	1	1	796	1	22	1	0	21	774	0.00125628140704	0.0454545454545	0	0
chr2R	25221851	25221864	tfsite_14544424896f4932	tflocus_443c7e5d6766cad5	25221857	25221858	2	0	0	1	1	1	784	1	57	1	0	56	727	0.00127551020408	0.0175438596491	0	0
chr2R	25221851	25221922	tfsite_3e208c969e12806f	tflocus_4b41f722e8246325	25221888	25221887	1	2.5	2.5	3	3	3	792	3	21	2	1	19	770	0.00378787878788	0.0952380952381	1	1
chr2R	25221860	25221887	tfsite_285036c662b4f10d	tflocus_334fdccfa68f1031	25221873	25221874	2	0.5	2	5	5	5	794	5	47	5	0	42	747	0.00629722921914	0.106382978723	1	1
chr2R	25221861	25221879	tfsite_10dd3cedfeb1b0d2	tflocus_334fdccfa68f1031	25221873	25221870	3	1.5	1.5	4	4	4	790	4	49	4	0	45	741	0.00506329113924	0.0816326530612	1	1
chr2R	25221871	25221900	tfsite_1eb4d582b2bb7d31	tflocus_4b41f722e8246325	25221888	25221885	2	0	0	3	3	3	798	3	44	3	0	41	754	0.00375939849624	0.0681818181818	1	1
chr2R	25221872	25221910	tfsite_748b6671f246f186	tflocus_4b41f722e8246325	25221888	25221891	3	0	0	2	2	2	796	2	35	2	0	33	761	0.00251256281407	0.0571428571429	0	0
chr2R	25221875	25221883	tfsite_96211b6fffc8f3f0	tflocus_334fdccfa68f1031	25221873	25221879	4	0	0	1	1	1	799	1	60	1	0	59	739	0.00125156445557	0.0166666666667	0	0
chr2R	25221885	25221895	tfsite_7f9ed4cd1dd24164	tflocus_4b41f722e8246325	25221888	25221890	4	0	0	1	1	1	797	1	63	1	0	62	734	0.00125470514429	0.015873015873	0	0
chr2R	25221899	25221916	tfsite_66cd5774aa4ae660	tflocus_38c96a7a9ec9c81b	25221911	25221910	1	4.5	5	3	3	3	793	3	59	3	0	56	734	0.00378310214376	0.0508474576271	1	1
chr2R	25221899	25221934	tfsite_fc24a809d56e6bce	tflocus_38c96a7a9ec9c81b	25221911	25221914	2	6	1	2	2	2	794	2	46	2	0	44	748	0.00251889168766	0.0434782608696	0	0
chr2R	25221912	25221967	tfsite_3fa3546e79a9dc95	tflocus_b3961e25721bcb79	25221942	25221940	1	0	0	2	1	1	529	1	18	1	0	17	511	0.00189035916824	0.0555555555556	0	0
chr2R	25221915	25221927	tfsite_0e58e9bf22df2c09	tflocus_38c96a7a9ec9c81b	25221911	25221921	3	0	0	1	1	1	792	1	72	1	0	71	720	0.00126262626263	0.0138888888889	0	0
chr2R	25221922	25221942	tfsite_5104fa1fd5bd4418	tflocus_b3961e25721bcb79	25221942	25221932	2	0	0	1	1	1	793	1	57	1	0	56	736	0.00126103404792	0.0175438596491	0	0
chr2R	25221936	25221949	tfsite_b04ee2ece76a5466	tflocus_b3961e25721bcb79	25221942	25221943	3	0	0	1	1	1	793	1	70	1	0	69	723	0.00126103404792	0.0142857142857	0	0
chr2R	25221938	25221962	tfsite_4eedf07e58a4f332	tflocus_b3961e25721bcb79	25221942	25221950	4	0	0	2	1	1	795	2	52	2	0	50	743	0.00251572327044	0.0384615384615	0	0
chr2R	25221943	25221963	tfsite_72d96aaf4eb2d963	tflocus_8a4523238c2d995a	25221963	25221953	1	0	0	1	1	1	796	1	46	1	0	45	750	0.00125628140704	0.0217391304348	0	0
chr2R	25221950	25221976	tfsite_6c183a2a41a34114	tflocus_8a4523238c2d995a	25221963	25221963	2	0	0	1	1	1	532	1	21	1	0	20	511	0.00187969924812	0.047619047619	0	0
chr2R	25221963	25222008	tfsite_99e2d1d53a764abb	tflocus_c99b06da8534fc77	25221986	25221986	1	0	0	2	1	1	533	1	12	1	0	11	521	0.00187617260788	0.0833333333333	0	0
chr2R	25222000	25222013	tfsite_58fb37c9f121d5b3	tflocus_13d2edfb5ad08b07	25222007	25222007	1	0	0	1	1	1	784	1	25	1	0	24	759	0.00127551020408	0.04	0	0
chr2R	25222020	25222043	tfsite_f2ae2c95b7a42440	tflocus_13dabd944ed40207	25222032	25222032	1	0	0	1	1	1	792	1	30	1	0	29	762	0.00126262626263	0.0333333333333	0	0
chr2R	25222026	25222056	tfsite_8cac329ad0b6e813	tflocus_fec7388eb86cac0a	25222045	25222041	1	2	5.5	3	3	3	792	3	30	3	0	27	762	0.00378787878788	0.1	1	1
chr2R	25222033	25222073	tfsite_b457cf35596b5e3e	tflocus_66e34e3fbb2c11f7	25222056	25222053	1	0	0	1	1	1	797	1	23	1	0	22	774	0.00125470514429	0.0434782608696	0	0
chr2R	25222033	25222101	tfsite_c691210cab2cd54b	tflocus_631c223da0e18ecb	25222072	25222067	1	0	0	1	1	1	794	1	19	1	0	18	775	0.00125944584383	0.0526315789474	0	0
chr2R	25222035	25222081	tfsite_a02741fd88f86ee5	tflocus_66e34e3fbb2c11f7	25222056	25222058	2	0	0	1	1	1	797	1	22	1	0	21	775	0.00125470514429	0.0454545454545	0	0
chr2R	25222038	25222055	tfsite_ac7590df383761a9	tflocus_fec7388eb86cac0a	25222045	25222047	2	0	2	3	3	3	795	3	39	3	0	36	756	0.00377358490566	0.0769230769231	1	1
chr2R	25222044	25222100	tfsite_8ed0d0e47406e03f	tflocus_631c223da0e18ecb	25222072	25222072	2	0	0	1	1	1	798	1	33	1	0	32	765	0.00125313283208	0.030303030303	0	0
chr2R	25222046	25222063	tfsite_db65f4602c7293ad	tflocus_66e34e3fbb2c11f7	25222056	25222055	3	1	3	2	2	2	791	2	48	2	0	46	743	0.00252844500632	0.0416666666667	0	0
chr2R	25222059	25222070	tfsite_51a4bcdecd5912de	tflocus_631c223da0e18ecb	25222072	25222065	3	0	0	1	1	1	797	1	64	1	0	63	733	0.00125470514429	0.015625	0	0
chr2R	25222064	25222076	tfsite_06de5b99921c6ea8	tflocus_631c223da0e18ecb	25222072	25222070	4	1	1.5	2	2	2	795	2	68	2	0	66	727	0.00251572327044	0.0294117647059	0	0
chr2R	25222064	25222084	tfsite_7dfa655c9efec1e2	tflocus_631c223da0e18ecb	25222072	25222075	5	2	5.5	5	5	5	798	5	60	5	0	55	738	0.0062656641604	0.0833333333333	1	1
chr2R	25222070	25222091	tfsite_5dacbe561511a6c5	tflocus_26bf373052ead530	25222089	25222081	1	0	0	1	1	1	797	1	66	1	0	65	731	0.00125470514429	0.0151515151515	0	0
chr2R	25222071	25222106	tfsite_0a668d4d0b3ff706	tflocus_26bf373052ead530	25222089	25222088	2	2.5	3	2	2	2	796	2	63	2	0	61	733	0.00251256281407	0.031746031746	0	0
chr2R	25222072	25222120	tfsite_b521ed82b03b849f	tflocus_26bf373052ead530	25222089	25222096	3	0	0	1	1	1	793	1	44	1	0	43	749	0.00126103404792	0.0227272727273	0	0
chr2R	25222081	25222158	tfsite_bfbb48f5f4d6ea8e	tflocus_0bfe8d97f1a2108b	25222126	25222120	1	0	0	1	1	1	791	1	37	1	0	36	754	0.00126422250316	0.027027027027	0	0
chr2R	25222086	25222104	tfsite_79d01366acf51b42	tflocus_26bf373052ead530	25222089	25222095	4	0	0	1	1	1	789	1	102	1	0	101	687	0.00126742712294	0.00980392156863	0	0
chr2R	25222097	25222116	tfsite_1e009f710b57a4cb	tflocus_73e0e877437a1992	25222107	25222107	1	2	5	5	5	5	780	5	93	5	0	88	687	0.00641025641026	0.0537634408602	1	1
chr2R	25222108	25222147	tfsite_42022c93fbcd26c2	tflocus_0bfe8d97f1a2108b	25222126	25222128	2	0	0	1	1	1	786	1	73	1	0	72	713	0.00127226463104	0.013698630137	0	0
chr2R	25222119	25222132	tfsite_d8c19904dfd322c9	tflocus_0bfe8d97f1a2108b	25222126	25222125	3	3	2	4	4	4	798	4	101	4	0	97	697	0.00501253132832	0.039603960396	1	1
chr2R	25222123	25222188	tfsite_24508039f62ef49e	tflocus_420667e4084be59e	25222156	25222156	1	0	0	1	1	1	792	1	52	1	0	51	740	0.00126262626263	0.0192307692308	0	0
chr2R	25222125	25222172	tfsite_c883c74c2c3ed12e	tflocus_babbe9c8a66a01d5	25222144	25222149	1	0	0	1	1	1	793	1	72	1	0	71	721	0.00126103404792	0.0138888888889	0	0
chr2R	25222131	25222157	tfsite_f6f4baf5844e1a25	tflocus_babbe9c8a66a01d5	25222144	25222143	2	0	2	3	3	3	795	3	90	3	0	87	705	0.00377358490566	0.0333333333333	1	1
chr2R	25222135	25222170	tfsite_c0b9898c79b343b2	tflocus_420667e4084be59e	25222156	25222153	2	0	0	1	1	1	791	1	83	1	0	82	708	0.00126422250316	0.0120481927711	0	0
chr2R	25222142	25222155	tfsite_868f4049a208db25	tflocus_babbe9c8a66a01d5	25222144	25222149	3	0	0	1	1	1	791	1	98	1	0	97	693	0.00126422250316	0.0102040816327	0	0
chr2R	25222146	25222192	tfsite_86aefef2db727f91	tflocus_de04cd298ee96493	25222169	25222169	1	0	0	1	1	1	790	1	60	1	0	59	730	0.00126582278481	0.0166666666667	0	0
chr2R	25222164	25222194	tfsite_0710373b9fbcad72	tflocus_a028dd71badd415d	25222180	25222178	1	4	5	3	3	3	791	3	66	3	0	63	725	0.00379266750948	0.0454545454545	1	1
chr2R	25222164	25222222	tfsite_e7b46f028382cbb1	tflocus_82c290f13d983ab5	25222192	25222193	1	0	0	1	1	1	786	1	52	1	0	51	734	0.00127226463104	0.0192307692308	0	0
chr2R	25222169	25222210	tfsite_6ed544db18acf53c	tflocus_82c290f13d983ab5	25222192	25222190	2	0	0	1	1	1	792	1	65	0	1	65	726	0.00126262626263	0	0	0
chr2R	25222173	25222236	tfsite_37f2c7749dffded4	tflocus_463f45d998740e25	25222207	25222205	1	0	0	1	1	1	793	1	49	1	0	48	744	0.00126103404792	0.0204081632653	0	0
chr2R	25222186	25222197	tfsite_39d937159f19d979	tflocus_82c290f13d983ab5	25222192	25222192	3	0	0	1	1	1	798	1	105	1	0	104	693	0.00125313283208	0.00952380952381	0	0
chr2R	25222191	25222224	tfsite_2923cf901d21213e	tflocus_463f45d998740e25	25222207	25222207	2	1.5	2	2	2	2	790	2	79	2	0	77	711	0.00253164556962	0.0253164556962	0	0
chr2R	25222195	25222206	tfsite_697eddd72722fcb7	tflocus_463f45d998740e25	25222207	25222201	3	0	0	1	1	1	794	1	109	1	0	108	685	0.00125944584383	0.00917431192661	0	0
chr2R	25222199	25222235	tfsite_7f09e3bb6056f880	tflocus_ce4c13e382f3c0d8	25222219	25222217	1	0	0	1	1	1	792	1	74	1	0	73	718	0.00126262626263	0.0135135135135	0	0
chr2R	25222201	25222242	tfsite_7dee747b573a549d	tflocus_ce4c13e382f3c0d8	25222219	25222222	2	0	0	1	1	1	798	1	71	1	0	70	727	0.00125313283208	0.0140845070423	0	0
chr2R	25222203	25222216	tfsite_b7fceb494226a35f	tflocus_463f45d998740e25	25222207	25222210	4	0	0	1	1	1	794	1	108	1	0	107	686	0.00125944584383	0.00925925925926	0	0
chr2R	25222215	25222222	tfsite_492bfec19309554d	tflocus_ce4c13e382f3c0d8	25222219	25222219	3	0	0	1	1	1	795	1	132	1	0	131	663	0.00125786163522	0.00757575757576	0	0
chr2R	25222219	25222259	tfsite_5273e17c74537ce9	tflocus_afb9878b78079449	25222230	25222239	1	0	0	1	1	1	800	1	69	1	0	68	731	0.00125	0.0144927536232	0	0
chr2R	25222219	25222266	tfsite_366e7a9fb1ac1d49	tflocus_f666406925a189b1	25222249	25222243	1	0	0	1	1	1	796	1	56	1	0	55	740	0.00125628140704	0.0178571428571	0	0
chr2R	25222222	25222304	tfsite_feacc40ca93ae179	tflocus_0c04f21faaaa3612	25222263	25222263	1	0	0	1	1	1	797	1	35	0	1	35	761	0.00125470514429	0	0	0
chr2R	25222223	25222291	tfsite_ed7f5f9fd1ca2deb	tflocus_0c04f21faaaa3612	25222263	25222257	2	0	0	1	1	1	799	1	42	1	0	41	757	0.00125156445557	0.0238095238095	0	0
chr2R	25222225	25222233	tfsite_7cec8c92122820fd	tflocus_afb9878b78079449	25222230	25222230	2	2	3	12	11	11	804	12	114	12	0	102	690	0.0149253731343	0.105263157895	1	1
chr2R	25222227	25222273	tfsite_8cd48858bd2d9a06	tflocus_f666406925a189b1	25222249	25222250	2	0	0	1	1	1	794	1	59	1	0	58	735	0.00125944584383	0.0169491525424	0	0
chr2R	25222232	25222242	tfsite_d2ba498196ada329	tflocus_afb9878b78079449	25222230	25222236	3	0	2	3	3	3	803	3	113	2	1	111	689	0.00373599003736	0.0176991150442	1	1
chr2R	25222234	25222274	tfsite_fcae1ef938d12d4a	tflocus_f666406925a189b1	25222249	25222254	3	0	1	2	2	2	800	2	62	2	0	60	738	0.0025	0.0322580645161	0	0
chr2R	25222244	25222251	tfsite_afe8139728c4b5aa	tflocus_f666406925a189b1	25222249	25222248	4	0.5	0.5	4	4	4	802	4	112	4	0	108	690	0.00498753117207	0.0357142857143	1	1
chr2R	25222248	25222255	tfsite_2241749d5c73f1fa	tflocus_f666406925a189b1	25222249	25222252	5	0	0	1	1	1	804	1	112	1	0	111	692	0.00124378109453	0.00892857142857	0	0
chr2R	25222251	25222290	tfsite_c8ed5c6891f91eff	tflocus_0c04f21faaaa3612	25222263	25222270	3	3	0	2	2	2	792	2	66	2	0	64	726	0.00252525252525	0.030303030303	0	0
chr2R	25222266	25222296	tfsite_e2ea22c5d1d348f8	tflocus_54a0a687924cc54f	25222282	25222282	1	2	3	5	5	5	792	5	72	5	0	67	720	0.00631313131313	0.0694444444444	1	1
chr2R	25222272	25222284	tfsite_07579081300c2005	tflocus_54a0a687924cc54f	25222282	25222278	2	0	0	1	1	1	793	1	91	1	0	90	702	0.00126103404792	0.010989010989	0	0
chr2R	25222277	25222304	tfsite_18d4178f5c98e271	tflocus_3331c26204c0d6d5	25222293	25222291	1	2	3	5	5	5	796	5	81	5	0	76	715	0.00628140703518	0.0617283950617	1	1
chr2R	25222289	25222305	tfsite_3f670027b9a269f7	tflocus_3331c26204c0d6d5	25222293	25222297	2	0	0	1	1	1	797	1	85	1	0	84	712	0.00125470514429	0.0117647058824	0	0
chr2R	25222292	25222347	tfsite_8ceb73a7187283ba	tflocus_30d0f1e1d271c23c	25222318	25222320	1	0	0	1	1	1	790	1	31	1	0	30	759	0.00126582278481	0.0322580645161	0	0
chr2R	25222298	25222324	tfsite_e30015fe68871cea	tflocus_e1a4010d36bf109a	25222306	25222311	1	0	0	1	1	1	795	1	61	1	0	60	734	0.00125786163522	0.016393442623	0	0
chr2R	25222301	25222330	tfsite_151b38b5dc2cba6a	tflocus_30d0f1e1d271c23c	25222318	25222316	2	3	1	2	2	2	794	2	49	2	0	47	745	0.00251889168766	0.0408163265306	0	0
chr2R	25222302	25222310	tfsite_b17a2228d5848028	tflocus_e1a4010d36bf109a	25222306	25222306	2	0	0	4	4	4	798	4	88	4	0	84	710	0.00501253132832	0.0454545454545	1	1
chr2R	25222302	25222383	tfsite_1a4f29d8800e25ff	tflocus_c7920aa320ac115f	25222336	25222343	1	0	0	1	1	1	798	1	23	0	1	23	774	0.00125313283208	0	0	0
chr2R	25222304	25222369	tfsite_ddf1b18242eb5c9b	tflocus_c7920aa320ac115f	25222336	25222337	2	0	0	1	1	1	798	1	28	1	0	27	770	0.00125313283208	0.0357142857143	0	0
chr2R	25222316	25222354	tfsite_52742301dd9ad619	tflocus_c7920aa320ac115f	25222336	25222335	3	3.5	1.5	3	3	3	794	3	45	3	0	42	749	0.00377833753149	0.0666666666667	1	1
chr2R	25222319	25222332	tfsite_ad73d14e003f1a8b	tflocus_30d0f1e1d271c23c	25222318	25222326	3	0	0	1	1	1	796	1	70	1	0	69	726	0.00125628140704	0.0142857142857	0	0
chr2R	25222330	25222353	tfsite_dc282b7df76e8d58	tflocus_c7920aa320ac115f	25222336	25222342	4	0	0	1	1	1	799	1	49	1	0	48	750	0.00125156445557	0.0204081632653	0	0
chr2R	25222343	25222391	tfsite_db3dc33075854a05	tflocus_c878e79d13fd2df4	25222365	25222367	1	3	6	2	2	2	792	2	32	2	0	30	760	0.00252525252525	0.0625	0	0
chr2R	25222346	25222433	tfsite_d921887c63102ffb	tflocus_7b7ae0db8017aedb	25222390	25222390	1	0	0	1	1	1	794	1	23	0	1	23	770	0.00125944584383	0	0	0
chr2R	25222353	25222373	tfsite_4d2d8dc6d7efd12a	tflocus_c878e79d13fd2df4	25222365	25222363	2	2.5	5	2	2	2	799	2	49	2	0	47	750	0.00250312891114	0.0408163265306	0	0
chr2R	25222354	25222391	tfsite_933247e547b1f3da	tflocus_c878e79d13fd2df4	25222365	25222373	3	0	0	2	1	1	790	2	36	2	0	34	754	0.00253164556962	0.0555555555556	0	0
chr2R	25222388	25222415	tfsite_d134a1dd2ffcdd4c	tflocus_5fea56978e0e0087	25222412	25222402	1	0	0	2	1	1	801	2	44	2	0	42	757	0.00249687890137	0.0454545454545	0	0
chr2R	25222393	25222431	tfsite_431a6da7bb47fc8d	tflocus_5fea56978e0e0087	25222412	25222412	2	4	3	4	4	4	789	4	32	4	0	28	757	0.00506970849176	0.125	1	1
chr2R	25222394	25222406	tfsite_9291e996e0a3b7cf	tflocus_7b7ae0db8017aedb	25222390	25222400	2	0	0	1	1	1	794	1	65	1	0	64	729	0.00125944584383	0.0153846153846	0	0
chr2R	25222407	25222422	tfsite_07cb7a6e306a6e78	tflocus_5fea56978e0e0087	25222412	25222415	3	0	0	1	1	1	801	1	62	1	0	61	739	0.00124843945069	0.0161290322581	0	0
chr2R	25222418	25222449	tfsite_077087de922ec34f	tflocus_d1ddda997e3b9505	25222434	25222434	1	0	0	2	1	1	785	2	46	2	0	44	739	0.00254777070064	0.0434782608696	0	0
chr2R	25222440	25222478	tfsite_74a11d9cf4bc6145	tflocus_1830eddde77aa2a7	25222454	25222459	1	0	0	1	1	1	788	1	27	1	0	26	761	0.00126903553299	0.037037037037	0	0
chr2R	25222441	25222493	tfsite_7ae041d2e7a3ebec	tflocus_5f37fe2210f716df	25222467	25222467	1	3.5	4	2	2	2	792	2	16	2	0	14	776	0.00252525252525	0.125	0	0
chr2R	25222449	25222458	tfsite_be1b74bddddaa452	tflocus_1830eddde77aa2a7	25222454	25222454	2	0	0	1	1	1	804	1	75	1	0	74	729	0.00124378109453	0.0133333333333	0	0
chr2R	25222453	25222481	tfsite_5eced5c85ca7fad7	tflocus_5f37fe2210f716df	25222467	25222467	2	0	0	1	1	1	787	1	31	1	0	30	756	0.0012706480305	0.0322580645161	0	0
chr2R	25222467	25222505	tfsite_d2185a947511feab	tflocus_a62c219bcf2953b1	25222490	25222486	1	0	0	1	1	1	784	1	15	1	0	14	769	0.00127551020408	0.0666666666667	0	0
chr2R	25222470	25222487	tfsite_386adaa3f7eb7dee	tflocus_5ca844bb3029eb2a	25222479	25222479	1	0	0	1	1	1	770	1	32	1	0	31	738	0.0012987012987	0.03125	0	0
chr2R	25222474	25222524	tfsite_b39cec30296ee27e	tflocus_a62c219bcf2953b1	25222490	25222499	2	0	0	1	1	1	788	1	15	1	0	14	773	0.00126903553299	0.0666666666667	0	0
chr2R	25222485	25222495	tfsite_91af9f97bf6a8fd0	tflocus_a62c219bcf2953b1	25222490	25222490	3	0	0	3	3	3	799	3	33	3	0	30	766	0.00375469336671	0.0909090909091	1	1
chr2R	25222502	25222534	tfsite_6a7dcb93e9237dc9	tflocus_21d53514b678aa26	25222518	25222518	1	0	0	1	1	1	797	1	26	1	0	25	771	0.00125470514429	0.0384615384615	0	0
chr2R	25222571	25222591	tfsite_5aaa39611ceefb7a	tflocus_cf80099718a8d15a	25222581	25222581	1	0	5.5	2	2	2	798	2	28	2	0	26	770	0.00250626566416	0.0714285714286	0	0
chr2R	25222578	25222629	tfsite_27f97769ebb556e2	tflocus_9bac81112e01df40	25222599	25222603	1	1	4.5	2	2	2	797	2	13	2	0	11	784	0.00250941028858	0.153846153846	0	0
chr2R	25222584	25222611	tfsite_0aa1421d1053be94	tflocus_9bac81112e01df40	25222599	25222597	2	4	3.5	2	2	2	801	2	31	2	0	29	770	0.00249687890137	0.0645161290323	0	0
chr2R	25222595	25222656	tfsite_34b615e15ff9e9b2	tflocus_950ac5b5ee5ad43d	25222626	25222626	1	0	0	1	1	1	798	1	14	1	0	13	784	0.00125313283208	0.0714285714286	0	0
chr2R	25222602	25222683	tfsite_45a4eb6d6af07bfd	tflocus_aa45e2988b7292e1	25222650	25222643	1	0	0	1	1	1	798	1	9	1	0	8	789	0.00125313283208	0.111111111111	0	0
chr2R	25222620	25222681	tfsite_3f1087fb04cd1456	tflocus_aa45e2988b7292e1	25222650	25222650	2	3	0.5	2	2	2	784	2	11	2	0	9	773	0.00255102040816	0.181818181818	0	0
chr2R	25222652	25222681	tfsite_cd715ff2625b20a0	tflocus_509217fe24f7381d	25222666	25222666	1	6	1.5	3	3	3	785	3	25	2	1	23	759	0.00382165605096	0.08	1	1
chr2R	25222655	25222710	tfsite_94a26cfb4b655a8e	tflocus_d17a4c6bd0c2237a	25222683	25222683	1	0	0	1	1	1	793	1	15	1	0	14	778	0.00126103404792	0.0666666666667	0	0
chr2R	25222668	25222730	tfsite_2472c0a69c1a1a3d	tflocus_3b661a51272b9d86	25222699	25222699	1	0	0	1	1	1	795	1	13	0	1	13	781	0.00125786163522	0	0	0
chr2R	25222674	25222698	tfsite_6b34920309acb49f	tflocus_d17a4c6bd0c2237a	25222683	25222685	2	0.5	0.5	2	2	2	797	2	29	2	0	27	768	0.00250941028858	0.0689655172414	0	0
chr2R	25222684	25222705	tfsite_cab560c8018258ba	tflocus_3b661a51272b9d86	25222699	25222695	2	1	5	2	2	2	800	2	35	2	0	33	765	0.0025	0.0571428571429	0	0
chr2R	25222685	25222717	tfsite_2fa375be631acb69	tflocus_3b661a51272b9d86	25222699	25222701	3	0	0	1	1	1	798	1	30	1	0	29	768	0.00125313283208	0.0333333333333	0	0
chr2R	25222692	25222748	tfsite_8a4b5024c0135f93	tflocus_6ddbe2afa5fa7ab9	25222721	25222720	1	0	0	1	1	1	798	1	18	1	0	17	780	0.00125313283208	0.0555555555556	0	0
chr2R	25222698	25222718	tfsite_2e7fcc66319828eb	tflocus_628583e61411291d	25222710	25222708	1	6	1.5	2	2	2	800	2	35	2	0	33	765	0.0025	0.0571428571429	0	0
chr2R	25222708	25222761	tfsite_870b024aafc44e7d	tflocus_53b54923d1be01d1	25222732	25222734	1	0.5	2	2	2	2	797	2	15	2	0	13	782	0.00250941028858	0.133333333333	0	0
chr2R	25222711	25222728	tfsite_23640dd2351eab7d	tflocus_6ddbe2afa5fa7ab9	25222721	25222720	2	0	0	1	1	1	780	1	32	1	0	31	748	0.00128205128205	0.03125	0	0
chr2R	25222715	25222737	tfsite_9faf7f03d6b3b995	tflocus_6ddbe2afa5fa7ab9	25222721	25222726	3	0	0	1	1	1	798	1	33	1	0	32	765	0.00125313283208	0.030303030303	0	0
chr2R	25222717	25222724	tfsite_56b9275e3b4b09af	tflocus_6ddbe2afa5fa7ab9	25222721	25222721	4	0	0	1	1	1	781	1	45	1	0	44	736	0.00128040973111	0.0222222222222	0	0
chr2R	25222724	25222737	tfsite_e0e5e714327a9807	tflocus_53b54923d1be01d1	25222732	25222730	2	3.5	0	2	2	2	797	2	47	2	0	45	750	0.00250941028858	0.0425531914894	0	0
chr2R	25222748	25222822	tfsite_d4d7aba61f58cba2	tflocus_80f3deb4f51e38a5	25222782	25222785	1	0	0	1	1	1	798	1	4	1	0	3	794	0.00125313283208	0.25	0	0
chr2R	25222754	25222773	tfsite_bdbaf8e27225d7bd	tflocus_71b7f64b5429af3c	25222764	25222764	1	0	0	1	1	1	798	1	33	1	0	32	765	0.00125313283208	0.030303030303	0	0
chr2R	25222763	25222808	tfsite_7d2e4f01205a0f61	tflocus_80f3deb4f51e38a5	25222782	25222786	2	0	0	1	1	1	795	1	14	1	0	13	781	0.00125786163522	0.0714285714286	0	0
chr2R	25222766	25222800	tfsite_54452ca74dc88998	tflocus_80f3deb4f51e38a5	25222782	25222783	3	0	0	1	1	1	792	1	20	1	0	19	772	0.00126262626263	0.05	0	0
chr2R	25222773	25222789	tfsite_6fe780d22baf87f4	tflocus_80f3deb4f51e38a5	25222782	25222780	4	2	2	3	3	3	793	3	39	3	0	36	754	0.00378310214376	0.0769230769231	1	1
chr2R	25222795	25222811	tfsite_c60a01198d50e9bb	tflocus_a56b8c837a81c46a	25222803	25222803	1	3.5	1	2	2	2	774	2	25	2	0	23	749	0.00258397932817	0.08	0	0
chr2R	25222813	25222892	tfsite_820bf62d7e3d1760	tflocus_8d33eacecbda7647	25222850	25222853	1	0	0	1	1	1	788	1	4	0	1	4	783	0.00126903553299	0	0	0
chr2R	25222814	25222840	tfsite_ee4efdf8559e53f9	tflocus_cce748349e928e5f	25222827	25222827	1	0	0	1	1	1	795	1	21	1	0	20	774	0.00125786163522	0.047619047619	0	0
chr2R	25222830	25222872	tfsite_82c5bf922a068012	tflocus_8d33eacecbda7647	25222850	25222851	2	0	0	1	1	1	798	1	15	1	0	14	783	0.00125313283208	0.0666666666667	0	0
chr2R	25222831	25222910	tfsite_f030965db0c919f6	tflocus_f03ce8a60905859c	25222871	25222871	1	0	0	1	1	1	789	1	4	0	1	4	784	0.00126742712294	0	0	0
chr2R	25222845	25222851	tfsite_1eeff9b405dc723f	tflocus_8d33eacecbda7647	25222850	25222848	3	0	0	3	3	3	798	3	44	3	0	41	754	0.00375939849624	0.0681818181818	1	1
chr2R	25222847	25222865	tfsite_60c44c5a55b6fec1	tflocus_8d33eacecbda7647	25222850	25222856	4	0	2	2	2	2	786	2	35	2	0	33	751	0.00254452926209	0.0571428571429	0	0
chr2R	25222874	25222957	tfsite_37026ea6685dc2bb	tflocus_3338f2a6d7048a3b	25222906	25222916	1	0	0	1	1	1	784	1	9	0	1	9	774	0.00127551020408	0	0	0
chr2R	25222889	25222901	tfsite_f2ddf6b0da5afd5a	tflocus_62924a14655031f3	25222895	25222895	1	0	0	2	2	2	796	2	36	2	0	34	760	0.00251256281407	0.0555555555556	0	0
chr2R	25222890	25222972	tfsite_97ef48210565b110	tflocus_218cf5a34288ee35	25222930	25222931	1	0.5	2	2	2	2	788	2	17	1	1	16	770	0.00253807106599	0.0588235294118	0	0
chr2R	25222891	25222920	tfsite_477137b200ea21e9	tflocus_3338f2a6d7048a3b	25222906	25222906	2	0	0	1	1	1	793	1	29	1	0	28	764	0.00126103404792	0.0344827586207	0	0
chr2R	25222900	25222953	tfsite_f6fbd619be55de7d	tflocus_218cf5a34288ee35	25222930	25222927	2	0	0	1	1	1	777	1	26	1	0	25	751	0.001287001287	0.0384615384615	0	0
chr2R	25222916	25222975	tfsite_9b87c85cb1c179bb	tflocus_c758c08273c4b46b	25222946	25222946	1	0	0	1	1	1	768	1	26	0	1	26	741	0.00130208333333	0	0	0
chr2R	25222919	25223003	tfsite_cf061fd0dc9e14b1	tflocus_3a5a288e26eb003e	25222961	25222961	1	0	0	1	1	1	786	1	15	0	1	15	770	0.00127226463104	0	0	0
chr2R	25222941	25222948	tfsite_4997f06ec725d324	tflocus_c758c08273c4b46b	25222946	25222945	2	0	0	1	1	1	792	1	109	1	0	108	683	0.00126262626263	0.00917431192661	0	0
chr2R	25222942	25222983	tfsite_de90f5c29dc695c9	tflocus_3a5a288e26eb003e	25222961	25222962	2	3	2.5	3	3	3	788	3	64	3	0	61	724	0.00380710659898	0.046875	1	1
chr2R	25222949	25222972	tfsite_9a31c62b1f169f5e	tflocus_3a5a288e26eb003e	25222961	25222960	3	5	1	4	4	4	777	4	77	4	0	73	700	0.00514800514801	0.0519480519481	1	1
chr2R	25222958	25223005	tfsite_4d53fa3212b051ba	tflocus_7d11293d9537e089	25222986	25222981	1	5.5	6	2	2	2	782	2	47	1	1	46	734	0.00255754475703	0.0212765957447	0	0
chr2R	25222963	25222984	tfsite_c19a956c6e9fd2db	tflocus_e9e75d7d048f76bf	25222974	25222974	1	0	0	1	1	1	792	1	96	1	0	95	696	0.00126262626263	0.0104166666667	0	0
chr2R	25222975	25222987	tfsite_8d6cbcb9a4de8e2a	tflocus_7d11293d9537e089	25222986	25222981	2	2.5	3	3	2	2	790	3	111	2	1	109	678	0.00379746835443	0.018018018018	0	1
chr2R	25222975	25222990	tfsite_d536d5b24af83cc7	tflocus_7d11293d9537e089	25222986	25222984	3	0	0	3	3	3	786	3	105	3	0	102	681	0.00381679389313	0.0285714285714	1	1
chr2R	25222975	25223003	tfsite_856d1b6f7eb30047	tflocus_7d11293d9537e089	25222986	25222989	4	0.5	0	5	4	4	779	4	79	4	0	75	700	0.00513478818999	0.0506329113924	1	1
chr2R	25222975	25223027	tfsite_6dceafafd6b052e2	tflocus_08b6beec2e18033e	25222998	25223001	1	0	0	1	1	1	726	1	38	1	0	37	688	0.00137741046832	0.0263157894737	0	0
chr2R	25222979	25222995	tfsite_1de7d5c6f86d65a1	tflocus_7d11293d9537e089	25222986	25222987	5	4.5	4.5	7	7	7	771	7	97	7	0	90	674	0.00907911802853	0.0721649484536	1	1
chr2R	25222983	25223121	tfsite_7d9e4ec6302ffa9d	tflocus_04dc910e220e4ee1	25223052	25223052	1	0	0	1	1	1	793	1	15	1	0	14	778	0.00126103404792	0.0666666666667	0	0
chr2R	25222988	25223060	tfsite_dbf9e437e7cb50a6	tflocus_570a4bafcd52b9c9	25223027	25223024	1	0	0	1	1	1	787	1	27	1	0	26	760	0.0012706480305	0.037037037037	0	0
chr2R	25222989	25223005	tfsite_76fbb8892bffb2a4	tflocus_08b6beec2e18033e	25222998	25222997	2	5	3.5	2	2	2	758	2	99	2	0	97	659	0.00263852242744	0.020202020202	0	0
chr2R	25222989	25223071	tfsite_6ed71b9138ef4748	tflocus_570a4bafcd52b9c9	25223027	25223030	2	0	0	1	1	1	791	1	22	1	0	21	769	0.00126422250316	0.0454545454545	0	0
chr2R	25222990	25223037	tfsite_40f4e9bec68d1a5b	tflocus_3bbe37320fdf246f	25223012	25223013	1	3	3.5	3	3	3	786	3	47	3	0	44	739	0.00381679389313	0.063829787234	1	1
chr2R	25222991	25223024	tfsite_47542640b4471d61	tflocus_3bbe37320fdf246f	25223012	25223008	2	0	0	1	1	1	758	1	58	1	0	57	700	0.00131926121372	0.0172413793103	0	0
chr2R	25222997	25223008	tfsite_939eec3fdfdba5fc	tflocus_08b6beec2e18033e	25222998	25223003	3	0	0	3	1	1	773	3	91	3	0	88	682	0.00388098318241	0.032967032967	0	1
chr2R	25223006	25223050	tfsite_706f2c1e89413069	tflocus_570a4bafcd52b9c9	25223027	25223027	3	0.5	4	3	3	3	797	3	41	3	0	38	756	0.00376411543287	0.0731707317073	1	1
chr2R	25223007	25223033	tfsite_63969d5884a1c346	tflocus_570a4bafcd52b9c9	25223027	25223020	4	0	0	1	1	1	773	1	58	1	0	57	715	0.0012936610608	0.0172413793103	0	0
chr2R	25223007	25223064	tfsite_9092eee0b33170ba	tflocus_570a4bafcd52b9c9	25223027	25223035	5	0.5	1	2	2	2	795	2	29	2	0	27	766	0.00251572327044	0.0689655172414	0	0
chr2R	25223024	25223080	tfsite_794985cc0e8a2be0	tflocus_04dc910e220e4ee1	25223052	25223052	2	0	0	1	1	1	797	1	26	1	0	25	771	0.00125470514429	0.0384615384615	0	0
chr2R	25223025	25223067	tfsite_d6a4f6f14360e618	tflocus_04dc910e220e4ee1	25223052	25223046	3	3	2	2	2	2	789	2	34	2	0	32	755	0.00253485424588	0.0588235294118	0	0
chr2R	25223037	25223065	tfsite_3ce4357afbf25fa6	tflocus_04dc910e220e4ee1	25223052	25223051	4	0	0	1	1	1	795	1	44	1	0	43	751	0.00125786163522	0.0227272727273	0	0
chr2R	25223042	25223063	tfsite_1585af7e2de19455	tflocus_04dc910e220e4ee1	25223052	25223054	5	3.5	1	3	3	3	797	3	49	3	0	46	748	0.00376411543287	0.0612244897959	1	1
chr2R	25223042	25223110	tfsite_d952eedfc58c92d3	tflocus_82b8ac4a096b9a7f	25223076	25223076	1	0	0	2	2	2	793	2	27	2	0	25	766	0.00252206809584	0.0740740740741	0	0
chr2R	25223056	25223072	tfsite_fc41aaaed852c2b3	tflocus_e349a7ffcc0edf99	25223064	25223064	1	0	0	1	1	1	795	1	50	1	0	49	745	0.00125786163522	0.02	0	0
chr2R	25223064	25223101	tfsite_45cc24d23aab4582	tflocus_82b8ac4a096b9a7f	25223076	25223083	2	0	0	1	1	1	783	1	38	1	0	37	745	0.00127713920817	0.0263157894737	0	0
chr2R	25223089	25223100	tfsite_affebf8574fff3a2	tflocus_22ecc1ead0da804e	25223095	25223095	1	0	0	1	1	1	776	1	61	1	0	60	715	0.00128865979381	0.016393442623	0	0
chr2R	25223089	25223158	tfsite_21fb524d621f4944	tflocus_e0c8d6017e7bc47a	25223123	25223123	1	0	0.5	2	2	2	782	2	28	2	0	26	754	0.00255754475703	0.0714285714286	0	0
chr2R	25223090	25223140	tfsite_15b2b6410eaf6e59	tflocus_a69db023e9684730	25223111	25223115	1	0	0	1	1	1	779	1	33	1	0	32	746	0.0012836970475	0.030303030303	0	0
chr2R	25223105	25223173	tfsite_28eca78ca90c8914	tflocus_b10388b221115304	25223138	25223139	1	0	0	1	1	1	786	1	22	1	0	21	764	0.00127226463104	0.0454545454545	0	0
chr2R	25223106	25223114	tfsite_040913ea95c54dc2	tflocus_a69db023e9684730	25223111	25223110	2	0.5	2	4	4	4	793	4	55	3	1	52	737	0.00504413619168	0.0545454545455	1	1
chr2R	25223108	25223131	tfsite_2ee24e87911b32ce	tflocus_e0c8d6017e7bc47a	25223123	25223120	2	0	0	1	1	1	798	1	41	1	0	40	757	0.00125313283208	0.0243902439024	0	0
chr2R	25223116	25223158	tfsite_ab57b2b22d7cffc3	tflocus_b10388b221115304	25223138	25223137	2	0	1	4	4	4	791	4	42	3	1	39	748	0.00505689001264	0.0714285714286	1	1
chr2R	25223134	25223180	tfsite_3992d33f2ac18c56	tflocus_d60f934083e4436d	25223149	25223157	1	0	0	1	1	1	778	1	42	1	0	41	736	0.0012853470437	0.0238095238095	0	0
chr2R	25223136	25223163	tfsite_471430908b91ec83	tflocus_d60f934083e4436d	25223149	25223150	2	2	0	2	2	2	782	2	57	2	0	55	725	0.00255754475703	0.0350877192982	0	0
chr2R	25223163	25223180	tfsite_5c8b47f404904ca8	tflocus_685a53d7425fa6b7	25223172	25223171	1	0	2.5	4	4	4	777	4	71	4	0	67	706	0.00514800514801	0.056338028169	1	1
chr2R	25223163	25223197	tfsite_f07e1d92328f7d0f	tflocus_685a53d7425fa6b7	25223172	25223180	2	0	0	2	1	1	788	2	52	1	1	51	735	0.00253807106599	0.0192307692308	0	0
chr2R	25223182	25223197	tfsite_308403b84c2bf530	tflocus_a308de599a726c3c	25223190	25223190	1	3.5	3.5	11	6	6	797	11	67	7	4	60	726	0.0138017565872	0.10447761194	1	1
chr2R	25223194	25223218	tfsite_ae1afeeee2833924	tflocus_06b82cb1dce3ebe4	25223206	25223206	1	0	0	2	1	1	796	2	60	1	1	59	735	0.00251256281407	0.0166666666667	0	0
chr2R	25223201	25223242	tfsite_742ef1930df9860e	tflocus_38f9c9c3320d11c8	25223221	25223221	1	5.5	1	2	2	2	796	2	39	2	0	37	757	0.00251256281407	0.0512820512821	0	0
chr2R	25223209	25223268	tfsite_e3620cbd456076f8	tflocus_b8c5f97e84e83862	25223238	25223239	1	0	0	1	1	1	792	1	14	1	0	13	778	0.00126262626263	0.0714285714286	0	0
chr2R	25223223	25223253	tfsite_809a68ffc4cdf9ae	tflocus_b8c5f97e84e83862	25223238	25223238	2	0	0	1	1	1	778	1	44	1	0	43	734	0.0012853470437	0.0227272727273	0	0
chr2R	25223228	25223292	tfsite_5fff0bc169d79edc	tflocus_623de8961ec9822f	25223260	25223260	1	0	0	1	1	1	789	1	14	1	0	13	775	0.00126742712294	0.0714285714286	0	0
chr2R	25223285	25223342	tfsite_feafb55c58825916	tflocus_f513fc192c8eb2ff	25223305	25223314	1	0	0	1	1	1	788	1	13	1	0	12	775	0.00126903553299	0.0769230769231	0	0
chr2R	25223299	25223310	tfsite_c12ec5292195145a	tflocus_f513fc192c8eb2ff	25223305	25223304	2	2.5	3	2	2	2	782	2	50	2	0	48	732	0.00255754475703	0.04	0	0
chr2R	25223334	25223404	tfsite_7a9fc5812291bf17	tflocus_25906ea605b1955f	25223369	25223369	1	0	0	1	1	1	802	1	16	1	0	15	786	0.00124688279302	0.0625	0	0
chr2R	25223385	25223430	tfsite_573bb6b10f9ebe44	tflocus_bbbd4249a9f0a0bd	25223408	25223408	1	0	0	1	1	1	803	1	37	1	0	36	766	0.00124533001245	0.027027027027	0	0
chr2R	25223386	25223405	tfsite_2c85a232eae1e368	tflocus_0bb1dd3c0b70e328	25223396	25223395	1	5	0.5	3	2	2	795	3	70	3	0	67	725	0.00377358490566	0.0428571428571	0	1
chr2R	25223403	25223470	tfsite_702bbf0ea90192fd	tflocus_e66a758ff5a022e2	25223437	25223437	1	0	0	1	1	1	795	1	16	1	0	15	779	0.00125786163522	0.0625	0	0
chr2R	25223411	25223437	tfsite_2bd6292069ea3a38	tflocus_bb41403b846bdd40	25223424	25223424	1	0	0	1	1	1	801	1	43	1	0	42	758	0.00124843945069	0.0232558139535	0	0
chr2R	25223415	25223487	tfsite_21fb4eb2cadfde94	tflocus_f43ee196c5e72569	25223460	25223451	1	0	0	1	1	1	791	1	14	0	1	14	776	0.00126422250316	0	0	0
chr2R	25223433	25223489	tfsite_bb52307b190795a0	tflocus_f43ee196c5e72569	25223460	25223461	2	3.5	1.5	2	2	2	778	2	18	2	0	16	760	0.0025706940874	0.111111111111	0	0
chr2R	25223437	25223473	tfsite_5ec7ef3a04c321eb	tflocus_f43ee196c5e72569	25223460	25223455	3	0	0	1	1	1	788	1	23	1	0	22	765	0.00126903553299	0.0434782608696	0	0
chr2R	25223439	25223453	tfsite_52c97330ea2cbad3	tflocus_e66a758ff5a022e2	25223437	25223446	2	0	0	1	1	1	795	1	34	1	0	33	761	0.00125786163522	0.0294117647059	0	0
chr2R	25223451	25223512	tfsite_4d9608d6eb9d911c	tflocus_e75a8f9b2cadbd7c	25223485	25223482	1	0	0	1	1	1	778	1	13	1	0	12	765	0.0012853470437	0.0769230769231	0	0
chr2R	25223477	25223494	tfsite_6cc7c1174e5e6178	tflocus_e75a8f9b2cadbd7c	25223485	25223485	2	0	1	2	2	2	777	2	49	2	0	47	728	0.002574002574	0.0408163265306	0	0
chr2R	25223480	25223528	tfsite_a235599caedbb227	tflocus_c2b9fc855470e8cc	25223500	25223504	1	0	0	1	1	1	752	1	21	1	0	20	731	0.00132978723404	0.047619047619	0	0
chr2R	25223482	25223509	tfsite_236603e30116fdc3	tflocus_c2b9fc855470e8cc	25223500	25223495	2	3.5	0.5	2	2	2	705	2	36	2	0	34	669	0.00283687943262	0.0555555555556	0	0
chr2R	25223483	25223536	tfsite_f0aaaddbfa045843	tflocus_2372cb04a4482885	25223519	25223510	1	0	0	1	1	1	752	1	20	1	0	19	732	0.00132978723404	0.05	0	0
chr2R	25223487	25223560	tfsite_4e5f3bcba3b58cdd	tflocus_2372cb04a4482885	25223519	25223523	2	5.5	0.5	2	2	2	785	2	15	2	0	13	770	0.00254777070064	0.133333333333	0	0
chr2R	25223494	25223508	tfsite_270ad9ec4ee195be	tflocus_c2b9fc855470e8cc	25223500	25223501	3	0	0	1	1	1	708	1	46	1	0	45	662	0.00141242937853	0.0217391304348	0	0
chr2R	25223510	25223526	tfsite_6a7944d4fde6afbd	tflocus_2372cb04a4482885	25223519	25223518	3	1	1	2	2	2	794	2	56	2	0	54	738	0.00251889168766	0.0357142857143	0	0
chr2R	25223514	25223573	tfsite_010c0326c73193db	tflocus_e65221281fbc078c	25223542	25223544	1	0	0	1	1	1	796	1	18	1	0	17	778	0.00125628140704	0.0555555555556	0	0
chr2R	25223529	25223553	tfsite_3bf3c6237a9104cf	tflocus_e65221281fbc078c	25223542	25223541	2	0	0	1	1	1	801	1	36	1	0	35	765	0.00124843945069	0.0277777777778	0	0
chr2R	25223605	25223653	tfsite_f90cd5c00743f868	tflocus_dc90e1fa20f5e80e	25223619	25223629	1	0	0	1	1	1	797	1	12	1	0	11	785	0.00125470514429	0.0833333333333	0	0
chr2R	25223611	25223626	tfsite_403154f793904862	tflocus_dc90e1fa20f5e80e	25223619	25223619	2	0	0	1	1	1	767	1	28	1	0	27	739	0.0013037809648	0.0357142857143	0	0
chr2R	25223647	25223676	tfsite_2ef8ab7b2ba96a1d	tflocus_d0d539c362e60a13	25223662	25223661	1	4	0.5	4	4	4	799	4	34	4	0	30	765	0.00500625782228	0.117647058824	1	1
chr2R	25223653	25223702	tfsite_00b2b4d7120ebfc2	tflocus_4074070ad895a8b5	25223674	25223678	1	0	0	1	1	1	797	1	19	1	0	18	778	0.00125470514429	0.0526315789474	0	0
chr2R	25223654	25223674	tfsite_51a053b60b37cff4	tflocus_d0d539c362e60a13	25223662	25223664	2	0	0	1	1	1	801	1	41	1	0	40	760	0.00124843945069	0.0243902439024	0	0
chr2R	25223655	25223690	tfsite_6d6b75dc40df1165	tflocus_4074070ad895a8b5	25223674	25223672	2	3	0.5	3	2	2	797	2	24	2	0	22	773	0.00250941028858	0.0833333333333	0	0
chr2R	25223667	25223722	tfsite_56ee42a669233944	tflocus_7e5271c2750e69be	25223692	25223695	1	0	0	1	1	1	796	1	15	1	0	14	781	0.00125628140704	0.0666666666667	0	0
chr2R	25223680	25223699	tfsite_27ecaa14828c57d3	tflocus_7e5271c2750e69be	25223692	25223690	2	0	0	1	1	1	798	1	38	1	0	37	760	0.00125313283208	0.0263157894737	0	0
chr2R	25223719	25223764	tfsite_0c6a349b96f6a8cc	tflocus_df991d8051606c81	25223742	25223742	1	0	0	1	1	1	795	1	10	1	0	9	785	0.00125786163522	0.1	0	0
chr2R	25223722	25223781	tfsite_60d1e002fc4b5c55	tflocus_df991d8051606c81	25223742	25223752	2	0	0	1	1	1	793	1	8	1	0	7	785	0.00126103404792	0.125	0	0
chr2R	25223739	25223789	tfsite_0b9fc1cd974b52ac	tflocus_f773975f8375772a	25223766	25223764	1	0	0	1	1	1	796	1	14	1	0	13	782	0.00125628140704	0.0714285714286	0	0
chr2R	25223763	25223772	tfsite_d40980b345e10609	tflocus_f773975f8375772a	25223766	25223768	2	0	0	1	1	1	786	1	20	1	0	19	766	0.00127226463104	0.05	0	0
chr2R	25223813	25223893	tfsite_8d21a0023c935242	tflocus_fa45799247e5fbb1	25223853	25223853	1	0	0	1	1	1	794	1	5	0	1	5	788	0.00125944584383	0	0	0
chr2R	25223814	25223820	tfsite_24e1b0a4a138546a	tflocus_dfabd5b18b76bd6e	25223817	25223817	1	0	0	4	4	4	799	4	41	4	0	37	758	0.00500625782228	0.0975609756098	1	1
chr2R	25223814	25223856	tfsite_8f1d76b2c45a0089	tflocus_fa4e34a8096d88ff	25223835	25223835	1	0	0	1	1	1	790	1	24	1	0	23	766	0.00126582278481	0.0416666666667	0	0
chr2R	25223819	25223838	tfsite_ffe66ed199b4a490	tflocus_fa4e34a8096d88ff	25223835	25223829	2	0	0	1	1	1	783	1	33	1	0	32	750	0.00127713920817	0.030303030303	0	0
chr2R	25223831	25223851	tfsite_b895a5441fe22dac	tflocus_fa4e34a8096d88ff	25223835	25223841	3	0	0	1	1	1	799	1	32	1	0	31	767	0.00125156445557	0.03125	0	0
chr2R	25223852	25223880	tfsite_113e05e901623cc0	tflocus_3edf5c2eb17e7a0b	25223866	25223866	1	0	0	1	1	1	794	1	12	1	0	11	782	0.00125944584383	0.0833333333333	0	0
chr2R	25223863	25223944	tfsite_1120c4857674690c	tflocus_ad2fc39d1a7fb8fd	25223904	25223904	1	0	0	1	1	1	793	1	5	0	1	5	787	0.00126103404792	0	0	0
chr2R	25223886	25223952	tfsite_46e2f042b4b78638	tflocus_fe62aac9cf8108ef	25223916	25223918	1	0.5	4.5	2	2	2	800	2	6	1	1	5	793	0.0025	0.166666666667	0	0
chr2R	25223887	25223935	tfsite_b86ccbbae2305ebc	tflocus_fe62aac9cf8108ef	25223916	25223911	2	0	0	1	1	1	796	1	12	1	0	11	784	0.00125628140704	0.0833333333333	0	0
chr2R	25223938	25223970	tfsite_9af7b98e89efed78	tflocus_7b2a1d3bdf3836cb	25223954	25223954	1	0	0	1	1	1	782	1	11	1	0	10	771	0.00127877237852	0.0909090909091	0	0
chr2R	25223962	25223975	tfsite_b158c8cd42d61d73	tflocus_84fa65ce8e8e3af0	25223970	25223970	1	0	0	4	4	4	799	4	20	4	0	16	779	0.00500625782228	0.2	1	1
chr2R	25223963	25223992	tfsite_bc8b0917295fbc51	tflocus_84fa65ce8e8e3af0	25223970	25223978	2	0	0	1	1	1	797	1	16	1	0	15	781	0.00125470514429	0.0625	0	0
chr2R	25223969	25224009	tfsite_6ad50204da4e06dc	tflocus_7732e3f56e51fdbd	25223989	25223989	1	0	0	1	1	1	797	1	17	1	0	16	780	0.00125470514429	0.0588235294118	0	0
chr2R	25223990	25224014	tfsite_00e95674f77f1d39	tflocus_30c7f62a0865bfd5	25224002	25224002	1	0	0	1	1	1	795	1	27	1	0	26	768	0.00125786163522	0.037037037037	0	0
chr2R	25224004	25224051	tfsite_739e4c8df6ae24e5	tflocus_3114de1f9bde636e	25224028	25224028	1	0	0	1	1	1	785	1	18	0	1	18	766	0.00127388535032	0	0	0
chr2R	25224021	25224053	tfsite_a99789e80a1812b7	tflocus_3114de1f9bde636e	25224028	25224037	2	0	0	1	1	1	787	1	25	1	0	24	762	0.0012706480305	0.04	0	0
chr2R	25224047	25224062	tfsite_0c178c676f68167e	tflocus_a8b3c1cd484460e0	25224055	25224055	1	2.5	5.5	3	3	3	783	3	37	3	0	34	746	0.00383141762452	0.0810810810811	1	1
chr2R	25224047	25224113	tfsite_61e484f4ad82bbef	tflocus_8d2643625fcdf6a5	25224079	25224079	1	0.5	2.5	4	4	4	799	4	13	4	0	9	786	0.00500625782228	0.307692307692	1	1
chr2R	25224057	25224128	tfsite_0764b0847b423579	tflocus_6d4b8193caebe65f	25224090	25224092	1	4.5	0	2	2	2	795	2	11	1	1	10	783	0.00251572327044	0.0909090909091	0	0
chr2R	25224068	25224097	tfsite_895240cc7a13557b	tflocus_8d2643625fcdf6a5	25224079	25224083	2	0	0	1	1	1	801	1	32	1	0	31	769	0.00124843945069	0.03125	0	0
chr2R	25224069	25224082	tfsite_cadcf99cfb39ebfd	tflocus_8d2643625fcdf6a5	25224079	25224076	3	0	0	1	1	1	801	1	50	1	0	49	751	0.00124843945069	0.02	0	0
chr2R	25224075	25224100	tfsite_6b78c3205f376229	tflocus_6d4b8193caebe65f	25224090	25224088	2	0	0	1	1	1	800	1	35	1	0	34	765	0.00125	0.0285714285714	0	0
chr2R	25224087	25224124	tfsite_7d6b82a0c8702c41	tflocus_95af88a854ab8c0d	25224106	25224106	1	0	0	1	1	1	791	1	27	1	0	26	764	0.00126422250316	0.037037037037	0	0
chr2R	25224128	25224191	tfsite_20d10db287be8a38	tflocus_3c991d954f889c38	25224157	25224160	1	0	0	1	1	1	790	1	32	1	0	31	758	0.00126582278481	0.03125	0	0
chr2R	25224131	25224172	tfsite_bc5b615eb241f217	tflocus_3c991d954f889c38	25224157	25224151	2	0.5	6	2	2	2	798	2	37	1	1	36	760	0.00250626566416	0.027027027027	0	0
chr2R	25224142	25224206	tfsite_75cca0fbaf2bb334	tflocus_2c78ad4d47dc68ff	25224171	25224175	1	3.5	6	4	4	4	790	4	22	4	0	18	768	0.00506329113924	0.181818181818	1	1
chr2R	25224151	25224162	tfsite_1655e760a4208cde	tflocus_3c991d954f889c38	25224157	25224157	3	0	0	1	1	1	798	1	72	1	0	71	726	0.00125313283208	0.0138888888889	0	0
chr2R	25224155	25224187	tfsite_7807ecb5d40d25c1	tflocus_2c78ad4d47dc68ff	25224171	25224171	2	0	0	1	1	1	790	1	52	1	0	51	738	0.00126582278481	0.0192307692308	0	0
chr2R	25224157	25224213	tfsite_b7a7f290f3a76c5c	tflocus_99cec673b03408e4	25224184	25224185	1	5.5	4.5	4	4	4	790	4	29	4	0	25	761	0.00506329113924	0.137931034483	1	1
chr2R	25224160	25224231	tfsite_5d67b185d1267e8f	tflocus_a373109b0544f5ac	25224196	25224196	1	0	0	1	1	1	796	1	22	1	0	21	774	0.00125628140704	0.0454545454545	0	0
chr2R	25224174	25224190	tfsite_640aed5f422dc8ba	tflocus_99cec673b03408e4	25224184	25224182	2	0	0	1	1	1	786	1	67	1	0	66	719	0.00127226463104	0.0149253731343	0	0
chr2R	25224176	25224205	tfsite_9fa69bed717d543e	tflocus_a373109b0544f5ac	25224196	25224191	2	0	0	1	1	1	790	1	37	1	0	36	753	0.00126582278481	0.027027027027	0	0
chr2R	25224189	25224254	tfsite_bebf6fb0153b919d	tflocus_2b41921c753e36ac	25224222	25224222	1	0	0	1	1	1	794	1	10	0	1	10	783	0.00125944584383	0	0	0
chr2R	25224190	25224225	tfsite_35348efe3e7e80e3	tflocus_a9f34694d5b0bbea	25224210	25224208	1	0	0	2	1	1	792	1	38	1	0	37	754	0.00126262626263	0.0263157894737	0	0
chr2R	25224191	25224213	tfsite_5717c51867e5b902	tflocus_a373109b0544f5ac	25224196	25224202	3	0	0	1	1	1	800	1	53	1	0	52	747	0.00125	0.0188679245283	0	0
chr2R	25224196	25224211	tfsite_837170b55046e4f6	tflocus_a9f34694d5b0bbea	25224210	25224204	2	0	0	1	1	1	800	1	70	1	0	69	730	0.00125	0.0142857142857	0	0
chr2R	25224204	25224216	tfsite_5b0084384ee7c153	tflocus_a9f34694d5b0bbea	25224210	25224210	3	0	0	5	5	5	800	5	64	4	1	60	735	0.00625	0.0625	1	1
chr2R	25224204	25224241	tfsite_32b970d99149f9e6	tflocus_2b41921c753e36ac	25224222	25224222	2	1.5	0	2	2	2	793	2	23	0	2	23	768	0.00252206809584	0	0	0
chr2R	25224205	25224231	tfsite_f4672ec8c3934bcd	tflocus_2b41921c753e36ac	25224222	25224218	3	0	0	1	1	1	799	1	42	1	0	41	757	0.00125156445557	0.0238095238095	0	0
chr2R	25224297	25224328	tfsite_c749d9cd888a5ee7	tflocus_78f1d860714ba0fd	25224313	25224313	1	0	0	1	1	1	789	1	22	0	1	22	766	0.00126742712294	0	0	0
chr2R	25224320	25224385	tfsite_1b702a2d5dd823ed	tflocus_85df4ff2475750e7	25224350	25224353	1	0	0	1	1	1	797	1	14	1	0	13	783	0.00125470514429	0.0714285714286	0	0
chr2R	25224321	25224336	tfsite_e15cdbe8b337a06f	tflocus_3effc03904cb6a74	25224330	25224330	1	0	0	3	3	3	794	3	40	3	0	37	754	0.00377833753149	0.075	1	1
chr2R	25224326	25224411	tfsite_28179b6abcc3393d	tflocus_45176211c8f31112	25224369	25224369	1	0	0	1	1	1	794	1	11	0	1	11	782	0.00125944584383	0	0	0
chr2R	25224335	25224347	tfsite_76691b0c797fa4ea	tflocus_85df4ff2475750e7	25224350	25224341	2	0	0	2	2	2	798	2	59	2	0	57	739	0.00250626566416	0.0338983050847	0	0
chr2R	25224335	25224361	tfsite_d3c99e99a99c8adb	tflocus_85df4ff2475750e7	25224350	25224348	3	0	0	1	1	1	794	1	41	1	0	40	753	0.00125944584383	0.0243902439024	0	0
chr2R	25224356	25224379	tfsite_f426a2238286e11d	tflocus_45176211c8f31112	25224369	25224368	2	0	0	1	1	1	798	1	47	1	0	46	751	0.00125313283208	0.0212765957447	0	0
chr2R	25224360	25224413	tfsite_89d49a57d2c9467d	tflocus_4ebc2e168c511f2c	25224397	25224387	1	0	0	1	1	1	791	1	28	1	0	27	763	0.00126422250316	0.0357142857143	0	0
chr2R	25224369	25224386	tfsite_200e14d4822bb8bc	tflocus_45176211c8f31112	25224369	25224378	3	0	0	1	1	1	797	1	59	1	0	58	738	0.00125470514429	0.0169491525424	0	0
chr2R	25224377	25224435	tfsite_e3b369e761f30be6	tflocus_e6206fdfa265ca38	25224408	25224406	1	0	0	1	1	1	792	1	38	1	0	37	754	0.00126262626263	0.0263157894737	0	0
chr2R	25224379	25224404	tfsite_61c3898175da73b1	tflocus_4ebc2e168c511f2c	25224397	25224391	2	3.5	2.5	4	3	3	771	4	56	4	0	52	715	0.00518806744488	0.0714285714286	1	1
chr2R	25224379	25224416	tfsite_145d196555878f7c	tflocus_4ebc2e168c511f2c	25224397	25224397	3	4	1.5	2	2	2	790	2	50	2	0	48	740	0.00253164556962	0.04	0	0
chr2R	25224388	25224410	tfsite_1126b39c9fe9bc4b	tflocus_4ebc2e168c511f2c	25224397	25224399	4	0	0	1	1	1	793	1	62	1	0	61	731	0.00126103404792	0.0161290322581	0	0
chr2R	25224391	25224469	tfsite_93ed66746ffccdec	tflocus_96c16d3318903cdb	25224420	25224430	1	0	0	1	1	1	794	1	38	1	0	37	756	0.00125944584383	0.0263157894737	0	0
chr2R	25224392	25224428	tfsite_6478f6227d3f1aed	tflocus_e6206fdfa265ca38	25224408	25224410	2	2.5	2.5	4	3	3	790	4	55	4	0	51	735	0.00506329113924	0.0727272727273	1	1
chr2R	25224395	25224444	tfsite_011f6f12019b6ea6	tflocus_96c16d3318903cdb	25224420	25224420	2	0	0	1	1	1	795	1	52	1	0	51	743	0.00125786163522	0.0192307692308	0	0
chr2R	25224398	25224481	tfsite_2e7704c74b9125a5	tflocus_6bbd3faa2c470c74	25224449	25224440	1	0	0	1	1	1	788	1	34	1	0	33	754	0.00126903553299	0.0294117647059	0	0
chr2R	25224404	25224431	tfsite_2f46e5053ec5213a	tflocus_96c16d3318903cdb	25224420	25224417	3	2.5	1.5	2	2	2	792	2	66	2	0	64	726	0.00252525252525	0.030303030303	0	0
chr2R	25224406	25224443	tfsite_b467c10c92d88cac	tflocus_96c16d3318903cdb	25224420	25224423	4	3	3	4	3	3	794	4	61	4	0	57	733	0.00503778337531	0.0655737704918	1	1
chr2R	25224413	25224485	tfsite_9ca344079f2d94f5	tflocus_6bbd3faa2c470c74	25224449	25224449	2	0	0	1	1	1	792	1	36	1	0	35	756	0.00126262626263	0.0277777777778	0	0
chr2R	25224432	25224489	tfsite_53b4dccc8d76c5b9	tflocus_2035539ea405a256	25224461	25224461	1	0	0	1	1	1	790	1	48	1	0	47	742	0.00126582278481	0.0208333333333	0	0
chr2R	25224449	25224512	tfsite_296eb41f3a4154ec	tflocus_93a1a51f258f428d	25224476	25224480	1	4.5	2.5	2	2	2	794	2	51	2	0	49	743	0.00251889168766	0.0392156862745	0	0
chr2R	25224451	25224481	tfsite_a417409f83db6875	tflocus_2035539ea405a256	25224461	25224466	2	2	6	3	2	2	789	3	76	3	0	73	713	0.00380228136882	0.0394736842105	0	1
chr2R	25224456	25224461	tfsite_1e7a0f386a02d43d	tflocus_2035539ea405a256	25224461	25224459	3	0	0	1	1	1	800	1	106	1	0	105	694	0.00125	0.00943396226415	0	0
chr2R	25224461	25224488	tfsite_efbe9dbafb74f1e5	tflocus_93a1a51f258f428d	25224476	25224474	2	3	2.5	2	2	2	792	2	71	2	0	69	721	0.00252525252525	0.0281690140845	0	0
chr2R	25224465	25224511	tfsite_fceee198abfddc14	tflocus_cf20f3c0f857f366	25224495	25224489	1	3.5	2	3	3	3	790	3	57	3	0	54	733	0.00379746835443	0.0526315789474	1	1
chr2R	25224466	25224527	tfsite_6277fdc2033854b3	tflocus_cf20f3c0f857f366	25224495	25224497	2	0	0	1	1	1	796	1	47	1	0	46	749	0.00125628140704	0.0212765957447	0	0
chr2R	25224471	25224541	tfsite_87181ab991119ce5	tflocus_c166516dc97d234d	25224506	25224506	1	0	0	1	1	1	792	1	44	1	0	43	748	0.00126262626263	0.0227272727273	0	0
chr2R	25224473	25224478	tfsite_42e3c6a31733c5b2	tflocus_93a1a51f258f428d	25224476	25224476	3	0	0	1	1	1	793	1	108	1	0	107	685	0.00126103404792	0.00925925925926	0	0
chr2R	25224477	25224540	tfsite_cb697e3e66f291a8	tflocus_c166516dc97d234d	25224506	25224509	2	0	0	1	1	1	792	1	52	1	0	51	740	0.00126262626263	0.0192307692308	0	0
chr2R	25224479	25224509	tfsite_4a8e7f6f0cb14465	tflocus_cf20f3c0f857f366	25224495	25224494	3	1.5	2.5	6	6	6	791	6	80	6	0	74	711	0.00758533501896	0.075	1	1
chr2R	25224481	25224486	tfsite_41519874f3cee3b5	tflocus_93a1a51f258f428d	25224476	25224484	4	0	0	2	1	1	799	2	113	1	1	112	685	0.00250312891114	0.00884955752212	0	0
chr2R	25224482	25224518	tfsite_a2accbbdd15a5e0c	tflocus_cf20f3c0f857f366	25224495	25224499	4	2.5	3.5	2	2	2	786	2	74	2	0	72	712	0.00254452926209	0.027027027027	0	0
chr2R	25224488	25224520	tfsite_81ef9965178c3fe4	tflocus_c166516dc97d234d	25224506	25224504	3	3.5	4	3	2	2	787	3	73	3	0	70	714	0.00381194409149	0.041095890411	0	1
chr2R	25224488	25224526	tfsite_b0dfc2e891744a0c	tflocus_c166516dc97d234d	25224506	25224507	4	0	0	1	1	1	785	1	69	1	0	68	716	0.00127388535032	0.0144927536232	0	0
chr2R	25224488	25224535	tfsite_06927246c3a0cc86	tflocus_c166516dc97d234d	25224506	25224511	5	3.5	3	2	2	2	789	2	58	2	0	56	731	0.00253485424588	0.0344827586207	0	0
chr2R	25224499	25224504	tfsite_bae7c76c7137acfc	tflocus_c166516dc97d234d	25224506	25224502	6	0	0	1	1	1	795	1	105	1	0	104	690	0.00125786163522	0.00952380952381	0	0
chr2R	25224502	25224542	tfsite_0346b1e261980913	tflocus_ccc9f41ab85c5c22	25224529	25224522	1	0	0	1	1	1	794	1	58	1	0	57	736	0.00125944584383	0.0172413793103	0	0
chr2R	25224508	25224521	tfsite_ff3905210c36e4c8	tflocus_c166516dc97d234d	25224506	25224515	7	0	0	1	1	1	781	1	100	1	0	99	681	0.00128040973111	0.01	0	0
chr2R	25224515	25224540	tfsite_b19f71148c585d0b	tflocus_ccc9f41ab85c5c22	25224529	25224529	2	1.5	0	6	6	6	787	6	85	6	0	79	702	0.00762388818297	0.0705882352941	1	1
chr2R	25224523	25224577	tfsite_78ae501e70f0239c	tflocus_6e50d1312d19edab	25224553	25224550	1	0	0	2	2	2	792	2	44	2	0	42	748	0.00252525252525	0.0454545454545	0	0
chr2R	25224524	25224548	tfsite_84f5d90368b10ebd	tflocus_2c2adfaa20521811	25224542	25224536	1	4	5	2	2	2	793	2	84	2	0	82	709	0.00252206809584	0.0238095238095	0	0
chr2R	25224529	25224577	tfsite_009ee1d2a93bba59	tflocus_6e50d1312d19edab	25224553	25224553	2	0	0	1	1	1	795	1	48	1	0	47	747	0.00125786163522	0.0208333333333	0	0
chr2R	25224529	25224596	tfsite_3d018583177a9083	tflocus_a214bdf7fff279f2	25224565	25224563	1	0	0	1	1	1	770	1	26	0	1	26	743	0.0012987012987	0	0	0
chr2R	25224534	25224549	tfsite_dc708aecf3efd61d	tflocus_2c2adfaa20521811	25224542	25224542	2	0	0	1	1	1	791	1	94	1	0	93	697	0.00126422250316	0.0106382978723	0	0
chr2R	25224538	25224561	tfsite_76247addb0447e38	tflocus_6e50d1312d19edab	25224553	25224550	3	0	0	1	1	1	795	1	73	1	0	72	722	0.00125786163522	0.013698630137	0	0
chr2R	25224542	25224579	tfsite_2ace19db5d6e50ab	tflocus_a214bdf7fff279f2	25224565	25224560	2	1.5	1.5	2	2	2	793	2	55	2	0	53	738	0.00252206809584	0.0363636363636	0	0
chr2R	25224543	25224562	tfsite_43c591d130707196	tflocus_6e50d1312d19edab	25224553	25224553	4	0	0	1	1	1	781	1	80	1	0	79	701	0.00128040973111	0.0125	0	0
chr2R	25224546	25224566	tfsite_6054eb0c49a6fd2a	tflocus_6e50d1312d19edab	25224553	25224556	5	2	1	3	3	3	794	3	67	3	0	64	727	0.00377833753149	0.044776119403	1	1
chr2R	25224547	25224626	tfsite_b195aff7c812a6a0	tflocus_7042eb52f241f1b3	25224590	25224587	1	0	0	1	1	1	766	1	19	0	1	19	746	0.00130548302872	0	0	0
chr2R	25224553	25224577	tfsite_fee8b8b3e93ff0b1	tflocus_a214bdf7fff279f2	25224565	25224565	3	0	0	3	3	3	794	3	59	3	0	56	735	0.00377833753149	0.0508474576271	1	1
chr2R	25224553	25224593	tfsite_c6d7b47ea59bd5c4	tflocus_6f9d1f5207f28332	25224579	25224573	1	0	0	1	1	1	761	1	38	1	0	37	723	0.00131406044678	0.0263157894737	0	0
chr2R	25224564	25224632	tfsite_798a85d7790feea4	tflocus_2fb51b1ac82cdd67	25224604	25224598	1	0	0	1	1	1	769	1	25	1	0	24	744	0.00130039011704	0.04	0	0
chr2R	25224564	25224643	tfsite_d8acb2253dec536f	tflocus_2fb51b1ac82cdd67	25224604	25224604	2	0	0	1	1	1	767	1	21	0	1	21	745	0.0013037809648	0	0	0
chr2R	25224571	25224586	tfsite_e1a1d165b703487a	tflocus_6f9d1f5207f28332	25224579	25224579	2	3.5	0.5	4	4	4	780	4	62	4	0	58	718	0.00512820512821	0.0645161290323	1	1
chr2R	25224577	25224612	tfsite_0aea4a397d760540	tflocus_7042eb52f241f1b3	25224590	25224595	2	0	0	1	1	1	706	1	40	1	0	39	666	0.0014164305949	0.025	0	0
chr2R	25224584	25224594	tfsite_d26c020da00c2c4b	tflocus_7042eb52f241f1b3	25224590	25224590	3	2	1	5	5	5	690	5	67	5	0	62	623	0.00724637681159	0.0746268656716	1	1
chr2R	25224584	25224619	tfsite_ba4878ff90f20aa6	tflocus_2fb51b1ac82cdd67	25224604	25224601	3	1	0	4	3	3	704	3	40	3	0	37	664	0.00426136363636	0.075	1	1
chr2R	25224587	25224623	tfsite_58b1e1b5d3cfc5f0	tflocus_2fb51b1ac82cdd67	25224604	25224605	4	0	0	1	1	1	703	1	39	1	0	38	664	0.00142247510669	0.025641025641	0	0
chr2R	25224587	25224642	tfsite_264ed86c6c994c01	tflocus_521e1da7ee9cf902	25224615	25224615	1	0	0	1	1	1	743	1	25	1	0	24	718	0.00134589502019	0.04	0	0
chr2R	25224593	25224627	tfsite_f171cf5b07f53274	tflocus_521e1da7ee9cf902	25224615	25224610	2	0	0	1	1	1	743	1	36	1	0	35	707	0.00134589502019	0.0277777777778	0	0
chr2R	25224597	25224672	tfsite_703d27191aebce5f	tflocus_9ebdda41a1350bab	25224636	25224634	1	6	3	2	2	2	753	2	22	1	1	21	730	0.00265604249668	0.0454545454545	0	0
chr2R	25224599	25224677	tfsite_cdc86e41bb69d33c	tflocus_9ebdda41a1350bab	25224636	25224638	2	0	0	1	1	1	779	1	21	0	1	21	757	0.0012836970475	0	0	0
chr2R	25224600	25224609	tfsite_907b6d8d76518406	tflocus_2fb51b1ac82cdd67	25224604	25224605	5	0	0	1	1	1	794	1	58	1	0	57	736	0.00125944584383	0.0172413793103	0	0
chr2R	25224601	25224614	tfsite_bc32fab03046a0af	tflocus_2fb51b1ac82cdd67	25224604	25224607	6	1	4.5	2	2	2	795	2	53	2	0	51	742	0.00251572327044	0.0377358490566	0	0
chr2R	25224607	25224656	tfsite_406cf7853f1bc628	tflocus_9ebdda41a1350bab	25224636	25224631	3	1.5	2	2	2	2	793	2	29	2	0	27	764	0.00252206809584	0.0689655172414	0	0
chr2R	25224609	25224616	tfsite_760c15cd3b42388d	tflocus_521e1da7ee9cf902	25224615	25224613	3	0	0	1	1	1	796	1	54	1	0	53	742	0.00125628140704	0.0185185185185	0	0
chr2R	25224610	25224639	tfsite_25de51befb9ab772	tflocus_521e1da7ee9cf902	25224615	25224625	4	0	0	1	1	1	790	1	34	1	0	33	756	0.00126582278481	0.0294117647059	0	0
chr2R	25224613	25224621	tfsite_2a8492bbeeafeb66	tflocus_521e1da7ee9cf902	25224615	25224617	5	0	0.5	2	2	2	788	2	55	2	0	53	733	0.00253807106599	0.0363636363636	0	0
chr2R	25224625	25224649	tfsite_2add485202122f1e	tflocus_9ebdda41a1350bab	25224636	25224637	4	0	0	1	1	1	791	1	52	1	0	51	739	0.00126422250316	0.0192307692308	0	0
chr2R	25224630	25224648	tfsite_556cea3d7f5dba52	tflocus_9ebdda41a1350bab	25224636	25224639	5	0	0	1	1	1	788	1	57	1	0	56	731	0.00126903553299	0.0175438596491	0	0
chr2R	25224644	25224723	tfsite_4ceb5aac9de486de	tflocus_42db33e3a441d6d3	25224683	25224684	1	0	0	1	1	1	796	1	24	1	0	23	772	0.00125628140704	0.0416666666667	0	0
chr2R	25224651	25224664	tfsite_cf2bfaede0f326de	tflocus_e6e27f223e4c8f71	25224657	25224657	1	0.5	3.5	2	2	2	797	2	78	2	0	76	719	0.00250941028858	0.025641025641	0	0
chr2R	25224651	25224684	tfsite_c93b459d3d79d492	tflocus_f6ef3b3f3ef2c7cf	25224668	25224668	1	0	0	1	1	1	772	1	49	1	0	48	723	0.00129533678756	0.0204081632653	0	0
chr2R	25224661	25224703	tfsite_23ea868dac4bad15	tflocus_42db33e3a441d6d3	25224683	25224682	2	0	0	1	1	1	793	1	43	1	0	42	750	0.00126103404792	0.0232558139535	0	0
chr2R	25224670	25224747	tfsite_d2cbb48ae0cd0929	tflocus_c373edcf70b8b285	25224702	25224709	1	0	0	1	1	1	792	1	23	1	0	22	769	0.00126262626263	0.0434782608696	0	0
chr2R	25224672	25224711	tfsite_d02a67e4190ddcf9	tflocus_42db33e3a441d6d3	25224683	25224692	3	0	0	1	1	1	784	1	49	1	0	48	735	0.00127551020408	0.0204081632653	0	0
chr2R	25224676	25224714	tfsite_5bdc1dbe21f80335	tflocus_c373edcf70b8b285	25224702	25224695	2	0	0	1	1	1	788	1	49	1	0	48	739	0.00126903553299	0.0204081632653	0	0
chr2R	25224678	25224748	tfsite_6bc2b2a8a90ead69	tflocus_2f62a88affe6ed4f	25224719	25224713	1	0	0	1	1	1	786	1	29	1	0	28	757	0.00127226463104	0.0344827586207	0	0
chr2R	25224692	25224712	tfsite_277ce025a8aa002b	tflocus_c373edcf70b8b285	25224702	25224702	3	0.5	2.5	2	2	2	802	2	71	2	0	69	731	0.00249376558603	0.0281690140845	0	0
chr2R	25224703	25224758	tfsite_6ad1f0242fda1fbd	tflocus_1c0ce62047cda5b1	25224739	25224731	1	0	0	1	1	1	792	1	33	1	0	32	759	0.00126262626263	0.030303030303	0	0
chr2R	25224706	25224733	tfsite_b7135422c1bfab0a	tflocus_2f62a88affe6ed4f	25224719	25224720	2	2	6	2	2	2	796	2	55	2	0	53	741	0.00251256281407	0.0363636363636	0	0
chr2R	25224718	25224737	tfsite_64e23fafbe413737	tflocus_2f62a88affe6ed4f	25224719	25224728	3	0	0	1	1	1	764	1	68	1	0	67	696	0.00130890052356	0.0147058823529	0	0
chr2R	25224718	25224743	tfsite_df73232b38da3098	tflocus_1c0ce62047cda5b1	25224739	25224733	2	4.5	2	4	4	4	795	4	65	4	0	61	730	0.00503144654088	0.0615384615385	1	1
chr2R	25224723	25224761	tfsite_ad014ef01518ccb2	tflocus_1c0ce62047cda5b1	25224739	25224742	3	2	3.5	2	2	2	774	2	42	2	0	40	732	0.00258397932817	0.047619047619	0	0
chr2R	25224725	25224787	tfsite_69384328448dc04f	tflocus_0da386e6d5622793	25224754	25224756	1	2.5	2	2	2	2	791	2	29	2	0	27	762	0.00252844500632	0.0689655172414	0	0
chr2R	25224728	25224807	tfsite_824be5d2fd36f963	tflocus_edc03c0010a868c0	25224772	25224767	1	3	0	2	2	2	793	2	25	2	0	23	768	0.00252206809584	0.08	0	0
chr2R	25224735	25224743	tfsite_aa0dc2b289f19af1	tflocus_1c0ce62047cda5b1	25224739	25224739	4	0	0	3	3	3	797	3	87	3	0	84	710	0.00376411543287	0.0344827586207	1	1
chr2R	25224735	25224755	tfsite_01a3d0d22bed10e1	tflocus_1c0ce62047cda5b1	25224739	25224745	5	0	0	1	1	1	791	1	63	1	0	62	728	0.00126422250316	0.015873015873	0	0
chr2R	25224742	25224761	tfsite_887be0e5976e1c17	tflocus_0da386e6d5622793	25224754	25224752	2	0	0	1	1	1	774	1	58	1	0	57	716	0.00129198966408	0.0172413793103	0	0
chr2R	25224742	25224824	tfsite_79169ff478b848a7	tflocus_df61b1fdb2bb2e87	25224783	25224783	1	0	0	1	1	1	796	1	28	1	0	27	768	0.00125628140704	0.0357142857143	0	0
chr2R	25224744	25224779	tfsite_c1540bfdd97da0dd	tflocus_0da386e6d5622793	25224754	25224762	3	0	0	1	1	1	782	1	44	1	0	43	738	0.00127877237852	0.0227272727273	0	0
chr2R	25224761	25224805	tfsite_547af23def7042ac	tflocus_df61b1fdb2bb2e87	25224783	25224783	2	0	0	1	1	1	794	1	39	1	0	38	755	0.00125944584383	0.025641025641	0	0
chr2R	25224761	25224825	tfsite_acb08427beea0963	tflocus_6a72e3aec72f2dd9	25224795	25224793	1	4	0	2	2	2	791	2	30	2	0	28	761	0.00252844500632	0.0666666666667	0	0
chr2R	25224762	25224842	tfsite_e5bcc3bc0cfd7de0	tflocus_6a72e3aec72f2dd9	25224795	25224802	2	0	0	1	1	1	797	1	22	1	0	21	775	0.00125470514429	0.0454545454545	0	0
chr2R	25224766	25224781	tfsite_f71cbd495a548fc3	tflocus_edc03c0010a868c0	25224772	25224774	2	2	0	2	2	2	792	2	62	2	0	60	730	0.00252525252525	0.0322580645161	0	0
chr2R	25224768	25224829	tfsite_6c8fbd3a7fcc4b1b	tflocus_6a72e3aec72f2dd9	25224795	25224799	3	0	0	1	1	1	797	1	28	1	0	27	769	0.00125470514429	0.0357142857143	0	0
chr2R	25224784	25224816	tfsite_a1d1f7c968886191	tflocus_6a72e3aec72f2dd9	25224795	25224800	4	0	0	1	1	1	796	1	56	1	0	55	740	0.00125628140704	0.0178571428571	0	0
chr2R	25224786	25224930	tfsite_c77d3c673cb11fd9	tflocus_c1bec3015aea9eae	25224858	25224858	1	0	0	1	1	1	763	1	10	0	1	10	752	0.00131061598952	0	0	0
chr2R	25224787	25224821	tfsite_1601a6329b4da3d2	tflocus_6a72e3aec72f2dd9	25224795	25224804	5	0	0	1	1	1	797	1	56	1	0	55	741	0.00125470514429	0.0178571428571	0	0
chr2R	25224788	25224807	tfsite_d3a06208c960a552	tflocus_6a72e3aec72f2dd9	25224795	25224798	6	0	0	1	1	1	791	1	64	1	0	63	727	0.00126422250316	0.015625	0	0
chr2R	25224791	25224839	tfsite_a9b6f566178815ce	tflocus_a8efe87a00e988fe	25224813	25224815	1	2	5	2	2	2	786	2	37	2	0	35	749	0.00254452926209	0.0540540540541	0	0
chr2R	25224792	25224877	tfsite_cd7f057c41d72af4	tflocus_bcb111ea644044f3	25224837	25224835	1	0	0	1	1	1	793	1	22	0	1	22	770	0.00126103404792	0	0	0
chr2R	25224795	25224863	tfsite_a24cbd02b61eb16b	tflocus_bcb111ea644044f3	25224837	25224829	2	0	0	1	1	1	797	1	27	0	1	27	769	0.00125470514429	0	0	0
chr2R	25224799	25224883	tfsite_83cb7c4697c77062	tflocus_bcb111ea644044f3	25224837	25224841	3	0	0	1	1	1	794	1	18	0	1	18	775	0.00125944584383	0	0	0
chr2R	25224800	25224822	tfsite_a4290a426454581b	tflocus_a8efe87a00e988fe	25224813	25224812	2	3.5	2.5	5	5	5	801	5	62	4	1	58	738	0.00624219725343	0.0645161290323	1	1
chr2R	25224805	25224833	tfsite_dd089d1af0ee3274	tflocus_a8efe87a00e988fe	25224813	25224819	3	0.5	3.5	2	2	2	794	2	47	2	0	45	747	0.00251889168766	0.0425531914894	0	0
chr2R	25224809	25224817	tfsite_3c14615590931d09	tflocus_a8efe87a00e988fe	25224813	25224813	4	0	0	1	1	1	797	1	74	1	0	73	723	0.00125470514429	0.0135135135135	0	0
chr2R	25224818	25224826	tfsite_45a104b91c631862	tflocus_a8efe87a00e988fe	25224813	25224822	5	0	0	1	1	1	793	1	62	1	0	61	731	0.00126103404792	0.0161290322581	0	0
chr2R	25224820	25224903	tfsite_7d3e09070bdd8aa8	tflocus_c1bec3015aea9eae	25224858	25224862	2	0	0	1	1	1	793	1	17	1	0	16	776	0.00126103404792	0.0588235294118	0	0
chr2R	25224821	25224832	tfsite_ab2c31ca7e2b189a	tflocus_bcb111ea644044f3	25224837	25224827	4	0	0	1	1	1	784	1	60	1	0	59	724	0.00127551020408	0.0166666666667	0	0
chr2R	25224823	25224894	tfsite_8e88277de73c1a45	tflocus_c1bec3015aea9eae	25224858	25224859	3	0	0	1	1	1	791	1	21	1	0	20	770	0.00126422250316	0.047619047619	0	0
chr2R	25224828	25224836	tfsite_9bbbe8a98bfd298f	tflocus_bcb111ea644044f3	25224837	25224832	5	0	0	1	1	1	794	1	86	1	0	85	708	0.00125944584383	0.0116279069767	0	0
chr2R	25224829	25224848	tfsite_5579bb986f7cf3d9	tflocus_bcb111ea644044f3	25224837	25224837	6	5.5	4.5	3	3	3	772	3	78	3	0	75	694	0.00388601036269	0.0384615384615	1	1
chr2R	25224830	25224878	tfsite_48e9938aefee3df8	tflocus_c1bec3015aea9eae	25224858	25224854	4	0	0	1	1	1	790	1	45	1	0	44	745	0.00126582278481	0.0222222222222	0	0
chr2R	25224836	25224865	tfsite_d9722c6255525248	tflocus_c1bec3015aea9eae	25224858	25224851	5	0	0	1	1	1	789	1	65	1	0	64	724	0.00126742712294	0.0153846153846	0	0
chr2R	25224838	25224849	tfsite_5eefd9a6e8a421f6	tflocus_bcb111ea644044f3	25224837	25224844	7	0	0	1	1	1	778	1	98	1	0	97	680	0.0012853470437	0.0102040816327	0	0
chr2R	25224842	25224878	tfsite_b267c31d2913ea96	tflocus_c1bec3015aea9eae	25224858	25224860	6	1	3	2	2	2	789	2	69	2	0	67	720	0.00253485424588	0.0289855072464	0	0
chr2R	25224847	25224897	tfsite_1293b93416237499	tflocus_307d00acc9bd8954	25224874	25224872	1	0	0	1	1	1	790	1	66	1	0	65	724	0.00126582278481	0.0151515151515	0	0
chr2R	25224851	25224865	tfsite_52fc9a1f710f7ae2	tflocus_c1bec3015aea9eae	25224858	25224858	7	0	0	5	5	5	791	5	113	5	0	108	678	0.0063211125158	0.0442477876106	1	1
chr2R	25224854	25224879	tfsite_2619a19e3f0e52e5	tflocus_307d00acc9bd8954	25224874	25224867	2	0	0	1	1	1	799	1	92	1	0	91	707	0.00125156445557	0.0108695652174	0	0
chr2R	25224855	25224895	tfsite_5f1fdaad5d8544a8	tflocus_307d00acc9bd8954	25224874	25224875	3	3.5	3.5	2	2	2	795	2	77	2	0	75	718	0.00251572327044	0.025974025974	0	0
chr2R	25224863	25224902	tfsite_f8e39669251e4931	tflocus_307d00acc9bd8954	25224874	25224883	4	0	0	1	1	1	793	1	83	1	0	82	710	0.00126103404792	0.0120481927711	0	0
chr2R	25224864	25224941	tfsite_fcaebc292f271c15	tflocus_4f2b5b54ba9bb8b5	25224911	25224903	1	0	0	1	1	1	529	1	20	1	0	19	509	0.00189035916824	0.05	0	0
chr2R	25224869	25224879	tfsite_d28cf08aafd7fdf5	tflocus_307d00acc9bd8954	25224874	25224874	5	0	0	3	3	3	801	3	129	3	0	126	672	0.00374531835206	0.0232558139535	1	1
chr2R	25224869	25224884	tfsite_d550d62a2ac308ab	tflocus_307d00acc9bd8954	25224874	25224877	6	0	0	2	1	1	796	1	124	1	0	123	672	0.00125628140704	0.00806451612903	0	0
chr2R	25224876	25224890	tfsite_28cc26689e0aa2d9	tflocus_307d00acc9bd8954	25224874	25224883	7	0	0	1	1	1	794	1	124	1	0	123	670	0.00125944584383	0.00806451612903	0	0
chr2R	25224876	25224925	tfsite_927d9916d13718f0	tflocus_fca60790f1e277ca	25224893	25224901	1	0	0	2	1	1	528	1	35	1	0	34	493	0.00189393939394	0.0285714285714	0	0
chr2R	25224882	25224910	tfsite_0d33f74837b9f6cd	tflocus_fca60790f1e277ca	25224893	25224895	2	5.5	4.5	2	2	2	519	2	58	1	1	57	460	0.00385356454721	0.0172413793103	0	0
chr2R	25224887	25224896	tfsite_eac0050c2ca5a03d	tflocus_fca60790f1e277ca	25224893	25224892	3	5	4.5	11	11	11	795	11	144	11	0	133	651	0.0138364779874	0.0763888888889	1	1
chr2R	25224900	25224921	tfsite_31e67ec2bc019b92	tflocus_4f2b5b54ba9bb8b5	25224911	25224911	2	0	0	2	1	1	531	1	74	1	0	73	457	0.00188323917137	0.0135135135135	0	0
chr2R	25224909	25224939	tfsite_8ab87682ad1f244c	tflocus_7fdcce7f97c02f29	25224934	25224925	1	0	0	3	3	3	530	3	48	3	0	45	482	0.00566037735849	0.0625	1	1
chr2R	25224914	25224998	tfsite_4934379d0ddec263	tflocus_7d1278b6d10dd173	25224954	25224956	1	0	0	1	1	1	800	1	31	1	0	30	769	0.00125	0.0322580645161	0	0
chr2R	25224923	25224949	tfsite_0fa3692e7925872a	tflocus_7fdcce7f97c02f29	25224934	25224934	2	0.5	4	4	4	4	802	4	86	4	0	82	716	0.00498753117207	0.046511627907	1	1
chr2R	25224923	25224959	tfsite_9aca07df67cac9a4	tflocus_7fdcce7f97c02f29	25224934	25224941	3	0	0	1	1	1	797	1	79	1	0	78	718	0.00125470514429	0.0126582278481	0	0
chr2R	25224923	25224976	tfsite_27f73267208655e2	tflocus_7d1278b6d10dd173	25224954	25224950	2	6	6	2	2	2	802	2	57	2	0	55	745	0.00249376558603	0.0350877192982	0	0
chr2R	25224932	25224958	tfsite_b9c7d4f512f5b957	tflocus_7d1278b6d10dd173	25224954	25224945	3	6	6	2	2	2	797	2	88	1	1	87	708	0.00250941028858	0.0113636363636	0	0
chr2R	25224936	25224973	tfsite_846ea60d5083275c	tflocus_7d1278b6d10dd173	25224954	25224954	4	1.5	1	2	2	2	795	2	70	2	0	68	725	0.00251572327044	0.0285714285714	0	0
chr2R	25224938	25225022	tfsite_69671c7c4088b70b	tflocus_200c8f7d8c16a216	25224983	25224980	1	0	0	1	1	1	800	1	24	0	1	24	775	0.00125	0	0	0
chr2R	25224944	25224961	tfsite_d499c046e4701968	tflocus_7d1278b6d10dd173	25224954	25224952	5	0.5	0.5	4	4	4	778	4	93	4	0	89	685	0.00514138817481	0.0430107526882	1	1
chr2R	25224950	25224968	tfsite_d38fd5121f7405e0	tflocus_7d1278b6d10dd173	25224954	25224959	6	2.5	2.5	6	6	6	780	6	83	6	0	77	697	0.00769230769231	0.0722891566265	1	1
chr2R	25224956	25224991	tfsite_ea9c1d2ce6ba46b7	tflocus_6a75f8daf3876004	25224968	25224973	1	2	3.5	2	2	2	802	2	59	2	0	57	743	0.00249376558603	0.0338983050847	0	0
chr2R	25224958	25224977	tfsite_567a83202e2328a1	tflocus_6a75f8daf3876004	25224968	25224968	2	0	0	1	1	1	802	1	84	1	0	83	718	0.00124688279302	0.0119047619048	0	0
chr2R	25224962	25224991	tfsite_c2795a2d2b9bca98	tflocus_200c8f7d8c16a216	25224983	25224977	2	0	0	1	1	1	803	1	71	1	0	70	732	0.00124533001245	0.0140845070423	0	0
chr2R	25224967	25224983	tfsite_596d7636a6b2e7fd	tflocus_6a75f8daf3876004	25224968	25224974	3	0.5	0.5	2	2	2	803	2	87	2	0	85	716	0.00249066002491	0.0229885057471	0	0
chr2R	25224967	25225003	tfsite_e0492637e0736ca1	tflocus_200c8f7d8c16a216	25224983	25224986	3	2	3	3	3	3	804	3	61	3	0	58	743	0.00373134328358	0.0491803278689	1	1
chr2R	25224973	25224994	tfsite_e64477c1108e3ae9	tflocus_200c8f7d8c16a216	25224983	25224982	4	4	4	4	4	4	804	4	70	3	1	67	733	0.00497512437811	0.0428571428571	1	1
chr2R	25224976	25225022	tfsite_d384831e9a41b29e	tflocus_eb3cbd643c7250f4	25225007	25224999	1	1.5	1.5	2	2	2	801	2	38	2	0	36	763	0.00249687890137	0.0526315789474	0	0
chr2R	25224982	25225003	tfsite_5308c8c2e74814d1	tflocus_200c8f7d8c16a216	25224983	25224993	5	0	0	1	1	1	804	1	67	1	0	66	737	0.00124378109453	0.0149253731343	0	0
chr2R	25224984	25225063	tfsite_901689cf4d2ccb96	tflocus_f385f97c7d94b88a	25225022	25225024	1	0	0	1	1	1	802	1	28	0	1	28	773	0.00124688279302	0	0	0
chr2R	25224994	25225002	tfsite_19ce84aaf447b0da	tflocus_eb3cbd643c7250f4	25225007	25224998	2	0	0	1	1	1	803	1	101	1	0	100	702	0.00124533001245	0.00990099009901	0	0
chr2R	25224994	25225073	tfsite_3e64dddf8e55be6d	tflocus_e1d4fbfb4e99152e	25225040	25225033	1	2.5	0.5	2	2	2	802	2	33	0	2	33	767	0.00249376558603	0	0	0
chr2R	25224998	25225018	tfsite_2acab993a8123372	tflocus_eb3cbd643c7250f4	25225007	25225007	3	4.5	3	4	4	4	797	4	77	4	0	73	720	0.00501882057716	0.0519480519481	1	1
chr2R	25225007	25225084	tfsite_de3b5f9592507f51	tflocus_e1d4fbfb4e99152e	25225040	25225046	2	0	0	1	1	1	801	1	40	1	0	39	761	0.00124843945069	0.025	0	0
chr2R	25225009	25225025	tfsite_d06354159fd7e33d	tflocus_f385f97c7d94b88a	25225022	25225020	2	3	5	4	4	4	782	4	75	4	0	71	707	0.00511508951407	0.0533333333333	1	1
chr2R	25225015	25225069	tfsite_026678530445ae21	tflocus_e1d4fbfb4e99152e	25225040	25225042	3	0	0	1	1	1	798	1	46	1	0	45	752	0.00125313283208	0.0217391304348	0	0
chr2R	25225018	25225036	tfsite_45398a22f0248eff	tflocus_f385f97c7d94b88a	25225022	25225027	3	1	1.5	2	2	2	786	2	72	2	0	70	714	0.00254452926209	0.0277777777778	0	0
chr2R	25225027	25225051	tfsite_a4d2159e34b070ba	tflocus_e1d4fbfb4e99152e	25225040	25225039	4	0	0	1	1	1	794	1	62	1	0	61	732	0.00125944584383	0.0161290322581	0	0
chr2R	25225036	25225100	tfsite_8a670b8a92fba523	tflocus_a1bbfc446d48d4ea	25225072	25225068	1	0	0	1	1	1	801	1	53	1	0	52	748	0.00124843945069	0.0188679245283	0	0
chr2R	25225037	25225080	tfsite_5ba722fb1c971ae0	tflocus_fa02124cec8dd4d6	25225057	25225058	1	2.5	0	2	2	2	800	2	57	2	0	55	743	0.0025	0.0350877192982	0	0
chr2R	25225041	25225065	tfsite_f4aa9e35cab14a03	tflocus_fa02124cec8dd4d6	25225057	25225053	2	0	0	1	1	1	794	1	71	1	0	70	723	0.00125944584383	0.0140845070423	0	0
chr2R	25225047	25225120	tfsite_4b708b490bba09dc	tflocus_4bbd925f168c866a	25225084	25225084	1	0	0	1	1	1	802	1	44	1	0	43	758	0.00124688279302	0.0227272727273	0	0
chr2R	25225050	25225121	tfsite_62dcbc5301fe9c0a	tflocus_4bbd925f168c866a	25225084	25225086	2	0	0	1	1	1	797	1	44	1	0	43	753	0.00125470514429	0.0227272727273	0	0
chr2R	25225056	25225089	tfsite_b3881577579819e1	tflocus_a1bbfc446d48d4ea	25225072	25225074	2	3	0	5	5	5	790	5	64	5	0	59	726	0.00632911392405	0.078125	1	1
chr2R	25225065	25225075	tfsite_c0ba42406ea9925c	tflocus_a1bbfc446d48d4ea	25225072	25225071	3	0.5	2.5	6	6	6	798	6	95	6	0	89	703	0.00751879699248	0.0631578947368	1	1
chr2R	25225066	25225095	tfsite_9f50deeea5d689d7	tflocus_4bbd925f168c866a	25225084	25225080	3	5.5	6	2	2	2	800	2	78	2	0	76	722	0.0025	0.025641025641	0	0
chr2R	25225066	25225102	tfsite_d8e1cc9912ce3ab7	tflocus_4bbd925f168c866a	25225084	25225084	4	2	1	2	2	2	795	2	73	2	0	71	722	0.00251572327044	0.027397260274	0	0
chr2R	25225070	25225121	tfsite_140d7675725db508	tflocus_2d627e6048094d25	25225097	25225095	1	0.5	3	2	2	2	792	2	57	2	0	55	735	0.00252525252525	0.0350877192982	0	0
chr2R	25225073	25225128	tfsite_c94d86a043f0fb3f	tflocus_2d627e6048094d25	25225097	25225100	2	1	0.5	2	2	2	798	2	53	2	0	51	745	0.00250626566416	0.0377358490566	0	0
chr2R	25225075	25225152	tfsite_9cd482164a9fea6a	tflocus_516f353e478d733b	25225110	25225113	1	5	4.5	2	2	2	800	2	39	2	0	37	761	0.0025	0.0512820512821	0	0
chr2R	25225085	25225165	tfsite_144f4e372a665bdd	tflocus_581ecbe22e4a139a	25225133	25225125	1	0	0	1	1	1	802	1	36	1	0	35	766	0.00124688279302	0.0277777777778	0	0
chr2R	25225086	25225132	tfsite_d658c7579fbe3c4e	tflocus_516f353e478d733b	25225110	25225109	2	5	3	3	3	3	800	3	62	3	0	59	738	0.00375	0.0483870967742	1	1
chr2R	25225088	25225100	tfsite_fe9b6b4aaf143826	tflocus_2d627e6048094d25	25225097	25225094	3	0	0	1	1	1	771	1	111	1	0	110	660	0.00129701686122	0.00900900900901	0	0
chr2R	25225089	25225107	tfsite_f84d3ab212c4e468	tflocus_2d627e6048094d25	25225097	25225098	4	2.5	1	2	2	2	767	2	104	2	0	102	663	0.0026075619296	0.0192307692308	0	0
chr2R	25225095	25225117	tfsite_9997724a9a82512f	tflocus_516f353e478d733b	25225110	25225106	3	4	0	3	3	3	802	3	81	2	1	79	720	0.00374064837905	0.0246913580247	1	1
chr2R	25225096	25225133	tfsite_3e37933c82cb6841	tflocus_516f353e478d733b	25225110	25225115	4	0	0	1	1	1	798	1	64	1	0	63	734	0.00125313283208	0.015625	0	0
chr2R	25225102	25225171	tfsite_8ee73927ebe4a482	tflocus_581ecbe22e4a139a	25225133	25225137	2	0	0	1	1	1	799	1	42	1	0	41	757	0.00125156445557	0.0238095238095	0	0
chr2R	25225108	25225153	tfsite_5a4433551538e35f	tflocus_581ecbe22e4a139a	25225133	25225131	3	0	0	1	1	1	796	1	56	1	0	55	740	0.00125628140704	0.0178571428571	0	0
chr2R	25225109	25225123	tfsite_517e3839df60e12b	tflocus_516f353e478d733b	25225110	25225116	5	0	0	1	1	1	796	1	106	1	0	105	690	0.00125628140704	0.00943396226415	0	0
chr2R	25225111	25225157	tfsite_f1ca5a097892e94a	tflocus_581ecbe22e4a139a	25225133	25225134	4	0	0	1	1	1	791	1	59	1	0	58	732	0.00126422250316	0.0169491525424	0	0
chr2R	25225117	25225129	tfsite_a126c1267f0dadb9	tflocus_581ecbe22e4a139a	25225133	25225123	5	0	0	1	1	1	795	1	106	1	0	105	689	0.00125786163522	0.00943396226415	0	0
chr2R	25225119	25225202	tfsite_a721b6b7e36f5086	tflocus_9eff9425b53a6035	25225157	25225161	1	0	0	1	1	1	799	1	29	0	1	29	769	0.00125156445557	0	0	0
chr2R	25225121	25225142	tfsite_bb389b52c251d643	tflocus_581ecbe22e4a139a	25225133	25225133	6	5.5	5	3	3	3	797	3	91	2	1	89	705	0.00376411543287	0.021978021978	1	1
chr2R	25225121	25225194	tfsite_6e93b295c787a53b	tflocus_9eff9425b53a6035	25225157	25225158	2	0	0	1	1	1	799	1	35	0	1	35	763	0.00125156445557	0	0	0
chr2R	25225123	25225169	tfsite_2a96d9d785fad196	tflocus_5e58a69377d49dd8	25225146	25225146	1	0	0	1	1	1	798	1	55	1	0	54	743	0.00125313283208	0.0181818181818	0	0
chr2R	25225129	25225152	tfsite_d25c5b40d502600b	tflocus_5e58a69377d49dd8	25225146	25225141	2	0	0	1	1	1	798	1	94	1	0	93	704	0.00125313283208	0.0106382978723	0	0
chr2R	25225130	25225147	tfsite_d4e272faf1ee01f7	tflocus_581ecbe22e4a139a	25225133	25225139	7	0	0	1	1	1	784	1	107	1	0	106	677	0.00127551020408	0.00934579439252	0	0
chr2R	25225132	25225180	tfsite_abf86e8790e5e40d	tflocus_9eff9425b53a6035	25225157	25225156	3	2.5	0	2	2	2	797	2	61	2	0	59	736	0.00250941028858	0.0327868852459	0	0
chr2R	25225135	25225208	tfsite_9aa63d78aa277f3c	tflocus_413f524d4acc0a2f	25225172	25225171	1	4	5	2	2	2	799	2	31	1	1	30	767	0.00250312891114	0.0322580645161	0	0
chr2R	25225138	25225220	tfsite_558939998e8057c2	tflocus_413f524d4acc0a2f	25225172	25225179	2	0	0	1	1	1	798	1	27	0	1	27	770	0.00125313283208	0	0	0
chr2R	25225140	25225183	tfsite_7d9310fbcea53dea	tflocus_9eff9425b53a6035	25225157	25225162	4	0	0	1	1	1	792	1	64	1	0	63	728	0.00126262626263	0.015625	0	0
chr2R	25225147	25225170	tfsite_ff33b2992f651687	tflocus_9eff9425b53a6035	25225157	25225159	5	0	0	1	1	1	789	1	82	1	0	81	707	0.00126742712294	0.0121951219512	0	0
chr2R	25225148	25225159	tfsite_cc353d973e897a31	tflocus_9eff9425b53a6035	25225157	25225154	6	0	0	2	2	2	785	2	107	2	0	105	678	0.00254777070064	0.018691588785	0	0
chr2R	25225150	25225230	tfsite_09bacc21b1fcf972	tflocus_7062bfa7d6e05965	25225192	25225190	1	1	3	2	2	2	798	2	27	0	2	27	769	0.00250626566416	0	0	0
chr2R	25225152	25225233	tfsite_28fe459c3a231893	tflocus_7062bfa7d6e05965	25225192	25225193	2	0	0	1	1	1	793	1	24	1	0	23	769	0.00126103404792	0.0416666666667	0	0
chr2R	25225154	25225211	tfsite_b8eb02fd7e581dd6	tflocus_7062bfa7d6e05965	25225192	25225183	3	0	0	1	1	1	792	1	38	1	0	37	754	0.00126262626263	0.0263157894737	0	0
chr2R	25225165	25225185	tfsite_c830a8f14fb61ec2	tflocus_413f524d4acc0a2f	25225172	25225174	3	0.5	3.5	2	2	2	803	2	99	2	0	97	704	0.00249066002491	0.020202020202	0	0
chr2R	25225166	25225174	tfsite_ff9377fe6c331b3f	tflocus_413f524d4acc0a2f	25225172	25225170	4	0	0	1	1	1	803	1	111	1	0	110	692	0.00124533001245	0.00900900900901	0	0
chr2R	25225168	25225248	tfsite_5be2cdc368c18924	tflocus_5d327f4f7c1fa1e3	25225207	25225208	1	0	0	1	1	1	801	1	24	0	1	24	776	0.00124843945069	0	0	0
chr2R	25225169	25225213	tfsite_7d1574c47fca1918	tflocus_7062bfa7d6e05965	25225192	25225191	4	0	0	2	1	1	798	2	46	2	0	44	752	0.00250626566416	0.0434782608696	0	0
chr2R	25225171	25225194	tfsite_6c06b5a5a2f77fb3	tflocus_7062bfa7d6e05965	25225192	25225183	5	0	0	1	1	1	799	1	71	1	0	70	728	0.00125156445557	0.0140845070423	0	0
chr2R	25225183	25225210	tfsite_579c8aa716c53ddc	tflocus_7062bfa7d6e05965	25225192	25225197	6	3	1	2	2	2	798	2	58	2	0	56	740	0.00250626566416	0.0344827586207	0	0
chr2R	25225184	25225219	tfsite_9be1cc106e75f1fe	tflocus_5d327f4f7c1fa1e3	25225207	25225202	2	0	0	1	1	1	796	1	41	1	0	40	755	0.00125628140704	0.0243902439024	0	0
chr2R	25225185	25225199	tfsite_32f015be69450592	tflocus_7062bfa7d6e05965	25225192	25225192	7	0	0	1	1	1	792	1	75	1	0	74	717	0.00126262626263	0.0133333333333	0	0
chr2R	25225189	25225233	tfsite_19ffbec94f51a88b	tflocus_5d327f4f7c1fa1e3	25225207	25225210	3	2	0	3	3	3	797	3	35	3	0	32	762	0.00376411543287	0.0857142857143	1	1
chr2R	25225193	25225233	tfsite_9450bc830b0d0fd9	tflocus_3fc2370c78c63760	25225218	25225213	1	0	0	1	1	1	798	1	37	1	0	36	761	0.00125313283208	0.027027027027	0	0
chr2R	25225195	25225236	tfsite_08e611e76c68b7fd	tflocus_3fc2370c78c63760	25225218	25225216	2	0	0	1	1	1	799	1	38	1	0	37	761	0.00125156445557	0.0263157894737	0	0
chr2R	25225196	25225265	tfsite_f1e0417711cd0927	tflocus_65fa17a3e1db5e8c	25225230	25225230	1	5	4.5	3	2	2	794	2	24	1	1	23	769	0.00251889168766	0.0416666666667	0	0
chr2R	25225201	25225211	tfsite_c16e79ebc362c507	tflocus_5d327f4f7c1fa1e3	25225207	25225205	4	0	2	7	7	7	800	7	71	7	0	64	729	0.00875	0.0985915492958	1	1
chr2R	25225203	25225260	tfsite_466204525f55c333	tflocus_65fa17a3e1db5e8c	25225230	25225232	2	0	0	1	1	1	793	1	30	1	0	29	763	0.00126103404792	0.0333333333333	0	0
chr2R	25225207	25225278	tfsite_8a0738875796eb1e	tflocus_12ca5e6b03b69729	25225245	25225243	1	0	0	2	2	2	798	2	22	2	0	20	776	0.00250626566416	0.0909090909091	0	0
chr2R	25225208	25225222	tfsite_45944540334ef555	tflocus_3fc2370c78c63760	25225218	25225215	3	0	0	1	1	1	796	1	60	1	0	59	736	0.00125628140704	0.0166666666667	0	0
chr2R	25225209	25225290	tfsite_649f00f4daa562a9	tflocus_12ca5e6b03b69729	25225245	25225250	2	0	0	1	1	1	803	1	21	1	0	20	782	0.00124533001245	0.047619047619	0	0
chr2R	25225213	25225226	tfsite_82aa18703dd7a04d	tflocus_3fc2370c78c63760	25225218	25225218	4	4	3	4	4	4	797	4	65	4	0	61	732	0.00501882057716	0.0615384615385	1	1
chr2R	25225214	25225240	tfsite_048d9d63153694f4	tflocus_65fa17a3e1db5e8c	25225230	25225227	3	3.5	5.5	2	2	2	796	2	51	1	1	50	744	0.00251256281407	0.0196078431373	0	0
chr2R	25225219	25225293	tfsite_10251f199493f759	tflocus_35d73f6414c2c5e2	25225256	25225256	1	0	0	1	1	1	800	1	22	1	0	21	778	0.00125	0.0454545454545	0	0
chr2R	25225220	25225243	tfsite_7873ac4ec02b1acc	tflocus_65fa17a3e1db5e8c	25225230	25225231	4	1	1.5	2	2	2	776	2	49	2	0	47	727	0.00257731958763	0.0408163265306	0	0
chr2R	25225223	25225236	tfsite_dbedff7b33eebf31	tflocus_65fa17a3e1db5e8c	25225230	25225229	5	0.5	0	2	2	2	796	2	59	2	0	57	737	0.00251256281407	0.0338983050847	0	0
chr2R	25225225	25225239	tfsite_90faad8e16ec1aaa	tflocus_65fa17a3e1db5e8c	25225230	25225232	6	0	0	1	1	1	794	1	58	1	0	57	736	0.00125944584383	0.0172413793103	0	0
chr2R	25225228	25225300	tfsite_a789b2e93c5f4601	tflocus_f1a129665fef234e	25225268	25225264	1	0	0	1	1	1	796	1	26	1	0	25	770	0.00125628140704	0.0384615384615	0	0
chr2R	25225231	25225247	tfsite_8c23eacb6d3eb89e	tflocus_12ca5e6b03b69729	25225245	25225239	3	0	0	2	1	1	780	1	58	1	0	57	722	0.00128205128205	0.0172413793103	0	0
chr2R	25225235	25225270	tfsite_80bd38b2f59a3a6d	tflocus_35d73f6414c2c5e2	25225256	25225253	2	0	0	1	1	1	796	1	51	1	0	50	745	0.00125628140704	0.0196078431373	0	0
chr2R	25225239	25225254	tfsite_0d43ea698f114592	tflocus_12ca5e6b03b69729	25225245	25225246	4	1.5	0	2	2	2	779	2	70	2	0	68	709	0.00256739409499	0.0285714285714	0	0
chr2R	25225243	25225275	tfsite_5bece73d06e3ea23	tflocus_35d73f6414c2c5e2	25225256	25225259	3	1	3	2	2	2	796	2	53	2	0	51	743	0.00251256281407	0.0377358490566	0	0
chr2R	25225246	25225290	tfsite_12457c47fd30a285	tflocus_f1a129665fef234e	25225268	25225268	2	0	0	1	1	1	801	1	40	1	0	39	761	0.00124843945069	0.025	0	0
chr2R	25225247	25225325	tfsite_badce2e92df0304d	tflocus_7d86b0b8cafc19a9	25225284	25225286	1	0	0	1	1	1	798	1	25	1	0	24	773	0.00125313283208	0.04	0	0
chr2R	25225272	25225343	tfsite_6f747e2dde6f9045	tflocus_547ad83c8ba18f7c	25225308	25225308	1	0	0	1	1	1	799	1	30	0	1	30	768	0.00125156445557	0	0	0
chr2R	25225273	25225288	tfsite_07b4996b532a8f80	tflocus_7d86b0b8cafc19a9	25225284	25225281	2	0	0	1	1	1	800	1	75	1	0	74	725	0.00125	0.0133333333333	0	0
chr2R	25225274	25225318	tfsite_b9f704cf93a9d9c4	tflocus_2e90a56646e98bd2	25225296	25225296	1	0	0	1	1	1	801	1	37	1	0	36	764	0.00124843945069	0.027027027027	0	0
chr2R	25225287	25225338	tfsite_b85ac03642c42da1	tflocus_547ad83c8ba18f7c	25225308	25225313	2	0	0	1	1	1	799	1	38	1	0	37	761	0.00125156445557	0.0263157894737	0	0
chr2R	25225294	25225371	tfsite_75d879c4be222793	tflocus_44c143aad583d3af	25225338	25225333	1	0	0	1	1	1	796	1	29	1	0	28	767	0.00125628140704	0.0344827586207	0	0
chr2R	25225295	25225322	tfsite_50fd8fa4ff349263	tflocus_547ad83c8ba18f7c	25225308	25225309	3	0	0	1	1	1	800	1	47	1	0	46	753	0.00125	0.0212765957447	0	0
chr2R	25225295	25225378	tfsite_8edb3d0f3e8ecc4e	tflocus_44c143aad583d3af	25225338	25225337	2	0	0	1	1	1	797	1	27	1	0	26	770	0.00125470514429	0.037037037037	0	0
chr2R	25225306	25225371	tfsite_573f6e97b2ce34eb	tflocus_44c143aad583d3af	25225338	25225339	3	0	0	1	1	1	797	1	35	1	0	34	762	0.00125470514429	0.0285714285714	0	0
chr2R	25225310	25225332	tfsite_9c2f563aab8a7e08	tflocus_1d91e0ae5159fedc	25225319	25225323	1	4	2	5	5	5	800	5	61	4	1	57	738	0.00625	0.0655737704918	1	1
chr2R	25225312	25225322	tfsite_86fc638a2667e40a	tflocus_1d91e0ae5159fedc	25225319	25225317	2	4.5	4.5	4	4	4	799	4	67	4	0	63	732	0.00500625782228	0.0597014925373	1	1
chr2R	25225313	25225347	tfsite_e568806b648a41f1	tflocus_44c143aad583d3af	25225338	25225330	4	5	3.5	2	2	2	800	2	52	2	0	50	748	0.0025	0.0384615384615	0	0
chr2R	25225314	25225357	tfsite_4cd7a517d362660a	tflocus_44c143aad583d3af	25225338	25225336	5	0	0	1	1	1	801	1	47	1	0	46	754	0.00124843945069	0.0212765957447	0	0
chr2R	25225314	25225392	tfsite_cb18d4e9b9e6e209	tflocus_53dcffc525d0970f	25225349	25225353	1	0	0	1	1	1	795	1	31	1	0	30	764	0.00125786163522	0.0322580645161	0	0
chr2R	25225324	25225350	tfsite_725830411fdd895a	tflocus_44c143aad583d3af	25225338	25225337	6	1	0.5	2	2	2	800	2	59	2	0	57	741	0.0025	0.0338983050847	0	0
chr2R	25225325	25225373	tfsite_942de06a530ed038	tflocus_53dcffc525d0970f	25225349	25225349	2	0	0	1	1	1	793	1	42	1	0	41	751	0.00126103404792	0.0238095238095	0	0
chr2R	25225331	25225397	tfsite_7c2c35eb135468d7	tflocus_5ac7b3567ef8a3cb	25225363	25225364	1	2	0	4	4	4	796	4	33	4	0	29	763	0.00502512562814	0.121212121212	1	1
chr2R	25225332	25225348	tfsite_d091a656be532f16	tflocus_44c143aad583d3af	25225338	25225340	7	2.5	5	2	2	2	793	2	72	2	0	70	721	0.00252206809584	0.0277777777778	0	0
chr2R	25225332	25225357	tfsite_b20f4dda5a9148b3	tflocus_53dcffc525d0970f	25225349	25225347	3	3.5	3.5	3	3	3	802	3	61	3	0	58	741	0.00374064837905	0.0491803278689	1	1
chr2R	25225340	25225380	tfsite_ffb1d0922ebd60b9	tflocus_5ac7b3567ef8a3cb	25225363	25225359	2	6	2	4	3	3	792	4	53	4	0	49	739	0.00505050505051	0.0754716981132	1	1
chr2R	25225342	25225363	tfsite_c45c05e26089b658	tflocus_53dcffc525d0970f	25225349	25225353	4	0	0	1	1	1	799	1	69	1	0	68	730	0.00125156445557	0.0144927536232	0	0
chr2R	25225347	25225386	tfsite_eca36f764eaf8b44	tflocus_5ac7b3567ef8a3cb	25225363	25225367	3	0	0	1	1	1	787	1	51	1	0	50	736	0.0012706480305	0.0196078431373	0	0
chr2R	25225375	25225407	tfsite_3ba1cd83a377f6e6	tflocus_8533a46a90d16472	25225384	25225391	1	0	0	1	1	1	794	1	71	1	0	70	723	0.00125944584383	0.0140845070423	0	0
chr2R	25225376	25225391	tfsite_4dd5c7169bbc34b4	tflocus_8533a46a90d16472	25225384	25225384	2	0	0	1	1	1	790	1	107	1	0	106	683	0.00126582278481	0.00934579439252	0	0
chr2R	25225387	25225406	tfsite_0478701d7b512525	tflocus_296d9537eeda88ab	25225399	25225397	1	0	0	1	1	1	770	1	84	1	0	83	686	0.0012987012987	0.0119047619048	0	0
chr2R	25225387	25225418	tfsite_bb00f42fa8996b72	tflocus_296d9537eeda88ab	25225399	25225402	2	5.5	1	2	2	2	790	2	67	2	0	65	723	0.00253164556962	0.0298507462687	0	0
chr2R	25225390	25225435	tfsite_c4ae654af3ce8e8e	tflocus_673dfbaf60071af4	25225415	25225413	1	0	0	1	1	1	797	1	47	1	0	46	750	0.00125470514429	0.0212765957447	0	0
chr2R	25225404	25225420	tfsite_7744a674fb73eec8	tflocus_673dfbaf60071af4	25225415	25225412	2	0	0	2	1	1	778	1	74	1	0	73	704	0.0012853470437	0.0135135135135	0	0
chr2R	25225410	25225427	tfsite_f36f5970b6f53eb1	tflocus_673dfbaf60071af4	25225415	25225419	3	1	1	3	3	3	794	3	76	3	0	73	718	0.00377833753149	0.0394736842105	1	1
chr2R	25225412	25225419	tfsite_cc25e79a2659b812	tflocus_673dfbaf60071af4	25225415	25225415	4	0.5	0	8	8	8	800	8	90	8	0	82	710	0.01	0.0888888888889	1	1
chr2R	25225414	25225500	tfsite_3fd076a199c4b14e	tflocus_f858b5c8db0ba904	25225456	25225457	1	0	0	1	1	1	802	1	25	0	1	25	776	0.00124688279302	0	0	0
chr2R	25225415	25225443	tfsite_b6eec991cf2c58eb	tflocus_c6cb93766a26458f	25225429	25225429	1	0	0	1	1	1	800	1	57	1	0	56	743	0.00125	0.0175438596491	0	0
chr2R	25225421	25225470	tfsite_eb65997223b4dc24	tflocus_8e6359e86526972a	25225445	25225445	1	2.5	1	3	3	3	801	3	46	3	0	43	755	0.00374531835206	0.0652173913043	1	1
chr2R	25225427	25225451	tfsite_0a6ab48ac6932045	tflocus_8e6359e86526972a	25225445	25225439	2	6	3.5	2	2	2	800	2	61	2	0	59	739	0.0025	0.0327868852459	0	0
chr2R	25225434	25225462	tfsite_b384edd700476459	tflocus_8e6359e86526972a	25225445	25225448	3	0	0	1	1	1	802	1	57	1	0	56	745	0.00124688279302	0.0175438596491	0	0
chr2R	25225434	25225477	tfsite_7b68793f19002dd1	tflocus_f858b5c8db0ba904	25225456	25225456	2	0	0	1	1	1	802	1	41	1	0	40	761	0.00124688279302	0.0243902439024	0	0
chr2R	25225441	25225475	tfsite_b31b785ad7ae2cf2	tflocus_f858b5c8db0ba904	25225456	25225458	3	0	0	1	1	1	800	1	50	1	0	49	750	0.00125	0.02	0	0
chr2R	25225450	25225484	tfsite_03826bde8fc87c36	tflocus_8506e3d22f21f3e7	25225468	25225468	1	1.5	2	5	5	5	802	5	46	5	0	41	756	0.00623441396509	0.108695652174	1	1
chr2R	25225450	25225509	tfsite_a428e6e9a2288201	tflocus_3826fc83f2508c31	25225485	25225480	1	0	0	1	1	1	800	1	35	1	0	34	765	0.00125	0.0285714285714	0	0
chr2R	25225451	25225514	tfsite_87501f1b67f93a89	tflocus_3826fc83f2508c31	25225485	25225483	2	0	0	1	1	1	793	1	34	1	0	33	759	0.00126103404792	0.0294117647059	0	0
chr2R	25225455	25225518	tfsite_bed1282025d27bbf	tflocus_3826fc83f2508c31	25225485	25225487	3	0	0	1	1	1	796	1	32	1	0	31	764	0.00125628140704	0.03125	0	0
chr2R	25225465	25225497	tfsite_c20bd8f2a4f3a0f1	tflocus_3826fc83f2508c31	25225485	25225481	4	1	2	2	2	2	802	2	47	2	0	45	755	0.00249376558603	0.0425531914894	0	0
chr2R	25225466	25225487	tfsite_2171f4bc49ab86f8	tflocus_3826fc83f2508c31	25225485	25225477	5	0	0	1	1	1	802	1	55	1	0	54	747	0.00124688279302	0.0181818181818	0	0
chr2R	25225471	25225499	tfsite_74455a79012c709a	tflocus_3826fc83f2508c31	25225485	25225485	6	1	1	4	4	4	802	4	52	4	0	48	750	0.00498753117207	0.0769230769231	1	1
chr2R	25225472	25225509	tfsite_2343d08a14ad0720	tflocus_3826fc83f2508c31	25225485	25225490	7	0	0	3	3	3	800	3	48	3	0	45	752	0.00375	0.0625	1	1
chr2R	25225483	25225506	tfsite_fbf57a9e15e39f8c	tflocus_3826fc83f2508c31	25225485	25225493	8	2	5	3	3	3	805	3	55	3	0	52	750	0.00372670807453	0.0545454545455	1	1
chr2R	25225486	25225537	tfsite_05d82b37925fb92f	tflocus_ced42cdc1a7d19fa	25225516	25225512	1	0	0	1	1	1	794	1	37	1	0	36	757	0.00125944584383	0.027027027027	0	0
chr2R	25225490	25225521	tfsite_7d74698e7241eff5	tflocus_240cde36d775e826	25225505	25225506	1	3.5	1.5	3	3	3	791	3	50	3	0	47	741	0.00379266750948	0.06	1	1
chr2R	25225498	25225507	tfsite_f15df7b27bec1dc6	tflocus_240cde36d775e826	25225505	25225503	2	0	0	1	1	1	797	1	70	1	0	69	727	0.00125470514429	0.0142857142857	0	0
chr2R	25225501	25225552	tfsite_a47fa84789980b0f	tflocus_8d735a9f30f22fdc	25225527	25225527	1	0	0	1	1	1	788	1	37	1	0	36	751	0.00126903553299	0.027027027027	0	0
chr2R	25225502	25225571	tfsite_9bf220daaf4f23dd	tflocus_f27456029e3ce898	25225545	25225537	1	0	0	1	1	1	786	1	29	1	0	28	757	0.00127226463104	0.0344827586207	0	0
chr2R	25225511	25225585	tfsite_9527fe0b2dd615f9	tflocus_f27456029e3ce898	25225545	25225548	2	0	0	1	1	1	788	1	35	1	0	34	753	0.00126903553299	0.0285714285714	0	0
chr2R	25225513	25225558	tfsite_35c70e1b51025c29	tflocus_8d735a9f30f22fdc	25225527	25225536	2	0	0	1	1	1	787	1	57	1	0	56	730	0.0012706480305	0.0175438596491	0	0
chr2R	25225514	25225523	tfsite_4f8f8b273eff11a7	tflocus_ced42cdc1a7d19fa	25225516	25225520	2	3.5	5.5	5	5	5	792	5	113	5	0	108	679	0.00631313131313	0.0442477876106	1	1
chr2R	25225520	25225532	tfsite_632ff0568ad70927	tflocus_8d735a9f30f22fdc	25225527	25225526	3	2	0	3	3	3	794	3	106	3	0	103	688	0.00377833753149	0.0283018867925	1	1
chr2R	25225523	25225538	tfsite_754385ef8fdecfe2	tflocus_8d735a9f30f22fdc	25225527	25225531	4	2.5	3	4	4	4	792	4	96	4	0	92	696	0.00505050505051	0.0416666666667	1	1
chr2R	25225524	25225607	tfsite_28387b91ca89d03d	tflocus_e4e7a931ff1bc47f	25225559	25225566	1	0	0	1	1	1	797	1	38	1	0	37	759	0.00125470514429	0.0263157894737	0	0
chr2R	25225531	25225552	tfsite_9e4653615a4353e7	tflocus_f27456029e3ce898	25225545	25225542	3	4	5	6	6	6	795	6	93	5	1	88	701	0.00754716981132	0.0537634408602	1	1
chr2R	25225534	25225566	tfsite_ff50ec68a0cfb19b	tflocus_f27456029e3ce898	25225545	25225550	4	0	2	2	2	2	788	2	72	2	0	70	716	0.00253807106599	0.0277777777778	0	0
chr2R	25225538	25225556	tfsite_68bd354a0c4df0ad	tflocus_f27456029e3ce898	25225545	25225547	5	4.5	2	2	2	2	790	2	84	2	0	82	706	0.00253164556962	0.0238095238095	0	0
chr2R	25225543	25225593	tfsite_8a6d31132c37ca97	tflocus_e4e7a931ff1bc47f	25225559	25225568	2	0	0	1	1	1	795	1	55	1	0	54	740	0.00125786163522	0.0181818181818	0	0
chr2R	25225546	25225603	tfsite_9517ee7af718a71b	tflocus_a310cc4438fc4ea9	25225579	25225575	1	0	0	1	1	1	789	1	54	1	0	53	735	0.00126742712294	0.0185185185185	0	0
chr2R	25225550	25225607	tfsite_b1eb63e488d0231f	tflocus_a310cc4438fc4ea9	25225579	25225579	2	0	0	1	1	1	790	1	54	1	0	53	736	0.00126582278481	0.0185185185185	0	0
chr2R	25225552	25225574	tfsite_3c21b29ee4a3da35	tflocus_e4e7a931ff1bc47f	25225559	25225564	3	3.5	4	4	4	4	792	4	76	4	0	72	716	0.00505050505051	0.0526315789474	1	1
chr2R	25225553	25225565	tfsite_5240db838c76da6d	tflocus_e4e7a931ff1bc47f	25225559	25225559	4	0	0	1	1	1	795	1	91	1	0	90	704	0.00125786163522	0.010989010989	0	0
chr2R	25225557	25225588	tfsite_ff89a5cb39e0a7f4	tflocus_a310cc4438fc4ea9	25225579	25225572	3	1	2	2	2	2	790	2	74	2	0	72	716	0.00253164556962	0.027027027027	0	0
chr2R	25225563	25225590	tfsite_434115be3115b555	tflocus_a310cc4438fc4ea9	25225579	25225577	4	2	2	3	3	3	793	3	85	3	0	82	708	0.00378310214376	0.0352941176471	1	1
chr2R	25225564	25225627	tfsite_e8c4a4dbd466aee8	tflocus_3d84af153abd64a1	25225594	25225595	1	5	2.5	2	2	2	793	2	51	2	0	49	742	0.00252206809584	0.0392156862745	0	0
chr2R	25225564	25225645	tfsite_8c35736dacaf8c98	tflocus_9f223147bb723030	25225605	25225605	1	0	0	1	1	1	780	1	44	0	1	44	735	0.00128205128205	0	0	0
chr2R	25225567	25225593	tfsite_c78beafd1075840b	tflocus_a310cc4438fc4ea9	25225579	25225580	5	1	2	6	6	6	791	6	87	6	0	81	704	0.00758533501896	0.0689655172414	1	1
chr2R	25225575	25225596	tfsite_c8b65fb08db4eaa4	tflocus_a310cc4438fc4ea9	25225579	25225585	6	2.5	3.5	3	3	3	797	3	93	3	0	90	704	0.00376411543287	0.0322580645161	1	1
chr2R	25225576	25225598	tfsite_872adefa0d945e90	tflocus_3d84af153abd64a1	25225594	25225587	2	0	0	3	3	3	796	3	90	3	0	87	706	0.00376884422111	0.0333333333333	1	1
chr2R	25225582	25225604	tfsite_6faf84cec4d8167e	tflocus_3d84af153abd64a1	25225594	25225593	3	0.5	1.5	3	3	3	794	3	85	3	0	82	709	0.00377833753149	0.0352941176471	1	1
chr2R	25225582	25225650	tfsite_8057a3713c42f12c	tflocus_b901a4a3168ceb69	25225616	25225616	1	0	0	1	1	1	780	1	50	1	0	49	730	0.00128205128205	0.02	0	0
chr2R	25225586	25225608	tfsite_62aecb94b61a6ef1	tflocus_3d84af153abd64a1	25225594	25225597	4	0	0	1	1	1	797	1	89	1	0	88	708	0.00125470514429	0.0112359550562	0	0
chr2R	25225592	25225614	tfsite_eea0bb4f69431366	tflocus_9f223147bb723030	25225605	25225603	2	0	0	1	1	1	795	1	82	1	0	81	713	0.00125786163522	0.0121951219512	0	0
chr2R	25225593	25225637	tfsite_3f2f52ef2c5940cc	tflocus_b901a4a3168ceb69	25225616	25225615	2	0	0	1	1	1	776	1	55	1	0	54	721	0.00128865979381	0.0181818181818	0	0
chr2R	25225599	25225653	tfsite_5c6a09ee00829623	tflocus_e7ffd380457dae87	25225628	25225626	1	0.5	1.5	2	2	2	778	2	54	2	0	52	724	0.0025706940874	0.037037037037	0	0
chr2R	25225603	25225622	tfsite_1c8352ac49cb2821	tflocus_b901a4a3168ceb69	25225616	25225612	3	1.5	1.5	2	2	2	796	2	91	2	0	89	705	0.00251256281407	0.021978021978	0	0
chr2R	25225608	25225630	tfsite_a024f76d78287273	tflocus_b901a4a3168ceb69	25225616	25225619	4	1	1	3	3	3	794	3	90	3	0	87	704	0.00377833753149	0.0333333333333	1	1
chr2R	25225612	25225653	tfsite_c7ec857b22024590	tflocus_e7ffd380457dae87	25225628	25225633	2	0	0	1	1	1	782	1	64	1	0	63	718	0.00127877237852	0.015625	0	0
chr2R	25225616	25225681	tfsite_65c3ca774bc78a84	tflocus_8236840d9d30f798	25225647	25225649	1	0	0	1	1	1	783	1	57	1	0	56	726	0.00127713920817	0.0175438596491	0	0
chr2R	25225619	25225672	tfsite_34963f1390f55723	tflocus_8236840d9d30f798	25225647	25225646	2	0	0	1	1	1	782	1	61	1	0	60	721	0.00127877237852	0.016393442623	0	0
chr2R	25225620	25225638	tfsite_374bd01ba4498987	tflocus_e7ffd380457dae87	25225628	25225628	3	3	1	6	6	6	751	5	85	5	0	80	666	0.00665778961385	0.0588235294118	1	1
chr2R	25225621	25225784	tfsite_615bc6a75db8ccee	tflocus_5e5b221c2e569587	25225707	25225703	1	0	0	1	1	1	790	1	33	0	1	33	756	0.00126582278481	0	0	0
chr2R	25225627	25225656	tfsite_2c14420ffeeb7a83	tflocus_8236840d9d30f798	25225647	25225641	3	3.5	0.5	3	2	2	770	2	77	2	0	75	693	0.0025974025974	0.025974025974	0	0
chr2R	25225630	25225687	tfsite_076e0ea20a394e8a	tflocus_a60f307df5bc930b	25225659	25225659	1	0	0	1	1	1	781	1	63	1	0	62	718	0.00128040973111	0.015873015873	0	0
chr2R	25225641	25225655	tfsite_c61522e9f932a6f2	tflocus_8236840d9d30f798	25225647	25225648	4	0	0	1	1	1	788	1	98	1	0	97	690	0.00126903553299	0.0102040816327	0	0
chr2R	25225644	25225702	tfsite_800a12d13038b892	tflocus_87dc6ee34a0f25ff	25225676	25225673	1	0	0	1	1	1	787	1	67	1	0	66	720	0.0012706480305	0.0149253731343	0	0
chr2R	25225650	25225681	tfsite_eb98603559f75c20	tflocus_a60f307df5bc930b	25225659	25225665	2	2	0.5	2	2	2	799	2	100	2	0	98	699	0.00250312891114	0.02	0	0
chr2R	25225658	25225730	tfsite_397e24a89bfd6e3e	tflocus_e2a15e6fea276455	25225696	25225694	1	0	0	1	1	1	794	1	83	1	0	82	711	0.00125944584383	0.0120481927711	0	0
chr2R	25225658	25225741	tfsite_e673bc91e3c836e3	tflocus_e2a15e6fea276455	25225696	25225700	2	0	0	1	1	1	795	1	78	1	0	77	717	0.00125786163522	0.0128205128205	0	0
chr2R	25225659	25225692	tfsite_531239d33e27e867	tflocus_87dc6ee34a0f25ff	25225676	25225676	2	0	0	1	1	1	797	1	97	1	0	96	700	0.00125470514429	0.0103092783505	0	0
chr2R	25225665	25225675	tfsite_d01bd9f8ef2c5da1	tflocus_87dc6ee34a0f25ff	25225676	25225670	3	0	0	1	1	1	801	1	123	1	0	122	678	0.00124843945069	0.00813008130081	0	0
chr2R	25225668	25225724	tfsite_a2f436bc80a0deb3	tflocus_e2a15e6fea276455	25225696	25225696	3	0	0	1	1	1	793	1	97	1	0	96	696	0.00126103404792	0.0103092783505	0	0
chr2R	25225669	25225735	tfsite_b1e22143b55ab620	tflocus_5e5b221c2e569587	25225707	25225702	2	0	0	1	1	1	793	1	93	1	0	92	700	0.00126103404792	0.010752688172	0	0
chr2R	25225671	25225685	tfsite_10691cc9b01cc364	tflocus_87dc6ee34a0f25ff	25225676	25225678	4	3	0	2	2	2	802	2	126	2	0	124	676	0.00249376558603	0.015873015873	0	0
chr2R	25225671	25225708	tfsite_3cc395c00e213af5	tflocus_e2a15e6fea276455	25225696	25225690	4	0	0	1	1	1	792	1	101	1	0	100	691	0.00126262626263	0.00990099009901	0	0
chr2R	25225682	25225705	tfsite_556cf5f5ae7c3710	tflocus_e2a15e6fea276455	25225696	25225694	5	2.5	2	5	4	4	790	5	124	5	0	119	666	0.00632911392405	0.0403225806452	1	1
chr2R	25225683	25225707	tfsite_62ab5ad29a6b5cd4	tflocus_e2a15e6fea276455	25225696	25225695	6	0	0	1	1	1	792	1	131	1	0	130	661	0.00126262626263	0.00763358778626	0	0
chr2R	25225687	25225718	tfsite_ae37ad597a21f7f9	tflocus_5e5b221c2e569587	25225707	25225703	3	1.5	3	3	3	3	789	3	133	3	0	130	656	0.00380228136882	0.0225563909774	1	1
chr2R	25225689	25225703	tfsite_ee78d651bb56debd	tflocus_e2a15e6fea276455	25225696	25225696	7	1.5	2	16	16	16	778	16	146	16	0	130	632	0.0205655526992	0.109589041096	1	1
chr2R	25225689	25225731	tfsite_757f2028e6342a67	tflocus_5e5b221c2e569587	25225707	25225710	4	0	0	1	1	1	790	1	128	1	0	127	662	0.00126582278481	0.0078125	0	0
chr2R	25225693	25225718	tfsite_77b3776a8ccd6065	tflocus_5e5b221c2e569587	25225707	25225707	5	0	1	9	9	9	790	9	141	9	0	132	649	0.0113924050633	0.063829787234	1	1
chr2R	25225695	25225741	tfsite_848fb536de689c82	tflocus_d382a3659e9dcdb5	25225725	25225718	1	1	3.5	2	2	2	787	2	126	2	0	124	661	0.00254129606099	0.015873015873	0	0
chr2R	25225697	25225707	tfsite_4abd3885a16f5d81	tflocus_5e5b221c2e569587	25225707	25225702	6	0	0	1	1	1	778	1	150	1	0	149	628	0.0012853470437	0.00666666666667	0	0
chr2R	25225701	25225720	tfsite_ec7f1c2fd4393c2a	tflocus_5e5b221c2e569587	25225707	25225712	7	5.5	1	9	9	9	773	9	141	9	0	132	632	0.0116429495472	0.063829787234	1	1
chr2R	25225702	25225747	tfsite_3ce69439d381cd5b	tflocus_d382a3659e9dcdb5	25225725	25225725	2	2	2	2	2	2	790	2	127	2	0	125	663	0.00253164556962	0.0157480314961	0	0
chr2R	25225703	25225750	tfsite_f9a2cbedca253910	tflocus_d382a3659e9dcdb5	25225725	25225727	3	0	0	1	1	1	777	1	120	1	0	119	657	0.001287001287	0.00833333333333	0	0
chr2R	25225708	25225764	tfsite_727904477ab3e297	tflocus_5c4e175b04940cab	25225736	25225736	1	0	0	1	1	1	781	1	119	1	0	118	662	0.00128040973111	0.00840336134454	0	0
chr2R	25225712	25225731	tfsite_184a58a2126206e0	tflocus_d382a3659e9dcdb5	25225725	25225723	4	4.5	2.5	3	3	3	784	3	164	3	0	161	620	0.00382653061224	0.0182926829268	1	1
chr2R	25225712	25225770	tfsite_1aad80a3a67e65a8	tflocus_5c4e175b04940cab	25225736	25225741	2	0	0	1	1	1	768	1	121	1	0	120	647	0.00130208333333	0.00826446280992	0	0
chr2R	25225713	25225753	tfsite_0cc42aa91c5366e0	tflocus_5c4e175b04940cab	25225736	25225733	3	0	0	1	1	1	783	1	137	1	0	136	646	0.00127713920817	0.00729927007299	0	0
chr2R	25225718	25225733	tfsite_55ae702667d933fd	tflocus_d382a3659e9dcdb5	25225725	25225726	5	0	0	2	1	1	789	2	172	1	1	171	616	0.00253485424588	0.00581395348837	0	0
chr2R	25225720	25225736	tfsite_b19860e2179d009d	tflocus_d382a3659e9dcdb5	25225725	25225728	6	0	0	1	1	1	790	1	172	1	0	171	618	0.00126582278481	0.00581395348837	0	0
chr2R	25225723	25225756	tfsite_e267fe61529a921f	tflocus_5c4e175b04940cab	25225736	25225740	4	0	0	1	1	1	780	1	153	1	0	152	627	0.00128205128205	0.00653594771242	0	0
chr2R	25225729	25225743	tfsite_1ee902e3168b5519	tflocus_5c4e175b04940cab	25225736	25225736	5	3	2.5	2	2	2	788	2	176	2	0	174	612	0.00253807106599	0.0113636363636	0	0
chr2R	25225736	25225744	tfsite_438d1e50ba6c0165	tflocus_5c4e175b04940cab	25225736	25225740	6	0	0	1	1	1	792	1	204	1	0	203	588	0.00126262626263	0.00490196078431	0	0
chr2R	25225738	25225764	tfsite_6e396b18ba67a0f6	tflocus_484339668a665e8f	25225748	25225750	1	3.5	6	5	5	5	783	5	168	5	0	163	615	0.00638569604087	0.0297619047619	1	1
chr2R	25225744	25225784	tfsite_e1ade7ca002a1aed	tflocus_15d9b46163006816	25225767	25225764	1	3	3	5	5	5	772	5	159	5	0	154	613	0.00647668393782	0.0314465408805	1	1
chr2R	25225744	25225808	tfsite_88b6f4f30fb17ec3	tflocus_1bb1d2dfe7e79656	25225778	25225776	1	0	0	1	1	1	781	1	141	1	0	140	640	0.00128040973111	0.00709219858156	0	0
chr2R	25225747	25225772	tfsite_73e68ac9f0990abb	tflocus_15d9b46163006816	25225767	25225759	2	3.5	4	4	4	4	771	4	175	3	1	172	595	0.00518806744488	0.0171428571429	1	1
chr2R	25225754	25225807	tfsite_5835a482eaed0800	tflocus_1bb1d2dfe7e79656	25225778	25225780	2	6	5	2	2	2	775	2	151	2	0	149	624	0.00258064516129	0.0132450331126	0	0
chr2R	25225756	25225775	tfsite_97964a83f69fa6b4	tflocus_15d9b46163006816	25225767	25225766	3	0	0	4	4	4	754	4	178	4	0	174	576	0.0053050397878	0.0224719101124	1	1
chr2R	25225759	25225780	tfsite_acd03a24af77a3bf	tflocus_15d9b46163006816	25225767	25225769	4	5	4.5	14	13	13	777	13	194	13	0	181	583	0.016731016731	0.0670103092784	1	1
chr2R	25225759	25225787	tfsite_5b140bb23532b3f6	tflocus_1bb1d2dfe7e79656	25225778	25225774	3	3.5	5	3	3	3	770	3	184	3	0	181	586	0.0038961038961	0.0163043478261	1	1
chr2R	25225762	25225794	tfsite_7fcc03f00f9aaf3d	tflocus_1bb1d2dfe7e79656	25225778	25225779	4	2	2.5	5	5	5	771	5	188	5	0	183	583	0.0064850843061	0.0265957446809	1	1
chr2R	25225766	25225808	tfsite_e0d60af05d05d01d	tflocus_4e8fef41fa66a806	25225791	25225787	1	0	0	1	1	1	774	1	171	1	0	170	603	0.00129198966408	0.00584795321637	0	0
chr2R	25225769	25225783	tfsite_03491598fb492ea5	tflocus_1bb1d2dfe7e79656	25225778	25225776	5	0	0	1	1	1	765	1	203	1	0	202	562	0.00130718954248	0.00492610837438	0	0
chr2R	25225769	25225844	tfsite_77e5e2b482942b37	tflocus_cc50716c053f987c	25225803	25225807	1	0	0	1	1	1	783	1	149	1	0	148	634	0.00127713920817	0.00671140939597	0	0
chr2R	25225776	25225788	tfsite_a83c215124abd7e8	tflocus_1bb1d2dfe7e79656	25225778	25225782	6	0	0	1	1	1	783	1	210	1	0	209	573	0.00127713920817	0.0047619047619	0	0
chr2R	25225778	25225806	tfsite_1ead4cc668fe8350	tflocus_4e8fef41fa66a806	25225791	25225792	2	1	1	3	3	3	786	3	196	3	0	193	590	0.00381679389313	0.015306122449	1	1
chr2R	25225784	25225831	tfsite_1f88854a8386966d	tflocus_cc50716c053f987c	25225803	25225807	2	2.5	3	3	2	2	790	3	178	3	0	175	612	0.00379746835443	0.0168539325843	0	1
chr2R	25225786	25225819	tfsite_f9b0ac4c50571a18	tflocus_cc50716c053f987c	25225803	25225803	3	0	0	7	7	7	791	7	207	6	1	201	583	0.00884955752212	0.0289855072464	1	1
chr2R	25225789	25225809	tfsite_c2eb5a742ae8fbbe	tflocus_cc50716c053f987c	25225803	25225799	4	4.5	4	2	2	2	796	2	221	1	1	220	574	0.00251256281407	0.00452488687783	0	0
chr2R	25225797	25225850	tfsite_19c02a96c633cf8a	tflocus_d03cddd1ab148bcd	25225829	25225824	1	0	0	2	2	2	793	2	173	2	0	171	620	0.00252206809584	0.0115606936416	0	0
chr2R	25225797	25225869	tfsite_11132650642dc625	tflocus_d03cddd1ab148bcd	25225829	25225833	2	0	0	1	1	1	793	1	156	0	1	156	636	0.00126103404792	0	0	0
chr2R	25225798	25225816	tfsite_ba5514156626285d	tflocus_cc50716c053f987c	25225803	25225807	5	0	0	1	1	1	782	1	221	1	0	220	561	0.00127877237852	0.00452488687783	0	0
chr2R	25225802	25225833	tfsite_1b5c22026837606d	tflocus_a7db007b8f168077	25225814	25225817	1	1	0.5	6	6	6	791	6	191	6	0	185	600	0.00758533501896	0.0314136125654	1	1
chr2R	25225802	25225850	tfsite_3419411fed4b4a4f	tflocus_d03cddd1ab148bcd	25225829	25225826	3	0	0	1	1	1	793	1	175	1	0	174	618	0.00126103404792	0.00571428571429	0	0
chr2R	25225807	25225819	tfsite_1779d24c94ed37f7	tflocus_a7db007b8f168077	25225814	25225812	2	4	4.5	8	7	7	787	7	238	7	0	231	549	0.00889453621347	0.0294117647059	1	1
chr2R	25225807	25225848	tfsite_d1f8c1549f45b1a2	tflocus_d03cddd1ab148bcd	25225829	25225828	4	0	0	1	1	1	792	1	190	1	0	189	602	0.00126262626263	0.00526315789474	0	0
chr2R	25225811	25225834	tfsite_86b2e9da4334d658	tflocus_d03cddd1ab148bcd	25225829	25225823	5	0	0	2	2	2	795	2	204	2	0	202	591	0.00251572327044	0.00980392156863	0	0
chr2R	25225813	25225837	tfsite_2e708422c3bed545	tflocus_d03cddd1ab148bcd	25225829	25225825	6	0	0	1	1	1	796	1	203	1	0	202	593	0.00125628140704	0.00492610837438	0	0
chr2R	25225821	25225833	tfsite_bbbf9491ad60876f	tflocus_d03cddd1ab148bcd	25225829	25225827	7	0.5	1	4	4	4	798	4	225	4	0	221	573	0.00501253132832	0.0177777777778	1	1
chr2R	25225824	25225843	tfsite_b592929a8f7e1a54	tflocus_d03cddd1ab148bcd	25225829	25225834	8	0	0	2	2	2	793	2	213	2	0	211	580	0.00252206809584	0.0093896713615	0	0
chr2R	25225824	25225854	tfsite_dae0dda35d1b013f	tflocus_831f90563f6b7d37	25225841	25225841	1	1.5	1	10	10	10	802	10	197	10	0	187	605	0.0124688279302	0.0507614213198	1	1
chr2R	25225826	25225833	tfsite_72a93b62fd2fa774	tflocus_d03cddd1ab148bcd	25225829	25225830	9	1	0.5	12	12	12	802	12	230	12	0	218	572	0.0149625935162	0.0521739130435	1	1
chr2R	25225826	25225847	tfsite_237321b97f9a9360	tflocus_831f90563f6b7d37	25225841	25225837	2	1.5	1	6	6	6	802	6	218	6	0	212	584	0.0074812967581	0.0275229357798	1	1
chr2R	25225827	25225881	tfsite_d05b45ae0fbf15f8	tflocus_9b554a83a97f3306	25225858	25225854	1	2.5	0.5	2	2	2	799	2	176	2	0	174	623	0.00250312891114	0.0113636363636	0	0
chr2R	25225829	25225890	tfsite_b4b10113bad3bbaa	tflocus_9b554a83a97f3306	25225858	25225860	2	0	0	1	1	1	800	1	175	1	0	174	625	0.00125	0.00571428571429	0	0
chr2R	25225836	25225878	tfsite_882d91f0871f4726	tflocus_9b554a83a97f3306	25225858	25225858	3	4.5	3	3	3	3	799	3	179	3	0	176	620	0.00375469336671	0.0167597765363	1	1
chr2R	25225838	25225911	tfsite_4c98eeb37f558541	tflocus_9088a64faaf226b4	25225870	25225875	1	0	0	1	1	1	799	1	166	1	0	165	633	0.00125156445557	0.00602409638554	0	0
chr2R	25225848	25225862	tfsite_d78bfd39e276369f	tflocus_9b554a83a97f3306	25225858	25225855	4	0	0	1	1	1	793	1	210	1	0	209	583	0.00126103404792	0.0047619047619	0	0
chr2R	25225850	25225873	tfsite_2fc8fceff793211a	tflocus_9b554a83a97f3306	25225858	25225863	5	2	4.5	3	3	3	795	3	199	3	0	196	596	0.00377358490566	0.0150753768844	1	1
chr2R	25225850	25225888	tfsite_ccac1e1434501b9c	tflocus_9088a64faaf226b4	25225870	25225868	2	2	0	5	4	4	785	3	188	3	0	185	597	0.00382165605096	0.0159574468085	1	1
chr2R	25225856	25225896	tfsite_7721a74cbe8a5557	tflocus_9088a64faaf226b4	25225870	25225876	3	4.5	4	2	2	2	795	2	200	2	0	198	595	0.00251572327044	0.01	0	0
chr2R	25225860	25225882	tfsite_781b8a71a7f89ac8	tflocus_9088a64faaf226b4	25225870	25225872	4	2	3.5	6	6	6	786	6	208	6	0	202	578	0.00763358778626	0.0288461538462	1	1
chr2R	25225863	25225888	tfsite_564a813d8f57ceb8	tflocus_9088a64faaf226b4	25225870	25225875	5	0.5	0.5	2	2	2	784	1	208	1	0	207	576	0.00127551020408	0.00480769230769	0	0
chr2R	25225876	25225943	tfsite_d945f157d4b03bd6	tflocus_1634ccad1c02e2de	25225914	25225910	1	0	0	1	1	1	800	1	177	1	0	176	623	0.00125	0.00564971751412	0	0
chr2R	25225879	25225888	tfsite_6f974d81adfe2ddd	tflocus_bfe45159ca5eed06	25225883	25225883	1	4.5	0.5	17	16	16	788	16	219	16	0	203	569	0.0203045685279	0.0730593607306	1	1
chr2R	25225879	25225931	tfsite_97923bd74b72affd	tflocus_1634ccad1c02e2de	25225914	25225905	2	0	0	1	1	1	789	1	181	1	0	180	608	0.00126742712294	0.00552486187845	0	0
chr2R	25225889	25225899	tfsite_ff3345b4c5499056	tflocus_0323e48dd5a246c2	25225894	25225894	1	2	1	3	2	2	797	2	226	2	0	224	571	0.00250941028858	0.00884955752212	0	0
chr2R	25225893	25225909	tfsite_52f5d3ad8393d61c	tflocus_0323e48dd5a246c2	25225894	25225902	2	0	0	5	5	5	789	5	219	5	0	214	570	0.0063371356147	0.0228310502283	1	1
chr2R	25225893	25225924	tfsite_0b413f0ce99f3304	tflocus_1634ccad1c02e2de	25225914	25225909	3	0	0	1	1	1	798	1	207	1	0	206	591	0.00125313283208	0.0048309178744	0	0
chr2R	25225893	25225931	tfsite_27389305d13d3f26	tflocus_1634ccad1c02e2de	25225914	25225912	4	0	1	5	5	5	792	5	196	5	0	191	596	0.00631313131313	0.0255102040816	1	1
chr2R	25225906	25225928	tfsite_933923bfc0bca348	tflocus_1634ccad1c02e2de	25225914	25225917	5	1	1.5	7	6	6	799	7	211	6	1	205	587	0.00876095118899	0.0284360189573	1	1
chr2R	25225906	25225961	tfsite_ab444a4791baab7e	tflocus_ccb744ebf8a765ae	25225934	25225934	1	3.5	1.5	5	5	5	798	5	191	5	0	186	607	0.0062656641604	0.0261780104712	1	1
chr2R	25225906	25225978	tfsite_4f6ef5d47ae5a6d2	tflocus_8ecca17975fcc96b	25225946	25225942	1	0	0	1	1	1	799	1	186	1	0	185	613	0.00125156445557	0.00537634408602	0	0
chr2R	25225914	25225965	tfsite_cb56c13bc00840ee	tflocus_ccb744ebf8a765ae	25225934	25225940	2	0	0	1	1	1	797	1	201	1	0	200	596	0.00125470514429	0.00497512437811	0	0
chr2R	25225917	25225942	tfsite_9e42be1e53c05c55	tflocus_ccb744ebf8a765ae	25225934	25225930	3	2	1	6	6	6	793	6	212	6	0	206	581	0.00756620428752	0.0283018867925	1	1
chr2R	25225920	25225992	tfsite_2366dbd46860b299	tflocus_1544e62653173838	25225960	25225956	1	2.5	0.5	2	2	2	795	2	185	2	0	183	610	0.00251572327044	0.0108108108108	0	0
chr2R	25225921	25225978	tfsite_3475c73ab860a07c	tflocus_8ecca17975fcc96b	25225946	25225950	2	0	0	2	2	2	786	2	201	2	0	199	585	0.00254452926209	0.00995024875622	0	0
chr2R	25225930	25225943	tfsite_dfe128b92b97e81c	tflocus_ccb744ebf8a765ae	25225934	25225937	4	0	0	3	3	3	776	3	228	3	0	225	548	0.00386597938144	0.0131578947368	1	1
chr2R	25225930	25225962	tfsite_03c044e6f1106c93	tflocus_8ecca17975fcc96b	25225946	25225947	3	0	0	3	3	3	791	3	222	3	0	219	569	0.00379266750948	0.0135135135135	1	1
chr2R	25225931	25226020	tfsite_cb19492b8ae77fed	tflocus_438410026335f5cc	25225977	25225976	1	0	0	3	3	3	793	3	149	0	3	149	641	0.00378310214376	0	1	1
chr2R	25225932	25225993	tfsite_53ec6560eb0eb06e	tflocus_1544e62653173838	25225960	25225962	2	2	1	2	2	2	796	2	204	2	0	202	592	0.00251256281407	0.00980392156863	0	0
chr2R	25225938	25225978	tfsite_e1c86f46479a905e	tflocus_1544e62653173838	25225960	25225958	3	3.5	4	4	4	4	796	4	229	3	1	226	566	0.00502512562814	0.0131004366812	1	1
chr2R	25225943	25225963	tfsite_2bc8b700e67f1cf1	tflocus_8ecca17975fcc96b	25225946	25225953	4	0	0	1	1	1	804	1	247	1	0	246	557	0.00124378109453	0.00404858299595	0	0
chr2R	25225947	25225979	tfsite_9bc5ffe1d386cb2a	tflocus_1544e62653173838	25225960	25225963	4	0	0	2	2	2	773	2	234	2	0	232	539	0.0025873221216	0.00854700854701	0	0
chr2R	25225951	25225971	tfsite_aa58d9aec284274a	tflocus_1544e62653173838	25225960	25225961	5	0	0	1	1	1	771	1	249	1	0	248	522	0.00129701686122	0.00401606425703	0	0
chr2R	25225960	25225979	tfsite_6664a5db3a8804e4	tflocus_438410026335f5cc	25225977	25225970	2	0	0	3	3	3	758	3	247	3	0	244	511	0.00395778364116	0.0121457489879	1	1
chr2R	25225965	25226037	tfsite_719b1646a6614c41	tflocus_ad4cc2b950cd92bd	25226000	25226001	1	0	0	1	1	1	796	1	137	1	0	136	659	0.00125628140704	0.00729927007299	0	0
chr2R	25225974	25225991	tfsite_0d902b8e0f339337	tflocus_438410026335f5cc	25225977	25225982	3	3.5	0.5	2	2	2	775	2	245	1	1	244	529	0.00258064516129	0.00408163265306	0	0
chr2R	25225983	25226001	tfsite_740195e01fd25499	tflocus_ad4cc2b950cd92bd	25226000	25225992	2	0	0	2	2	2	786	2	242	2	0	240	544	0.00254452926209	0.00826446280992	0	0
chr2R	25225983	25226028	tfsite_7671638dacc81d32	tflocus_ad4cc2b950cd92bd	25226000	25226005	3	1	4	2	2	2	793	2	162	2	0	160	631	0.00252206809584	0.0123456790123	0	0
chr2R	25225989	25226011	tfsite_0c9a29e487b1dc1a	tflocus_ad4cc2b950cd92bd	25226000	25225999	4	0	1	8	8	8	799	8	229	8	0	221	570	0.0100125156446	0.0349344978166	1	1
chr2R	25225989	25226046	tfsite_c9852966136d4b4b	tflocus_2cb6599d22530200	25226014	25226018	1	0	0	1	1	1	794	1	120	1	0	119	674	0.00125944584383	0.00833333333333	0	0
chr2R	25225996	25226021	tfsite_9f4a8e0930bfbf7f	tflocus_2cb6599d22530200	25226014	25226008	2	0	1.5	2	2	2	796	2	200	2	0	198	596	0.00251256281407	0.01	0	0
chr2R	25225996	25226036	tfsite_d8e2c0ec9229ddf4	tflocus_2cb6599d22530200	25226014	25226016	3	0	3.5	2	2	2	796	2	162	2	0	160	634	0.00251256281407	0.0123456790123	0	0
chr2R	25225997	25226050	tfsite_4893185b318e0991	tflocus_30290edcf07bb235	25226030	25226024	1	0	0	1	1	1	796	1	112	1	0	111	684	0.00125628140704	0.00892857142857	0	0
chr2R	25226014	25226042	tfsite_dd760c2e7fe54768	tflocus_30290edcf07bb235	25226030	25226028	2	2.5	3	2	2	2	794	2	171	2	0	169	623	0.00251889168766	0.0116959064327	0	0
chr2R	25226016	25226026	tfsite_4ee39c37452bddc6	tflocus_2cb6599d22530200	25226014	25226021	4	0	0	2	1	1	795	2	200	2	0	198	595	0.00251572327044	0.01	0	0
chr2R	25226020	25226032	tfsite_193fa3d6e94eb5a3	tflocus_30290edcf07bb235	25226030	25226026	3	0	0	7	7	7	796	7	205	7	0	198	591	0.00879396984925	0.0341463414634	1	1
chr2R	25226025	25226042	tfsite_5086e7bcb4c45dcb	tflocus_30290edcf07bb235	25226030	25226032	4	1	3	19	19	19	788	19	190	19	0	171	598	0.0241116751269	0.1	1	1
chr2R	25226027	25226065	tfsite_4c0ed3c3110794bc	tflocus_83d4d73e2fcf524b	25226048	25226046	1	2	5	2	2	2	793	2	106	2	0	104	687	0.00252206809584	0.0188679245283	0	0
chr2R	25226031	25226091	tfsite_347d49eea7f1839b	tflocus_c7c84a8a550dc091	25226060	25226060	1	5.5	4.5	2	2	2	800	2	72	2	0	70	728	0.0025	0.0277777777778	0	0
chr2R	25226044	25226056	tfsite_68c268ee1c16d004	tflocus_83d4d73e2fcf524b	25226048	25226049	2	0.5	0.5	2	2	2	800	2	160	2	0	158	640	0.0025	0.0125	0	0
chr2R	25226046	25226104	tfsite_2fbd4a8b683d93e4	tflocus_bf972de6af105872	25226075	25226075	1	0	0	1	1	1	792	1	66	1	0	65	726	0.00126262626263	0.0151515151515	0	0
chr2R	25226047	25226096	tfsite_b895efc0bd0e59b8	tflocus_bf972de6af105872	25226075	25226071	2	2.5	1.5	2	2	2	797	2	79	2	0	77	718	0.00250941028858	0.0253164556962	0	0
chr2R	25226050	25226105	tfsite_80b78953d356dc66	tflocus_bf972de6af105872	25226075	25226078	3	0	0	3	3	3	791	3	66	3	0	63	725	0.00379266750948	0.0454545454545	1	1
chr2R	25226058	25226082	tfsite_6d7dc15fc9fd1b68	tflocus_bf972de6af105872	25226075	25226069	4	1	0	3	3	3	796	3	94	3	0	91	702	0.00376884422111	0.031914893617	1	1
chr2R	25226066	25226080	tfsite_46f6cce8aa420cd1	tflocus_bf972de6af105872	25226075	25226074	5	4	4.5	3	3	3	792	3	101	3	0	98	691	0.00378787878788	0.029702970297	1	1
chr2R	25226070	25226095	tfsite_89fdb446644a1b19	tflocus_86e30af808a93ae9	25226087	25226083	1	0	0	1	1	1	798	1	84	1	0	83	714	0.00125313283208	0.0119047619048	0	0
chr2R	25226072	25226082	tfsite_c9fb1d493c4bd80c	tflocus_bf972de6af105872	25226075	25226077	6	0	0	1	1	1	803	1	104	1	0	103	699	0.00124533001245	0.00961538461538	0	0
chr2R	25226072	25226110	tfsite_294b895648d37fea	tflocus_86e30af808a93ae9	25226087	25226091	2	0.5	0.5	5	4	4	795	5	63	5	0	58	732	0.0062893081761	0.0793650793651	1	1
chr2R	25226072	25226138	tfsite_5d531b899aa9998b	tflocus_8c4fbdeefddb7a38	25226102	25226105	1	0	0	1	1	1	800	1	42	0	1	42	757	0.00125	0	0	0
chr2R	25226073	25226151	tfsite_8590cb3078d90cee	tflocus_8c4fbdeefddb7a38	25226102	25226112	2	0	0	1	1	1	796	1	37	1	0	36	759	0.00125628140704	0.027027027027	0	0
chr2R	25226077	25226126	tfsite_4fd672d1dc6458de	tflocus_8c4fbdeefddb7a38	25226102	25226101	3	3.5	1.5	2	2	2	797	2	50	2	0	48	747	0.00250941028858	0.04	0	0
chr2R	25226084	25226113	tfsite_83d3f611154288be	tflocus_8c4fbdeefddb7a38	25226102	25226099	4	0	0	1	1	1	796	1	69	1	0	68	727	0.00125628140704	0.0144927536232	0	0
chr2R	25226086	25226137	tfsite_429b8f63842ec923	tflocus_8c4fbdeefddb7a38	25226102	25226112	5	0	0	1	1	1	797	1	48	1	0	47	749	0.00125470514429	0.0208333333333	0	0
chr2R	25226087	25226152	tfsite_2b1c411b58ae1030	tflocus_8be49a8d7aa5449e	25226122	25226119	1	5	3.5	2	2	2	799	2	42	2	0	40	757	0.00250312891114	0.047619047619	0	0
chr2R	25226089	25226160	tfsite_a120729e4314d036	tflocus_8be49a8d7aa5449e	25226122	25226125	2	0	0	2	2	2	798	2	38	2	0	36	760	0.00250626566416	0.0526315789474	0	0
chr2R	25226092	25226112	tfsite_5f1522750483a78f	tflocus_8c4fbdeefddb7a38	25226102	25226102	6	0	0	3	3	3	796	3	73	3	0	70	723	0.00376884422111	0.041095890411	1	1
chr2R	25226105	25226141	tfsite_d350b7fbe929b15f	tflocus_8be49a8d7aa5449e	25226122	25226123	3	1	0	2	2	2	796	2	55	2	0	53	741	0.00251256281407	0.0363636363636	0	0
chr2R	25226114	25226123	tfsite_a4ffa5cabc5f3a15	tflocus_8be49a8d7aa5449e	25226122	25226119	4	0	0	1	1	1	805	1	75	1	0	74	730	0.00124223602484	0.0133333333333	0	0
chr2R	25226117	25226156	tfsite_92e1a1d93810831e	tflocus_e85889f0ed9e0662	25226140	25226140	1	4.5	6	3	3	3	794	3	50	3	0	47	744	0.00377833753149	0.06	1	1
chr2R	25226149	25226173	tfsite_f0de9b05042d6377	tflocus_a7e281197e577128	25226159	25226161	1	2	3	2	2	2	798	2	66	2	0	64	732	0.00250626566416	0.030303030303	0	0
chr2R	25226152	25226196	tfsite_c45c33fa6577220d	tflocus_d6e469947eb1d2c1	25226174	25226173	1	1.5	0.5	2	2	2	798	2	49	2	0	47	749	0.00250626566416	0.0408163265306	0	0
chr2R	25226153	25226223	tfsite_39b1f987ecfc6e10	tflocus_81b168e536eead51	25226190	25226188	1	0	0	1	1	1	794	1	32	1	0	31	762	0.00125944584383	0.03125	0	0
chr2R	25226162	25226225	tfsite_0866ca71e2e45f01	tflocus_81b168e536eead51	25226190	25226193	2	0.5	5	2	2	2	792	2	43	2	0	41	749	0.00252525252525	0.046511627907	0	0
chr2R	25226172	25226186	tfsite_34dcb67fef26f9a8	tflocus_d6e469947eb1d2c1	25226174	25226179	2	0	0	1	1	1	797	1	89	1	0	88	708	0.00125470514429	0.0112359550562	0	0
chr2R	25226176	25226236	tfsite_5f7ab307a2027c6a	tflocus_771476542912009d	25226211	25226206	1	0	0	1	1	1	795	1	44	1	0	43	751	0.00125786163522	0.0227272727273	0	0
chr2R	25226183	25226197	tfsite_f7b7ce92903ea15b	tflocus_81b168e536eead51	25226190	25226190	3	0	0	1	1	1	796	1	87	1	0	86	709	0.00125628140704	0.0114942528736	0	0
chr2R	25226185	25226221	tfsite_a3be52a8ca871f01	tflocus_771476542912009d	25226211	25226203	2	2	2.5	2	2	2	785	2	60	2	0	58	725	0.00254777070064	0.0333333333333	0	0
chr2R	25226192	25226271	tfsite_85ceb6ea105d3608	tflocus_40c2e69ce81323c3	25226234	25226232	1	0	0	1	1	1	792	1	19	0	1	19	772	0.00126262626263	0	0	0
chr2R	25226200	25226222	tfsite_78604adea1cebc6a	tflocus_771476542912009d	25226211	25226211	3	3.5	2.5	18	18	18	794	18	78	17	1	61	715	0.0226700251889	0.217948717949	1	1
chr2R	25226217	25226296	tfsite_189b606c9679a0ec	tflocus_cdcf86b4ec489a54	25226249	25226257	1	0	0	1	1	1	799	1	23	0	1	23	775	0.00125156445557	0	0	0
chr2R	25226227	25226247	tfsite_708a8e39da775604	tflocus_40c2e69ce81323c3	25226234	25226237	2	0	0	1	1	1	803	1	93	1	0	92	710	0.00124533001245	0.010752688172	0	0
chr2R	25226235	25226262	tfsite_551b6864f3f86cf8	tflocus_cdcf86b4ec489a54	25226249	25226249	2	0	0	8	8	8	802	8	93	8	0	85	709	0.00997506234414	0.0860215053763	1	1
chr2R	25226259	25226278	tfsite_7599b18a339315f2	tflocus_2a2cfa5d53941c18	25226269	25226269	1	0	0	1	1	1	797	1	59	1	0	58	738	0.00125470514429	0.0169491525424	0	0
chr2R	25226267	25226302	tfsite_b2d765f7faeeca3b	tflocus_ad3d92ff0e707391	25226282	25226283	1	0.5	6	4	4	4	795	4	49	4	0	45	746	0.00503144654088	0.0816326530612	1	1
chr2R	25226268	25226327	tfsite_a00b503853c799b7	tflocus_ca7cd4f8f7dbff64	25226297	25226298	1	0	0	1	1	1	797	1	46	1	0	45	751	0.00125470514429	0.0217391304348	0	0
chr2R	25226281	25226313	tfsite_90dbe0527cad6719	tflocus_ca7cd4f8f7dbff64	25226297	25226297	2	3	3	3	3	3	796	3	63	3	0	60	733	0.00376884422111	0.047619047619	1	1
chr2R	25226287	25226358	tfsite_fb94932b590799e1	tflocus_fd995543799715a8	25226313	25226323	1	0	0	2	2	2	802	2	49	2	0	47	753	0.00249376558603	0.0408163265306	0	0
chr2R	25226300	25226366	tfsite_8fa4258b83875b70	tflocus_9bfa09bfeca3540e	25226333	25226333	1	0	0	1	1	1	801	1	53	1	0	52	748	0.00124843945069	0.0188679245283	0	0
chr2R	25226306	25226380	tfsite_ff40ff58972d8d81	tflocus_d8fa766e13acb650	25226345	25226343	1	0	0	1	1	1	802	1	49	1	0	48	753	0.00124688279302	0.0204081632653	0	0
chr2R	25226313	25226326	tfsite_c6452c577b9c55f1	tflocus_fd995543799715a8	25226313	25226320	2	0	1	3	3	3	797	3	101	3	0	98	696	0.00376411543287	0.029702970297	1	1
chr2R	25226316	25226343	tfsite_687786863aae90ad	tflocus_9bfa09bfeca3540e	25226333	25226331	2	3	5.5	3	3	3	803	3	90	3	0	87	713	0.00373599003736	0.0333333333333	1	1
chr2R	25226316	25226367	tfsite_f2272d65f0805873	tflocus_d8fa766e13acb650	25226345	25226342	2	0	0	1	1	1	802	1	69	1	0	68	733	0.00124688279302	0.0144927536232	0	0
chr2R	25226319	25226356	tfsite_3ca086f6ad2e9e6e	tflocus_9bfa09bfeca3540e	25226333	25226337	3	5.5	2.5	2	2	2	801	2	81	2	0	79	720	0.00249687890137	0.0246913580247	0	0
chr2R	25226322	25226346	tfsite_260c2af1da3769ff	tflocus_9bfa09bfeca3540e	25226333	25226334	4	1.5	1.5	2	2	2	805	2	98	2	0	96	707	0.00248447204969	0.0204081632653	0	0
chr2R	25226330	25226360	tfsite_ac4fb509e6d5dc9a	tflocus_d8fa766e13acb650	25226345	25226345	3	0	0	1	1	1	802	1	96	1	0	95	706	0.00124688279302	0.0104166666667	0	0
chr2R	25226337	25226386	tfsite_13ea78296ca83bf1	tflocus_e4b526e086f737cb	25226364	25226361	1	5	4.5	2	2	2	803	2	78	2	0	76	725	0.00249066002491	0.025641025641	0	0
chr2R	25226346	25226373	tfsite_c9df05a7f9a8dbdc	tflocus_e4b526e086f737cb	25226364	25226359	2	5	4	2	2	2	800	2	95	2	0	93	705	0.0025	0.0210526315789	0	0
chr2R	25226356	25226376	tfsite_3a51f92a581edfe3	tflocus_e4b526e086f737cb	25226364	25226366	3	0	0	4	4	4	799	4	121	4	0	117	678	0.00500625782228	0.0330578512397	1	1
chr2R	25226372	25226410	tfsite_53bb8fd9deef9100	tflocus_091832bdcb1d1071	25226392	25226391	1	3	4	2	2	2	800	2	108	2	0	106	692	0.0025	0.0185185185185	0	0
chr2R	25226377	25226382	tfsite_95f8a3923c4fd901	tflocus_24a9e7621f8ba915	25226380	25226380	1	0	0	1	1	1	804	1	163	1	0	162	641	0.00124378109453	0.00613496932515	0	0
chr2R	25226381	25226419	tfsite_a3b83aed084d4777	tflocus_091832bdcb1d1071	25226392	25226400	2	0	0	1	1	1	794	1	144	1	0	143	650	0.00125944584383	0.00694444444444	0	0
chr2R	25226390	25226429	tfsite_6ca4bf72a7fcca27	tflocus_aa03e25fe2603ea5	25226408	25226410	1	6	4	2	2	2	796	2	164	2	0	162	632	0.00251256281407	0.0121951219512	0	0
chr2R	25226391	25226418	tfsite_576bfc7f7ad42f94	tflocus_aa03e25fe2603ea5	25226408	25226404	2	3	0.5	2	2	2	801	2	170	2	0	168	631	0.00249687890137	0.0117647058824	0	0
chr2R	25226405	25226445	tfsite_98689a26ea8b9987	tflocus_3f9a82d435ca2c23	25226421	25226425	1	0	0	1	1	1	800	1	179	1	0	178	621	0.00125	0.00558659217877	0	0
chr2R	25226410	25226463	tfsite_71b686ea3cbf7281	tflocus_af57c3fb56082292	25226436	25226437	1	0	0	2	2	2	798	2	192	2	0	190	606	0.00250626566416	0.0104166666667	0	0
chr2R	25226414	25226434	tfsite_1074b91f37421aac	tflocus_3f9a82d435ca2c23	25226421	25226424	2	3	2	8	8	8	802	8	215	8	0	207	587	0.00997506234414	0.0372093023256	1	1
chr2R	25226416	25226464	tfsite_c3e7c5521fb734c0	tflocus_af57c3fb56082292	25226436	25226440	2	1.5	1	2	2	2	797	2	197	2	0	195	600	0.00250941028858	0.010152284264	0	0
chr2R	25226417	25226448	tfsite_2bc171fc8ad7be7a	tflocus_af57c3fb56082292	25226436	25226432	3	0	2.5	2	2	2	798	2	205	2	0	203	593	0.00250626566416	0.00975609756098	0	0
chr2R	25226418	25226470	tfsite_ac6ad1e6e9140ebc	tflocus_c5a335d178b21c85	25226448	25226444	1	0.5	2	3	2	2	793	3	192	3	0	189	601	0.00378310214376	0.015625	0	1
chr2R	25226424	25226434	tfsite_abbc081a234531af	tflocus_af57c3fb56082292	25226436	25226429	4	0	0	3	3	3	802	3	225	3	0	222	577	0.00374064837905	0.0133333333333	1	1
chr2R	25226427	25226477	tfsite_d93e643c3bc6b1ac	tflocus_c5a335d178b21c85	25226448	25226452	2	0	0	1	1	1	797	1	200	1	0	199	597	0.00125470514429	0.005	0	0
chr2R	25226430	25226440	tfsite_7d6c1e759d72e4aa	tflocus_af57c3fb56082292	25226436	25226435	5	0	0	5	4	4	799	4	230	4	0	226	569	0.00500625782228	0.0173913043478	1	1
chr2R	25226432	25226446	tfsite_960976c47545bc31	tflocus_af57c3fb56082292	25226436	25226439	6	0	0	1	1	1	788	1	224	1	0	223	564	0.00126903553299	0.00446428571429	0	0
chr2R	25226439	25226478	tfsite_fa64dc5f0c4b5c14	tflocus_e9722e8789069226	25226461	25226459	1	0	0	1	1	1	790	1	219	1	0	218	571	0.00126582278481	0.00456621004566	0	0
chr2R	25226439	25226521	tfsite_9c2796cfc791c243	tflocus_c65895f4af8f195f	25226478	25226480	1	0	0	1	1	1	795	1	208	0	1	208	586	0.00125786163522	0	0	0
chr2R	25226441	25226453	tfsite_622ca5e7086aa10e	tflocus_c5a335d178b21c85	25226448	25226447	3	4	2.5	3	3	3	793	3	230	3	0	227	563	0.00378310214376	0.0130434782609	1	1
chr2R	25226442	25226465	tfsite_25e5a26108cfe657	tflocus_c5a335d178b21c85	25226448	25226454	4	0	0	1	1	1	788	1	225	1	0	224	563	0.00126903553299	0.00444444444444	0	0
chr2R	25226449	25226500	tfsite_4410a8d8fc87d0b0	tflocus_c65895f4af8f195f	25226478	25226475	2	0	0	1	1	1	790	1	214	1	0	213	576	0.00126582278481	0.00467289719626	0	0
chr2R	25226455	25226522	tfsite_d7bca829c4f6a02d	tflocus_77b9d07b9082d3ba	25226489	25226489	1	0	0	1	1	1	787	1	214	1	0	213	573	0.0012706480305	0.00467289719626	0	0
chr2R	25226457	25226465	tfsite_b9919bd5564083cd	tflocus_e9722e8789069226	25226461	25226461	2	0	0	21	19	19	796	20	242	20	0	222	554	0.0251256281407	0.0826446280992	1	1
chr2R	25226457	25226477	tfsite_0f9f4ea3f0765e00	tflocus_e9722e8789069226	25226461	25226467	3	2.5	2	5	5	5	794	5	237	5	0	232	557	0.00629722921914	0.0210970464135	1	1
chr2R	25226463	25226478	tfsite_3b582fae339c22a2	tflocus_c65895f4af8f195f	25226478	25226471	3	0	0	7	7	7	784	7	238	7	0	231	546	0.00892857142857	0.0294117647059	1	1
chr2R	25226463	25226489	tfsite_b3e719f2fc82573a	tflocus_c65895f4af8f195f	25226478	25226477	4	3.5	5.5	5	5	5	793	5	237	5	0	232	556	0.0063051702396	0.0210970464135	1	1
chr2R	25226463	25226521	tfsite_47bd4e4804fa0cc2	tflocus_77b9d07b9082d3ba	25226489	25226492	2	0	0.5	4	4	4	786	4	219	4	0	215	567	0.00508905852417	0.0182648401826	1	1
chr2R	25226472	25226485	tfsite_412ead55f152ad97	tflocus_c65895f4af8f195f	25226478	25226479	5	0	0	1	1	1	779	1	251	1	0	250	528	0.0012836970475	0.00398406374502	0	0
chr2R	25226476	25226489	tfsite_fa6428dd75652780	tflocus_c65895f4af8f195f	25226478	25226483	6	0	0	6	6	6	789	6	254	6	0	248	535	0.00760456273764	0.0236220472441	1	1
chr2R	25226479	25226501	tfsite_a5d4c7c7f739681b	tflocus_77b9d07b9082d3ba	25226489	25226490	3	2.5	0	2	2	2	797	2	251	2	0	249	546	0.00250941028858	0.00796812749004	0	0
chr2R	25226488	25226501	tfsite_84fe777d96799383	tflocus_77b9d07b9082d3ba	25226489	25226495	4	2.5	2.5	4	4	4	800	4	264	4	0	260	536	0.005	0.0151515151515	1	1
chr2R	25226488	25226542	tfsite_22ce546868212c3a	tflocus_dd2d1a79b93ae74c	25226507	25226515	1	4.5	3	2	2	2	796	2	250	2	0	248	546	0.00251256281407	0.008	0	0
chr2R	25226492	25226505	tfsite_725b67b42e475f04	tflocus_dd2d1a79b93ae74c	25226507	25226499	2	0	0	4	4	4	800	4	264	4	0	260	536	0.005	0.0151515151515	1	1
chr2R	25226492	25226522	tfsite_033f789d9a6b95e4	tflocus_dd2d1a79b93ae74c	25226507	25226507	3	2.5	3	33	31	31	794	33	257	33	0	224	537	0.0415617128463	0.128404669261	1	1
chr2R	25226492	25226531	tfsite_04107629b4f52695	tflocus_dd2d1a79b93ae74c	25226507	25226512	4	2.5	3	4	4	4	788	4	251	4	0	247	537	0.00507614213198	0.0159362549801	1	1
chr2R	25226492	25226544	tfsite_3e9a82dec6099f7f	tflocus_a8af8b18d5942620	25226527	25226518	1	0	0	2	2	2	795	2	253	2	0	251	542	0.00251572327044	0.00790513833992	0	0
chr2R	25226495	25226564	tfsite_ebca97059a4230ef	tflocus_a8af8b18d5942620	25226527	25226529	2	2.5	1	2	2	2	791	2	245	2	0	243	546	0.00252844500632	0.00816326530612	0	0
chr2R	25226498	25226542	tfsite_583709a8b8b3f7ea	tflocus_a8af8b18d5942620	25226527	25226520	3	6	6	2	2	2	797	2	255	2	0	253	542	0.00250941028858	0.0078431372549	0	0
chr2R	25226507	25226531	tfsite_6a14f9dee8d847cb	tflocus_a8af8b18d5942620	25226527	25226519	4	4	4	2	2	2	793	2	273	2	0	271	520	0.00252206809584	0.00732600732601	0	0
chr2R	25226515	25226545	tfsite_a0e4226922af6d02	tflocus_a8af8b18d5942620	25226527	25226530	5	4	4.5	3	3	3	796	3	280	3	0	277	516	0.00376884422111	0.0107142857143	1	1
chr2R	25226515	25226586	tfsite_933c3154940f52ae	tflocus_7020547dbf400262	25226549	25226551	1	1	1	2	2	2	784	2	252	1	1	251	531	0.00255102040816	0.00396825396825	0	0
chr2R	25226519	25226535	tfsite_8e2bffc29e7279c0	tflocus_a8af8b18d5942620	25226527	25226526	6	5	1	18	18	18	785	18	282	18	0	264	503	0.0229299363057	0.063829787234	1	1
chr2R	25226524	25226560	tfsite_8074194b1af12cee	tflocus_c4674075fff878d5	25226538	25226542	1	0	0	1	1	1	789	1	291	1	0	290	498	0.00126742712294	0.00343642611684	0	0
chr2R	25226530	25226589	tfsite_54a3ce433939b7cf	tflocus_cf5baf0d125860a5	25226560	25226560	1	0	0	1	1	1	773	1	274	1	0	273	499	0.0012936610608	0.0036496350365	0	0
chr2R	25226531	25226544	tfsite_91abca134caba08b	tflocus_c4674075fff878d5	25226538	25226538	2	0	0	6	6	6	793	6	315	6	0	309	478	0.00756620428752	0.0190476190476	1	1
chr2R	25226532	25226565	tfsite_1b892ccd26ff8e57	tflocus_7020547dbf400262	25226549	25226548	2	2	2.5	10	10	10	785	10	301	10	0	291	484	0.0127388535032	0.0332225913621	1	1
chr2R	25226532	25226606	tfsite_0b18a50f7602c08b	tflocus_1eb3c76c06612bf7	25226571	25226569	1	0	0	1	1	1	784	1	277	1	0	276	507	0.00127551020408	0.00361010830325	0	0
chr2R	25226533	25226575	tfsite_e29f54b508258f3d	tflocus_7020547dbf400262	25226549	25226553	3	4.5	3.5	3	3	3	782	3	294	3	0	291	488	0.00383631713555	0.0102040816327	1	1
chr2R	25226533	25226601	tfsite_abad9398d25aeade	tflocus_1eb3c76c06612bf7	25226571	25226567	2	5	5	4	4	4	777	4	279	4	0	275	498	0.00514800514801	0.0143369175627	1	1
chr2R	25226535	25226583	tfsite_7ff642c522dadcc7	tflocus_cf5baf0d125860a5	25226560	25226558	2	3	1	5	5	5	784	5	293	5	0	288	491	0.00637755102041	0.0170648464164	1	1
chr2R	25226540	25226605	tfsite_b6772f604aafd2b5	tflocus_1eb3c76c06612bf7	25226571	25226573	3	0	0	1	1	1	786	1	297	1	0	296	489	0.00127226463104	0.003367003367	0	0
chr2R	25226542	25226580	tfsite_d8bed702ec1807d6	tflocus_cf5baf0d125860a5	25226560	25226561	3	1.5	4	10	9	9	776	9	308	9	0	299	468	0.0115979381443	0.0292207792208	1	1
chr2R	25226548	25226570	tfsite_32ca15d079ca6ebe	tflocus_cf5baf0d125860a5	25226560	25226559	4	2.5	2.5	3	3	3	789	3	337	3	0	334	452	0.00380228136882	0.00890207715134	1	1
chr2R	25226548	25226589	tfsite_6e85989a636964c6	tflocus_1eb3c76c06612bf7	25226571	25226568	4	4	3.5	2	2	2	781	2	317	2	0	315	464	0.00256081946223	0.00630914826498	0	0
chr2R	25226552	25226581	tfsite_9c3bdd5dbaf042b1	tflocus_1eb3c76c06612bf7	25226571	25226567	5	0	0	2	1	1	781	2	331	2	0	329	450	0.00256081946223	0.00604229607251	0	0
chr2R	25226552	25226600	tfsite_5d103a70ddd4e83b	tflocus_1eb3c76c06612bf7	25226571	25226576	6	4	3	4	4	4	783	4	326	4	0	322	457	0.00510855683269	0.0122699386503	1	1
chr2R	25226553	25226588	tfsite_e60c9b6ae2712b1d	tflocus_1eb3c76c06612bf7	25226571	25226571	7	3	2.5	6	6	6	773	6	321	6	0	315	452	0.00776196636481	0.018691588785	1	1
chr2R	25226559	25226591	tfsite_b60276637ad0ef56	tflocus_1eb3c76c06612bf7	25226571	25226575	8	1.5	2	3	2	2	780	3	334	3	0	331	446	0.00384615384615	0.00898203592814	0	1
chr2R	25226561	25226595	tfsite_757077ce20316159	tflocus_1eb3c76c06612bf7	25226571	25226578	9	5.5	5	3	3	3	782	3	336	3	0	333	446	0.00383631713555	0.00892857142857	1	1
chr2R	25226561	25226644	tfsite_591aa0506f6b8f24	tflocus_bc6e8a03e3ac7a38	25226599	25226603	1	0	0	1	1	1	795	1	296	0	1	296	498	0.00125786163522	0	0	0
chr2R	25226564	25226597	tfsite_bace613d9cf19347	tflocus_1b53b69855864508	25226588	25226581	1	3	4.5	3	3	3	784	3	344	3	0	341	440	0.00382653061224	0.00872093023256	1	1
chr2R	25226564	25226617	tfsite_d7979467fe303aa0	tflocus_1b53b69855864508	25226588	25226591	2	0	0	1	1	1	789	1	339	1	0	338	450	0.00126742712294	0.00294985250737	0	0
chr2R	25226564	25226631	tfsite_24315a708ba55280	tflocus_bc6e8a03e3ac7a38	25226599	25226598	2	0	0	1	1	1	793	1	323	1	0	322	470	0.00126103404792	0.0030959752322	0	0
chr2R	25226565	25226645	tfsite_c6bc6e00b4ab46a9	tflocus_bc6e8a03e3ac7a38	25226599	25226605	3	0	0	1	1	1	786	1	303	1	0	302	483	0.00127226463104	0.003300330033	0	0
chr2R	25226568	25226599	tfsite_963c305b908b4614	tflocus_1b53b69855864508	25226588	25226584	3	2	2	16	15	15	781	16	348	16	0	332	433	0.0204865556978	0.0459770114943	1	1
chr2R	25226568	25226608	tfsite_93d79206883ea579	tflocus_1b53b69855864508	25226588	25226588	4	0	0	1	1	1	788	1	347	1	0	346	441	0.00126903553299	0.0028818443804	0	0
chr2R	25226575	25226615	tfsite_26b52d891ce6c1df	tflocus_bc6e8a03e3ac7a38	25226599	25226595	4	4	4	2	2	2	795	2	365	2	0	363	430	0.00251572327044	0.00547945205479	0	0
chr2R	25226576	25226597	tfsite_855d23b6e5ed509e	tflocus_1b53b69855864508	25226588	25226587	5	3	1	27	27	27	794	27	374	27	0	347	420	0.0340050377834	0.072192513369	1	1
chr2R	25226576	25226623	tfsite_cb6f127a8c4a391b	tflocus_bc6e8a03e3ac7a38	25226599	25226599	5	2	3	4	4	4	796	4	356	4	0	352	440	0.00502512562814	0.0112359550562	1	1
chr2R	25226578	25226600	tfsite_4061782599961bbe	tflocus_1b53b69855864508	25226588	25226589	6	3	3	28	28	28	791	28	374	28	0	346	417	0.0353982300885	0.0748663101604	1	1
chr2R	25226578	25226605	tfsite_5894bd0ad3dda0dc	tflocus_1b53b69855864508	25226588	25226592	7	0	0	6	6	6	788	6	369	6	0	363	419	0.00761421319797	0.0162601626016	1	1
chr2R	25226578	25226658	tfsite_1bafb8d0b3601525	tflocus_1b8c6a4efcd1e008	25226615	25226618	1	0	0	1	1	1	794	1	310	0	1	310	483	0.00125944584383	0	0	0
chr2R	25226579	25226663	tfsite_82ee7b25624c83e2	tflocus_ca40d66c809cbd24	25226626	25226621	1	0	0	1	1	1	798	1	308	0	1	308	489	0.00125313283208	0	0	0
chr2R	25226580	25226639	tfsite_a5f3c112dcfb8da1	tflocus_1b8c6a4efcd1e008	25226615	25226609	2	0.5	0.5	2	2	2	794	2	335	2	0	333	459	0.00251889168766	0.00597014925373	0	0
chr2R	25226581	25226606	tfsite_b74cb7e71b682ae4	tflocus_bc6e8a03e3ac7a38	25226599	25226594	6	0	0	1	1	1	792	1	375	0	1	375	416	0.00126262626263	0	0	0
chr2R	25226582	25226649	tfsite_a7944f27f45adc30	tflocus_1b8c6a4efcd1e008	25226615	25226616	3	0	0	2	1	1	797	2	330	2	0	328	467	0.00250941028858	0.00606060606061	0	0
chr2R	25226585	25226606	tfsite_928c21a272e90940	tflocus_bc6e8a03e3ac7a38	25226599	25226596	7	0	0	1	1	1	795	1	393	1	0	392	402	0.00125786163522	0.00254452926209	0	0
chr2R	25226585	25226668	tfsite_d4bd9de1c2ad442f	tflocus_ca40d66c809cbd24	25226626	25226627	2	0	0	1	1	1	798	1	322	0	1	322	475	0.00125313283208	0	0	0
chr2R	25226591	25226605	tfsite_fa4389b4d31b0a06	tflocus_bc6e8a03e3ac7a38	25226599	25226598	8	5	4.5	27	27	27	798	27	405	27	0	378	393	0.0338345864662	0.0666666666667	1	1
chr2R	25226591	25226615	tfsite_b6d5f858ca2a8d63	tflocus_bc6e8a03e3ac7a38	25226599	25226603	9	2.5	2	5	5	5	802	5	400	5	0	395	402	0.00623441396509	0.0125	1	1
chr2R	25226591	25226619	tfsite_1a2f2904811d65d2	tflocus_bc6e8a03e3ac7a38	25226599	25226605	10	0	0	8	8	8	800	8	394	8	0	386	406	0.01	0.0203045685279	1	1
chr2R	25226593	25226609	tfsite_91eb42e3cb4d1fbe	tflocus_bc6e8a03e3ac7a38	25226599	25226601	11	2	4	3	3	3	797	3	407	3	0	404	390	0.00376411543287	0.00737100737101	1	1
chr2R	25226596	25226629	tfsite_4c695901eea498ac	tflocus_1b8c6a4efcd1e008	25226615	25226612	4	5.5	5.5	4	4	4	801	4	390	4	0	386	411	0.00499375780275	0.0102564102564	1	1
chr2R	25226597	25226650	tfsite_ebf9987a5cec5346	tflocus_ca40d66c809cbd24	25226626	25226624	3	0	0	1	1	1	801	1	355	1	0	354	446	0.00124843945069	0.00281690140845	0	0
chr2R	25226598	25226665	tfsite_3438708b9eb564c7	tflocus_6d95b6d5ea493574	25226637	25226632	1	0	0	1	1	1	799	1	345	1	0	344	454	0.00125156445557	0.00289855072464	0	0
chr2R	25226599	25226615	tfsite_5965dc1985e9dbdc	tflocus_bc6e8a03e3ac7a38	25226599	25226607	12	0	0	1	1	1	794	1	415	1	0	414	379	0.00125944584383	0.00240963855422	0	0
chr2R	25226600	25226630	tfsite_39a346bcf608f250	tflocus_1b8c6a4efcd1e008	25226615	25226614	5	2.5	2	5	5	5	800	5	400	5	0	395	400	0.00625	0.0125	1	1
chr2R	25226602	25226631	tfsite_e6fd282a12b5bed5	tflocus_1b8c6a4efcd1e008	25226615	25226617	6	4.5	4	9	9	9	803	9	406	9	0	397	397	0.0112079701121	0.0221674876847	1	1
chr2R	25226602	25226665	tfsite_e896a1cb7887bcd1	tflocus_6d95b6d5ea493574	25226637	25226634	2	0	0	1	1	1	799	1	352	1	0	351	447	0.00125156445557	0.00284090909091	0	0
chr2R	25226604	25226619	tfsite_53823d1f3806d270	tflocus_1b8c6a4efcd1e008	25226615	25226612	7	0	0	3	3	3	800	3	425	3	0	422	375	0.00375	0.00705882352941	1	1
chr2R	25226604	25226661	tfsite_7f75d35c74dd84b7	tflocus_6d95b6d5ea493574	25226637	25226633	3	0	0	1	1	1	802	1	363	1	0	362	439	0.00124688279302	0.00275482093664	0	0
chr2R	25226605	25226623	tfsite_173965d17eb4136b	tflocus_1b8c6a4efcd1e008	25226615	25226614	8	4.5	4	5	5	5	801	5	414	5	0	409	387	0.00624219725343	0.012077294686	1	1
chr2R	25226605	25226656	tfsite_ffa232d6855e7c21	tflocus_ca40d66c809cbd24	25226626	25226630	4	3	4	2	2	2	805	2	366	2	0	364	439	0.00248447204969	0.00546448087432	0	0
chr2R	25226607	25226648	tfsite_f38dc2eef5defdd9	tflocus_ca40d66c809cbd24	25226626	25226628	5	3	3	2	2	2	805	2	379	2	0	377	426	0.00248447204969	0.00527704485488	0	0
chr2R	25226608	25226677	tfsite_83c79a3fecc3c83c	tflocus_6d95b6d5ea493574	25226637	25226642	4	4	4.5	2	2	2	800	2	337	2	0	335	463	0.0025	0.00593471810089	0	0
chr2R	25226610	25226631	tfsite_f16afc76ebb65395	tflocus_ca40d66c809cbd24	25226626	25226621	6	0	0	1	1	1	807	1	418	1	0	417	389	0.00123915737299	0.00239234449761	0	0
chr2R	25226612	25226626	tfsite_50ededdcae63f648	tflocus_1b8c6a4efcd1e008	25226615	25226619	9	0	0	1	1	1	802	1	418	1	0	417	384	0.00124688279302	0.00239234449761	0	0
chr2R	25226612	25226662	tfsite_eb607d4badba6522	tflocus_6d95b6d5ea493574	25226637	25226637	5	0	0	1	1	1	804	1	368	1	0	367	436	0.00124378109453	0.00271739130435	0	0
chr2R	25226612	25226675	tfsite_044a8f27f0194a33	tflocus_6d95b6d5ea493574	25226637	25226644	6	0	0	1	1	1	800	1	343	1	0	342	457	0.00125	0.00291545189504	0	0
chr2R	25226614	25226629	tfsite_96c8997d79bbcec6	tflocus_ca40d66c809cbd24	25226626	25226622	7	5.5	5	4	4	4	804	4	421	4	0	417	383	0.00497512437811	0.00950118764846	1	1
chr2R	25226614	25226694	tfsite_b4e5378a09e1f606	tflocus_d65d671fa5d23948	25226653	25226654	1	0	0	1	1	1	801	1	291	1	0	290	510	0.00124843945069	0.00343642611684	0	0
chr2R	25226615	25226671	tfsite_b475a1bbbe682533	tflocus_6d95b6d5ea493574	25226637	25226643	7	0	0	1	1	1	801	1	365	1	0	364	436	0.00124843945069	0.0027397260274	0	0
chr2R	25226617	25226632	tfsite_0d1fbba83a439671	tflocus_ca40d66c809cbd24	25226626	25226625	8	3	3	4	4	4	803	4	421	4	0	417	382	0.00498132004981	0.00950118764846	1	1
chr2R	25226617	25226641	tfsite_24c86b2bbe9ca049	tflocus_ca40d66c809cbd24	25226626	25226629	9	1	2	6	5	5	803	6	402	6	0	396	401	0.00747198007472	0.0149253731343	1	1
chr2R	25226618	25226672	tfsite_c9d27822c0ccf448	tflocus_6d95b6d5ea493574	25226637	25226645	8	0	0	1	1	1	802	1	355	1	0	354	447	0.00124688279302	0.00281690140845	0	0
chr2R	25226619	25226635	tfsite_99b39f40f2febc70	tflocus_ca40d66c809cbd24	25226626	25226627	10	0	0	2	2	2	801	2	416	2	0	414	385	0.00249687890137	0.00480769230769	0	0
chr2R	25226623	25226639	tfsite_ee13e7c6a9d64f0d	tflocus_ca40d66c809cbd24	25226626	25226631	11	2	2	4	3	3	794	4	405	4	0	401	389	0.00503778337531	0.00987654320988	1	1
chr2R	25226623	25226676	tfsite_9d1d3c5fa107861e	tflocus_d65d671fa5d23948	25226653	25226650	2	0	0	4	4	4	797	4	348	4	0	344	449	0.00501882057716	0.0114942528736	1	1
chr2R	25226624	25226651	tfsite_80a08476feb7f192	tflocus_6d95b6d5ea493574	25226637	25226637	9	3	3.5	5	4	4	799	5	390	5	0	385	409	0.00625782227785	0.0128205128205	1	1
chr2R	25226624	25226662	tfsite_07937fb023ffcdba	tflocus_6d95b6d5ea493574	25226637	25226643	10	3.5	3.5	2	2	2	797	2	375	1	1	374	421	0.00250941028858	0.00266666666667	0	0
chr2R	25226625	25226639	tfsite_b289bbe913d6f2f3	tflocus_6d95b6d5ea493574	25226637	25226632	11	0	0	1	1	1	795	1	405	1	0	404	390	0.00125786163522	0.00246913580247	0	0
chr2R	25226625	25226646	tfsite_c58ff603f223ed7a	tflocus_6d95b6d5ea493574	25226637	25226635	12	2.5	3	9	9	9	802	9	403	9	0	394	399	0.0112219451372	0.0223325062035	1	1
chr2R	25226626	25226640	tfsite_d14e423e048ec8d1	tflocus_6d95b6d5ea493574	25226637	25226633	13	0	0	1	1	1	795	1	405	1	0	404	390	0.00125786163522	0.00246913580247	0	0
chr2R	25226628	25226658	tfsite_8fe70a94c065ace1	tflocus_6d95b6d5ea493574	25226637	25226643	14	0	0	1	1	1	799	1	385	1	0	384	414	0.00125156445557	0.0025974025974	0	0
chr2R	25226628	25226663	tfsite_55eb3aeb1c27954e	tflocus_d65d671fa5d23948	25226653	25226646	3	3.5	4	3	3	3	797	3	376	3	0	373	421	0.00376411543287	0.00797872340426	1	1
chr2R	25226628	25226676	tfsite_1ec2fb65f22c24ba	tflocus_d65d671fa5d23948	25226653	25226652	4	0	0	15	14	14	797	14	350	14	0	336	447	0.0175658720201	0.04	1	1
chr2R	25226629	25226650	tfsite_0e767c52ffcf3561	tflocus_6d95b6d5ea493574	25226637	25226639	15	4.5	4.5	6	6	6	800	6	393	6	0	387	407	0.0075	0.0152671755725	1	1
chr2R	25226629	25226654	tfsite_38475ec37470c375	tflocus_6d95b6d5ea493574	25226637	25226641	16	1	3	7	6	6	799	7	387	6	1	381	411	0.00876095118899	0.015503875969	1	1
chr2R	25226629	25226696	tfsite_c84fb282c6e17dcd	tflocus_3303cb5b8d07d733	25226671	25226663	1	0	0	1	1	1	798	1	297	1	0	296	501	0.00125313283208	0.003367003367	0	0
chr2R	25226630	25226659	tfsite_84cac00aed705c1f	tflocus_6d95b6d5ea493574	25226637	25226644	17	1.5	2	4	4	4	798	4	384	4	0	380	414	0.00501253132832	0.0104166666667	1	1
chr2R	25226633	25226662	tfsite_fc3e878fb713d864	tflocus_d65d671fa5d23948	25226653	25226648	5	4	3.5	9	9	9	797	9	382	9	0	373	415	0.0112923462986	0.0235602094241	1	1
chr2R	25226633	25226698	tfsite_524d16fc2e5fc778	tflocus_3303cb5b8d07d733	25226671	25226666	2	0	0	1	1	1	797	1	299	1	0	298	498	0.00125470514429	0.00334448160535	0	0
chr2R	25226636	25226677	tfsite_694daeb023271f8b	tflocus_d65d671fa5d23948	25226653	25226657	6	0	0	1	1	1	797	1	356	1	0	355	441	0.00125470514429	0.00280898876404	0	0
chr2R	25226637	25226669	tfsite_3fa5fe214ae9583f	tflocus_d65d671fa5d23948	25226653	25226653	7	2.5	3	3	3	3	794	3	380	3	0	377	414	0.00377833753149	0.00789473684211	1	1
chr2R	25226639	25226676	tfsite_8211409850302637	tflocus_d65d671fa5d23948	25226653	25226657	8	0.5	1	13	13	13	790	13	356	13	0	343	434	0.0164556962025	0.0365168539326	1	1
chr2R	25226642	25226660	tfsite_6d22a0923819678a	tflocus_d65d671fa5d23948	25226653	25226651	9	1	3	4	4	4	803	4	401	4	0	397	402	0.00498132004981	0.00997506234414	1	1
chr2R	25226643	25226676	tfsite_c04389dabc849776	tflocus_d65d671fa5d23948	25226653	25226659	10	4	4.5	3	3	3	793	3	363	3	0	360	430	0.00378310214376	0.00826446280992	1	1
chr2R	25226644	25226700	tfsite_3b2d996a7617feae	tflocus_3303cb5b8d07d733	25226671	25226672	3	4.5	5	2	2	2	797	2	304	2	0	302	493	0.00250941028858	0.00657894736842	0	0
chr2R	25226644	25226717	tfsite_a472d7b97926b4fd	tflocus_a79ba565f52b91ee	25226682	25226681	1	0	0	1	1	1	798	1	270	1	0	269	528	0.00125313283208	0.0037037037037	0	0
chr2R	25226648	25226664	tfsite_854e9cdbfdb3d780	tflocus_d65d671fa5d23948	25226653	25226655	11	3.5	3.5	5	5	5	804	5	398	5	0	393	406	0.00621890547264	0.0125628140704	1	1
chr2R	25226648	25226687	tfsite_5b2fb62e188d2440	tflocus_3303cb5b8d07d733	25226671	25226668	4	0.5	3	5	4	4	794	4	349	4	0	345	445	0.00503778337531	0.0114613180516	1	1
chr2R	25226649	25226672	tfsite_1cd3126c600e3dc1	tflocus_d65d671fa5d23948	25226653	25226661	12	6	4	7	7	7	801	7	379	7	0	372	422	0.00873907615481	0.0184696569921	1	1
chr2R	25226651	25226677	tfsite_4d02217bd3d9f900	tflocus_3303cb5b8d07d733	25226671	25226664	5	3.5	2.5	7	7	7	799	7	371	7	0	364	428	0.00876095118899	0.0188679245283	1	1
chr2R	25226657	25226725	tfsite_6e1a526108a484d1	tflocus_8105c482b668d661	25226694	25226691	1	0	0	1	1	1	801	1	260	1	0	259	541	0.00124843945069	0.00384615384615	0	0
chr2R	25226658	25226688	tfsite_3a20e8c97f58fdd0	tflocus_3303cb5b8d07d733	25226671	25226672	6	4.5	5.5	4	4	4	797	4	358	4	0	354	439	0.00501882057716	0.0111731843575	1	1
chr2R	25226662	25226677	tfsite_d23ca6f9eaadc7cd	tflocus_3303cb5b8d07d733	25226671	25226670	7	2	2.5	5	5	5	798	5	380	5	0	375	418	0.0062656641604	0.0131578947368	1	1
chr2R	25226662	25226723	tfsite_d5d9705d0287095f	tflocus_8105c482b668d661	25226694	25226693	2	0	0	1	1	1	802	1	280	1	0	279	522	0.00124688279302	0.00357142857143	0	0
chr2R	25226663	25226684	tfsite_68df5aa69654c177	tflocus_3303cb5b8d07d733	25226671	25226675	8	4.5	3	3	3	3	798	3	364	3	0	361	434	0.00375939849624	0.00824175824176	1	1
chr2R	25226666	25226745	tfsite_d3a3450bed630e44	tflocus_537ebd2033506beb	25226709	25226706	1	0	0	1	1	1	802	1	252	1	0	251	550	0.00124688279302	0.00396825396825	0	0
chr2R	25226668	25226687	tfsite_7fdd25333d7d2655	tflocus_a79ba565f52b91ee	25226682	25226678	2	1.5	2.5	7	7	7	795	7	373	7	0	366	422	0.00880503144654	0.0187667560322	1	1
chr2R	25226673	25226703	tfsite_75b44a32c675d2be	tflocus_a79ba565f52b91ee	25226682	25226688	3	0	0	1	1	1	800	1	332	1	0	331	468	0.00125	0.00301204819277	0	0
chr2R	25226675	25226693	tfsite_d4a7ced16aa3ed1d	tflocus_a79ba565f52b91ee	25226682	25226684	4	1.5	5	10	10	10	796	10	345	10	0	335	451	0.0125628140704	0.0289855072464	1	1
chr2R	25226676	25226761	tfsite_208f587dfe471540	tflocus_537ebd2033506beb	25226709	25226719	2	0	0	1	1	1	797	1	246	0	1	246	550	0.00125470514429	0	0	0
chr2R	25226677	25226711	tfsite_e02e2e23afb9ee9e	tflocus_8105c482b668d661	25226694	25226694	3	1	1	2	2	2	800	2	309	2	0	307	491	0.0025	0.00647249190939	0	0
chr2R	25226679	25226700	tfsite_c132a95dd2da998b	tflocus_8105c482b668d661	25226694	25226690	4	0	0	1	1	1	801	1	340	1	0	339	461	0.00124843945069	0.00294117647059	0	0
chr2R	25226680	25226739	tfsite_5aa9101f4ee7dd5f	tflocus_537ebd2033506beb	25226709	25226710	3	0	0	1	1	1	799	1	268	1	0	267	531	0.00125156445557	0.00373134328358	0	0
chr2R	25226683	25226701	tfsite_81c9f457252f5292	tflocus_8105c482b668d661	25226694	25226692	5	0	0	1	1	1	802	1	342	1	0	341	460	0.00124688279302	0.00292397660819	0	0
chr2R	25226687	25226726	tfsite_476651c4eb6b5fb3	tflocus_537ebd2033506beb	25226709	25226707	4	0	0	1	1	1	801	1	278	1	0	277	523	0.00124843945069	0.00359712230216	0	0
chr2R	25226690	25226708	tfsite_c7b2f49f93e6aa95	tflocus_8105c482b668d661	25226694	25226698	6	2	1	7	7	7	799	7	333	7	0	326	466	0.00876095118899	0.021021021021	1	1
chr2R	25226690	25226746	tfsite_4dfb68aa12cb3787	tflocus_537ebd2033506beb	25226709	25226718	5	0	0	1	1	1	805	1	263	1	0	262	542	0.00124223602484	0.00380228136882	0	0
chr2R	25226693	25226728	tfsite_03720ccd560a55a4	tflocus_537ebd2033506beb	25226709	25226710	6	2	2.5	2	2	2	799	2	271	2	0	269	528	0.00250312891114	0.00738007380074	0	0
chr2R	25226694	25226713	tfsite_239fe7849fee42e0	tflocus_537ebd2033506beb	25226709	25226703	7	1	1.5	4	4	4	793	4	302	4	0	298	491	0.00504413619168	0.0132450331126	1	1
chr2R	25226694	25226759	tfsite_cee4355eef7c3bbe	tflocus_66ec4d1de6883c23	25226730	25226727	1	0	0	1	1	1	794	1	249	1	0	248	545	0.00125944584383	0.00401606425703	0	0
chr2R	25226699	25226724	tfsite_be9b77990e3d9878	tflocus_537ebd2033506beb	25226709	25226712	8	3.5	4.5	3	3	3	805	3	301	3	0	298	504	0.00372670807453	0.00996677740864	1	1
chr2R	25226700	25226717	tfsite_463e0ea5cec5d52e	tflocus_537ebd2033506beb	25226709	25226708	9	1	3	8	8	8	795	8	303	8	0	295	492	0.0100628930818	0.026402640264	1	1
chr2R	25226700	25226759	tfsite_ea6f4667ae023789	tflocus_66ec4d1de6883c23	25226730	25226730	2	0	0	1	1	1	794	1	249	1	0	248	545	0.00125944584383	0.00401606425703	0	0
chr2R	25226701	25226729	tfsite_b58aa739ace8e8db	tflocus_537ebd2033506beb	25226709	25226716	10	1	2	8	8	8	803	8	277	8	0	269	526	0.00996264009963	0.028880866426	1	1
chr2R	25226705	25226740	tfsite_c722e00a339a9335	tflocus_66ec4d1de6883c23	25226730	25226721	3	2	3.5	3	3	3	803	3	273	3	0	270	530	0.00373599003736	0.010989010989	1	1
chr2R	25226707	25226731	tfsite_c7173404e4cec00c	tflocus_537ebd2033506beb	25226709	25226719	11	0	0	1	1	1	802	1	277	1	0	276	525	0.00124688279302	0.00361010830325	0	0
chr2R	25226708	25226759	tfsite_ef221434aa8e44e3	tflocus_66ec4d1de6883c23	25226730	25226734	4	0	0	1	1	1	794	1	250	1	0	249	544	0.00125944584383	0.004	0	0
chr2R	25226708	25226776	tfsite_0331cbadba152944	tflocus_ad5c0990396e5f43	25226741	25226742	1	0	0	1	1	1	801	1	237	1	0	236	564	0.00124843945069	0.0042194092827	0	0
chr2R	25226711	25226742	tfsite_17e44b5687d6ca65	tflocus_66ec4d1de6883c23	25226730	25226726	5	0	1	3	3	3	804	3	276	3	0	273	528	0.00373134328358	0.0108695652174	1	1
chr2R	25226717	25226730	tfsite_52e9b4969731016e	tflocus_66ec4d1de6883c23	25226730	25226724	6	0	0	1	1	1	801	1	277	1	0	276	524	0.00124843945069	0.00361010830325	0	0
chr2R	25226717	25226788	tfsite_bcbc6531b5580e54	tflocus_ad8619155b1ac63e	25226752	25226753	1	0	0	1	1	1	800	1	225	0	1	225	574	0.00125	0	0	0
chr2R	25226720	25226845	tfsite_cfa8b146a421e393	tflocus_12eade5d7ffe008e	25226786	25226783	1	0	0	1	1	1	807	1	152	1	0	151	655	0.00123915737299	0.00657894736842	0	0
chr2R	25226721	25226742	tfsite_5e3eb4a9c9cef3e9	tflocus_66ec4d1de6883c23	25226730	25226732	7	4	4	6	6	6	809	6	282	6	0	276	527	0.00741656365884	0.0212765957447	1	1
chr2R	25226722	25226735	tfsite_40e39f0f5f499796	tflocus_66ec4d1de6883c23	25226730	25226729	8	1	1	2	2	2	804	2	279	2	0	277	525	0.00248756218905	0.00716845878136	0	0
chr2R	25226727	25226743	tfsite_7af9068ff407dad7	tflocus_66ec4d1de6883c23	25226730	25226735	9	0	0	1	1	1	801	1	274	1	0	273	527	0.00124843945069	0.0036496350365	0	0
chr2R	25226730	25226752	tfsite_6dae512ed0c82332	tflocus_ad5c0990396e5f43	25226741	25226740	2	3.5	5	4	4	4	808	4	269	4	0	265	539	0.0049504950495	0.0148698884758	1	1
chr2R	25226730	25226788	tfsite_3b11d7ed448fadf2	tflocus_738da22b13c9f78d	25226764	25226759	1	0	0	1	1	1	795	1	225	1	0	224	570	0.00125786163522	0.00444444444444	0	0
chr2R	25226730	25226799	tfsite_7eccb4b7c8a3d570	tflocus_738da22b13c9f78d	25226764	25226765	2	0	0	2	2	2	802	2	222	2	0	220	580	0.00249376558603	0.00900900900901	0	0
chr2R	25226732	25226791	tfsite_87be481265f54523	tflocus_738da22b13c9f78d	25226764	25226762	3	0	0	1	1	1	796	1	225	1	0	224	571	0.00125628140704	0.00444444444444	0	0
chr2R	25226735	25226797	tfsite_06b4d807da4f7bf6	tflocus_738da22b13c9f78d	25226764	25226766	4	0	0	1	1	1	804	1	226	1	0	225	578	0.00124378109453	0.00442477876106	0	0
chr2R	25226737	25226750	tfsite_5d6202789d17c522	tflocus_ad5c0990396e5f43	25226741	25226743	3	4.5	3	4	4	4	799	4	268	4	0	264	531	0.00500625782228	0.0149253731343	1	1
chr2R	25226739	25226805	tfsite_aedf6d571ad5b536	tflocus_738da22b13c9f78d	25226764	25226772	5	0	0	1	1	1	804	1	223	1	0	222	581	0.00124378109453	0.00448430493274	0	0
chr2R	25226741	25226754	tfsite_b8cdaf13517ee579	tflocus_ad8619155b1ac63e	25226752	25226749	2	2	2	7	5	5	799	6	270	6	0	264	529	0.00750938673342	0.0222222222222	1	1
chr2R	25226744	25226765	tfsite_137651e257a5214f	tflocus_ad8619155b1ac63e	25226752	25226754	3	3	3.5	8	8	8	784	8	249	8	0	241	535	0.0102040816327	0.0321285140562	1	1
chr2R	25226746	25226781	tfsite_e4a17b0c8b7c42af	tflocus_738da22b13c9f78d	25226764	25226763	6	5	4	2	2	2	776	2	231	2	0	229	545	0.00257731958763	0.00865800865801	0	0
chr2R	25226746	25226813	tfsite_8e5c402dab4bfb18	tflocus_12eade5d7ffe008e	25226786	25226780	2	0	0	1	1	1	798	1	215	1	0	214	583	0.00125313283208	0.0046511627907	0	0
chr2R	25226747	25226768	tfsite_146adde7e985460b	tflocus_ad8619155b1ac63e	25226752	25226757	4	4	4	4	4	4	784	4	247	4	0	243	537	0.00510204081633	0.0161943319838	1	1
chr2R	25226747	25226806	tfsite_ef4ea5fb1352ec3b	tflocus_12eade5d7ffe008e	25226786	25226777	3	0	0	1	1	1	795	1	219	1	0	218	576	0.00125786163522	0.00456621004566	0	0
chr2R	25226756	25226765	tfsite_fd2219f519737c3b	tflocus_738da22b13c9f78d	25226764	25226760	7	0.5	1.5	2	2	2	782	2	253	2	0	251	529	0.00255754475703	0.00790513833992	0	0
chr2R	25226756	25226769	tfsite_4b7821c51b017730	tflocus_738da22b13c9f78d	25226764	25226762	8	1	1.5	2	2	2	779	2	249	2	0	247	530	0.00256739409499	0.00803212851406	0	0
chr2R	25226757	25226773	tfsite_deb8fc4c694c6f17	tflocus_738da22b13c9f78d	25226764	25226765	9	3.5	3	4	4	4	774	4	242	4	0	238	532	0.00516795865633	0.0165289256198	1	1
chr2R	25226760	25226796	tfsite_19174d7a59ff0d51	tflocus_12eade5d7ffe008e	25226786	25226778	4	0	0	1	1	1	791	1	229	1	0	228	562	0.00126422250316	0.00436681222707	0	0
chr2R	25226761	25226791	tfsite_b24f37a1272f599f	tflocus_12eade5d7ffe008e	25226786	25226776	5	4	5	3	3	3	798	3	236	3	0	233	562	0.00375939849624	0.0127118644068	1	1
chr2R	25226762	25226774	tfsite_ec2989c3b9353ee1	tflocus_738da22b13c9f78d	25226764	25226768	10	4.5	4.5	5	5	5	785	5	254	5	0	249	531	0.00636942675159	0.0196850393701	1	1
chr2R	25226762	25226785	tfsite_5fc680c006ba41b5	tflocus_738da22b13c9f78d	25226764	25226773	11	2	1.5	2	2	2	797	2	245	2	0	243	552	0.00250941028858	0.00816326530612	0	0
chr2R	25226762	25226844	tfsite_f62c7a5f2505658a	tflocus_5b543f794fbc327b	25226801	25226803	1	0	0	2	1	1	802	2	156	0	2	156	644	0.00249376558603	0	0	0
chr2R	25226767	25226793	tfsite_bdcdbc5fe59f76c0	tflocus_12eade5d7ffe008e	25226786	25226780	6	0	0	1	1	1	802	1	245	1	0	244	557	0.00124688279302	0.00408163265306	0	0
chr2R	25226770	25226798	tfsite_3fd6ea1e745950ed	tflocus_12eade5d7ffe008e	25226786	25226784	7	1.5	2	4	4	4	803	4	238	4	0	234	565	0.00498132004981	0.0168067226891	1	1
chr2R	25226771	25226818	tfsite_ebc9e4d1fd060ae2	tflocus_5b543f794fbc327b	25226801	25226794	2	1	2	2	2	2	803	2	213	2	0	211	590	0.00249066002491	0.0093896713615	0	0
chr2R	25226771	25226833	tfsite_804b9a19d8c7885b	tflocus_5b543f794fbc327b	25226801	25226802	3	0	0	1	1	1	809	1	189	1	0	188	620	0.00123609394314	0.00529100529101	0	0
chr2R	25226772	25226783	tfsite_b0763babbef49260	tflocus_12eade5d7ffe008e	25226786	25226778	8	0	0.5	3	3	3	800	3	258	3	0	255	542	0.00375	0.0116279069767	1	1
chr2R	25226772	25226806	tfsite_324cfd1d3c1810b8	tflocus_12eade5d7ffe008e	25226786	25226790	9	4	1.5	3	3	3	802	3	232	3	0	229	570	0.00374064837905	0.0129310344828	1	1
chr2R	25226775	25226783	tfsite_945191706af692f9	tflocus_12eade5d7ffe008e	25226786	25226779	10	0	0	1	1	1	802	1	261	1	0	260	541	0.00124688279302	0.00383141762452	0	0
chr2R	25226779	25226795	tfsite_93807cb592c63b44	tflocus_12eade5d7ffe008e	25226786	25226787	11	4	4	7	7	7	799	7	244	7	0	237	555	0.00876095118899	0.0286885245902	1	1
chr2R	25226781	25226838	tfsite_fe29392fa2d83081	tflocus_5b543f794fbc327b	25226801	25226810	4	0	0	1	1	1	804	1	172	1	0	171	632	0.00124378109453	0.00581395348837	0	0
chr2R	25226786	25226801	tfsite_efb4c0b4ff8f3f72	tflocus_5b543f794fbc327b	25226801	25226794	5	0	0	1	1	1	801	1	257	1	0	256	544	0.00124843945069	0.00389105058366	0	0
chr2R	25226788	25226798	tfsite_93764bec7505d7c6	tflocus_12eade5d7ffe008e	25226786	25226793	12	0	0	1	1	1	803	1	262	1	0	261	541	0.00124533001245	0.00381679389313	0	0
chr2R	25226789	25226822	tfsite_adfc37b60af20ff1	tflocus_5b543f794fbc327b	25226801	25226806	6	2.5	4.5	4	4	4	805	4	222	4	0	218	583	0.00496894409938	0.018018018018	1	1
chr2R	25226792	25226801	tfsite_a92677da9c1c9f60	tflocus_5b543f794fbc327b	25226801	25226796	7	0.5	1.5	2	2	2	808	2	262	2	0	260	546	0.00247524752475	0.00763358778626	0	0
chr2R	25226793	25226806	tfsite_c2e8d30f57319c8a	tflocus_5b543f794fbc327b	25226801	25226800	8	4	4.5	5	5	5	799	5	255	5	0	250	544	0.00625782227785	0.0196078431373	1	1
chr2R	25226795	25226809	tfsite_216feb2d6c1005a0	tflocus_5b543f794fbc327b	25226801	25226802	9	0	0	1	1	1	789	1	242	1	0	241	547	0.00126742712294	0.00413223140496	0	0
chr2R	25226797	25226844	tfsite_36f06513a5b6a91e	tflocus_4be10a10c0050b75	25226825	25226820	1	3	2	2	2	2	804	2	167	2	0	165	637	0.00248756218905	0.0119760479042	0	0
chr2R	25226804	25226867	tfsite_d15d7361f9ee5ea1	tflocus_3b2f442bbd8263cb	25226836	25226836	1	0	0	1	1	1	808	1	129	1	0	128	679	0.00123762376238	0.0077519379845	0	0
chr2R	25226808	25226842	tfsite_361dd42a99eef4d1	tflocus_4be10a10c0050b75	25226825	25226826	2	1	0	4	4	4	801	4	181	4	0	177	620	0.00499375780275	0.0220994475138	1	1
chr2R	25226813	25226883	tfsite_e778209a586f54c7	tflocus_5540b6bdaa3ec504	25226848	25226848	1	0	0	1	1	1	805	1	98	1	0	97	707	0.00124223602484	0.0102040816327	0	0
chr2R	25226820	25226870	tfsite_c59593b0dd1ae8e1	tflocus_5540b6bdaa3ec504	25226848	25226845	2	0	0	1	1	1	803	1	125	1	0	124	678	0.00124533001245	0.008	0	0
chr2R	25226827	25226837	tfsite_ed78b87f2ac34556	tflocus_3b2f442bbd8263cb	25226836	25226832	2	0	0	1	1	1	809	1	213	1	0	212	596	0.00123609394314	0.00469483568075	0	0
chr2R	25226827	25226851	tfsite_7663bf866ac73bd4	tflocus_3b2f442bbd8263cb	25226836	25226839	3	2.5	4.5	3	3	3	798	3	174	3	0	171	624	0.00375939849624	0.0172413793103	1	1
chr2R	25226827	25226894	tfsite_6601be9b0d8d0c11	tflocus_4acf4b785c1938ca	25226859	25226860	1	4.5	2	2	2	2	800	2	83	1	1	82	716	0.0025	0.0120481927711	0	0
chr2R	25226836	25226863	tfsite_d9755f2ceda1f2e6	tflocus_5540b6bdaa3ec504	25226848	25226850	3	2.5	5	4	4	4	796	4	148	4	0	144	648	0.00502512562814	0.027027027027	1	1
chr2R	25226838	25226848	tfsite_9bc1fe358bec06da	tflocus_5540b6bdaa3ec504	25226848	25226843	4	0	0	1	1	1	797	1	193	1	0	192	604	0.00125470514429	0.00518134715026	0	0
chr2R	25226840	25226855	tfsite_79e16da27f13dbbc	tflocus_5540b6bdaa3ec504	25226848	25226847	5	2.5	2.5	2	2	2	791	2	172	2	0	170	619	0.00252844500632	0.0116279069767	0	0
chr2R	25226842	25226870	tfsite_d9c5d04518ee0cdb	tflocus_4acf4b785c1938ca	25226859	25226856	2	5	2.5	3	3	3	798	3	134	3	0	131	664	0.00375939849624	0.0223880597015	1	1
chr2R	25226848	25226920	tfsite_e379590806802c9b	tflocus_79fe151d6beb8197	25226888	25226884	1	0	0	1	1	1	798	1	57	1	0	56	741	0.00125313283208	0.0175438596491	0	0
chr2R	25226856	25226874	tfsite_4d9295ac426b922b	tflocus_4acf4b785c1938ca	25226859	25226865	3	0	0	1	1	1	806	1	145	1	0	144	661	0.00124069478908	0.00689655172414	0	0
chr2R	25226856	25226889	tfsite_ab3e42955fb123ce	tflocus_89eb5bc729e0bcdf	25226875	25226875	1	3	3.5	4	3	3	803	3	105	3	0	102	698	0.00373599003736	0.0285714285714	1	1
chr2R	25226856	25226939	tfsite_16db00edca01d33b	tflocus_cf41391f40543c0c	25226907	25226898	1	0	0	1	1	1	789	1	49	0	1	49	739	0.00126742712294	0	0	0
chr2R	25226860	25226934	tfsite_d080ea902c31d224	tflocus_79fe151d6beb8197	25226888	25226897	2	0	0	1	1	1	798	1	58	1	0	57	740	0.00125313283208	0.0172413793103	0	0
chr2R	25226873	25226939	tfsite_3066e1b9f66db4ae	tflocus_cf41391f40543c0c	25226907	25226906	2	0	0	1	1	1	788	1	57	1	0	56	731	0.00126903553299	0.0175438596491	0	0
chr2R	25226874	25226904	tfsite_a5f233eaab6f0df0	tflocus_79fe151d6beb8197	25226888	25226889	3	0.5	2	2	2	2	788	2	104	2	0	102	684	0.00253807106599	0.0192307692308	0	0
chr2R	25226884	25226929	tfsite_3d459d153ebe0ce6	tflocus_cf41391f40543c0c	25226907	25226907	3	5	4	3	3	3	792	3	68	3	0	65	724	0.00378787878788	0.0441176470588	1	1
chr2R	25226885	25226915	tfsite_6743db2c7027c055	tflocus_cf41391f40543c0c	25226907	25226900	4	0	0	1	1	1	780	1	85	1	0	84	695	0.00128205128205	0.0117647058824	0	0
chr2R	25226900	25226941	tfsite_c5013a3e9b69669f	tflocus_364e6810066c108a	25226918	25226918	1	4.5	1	5	5	5	788	5	62	4	1	58	725	0.00634517766497	0.0645161290323	1	1
chr2R	25226908	25226970	tfsite_e0c33ccab435441f	tflocus_7953289f8630a2e6	25226930	25226939	1	0	0	1	1	1	796	1	42	1	0	41	754	0.00125628140704	0.0238095238095	0	0
chr2R	25226914	25226952	tfsite_a411da57cd4a18a6	tflocus_7953289f8630a2e6	25226930	25226932	2	0	0	3	3	3	788	3	52	3	0	49	736	0.00380710659898	0.0576923076923	1	1
chr2R	25226918	25226939	tfsite_b61909fe615c994e	tflocus_7953289f8630a2e6	25226930	25226929	3	0	0	6	6	6	796	6	72	6	0	66	724	0.00753768844221	0.0833333333333	1	1
chr2R	25226933	25227013	tfsite_4035f92e1c49c41a	tflocus_af44a3ce353adfef	25226974	25226973	1	0	0	1	1	1	806	1	28	1	0	27	778	0.00124069478908	0.0357142857143	0	0
chr2R	25226940	25226973	tfsite_39b5843056c06fbc	tflocus_ecc662c7b752feaf	25226957	25226957	1	0	0	1	1	1	799	1	53	1	0	52	746	0.00125156445557	0.0188679245283	0	0
chr2R	25226950	25226982	tfsite_c089488af7f76ad6	tflocus_af44a3ce353adfef	25226974	25226966	2	3	2	2	2	2	804	2	58	2	0	56	746	0.00248756218905	0.0344827586207	0	0
chr2R	25226963	25226985	tfsite_14b9216f44c2ed61	tflocus_af44a3ce353adfef	25226974	25226975	3	2	1	7	7	7	806	7	76	7	0	69	730	0.00868486352357	0.0921052631579	1	1
chr2R	25226965	25227022	tfsite_739013c3fc1a1fc6	tflocus_582ec01caf60b241	25226999	25226994	1	0	0	2	2	2	802	2	40	2	0	38	762	0.00249376558603	0.05	0	0
chr2R	25226966	25227017	tfsite_60b67392e46517fc	tflocus_1f59e55fbb5a7ae6	25226985	25226992	1	0	0	1	1	1	803	1	45	1	0	44	758	0.00124533001245	0.0222222222222	0	0
chr2R	25226973	25226995	tfsite_5c725a383cf888fc	tflocus_1f59e55fbb5a7ae6	25226985	25226983	2	2	4	4	4	4	802	4	77	4	0	73	725	0.00498753117207	0.0519480519481	1	1
chr2R	25226976	25227023	tfsite_1f7f1f1f047e0ae6	tflocus_582ec01caf60b241	25226999	25227000	2	0	0	1	1	1	800	1	49	1	0	48	751	0.00125	0.0204081632653	0	0
chr2R	25226984	25227053	tfsite_d4ebc61a89b5bdf1	tflocus_d48ac893d80deff1	25227019	25227019	1	0	0	1	1	1	805	1	36	1	0	35	769	0.00124223602484	0.0277777777778	0	0
chr2R	25226986	25227009	tfsite_f4ffd40c10d21df7	tflocus_582ec01caf60b241	25226999	25226997	3	3.5	4	3	3	3	806	3	82	3	0	79	724	0.00372208436725	0.0365853658537	1	1
chr2R	25226989	25227050	tfsite_e77637ff0255f0b7	tflocus_d48ac893d80deff1	25227019	25227020	2	0	0	1	1	1	804	1	40	1	0	39	764	0.00124378109453	0.025	0	0
chr2R	25226992	25227014	tfsite_8cc449ec3e550a04	tflocus_582ec01caf60b241	25226999	25227002	4	2	2	6	6	6	805	6	86	6	0	80	719	0.00745341614907	0.0697674418605	1	1
chr2R	25227007	25227029	tfsite_49251ffb7f5c25de	tflocus_d48ac893d80deff1	25227019	25227016	3	2.5	4.5	6	6	6	797	6	74	6	0	68	723	0.00752823086575	0.0810810810811	1	1
chr2R	25227008	25227030	tfsite_37205dad9d5fd683	tflocus_d48ac893d80deff1	25227019	25227019	4	0	0	1	1	1	796	1	74	1	0	73	722	0.00125628140704	0.0135135135135	0	0
chr2R	25227014	25227033	tfsite_807c7e5c2be726a2	tflocus_d48ac893d80deff1	25227019	25227024	5	1	1	2	2	2	768	2	75	2	0	73	693	0.00260416666667	0.0266666666667	0	0
chr2R	25227016	25227087	tfsite_546ceee7437cb268	tflocus_33ae4534c126367d	25227049	25227051	1	0	0.5	2	2	2	798	2	27	1	1	26	770	0.00250626566416	0.037037037037	0	0
chr2R	25227017	25227076	tfsite_23a984aa49196114	tflocus_33ae4534c126367d	25227049	25227047	2	0	0	2	1	1	797	2	33	2	0	31	764	0.00250941028858	0.0606060606061	0	0
chr2R	25227019	25227043	tfsite_762f372e771c1b95	tflocus_8a7d6029fa7dc13d	25227033	25227028	1	4.5	4	4	4	4	790	4	72	2	2	70	716	0.00506329113924	0.0277777777778	1	1
chr2R	25227030	25227069	tfsite_dfaf148b83be3dbb	tflocus_33ae4534c126367d	25227049	25227050	3	5	4.5	3	3	3	791	3	44	1	2	43	745	0.00379266750948	0.0227272727273	1	1
chr2R	25227033	25227055	tfsite_dd91547221f73db8	tflocus_33ae4534c126367d	25227049	25227044	4	1	1	3	3	3	789	3	64	3	0	61	725	0.00380228136882	0.046875	1	1
chr2R	25227036	25227058	tfsite_168a99a29243a85f	tflocus_33ae4534c126367d	25227049	25227047	5	0	0	1	1	1	796	1	55	1	0	54	741	0.00125628140704	0.0181818181818	0	0
chr2R	25227047	25227065	tfsite_02e23df83174b43c	tflocus_33ae4534c126367d	25227049	25227056	6	3.5	1	2	2	2	779	2	53	2	0	51	726	0.00256739409499	0.0377358490566	0	0
chr2R	25227050	25227121	tfsite_6de53e9bf7266b21	tflocus_4eab179507485a79	25227088	25227086	1	0	0	1	1	1	789	1	26	1	0	25	763	0.00126742712294	0.0384615384615	0	0
chr2R	25227058	25227126	tfsite_a0a7d48dde440065	tflocus_4eab179507485a79	25227088	25227092	2	0	0	1	1	1	798	1	34	1	0	33	764	0.00125313283208	0.0294117647059	0	0
chr2R	25227078	25227098	tfsite_bd8760746bcfa5d1	tflocus_4eab179507485a79	25227088	25227088	3	0	0	1	1	1	798	1	50	1	0	49	748	0.00125313283208	0.02	0	0
chr2R	25227084	25227133	tfsite_6cfd6ac309ae84e8	tflocus_44e678d16053e88c	25227108	25227109	1	0	0	2	1	1	799	2	38	2	0	36	761	0.00250312891114	0.0526315789474	0	0
chr2R	25227084	25227146	tfsite_e19fb15d056aa1bc	tflocus_44e678d16053e88c	25227108	25227115	2	0	0	1	1	1	800	1	35	1	0	34	765	0.00125	0.0285714285714	0	0
chr2R	25227086	25227161	tfsite_f919952c2042de26	tflocus_ef25617014a37444	25227123	25227124	1	0	0	1	1	1	795	1	33	0	1	33	761	0.00125786163522	0	0	0
chr2R	25227097	25227148	tfsite_7f32ffa3ede0f698	tflocus_ef25617014a37444	25227123	25227122	2	1	2	2	2	2	801	2	37	2	0	35	764	0.00249687890137	0.0540540540541	0	0
chr2R	25227099	25227117	tfsite_998c649e3b67917a	tflocus_44e678d16053e88c	25227108	25227108	3	0	0	1	1	1	803	1	59	1	0	58	744	0.00124533001245	0.0169491525424	0	0
chr2R	25227099	25227122	tfsite_344c7cc7578548cf	tflocus_44e678d16053e88c	25227108	25227111	4	0	0	1	1	1	803	1	53	1	0	52	750	0.00124533001245	0.0188679245283	0	0
chr2R	25227107	25227145	tfsite_59223f35b4470337	tflocus_ef25617014a37444	25227123	25227126	3	0	0	1	1	1	803	1	46	1	0	45	757	0.00124533001245	0.0217391304348	0	0
chr2R	25227109	25227123	tfsite_03d4947dea8df487	tflocus_ef25617014a37444	25227123	25227116	4	0	0	1	1	1	806	1	68	1	0	67	738	0.00124069478908	0.0147058823529	0	0
chr2R	25227109	25227180	tfsite_ff2d28f8daad9436	tflocus_c094bd83466d009c	25227146	25227145	1	0	0	1	1	1	803	1	39	1	0	38	764	0.00124533001245	0.025641025641	0	0
chr2R	25227113	25227164	tfsite_dc1e3f105d18d183	tflocus_fce6edf1aaf8909a	25227135	25227139	1	0	0	1	1	1	805	1	43	1	0	42	762	0.00124223602484	0.0232558139535	0	0
chr2R	25227121	25227169	tfsite_4ee14b10af5ef09b	tflocus_c094bd83466d009c	25227146	25227145	2	1.5	1.5	2	2	2	801	2	51	2	0	49	750	0.00249687890137	0.0392156862745	0	0
chr2R	25227122	25227180	tfsite_56d405f4a66cb87d	tflocus_c094bd83466d009c	25227146	25227151	3	1.5	0.5	3	3	3	799	3	52	3	0	49	747	0.00375469336671	0.0576923076923	1	1
chr2R	25227123	25227148	tfsite_e7e10bc98f05a89e	tflocus_fce6edf1aaf8909a	25227135	25227135	2	2.5	3	2	2	2	805	2	63	2	0	61	742	0.00248447204969	0.031746031746	0	0
chr2R	25227127	25227196	tfsite_a5cedb91662149ac	tflocus_c9ba799edf720aaf	25227158	25227159	1	1.5	5	2	2	2	798	2	48	2	0	46	750	0.00250626566416	0.0416666666667	0	0
chr2R	25227131	25227149	tfsite_b75bc6dccf9129da	tflocus_fce6edf1aaf8909a	25227135	25227140	3	0	0	1	1	1	801	1	73	1	0	72	728	0.00124843945069	0.013698630137	0	0
chr2R	25227135	25227175	tfsite_a6d11469f2ba758d	tflocus_c9ba799edf720aaf	25227158	25227155	2	0	0	1	1	1	800	1	63	1	0	62	737	0.00125	0.015873015873	0	0
chr2R	25227142	25227203	tfsite_449b551213feca36	tflocus_37d270c8c0ae4b58	25227173	25227173	1	0	0	1	1	1	805	1	58	1	0	57	747	0.00124223602484	0.0172413793103	0	0
chr2R	25227150	25227211	tfsite_34750652da77ab23	tflocus_37d270c8c0ae4b58	25227173	25227181	2	0	0	1	1	1	803	1	69	1	0	68	734	0.00124533001245	0.0144927536232	0	0
chr2R	25227167	25227178	tfsite_8e5406fe99136a7f	tflocus_37d270c8c0ae4b58	25227173	25227173	3	0	0	6	6	6	802	6	130	6	0	124	672	0.0074812967581	0.0461538461538	1	1
chr2R	25227167	25227181	tfsite_979a9132dfeb2f82	tflocus_37d270c8c0ae4b58	25227173	25227175	4	1	1	5	5	5	799	5	124	5	0	119	675	0.00625782227785	0.0403225806452	1	1
chr2R	25227171	25227232	tfsite_192d15c20bebfaea	tflocus_095993e4638a126c	25227211	25227202	1	0	0	1	1	1	802	1	110	1	0	109	692	0.00124688279302	0.00909090909091	0	0
chr2R	25227176	25227195	tfsite_e0d573dd0d53e7b7	tflocus_253e65964ca75f4c	25227190	25227188	1	0	1	3	3	3	794	3	138	3	0	135	656	0.00377833753149	0.0217391304348	1	1
chr2R	25227177	25227186	tfsite_22337c9c5fdd8ebc	tflocus_253e65964ca75f4c	25227190	25227182	2	0	0	1	1	1	799	1	151	1	0	150	648	0.00125156445557	0.00662251655629	0	0
chr2R	25227184	25227201	tfsite_1d9979b12534c758	tflocus_253e65964ca75f4c	25227190	25227194	3	1.5	0.5	4	4	4	794	4	160	4	0	156	634	0.00503778337531	0.025	1	1
chr2R	25227185	25227234	tfsite_8bb71db24c391de2	tflocus_095993e4638a126c	25227211	25227210	2	0	0	1	1	1	797	1	139	1	0	138	658	0.00125470514429	0.00719424460432	0	0
chr2R	25227188	25227234	tfsite_0172cc5bdc642938	tflocus_095993e4638a126c	25227211	25227211	3	0	0	1	1	1	798	1	147	1	0	146	651	0.00125313283208	0.00680272108844	0	0
chr2R	25227198	25227204	tfsite_4e7ea592e4e9e7ce	tflocus_095993e4638a126c	25227211	25227201	4	0	0	1	1	1	807	1	202	1	0	201	605	0.00123915737299	0.0049504950495	0	0
chr2R	25227198	25227211	tfsite_b18b23db1572f374	tflocus_095993e4638a126c	25227211	25227205	5	1	3	5	5	5	803	5	197	5	0	192	606	0.00622665006227	0.0253807106599	1	1
chr2R	25227202	25227219	tfsite_ec207e62dbbff90c	tflocus_095993e4638a126c	25227211	25227211	6	0	1	3	3	3	796	3	199	3	0	196	597	0.00376884422111	0.0150753768844	1	1
chr2R	25227205	25227222	tfsite_b7bd139d8e061f76	tflocus_095993e4638a126c	25227211	25227215	7	2	3	5	5	5	797	5	200	5	0	195	597	0.00627352572146	0.025	1	1
chr2R	25227205	25227251	tfsite_dad93f7c5f4a3847	tflocus_12a4e42f45594db6	25227228	25227228	1	4.5	6	2	2	2	788	2	171	2	0	169	617	0.00253807106599	0.0116959064327	0	0
chr2R	25227215	25227290	tfsite_ef585dca609f1100	tflocus_6fffd5b34f293244	25227249	25227253	1	0	0	1	1	1	790	1	156	1	0	155	634	0.00126582278481	0.00641025641026	0	0
chr2R	25227218	25227233	tfsite_d8984b340e293f1c	tflocus_12a4e42f45594db6	25227228	25227225	2	5	2	2	2	2	791	2	225	2	0	223	566	0.00252844500632	0.00888888888889	0	0
chr2R	25227221	25227248	tfsite_64ae807c85c671de	tflocus_12a4e42f45594db6	25227228	25227235	3	1	5	5	4	4	775	4	216	4	0	212	559	0.00516129032258	0.0185185185185	1	1
chr2R	25227221	25227303	tfsite_166d3bfd7fc7d9bc	tflocus_9cda4ee2b3e687c1	25227261	25227262	1	0	0	1	1	1	796	1	170	1	0	169	626	0.00125628140704	0.00588235294118	0	0
chr2R	25227222	25227261	tfsite_4d65e47d592af265	tflocus_6fffd5b34f293244	25227249	25227242	2	0	0	1	1	1	757	1	194	1	0	193	563	0.00132100396301	0.00515463917526	0	0
chr2R	25227222	25227276	tfsite_dcb2eae203674543	tflocus_6fffd5b34f293244	25227249	25227249	3	0	0	1	1	1	785	1	183	1	0	182	602	0.00127388535032	0.00546448087432	0	0
chr2R	25227235	25227265	tfsite_7b1b39bbfd0671b5	tflocus_6fffd5b34f293244	25227249	25227250	4	0	0	1	1	1	760	1	229	1	0	228	531	0.00131578947368	0.00436681222707	0	0
chr2R	25227235	25227320	tfsite_00eeb469617ffcae	tflocus_df5eeb221ad6baff	25227279	25227278	1	0	0	1	1	1	782	1	168	0	1	168	613	0.00127877237852	0	0	0
chr2R	25227236	25227258	tfsite_d22912b5336a75a2	tflocus_6fffd5b34f293244	25227249	25227247	5	4.5	2	3	3	3	773	3	245	3	0	242	528	0.00388098318241	0.0122448979592	1	1
chr2R	25227237	25227303	tfsite_44722b3691876250	tflocus_9cda4ee2b3e687c1	25227261	25227270	2	0	0	2	1	1	791	2	197	2	0	195	594	0.00252844500632	0.010152284264	0	0
chr2R	25227241	25227281	tfsite_c639b3f47c0c535d	tflocus_9cda4ee2b3e687c1	25227261	25227261	3	0	0	1	1	1	785	1	219	1	0	218	566	0.00127388535032	0.00456621004566	0	0
chr2R	25227242	25227307	tfsite_e88f1972d9e0c1c4	tflocus_df5eeb221ad6baff	25227279	25227274	2	3	1.5	2	2	2	782	2	192	2	0	190	590	0.00255754475703	0.0104166666667	0	0
chr2R	25227244	25227283	tfsite_13ef74fb466a7436	tflocus_9cda4ee2b3e687c1	25227261	25227264	4	2	1	3	3	3	781	3	216	3	0	213	565	0.00384122919334	0.0138888888889	1	1
chr2R	25227245	25227261	tfsite_6ac85d9610c23f70	tflocus_6fffd5b34f293244	25227249	25227253	6	0	0	1	1	1	767	1	265	1	0	264	502	0.0013037809648	0.00377358490566	0	0
chr2R	25227248	25227316	tfsite_60a56c8eb8c6f037	tflocus_df5eeb221ad6baff	25227279	25227282	3	0	0	1	1	1	799	1	201	1	0	200	598	0.00125156445557	0.00497512437811	0	0
chr2R	25227249	25227266	tfsite_1a3d3d93273f7a2c	tflocus_9cda4ee2b3e687c1	25227261	25227257	5	0	0.5	2	2	2	773	2	269	2	0	267	504	0.0025873221216	0.00743494423792	0	0
chr2R	25227252	25227308	tfsite_236dfb6312013d29	tflocus_df5eeb221ad6baff	25227279	25227280	4	2	2	4	4	4	782	4	204	4	0	200	578	0.00511508951407	0.0196078431373	1	1
chr2R	25227255	25227285	tfsite_bb8e5245cade5023	tflocus_9cda4ee2b3e687c1	25227261	25227270	6	0	0	1	1	1	794	1	231	1	0	230	563	0.00125944584383	0.004329004329	0	0
chr2R	25227263	25227303	tfsite_30575e924288d3ba	tflocus_df5eeb221ad6baff	25227279	25227283	5	0	0	1	1	1	790	1	223	1	0	222	567	0.00126582278481	0.00448430493274	0	0
chr2R	25227265	25227308	tfsite_3f3570e4353ab7f9	tflocus_88d366cb77669eb7	25227290	25227286	1	1	2	2	2	2	791	2	207	2	0	205	584	0.00252844500632	0.00966183574879	0	0
chr2R	25227266	25227284	tfsite_2e85f205f5861c8f	tflocus_df5eeb221ad6baff	25227279	25227275	6	0	0	1	1	1	798	1	242	1	0	241	556	0.00125313283208	0.00413223140496	0	0
chr2R	25227268	25227289	tfsite_18848d09e7944b33	tflocus_df5eeb221ad6baff	25227279	25227278	7	1.5	2.5	2	2	2	804	2	241	2	0	239	563	0.00248756218905	0.00829875518672	0	0
chr2R	25227278	25227290	tfsite_8d78029e22f3f0cb	tflocus_df5eeb221ad6baff	25227279	25227284	8	0	0	1	1	1	801	1	249	1	0	248	552	0.00124843945069	0.00401606425703	0	0
chr2R	25227279	25227301	tfsite_257f694cd9f3e984	tflocus_88d366cb77669eb7	25227290	25227290	2	0	0	1	1	1	764	1	218	1	0	217	546	0.00130890052356	0.0045871559633	0	0
chr2R	25227287	25227317	tfsite_533047fd84f7794a	tflocus_f655c66fa00ae2bc	25227303	25227302	1	2.5	3.5	4	4	4	756	4	198	4	0	194	558	0.00529100529101	0.020202020202	1	1
chr2R	25227287	25227342	tfsite_f996960856a4e699	tflocus_a3cd817247faf306	25227314	25227315	1	0	0	1	1	1	783	1	180	1	0	179	603	0.00127713920817	0.00555555555556	0	0
chr2R	25227293	25227317	tfsite_578aa920ae31b764	tflocus_f655c66fa00ae2bc	25227303	25227305	2	2	4	3	2	2	743	2	193	2	0	191	550	0.00269179004038	0.0103626943005	0	0
chr2R	25227294	25227330	tfsite_2816cbd03b694228	tflocus_a3cd817247faf306	25227314	25227312	2	2	1	2	2	2	768	2	192	2	0	190	576	0.00260416666667	0.0104166666667	0	0
chr2R	25227295	25227306	tfsite_cc9021ea8081c8a0	tflocus_f655c66fa00ae2bc	25227303	25227301	3	0	0	1	1	1	739	1	218	1	0	217	521	0.00135317997294	0.0045871559633	0	0
chr2R	25227303	25227383	tfsite_dabcdcf025a79f86	tflocus_9001b8688125efc3	25227334	25227343	1	0	0	1	1	1	796	1	170	1	0	169	626	0.00125628140704	0.00588235294118	0	0
chr2R	25227306	25227334	tfsite_ec9ee47e9485e607	tflocus_a3cd817247faf306	25227314	25227320	3	4	3	3	3	3	787	2	208	2	0	206	579	0.00254129606099	0.00961538461538	1	0
chr2R	25227309	25227340	tfsite_455dc5d910c82d30	tflocus_9001b8688125efc3	25227334	25227325	2	0	0	1	1	1	784	1	199	1	0	198	585	0.00127551020408	0.00502512562814	0	0
chr2R	25227311	25227359	tfsite_c7c2813d485e79e8	tflocus_9001b8688125efc3	25227334	25227335	3	0	0	1	1	1	778	1	192	1	0	191	586	0.0012853470437	0.00520833333333	0	0
chr2R	25227313	25227322	tfsite_75e4f3606ae09900	tflocus_a3cd817247faf306	25227314	25227318	4	0	0	1	1	1	790	1	220	1	0	219	570	0.00126582278481	0.00454545454545	0	0
chr2R	25227316	25227330	tfsite_35116779234e897c	tflocus_a3cd817247faf306	25227314	25227323	5	1	1.5	2	2	2	791	2	218	2	0	216	573	0.00252844500632	0.00917431192661	0	0
chr2R	25227320	25227387	tfsite_dce4571d80c6b0bf	tflocus_f5919bf4d45620c3	25227352	25227354	1	0	0	1	1	1	783	1	171	1	0	170	612	0.00127713920817	0.00584795321637	0	0
chr2R	25227321	25227366	tfsite_b7e1f77b5d4f24aa	tflocus_f5919bf4d45620c3	25227352	25227344	2	0	0	1	1	1	785	1	192	1	0	191	593	0.00127388535032	0.00520833333333	0	0
chr2R	25227325	25227338	tfsite_b326349c78c41560	tflocus_9001b8688125efc3	25227334	25227331	4	1	3	7	7	7	794	7	209	7	0	202	585	0.0088161209068	0.0334928229665	1	1
chr2R	25227333	25227343	tfsite_4d14e9d451e64e5d	tflocus_9001b8688125efc3	25227334	25227338	5	1	1	6	6	6	803	6	214	6	0	208	589	0.00747198007472	0.0280373831776	1	1
chr2R	25227336	25227355	tfsite_d65f52b0ac3e465c	tflocus_f5919bf4d45620c3	25227352	25227345	3	2	0.5	3	2	2	583	3	174	3	0	171	409	0.00514579759863	0.0172413793103	0	1
chr2R	25227338	25227363	tfsite_648a2b759721c7eb	tflocus_f5919bf4d45620c3	25227352	25227351	4	1	0	5	5	5	758	5	203	5	0	198	555	0.0065963060686	0.0246305418719	1	1
chr2R	25227342	25227411	tfsite_3cbf78ee8c3a68c6	tflocus_37975db974901dd5	25227380	25227377	1	0	0	1	1	1	789	1	159	1	0	158	630	0.00126742712294	0.0062893081761	0	0
chr2R	25227344	25227394	tfsite_e7a519f7824a10ad	tflocus_6492e5926c7d6b4b	25227363	25227369	1	0	0	1	1	1	781	1	171	0	1	171	609	0.00128040973111	0	0	0
chr2R	25227351	25227360	tfsite_e8ca35e068834509	tflocus_f5919bf4d45620c3	25227352	25227356	5	0	0	1	1	1	794	1	215	1	0	214	579	0.00125944584383	0.0046511627907	0	0
chr2R	25227354	25227370	tfsite_a5d62b8b9508b68a	tflocus_6492e5926c7d6b4b	25227363	25227361	2	4.5	2	6	6	6	801	6	209	6	0	203	592	0.00749063670412	0.0287081339713	1	1
chr2R	25227354	25227383	tfsite_77a7c55060f57446	tflocus_6492e5926c7d6b4b	25227363	25227367	3	1	1.5	5	5	5	799	5	192	5	0	187	607	0.00625782227785	0.0260416666667	1	1
chr2R	25227354	25227425	tfsite_3374284ddb5f7849	tflocus_37975db974901dd5	25227380	25227390	2	6	6	2	2	2	784	2	149	1	1	148	634	0.00255102040816	0.00671140939597	0	0
chr2R	25227356	25227403	tfsite_2b5c297e32916856	tflocus_37975db974901dd5	25227380	25227379	3	2.5	2	2	2	2	792	2	171	2	0	169	621	0.00252525252525	0.0116959064327	0	0
chr2R	25227360	25227396	tfsite_05c46419e8ab8b30	tflocus_37975db974901dd5	25227380	25227378	4	3	2.5	3	3	3	789	3	180	2	1	178	608	0.00380228136882	0.0111111111111	1	1
chr2R	25227360	25227415	tfsite_8651fa9f8bedea31	tflocus_37975db974901dd5	25227380	25227388	5	0	0	1	1	1	790	1	161	1	0	160	629	0.00126582278481	0.00621118012422	0	0
chr2R	25227361	25227379	tfsite_ee6cb36cf84955ef	tflocus_6492e5926c7d6b4b	25227363	25227370	4	1	0.5	2	2	2	801	2	212	2	0	210	589	0.00249687890137	0.00943396226415	0	0
chr2R	25227366	25227384	tfsite_cb300c4c4dec0d79	tflocus_37975db974901dd5	25227380	25227374	6	2	0	7	7	7	802	7	205	7	0	198	597	0.00872817955112	0.0341463414634	1	1
chr2R	25227367	25227400	tfsite_94981270d6c451ff	tflocus_37975db974901dd5	25227380	25227384	7	6	5	4	3	3	791	3	185	3	0	182	606	0.00379266750948	0.0162162162162	1	1
chr2R	25227368	25227393	tfsite_d6ce85cddf994664	tflocus_37975db974901dd5	25227380	25227381	8	2.5	3	4	4	4	797	4	193	3	1	190	603	0.00501882057716	0.0155440414508	1	1
chr2R	25227370	25227427	tfsite_d6dcb635984e151d	tflocus_ac10e6c9ce90faa5	25227401	25227399	1	0	0	1	1	1	793	1	163	1	0	162	630	0.00126103404792	0.00613496932515	0	0
chr2R	25227372	25227382	tfsite_86892f0bc39279f1	tflocus_37975db974901dd5	25227380	25227377	9	0	0	1	1	1	803	1	220	1	0	219	583	0.00124533001245	0.00454545454545	0	0
chr2R	25227373	25227384	tfsite_84a6adabafed0f9d	tflocus_37975db974901dd5	25227380	25227379	10	0	0	1	1	1	804	1	214	1	0	213	590	0.00124378109453	0.00467289719626	0	0
chr2R	25227374	25227403	tfsite_b6f12ef41b966571	tflocus_37975db974901dd5	25227380	25227389	11	0	0	1	1	1	792	1	188	1	0	187	604	0.00126262626263	0.00531914893617	0	0
chr2R	25227374	25227413	tfsite_d443b03d02349028	tflocus_ac10e6c9ce90faa5	25227401	25227393	2	1.5	1	2	2	2	790	2	175	2	0	173	615	0.00253164556962	0.0114285714286	0	0
chr2R	25227375	25227385	tfsite_9135de782f21a7c5	tflocus_37975db974901dd5	25227380	25227380	12	0	0	1	1	1	804	1	211	1	0	210	593	0.00124378109453	0.00473933649289	0	0
chr2R	25227377	25227388	tfsite_6e22b25fb87e748f	tflocus_37975db974901dd5	25227380	25227382	13	3.5	3	4	4	4	797	4	207	4	0	203	590	0.00501882057716	0.0193236714976	1	1
chr2R	25227378	25227402	tfsite_ff68189f1e91730d	tflocus_37975db974901dd5	25227380	25227390	14	0	0	1	1	1	794	1	191	1	0	190	603	0.00125944584383	0.00523560209424	0	0
chr2R	25227378	25227406	tfsite_fa86fd68ecf3f6a0	tflocus_ac10e6c9ce90faa5	25227401	25227392	3	3	2	3	3	3	789	3	186	3	0	183	603	0.00380228136882	0.0161290322581	1	1
chr2R	25227380	25227440	tfsite_cd408d70740df31b	tflocus_fe55831af54644ee	25227412	25227410	1	0	0	1	1	1	800	1	161	1	0	160	639	0.00125	0.00621118012422	0	0
chr2R	25227382	25227390	tfsite_8cf8620c7d019d03	tflocus_37975db974901dd5	25227380	25227387	15	2	3.5	5	5	5	797	5	216	5	0	211	581	0.00627352572146	0.0231481481481	1	1
chr2R	25227382	25227469	tfsite_881b9b88c34670ff	tflocus_04b04c9f7a5c1de7	25227430	25227426	1	0	0	1	1	1	798	1	136	0	1	136	661	0.00125313283208	0	0	0
chr2R	25227383	25227440	tfsite_b75fafe958b6252b	tflocus_fe55831af54644ee	25227412	25227412	2	0	0	1	1	1	794	1	164	1	0	163	630	0.00125944584383	0.00609756097561	0	0
chr2R	25227386	25227419	tfsite_26bf18d7065de20a	tflocus_ac10e6c9ce90faa5	25227401	25227403	4	0	0	1	1	1	788	1	181	1	0	180	607	0.00126903553299	0.00552486187845	0	0
chr2R	25227386	25227457	tfsite_ac8481112272c5f9	tflocus_04b04c9f7a5c1de7	25227430	25227422	2	0	0	1	1	1	790	1	147	0	1	147	642	0.00126582278481	0	0	0
chr2R	25227387	25227400	tfsite_f2e54b48a744ea65	tflocus_ac10e6c9ce90faa5	25227401	25227393	5	1.5	1.5	2	2	2	793	2	207	2	0	205	586	0.00252206809584	0.00966183574879	0	0
chr2R	25227390	25227422	tfsite_135e3360f25459da	tflocus_ac10e6c9ce90faa5	25227401	25227406	6	0	0	1	1	1	795	1	190	1	0	189	605	0.00125786163522	0.00526315789474	0	0
chr2R	25227393	25227404	tfsite_dc995be820e32821	tflocus_ac10e6c9ce90faa5	25227401	25227398	7	2.5	2	2	2	2	796	2	213	2	0	211	583	0.00251256281407	0.0093896713615	0	0
chr2R	25227394	25227407	tfsite_27231411f64778bb	tflocus_ac10e6c9ce90faa5	25227401	25227401	8	3.5	6	5	5	5	790	5	207	5	0	202	583	0.00632911392405	0.024154589372	1	1
chr2R	25227396	25227424	tfsite_054f9a6bb874f26a	tflocus_fe55831af54644ee	25227412	25227410	3	0	0	1	1	1	797	1	188	1	0	187	609	0.00125470514429	0.00531914893617	0	0
chr2R	25227397	25227412	tfsite_a0b0e5cdcac9a8f1	tflocus_ac10e6c9ce90faa5	25227401	25227404	9	2	2.5	2	2	2	789	2	202	2	0	200	587	0.00253485424588	0.00990099009901	0	0
chr2R	25227402	25227447	tfsite_1e183458a46d3ab4	tflocus_04b04c9f7a5c1de7	25227430	25227424	3	0	0	3	3	3	797	3	179	3	0	176	618	0.00376411543287	0.0167597765363	1	1
chr2R	25227404	25227413	tfsite_41df1578a68f3a2a	tflocus_fe55831af54644ee	25227412	25227409	4	0	2	2	2	2	796	2	227	2	0	225	569	0.00251256281407	0.00881057268722	0	0
chr2R	25227406	25227456	tfsite_ed4ac23ec2ab4042	tflocus_04b04c9f7a5c1de7	25227430	25227431	4	0	0.5	2	2	2	797	2	164	2	0	162	633	0.00250941028858	0.0121951219512	0	0
chr2R	25227408	25227420	tfsite_85c629cc4c7c5a6f	tflocus_fe55831af54644ee	25227412	25227415	5	5	3.5	7	6	6	797	6	222	6	0	216	575	0.00752823086575	0.027027027027	1	1
chr2R	25227408	25227463	tfsite_edd34bee38586aad	tflocus_8482d66dc05a2c50	25227441	25227436	1	0	0	1	1	1	795	1	162	1	0	161	633	0.00125786163522	0.00617283950617	0	0
chr2R	25227414	25227452	tfsite_3877834ba65c6c29	tflocus_04b04c9f7a5c1de7	25227430	25227432	5	4.5	5.5	2	2	2	784	2	182	2	0	180	602	0.00255102040816	0.010989010989	0	0
chr2R	25227415	25227424	tfsite_c96f3a7d12149c87	tflocus_fe55831af54644ee	25227412	25227419	6	1.5	1	2	2	2	792	2	219	2	0	217	573	0.00252525252525	0.00913242009132	0	0
chr2R	25227416	25227428	tfsite_e87c252738fadd4c	tflocus_04b04c9f7a5c1de7	25227430	25227422	6	0	0	1	1	1	787	1	216	1	0	215	571	0.0012706480305	0.00462962962963	0	0
chr2R	25227419	25227469	tfsite_24e7bb8e848876b8	tflocus_8482d66dc05a2c50	25227441	25227444	2	0	0	1	1	1	795	1	160	1	0	159	635	0.00125786163522	0.00625	0	0
chr2R	25227419	25227499	tfsite_7feb701a10a786e2	tflocus_dce1feeda27a70b7	25227454	25227459	1	0	0	1	1	1	797	1	131	0	1	131	665	0.00125470514429	0	0	0
chr2R	25227421	25227437	tfsite_4e13f1c6a78988fb	tflocus_04b04c9f7a5c1de7	25227430	25227429	7	4	3.5	6	5	5	764	5	211	5	0	206	553	0.0065445026178	0.0236966824645	1	1
chr2R	25227423	25227457	tfsite_1ab9f4b489931805	tflocus_8482d66dc05a2c50	25227441	25227441	3	3	2	5	5	5	789	5	179	5	0	174	610	0.0063371356147	0.0279329608939	1	1
chr2R	25227423	25227501	tfsite_3d9b548b41f052fd	tflocus_86cf58e1c8d2efd1	25227465	25227462	1	0	0	1	1	1	793	1	130	0	1	130	662	0.00126103404792	0	0	0
chr2R	25227426	25227446	tfsite_2b7634dbaeb79159	tflocus_8482d66dc05a2c50	25227441	25227436	4	3	3.5	2	2	2	796	2	201	2	0	199	595	0.00251256281407	0.00995024875622	0	0
chr2R	25227427	25227473	tfsite_cece8ba338ce6035	tflocus_dce1feeda27a70b7	25227454	25227450	2	6	2.5	2	2	2	794	2	163	2	0	161	631	0.00251889168766	0.0122699386503	0	0
chr2R	25227428	25227435	tfsite_5ef0eb5e58530972	tflocus_04b04c9f7a5c1de7	25227430	25227432	8	0	0	1	1	1	778	1	227	1	0	226	551	0.0012853470437	0.00440528634361	0	0
chr2R	25227429	25227465	tfsite_382e84f93e3e8525	tflocus_8482d66dc05a2c50	25227441	25227447	5	0	0	1	1	1	774	1	176	1	0	175	598	0.00129198966408	0.00568181818182	0	0
chr2R	25227435	25227460	tfsite_6c46f013c9978f4d	tflocus_dce1feeda27a70b7	25227454	25227448	3	0	0	1	1	1	802	1	187	1	0	186	615	0.00124688279302	0.00534759358289	0	0
chr2R	25227438	25227454	tfsite_187261536714b62f	tflocus_8482d66dc05a2c50	25227441	25227446	6	1	2	2	2	2	803	2	196	2	0	194	607	0.00249066002491	0.0102040816327	0	0
chr2R	25227440	25227490	tfsite_9decb4fa0279ce72	tflocus_86cf58e1c8d2efd1	25227465	25227465	2	0	0	1	1	1	794	1	154	1	0	153	640	0.00125944584383	0.00649350649351	0	0
chr2R	25227444	25227464	tfsite_9ec22ee303c0eecd	tflocus_dce1feeda27a70b7	25227454	25227454	4	3	3	9	9	9	802	9	197	9	0	188	605	0.0112219451372	0.0456852791878	1	1
chr2R	25227445	25227521	tfsite_59aa16e5f5078f6f	tflocus_dfc8579cb9d7f505	25227477	25227483	1	0	0	1	1	1	793	1	116	1	0	115	677	0.00126103404792	0.00862068965517	0	0
chr2R	25227454	25227470	tfsite_e50c790ffcde1b59	tflocus_86cf58e1c8d2efd1	25227465	25227462	3	0	3	3	3	3	798	3	203	3	0	200	595	0.00375939849624	0.0147783251232	1	1
chr2R	25227454	25227503	tfsite_107a2634f16d217b	tflocus_dfc8579cb9d7f505	25227477	25227479	2	3	0	3	3	3	795	3	153	3	0	150	642	0.00377358490566	0.0196078431373	1	1
chr2R	25227458	25227471	tfsite_825a9e74558c7b75	tflocus_86cf58e1c8d2efd1	25227465	25227465	4	0	0	1	1	1	799	1	203	1	0	202	596	0.00125156445557	0.00492610837438	0	0
chr2R	25227459	25227490	tfsite_7fcf5e026f11685f	tflocus_dfc8579cb9d7f505	25227477	25227475	3	0	0	1	1	1	792	1	177	1	0	176	615	0.00126262626263	0.00564971751412	0	0
chr2R	25227459	25227513	tfsite_6ec9e4e592904c8c	tflocus_dfc8579cb9d7f505	25227477	25227486	4	0	0	1	1	1	792	1	138	1	0	137	654	0.00126262626263	0.00724637681159	0	0
chr2R	25227465	25227510	tfsite_78dded2a54114b21	tflocus_9ed81f1c05f38fc0	25227495	25227488	1	0	0	1	1	1	795	1	148	1	0	147	647	0.00125786163522	0.00675675675676	0	0
chr2R	25227466	25227499	tfsite_de1dc35c0cf36fbd	tflocus_dfc8579cb9d7f505	25227477	25227483	5	0	0	1	1	1	790	1	166	1	0	165	624	0.00126582278481	0.00602409638554	0	0
chr2R	25227469	25227526	tfsite_d806313b14eaa638	tflocus_9ed81f1c05f38fc0	25227495	25227498	2	0	0	1	1	1	794	1	136	1	0	135	658	0.00125944584383	0.00735294117647	0	0
chr2R	25227472	25227539	tfsite_d65b90557de2a8c3	tflocus_418dd175f8ef7d8b	25227512	25227506	1	0	0	1	1	1	796	1	113	1	0	112	683	0.00125628140704	0.00884955752212	0	0
chr2R	25227478	25227491	tfsite_bbf977a0d914be68	tflocus_dfc8579cb9d7f505	25227477	25227485	6	0	0	1	1	1	799	1	203	1	0	202	596	0.00125156445557	0.00492610837438	0	0
chr2R	25227481	25227510	tfsite_b6486d0df44bf6df	tflocus_9ed81f1c05f38fc0	25227495	25227494	3	1	4	9	9	9	796	8	163	7	1	156	632	0.0100502512563	0.0429447852761	1	1
chr2R	25227481	25227541	tfsite_ed9df32dc24325be	tflocus_418dd175f8ef7d8b	25227512	25227511	2	0	0	1	1	1	800	1	115	1	0	114	685	0.00125	0.00869565217391	0	0
chr2R	25227487	25227550	tfsite_2ade024607931fb6	tflocus_418dd175f8ef7d8b	25227512	25227519	3	0	0	1	1	1	796	1	110	1	0	109	686	0.00125628140704	0.00909090909091	0	0
chr2R	25227491	25227506	tfsite_e6cc7271e95ebc6b	tflocus_9ed81f1c05f38fc0	25227495	25227499	4	0	0	1	1	1	795	1	187	1	0	186	608	0.00125786163522	0.00534759358289	0	0
chr2R	25227491	25227562	tfsite_832cc5efb5aa406d	tflocus_92ae6bf282a791fd	25227527	25227527	1	0	0	1	1	1	798	1	93	1	0	92	705	0.00125313283208	0.010752688172	0	0
chr2R	25227499	25227510	tfsite_3ec42b23afa0a2da	tflocus_418dd175f8ef7d8b	25227512	25227505	4	1	2	3	3	3	802	3	189	3	0	186	613	0.00374064837905	0.015873015873	1	1
chr2R	25227499	25227526	tfsite_eecd4f1df3c7d7cf	tflocus_418dd175f8ef7d8b	25227512	25227513	5	1	0.5	4	4	4	778	4	156	4	0	152	622	0.00514138817481	0.025641025641	1	1
chr2R	25227503	25227517	tfsite_057cd2f74fad86ea	tflocus_418dd175f8ef7d8b	25227512	25227510	6	1	1	4	4	4	768	4	172	4	0	168	596	0.00520833333333	0.0232558139535	1	1
chr2R	25227505	25227541	tfsite_b813c6ad241cc772	tflocus_92ae6bf282a791fd	25227527	25227523	2	0	0	1	1	1	776	1	128	1	0	127	648	0.00128865979381	0.0078125	0	0
chr2R	25227508	25227525	tfsite_aa70f41a7366bcf5	tflocus_418dd175f8ef7d8b	25227512	25227517	7	3	0.5	4	4	4	761	4	163	4	0	159	598	0.00525624178712	0.0245398773006	1	1
chr2R	25227508	25227575	tfsite_c0fc6116af0e6390	tflocus_ea41d7d9d5214203	25227549	25227542	1	0	0	1	1	1	795	1	83	1	0	82	712	0.00125786163522	0.0120481927711	0	0
chr2R	25227510	25227528	tfsite_c2f826a2be5947f1	tflocus_418dd175f8ef7d8b	25227512	25227519	8	0	0	1	1	1	761	1	161	1	0	160	600	0.00131406044678	0.00621118012422	0	0
chr2R	25227513	25227527	tfsite_60ec46a029ff5a2b	tflocus_92ae6bf282a791fd	25227527	25227520	3	0	0	1	1	1	765	1	172	1	0	171	593	0.00130718954248	0.00581395348837	0	0
chr2R	25227519	25227533	tfsite_04293d1e40bd8d48	tflocus_92ae6bf282a791fd	25227527	25227525	4	0.5	0.5	2	2	2	789	2	159	2	0	157	630	0.00253485424588	0.0125786163522	0	0
chr2R	25227525	25227539	tfsite_ece1680eda7bf7af	tflocus_92ae6bf282a791fd	25227527	25227530	5	5	2	6	6	6	792	6	146	6	0	140	646	0.00757575757576	0.041095890411	1	1
chr2R	25227528	25227586	tfsite_6bcc983a6a4084d8	tflocus_ea41d7d9d5214203	25227549	25227557	2	6	3.5	2	2	2	790	2	77	2	0	75	713	0.00253164556962	0.025974025974	0	0
chr2R	25227538	25227555	tfsite_294015f565d7db5d	tflocus_ea41d7d9d5214203	25227549	25227548	3	2	0	3	3	3	794	3	133	3	0	130	661	0.00377833753149	0.0225563909774	1	1
chr2R	25227540	25227594	tfsite_207e8645a7cf2e77	tflocus_b2ec07a95edcaf09	25227571	25227567	1	0	0	1	1	1	794	1	73	1	0	72	721	0.00125944584383	0.013698630137	0	0
chr2R	25227543	25227561	tfsite_5221aaeb96c136ce	tflocus_ea41d7d9d5214203	25227549	25227552	4	1.5	3	2	2	2	788	2	124	2	0	122	664	0.00253807106599	0.0161290322581	0	0
chr2R	25227544	25227602	tfsite_3993897bc7129e6d	tflocus_b2ec07a95edcaf09	25227571	25227573	2	0	0	1	1	1	792	1	69	1	0	68	723	0.00126262626263	0.0144927536232	0	0
chr2R	25227546	25227577	tfsite_7fd5a70c8fbf0eb5	tflocus_b2ec07a95edcaf09	25227571	25227562	3	0	0	1	1	1	791	1	100	1	0	99	691	0.00126422250316	0.01	0	0
chr2R	25227558	25227610	tfsite_6f8b864736f20811	tflocus_20a707245b56bfff	25227587	25227584	1	0	0	1	1	1	781	1	70	1	0	69	711	0.00128040973111	0.0142857142857	0	0
chr2R	25227561	25227578	tfsite_b27b0406152b634b	tflocus_b2ec07a95edcaf09	25227571	25227571	4	3	3.5	6	6	6	790	6	114	5	1	109	675	0.00759493670886	0.0438596491228	1	1
chr2R	25227568	25227586	tfsite_dc7bc3635dd7b79b	tflocus_b2ec07a95edcaf09	25227571	25227578	5	2	2	3	3	3	796	3	107	3	0	104	689	0.00376884422111	0.0280373831776	1	1
chr2R	25227568	25227591	tfsite_f6e0c5deeaed5563	tflocus_20a707245b56bfff	25227587	25227580	2	0	0	1	1	1	800	1	100	1	0	99	700	0.00125	0.01	0	0
chr2R	25227575	25227628	tfsite_066d9383e6b5fdb5	tflocus_b271c224175ccf49	25227602	25227602	1	0	0	1	1	1	794	1	64	1	0	63	730	0.00125944584383	0.015625	0	0
chr2R	25227577	25227596	tfsite_f60e1a7006362774	tflocus_20a707245b56bfff	25227587	25227588	3	1	3	4	4	4	799	4	102	3	1	99	696	0.00500625782228	0.0294117647059	1	1
chr2R	25227598	25227673	tfsite_aeae39fa1b090baf	tflocus_380ac5ebf896acad	25227640	25227635	1	0.5	5	2	2	2	769	2	57	1	1	56	711	0.00260078023407	0.0175438596491	0	0
chr2R	25227601	25227612	tfsite_382fe210146ef059	tflocus_b271c224175ccf49	25227602	25227607	2	0	0	1	1	1	779	1	100	1	0	99	679	0.0012836970475	0.01	0	0
chr2R	25227602	25227638	tfsite_77209c1c53d0014b	tflocus_c63742e94e8cd5b9	25227619	25227620	1	1.5	5	2	2	2	777	2	77	2	0	75	700	0.002574002574	0.025974025974	0	0
chr2R	25227605	25227621	tfsite_5afdf07eb398f2f2	tflocus_c63742e94e8cd5b9	25227619	25227613	2	0	0	1	1	1	752	1	94	1	0	93	658	0.00132978723404	0.0106382978723	0	0
chr2R	25227611	25227680	tfsite_df8574be485a6707	tflocus_380ac5ebf896acad	25227640	25227646	2	0	0	1	1	1	779	1	53	1	0	52	726	0.0012836970475	0.0188679245283	0	0
chr2R	25227617	25227676	tfsite_c8fbf495f088ec2b	tflocus_380ac5ebf896acad	25227640	25227647	3	3	3	2	2	2	770	2	61	2	0	59	709	0.0025974025974	0.0327868852459	0	0
chr2R	25227620	25227644	tfsite_0eabc0bf624c914b	tflocus_380ac5ebf896acad	25227640	25227632	4	0	0	1	1	1	788	1	85	1	0	84	703	0.00126903553299	0.0117647058824	0	0
chr2R	25227622	25227691	tfsite_fe4e33537603a437	tflocus_12957f2a47b825c9	25227659	25227657	1	0	0	1	1	1	783	1	56	1	0	55	727	0.00127713920817	0.0178571428571	0	0
chr2R	25227624	25227701	tfsite_1898dd48211ce6ab	tflocus_12957f2a47b825c9	25227659	25227663	2	0	0	1	1	1	779	1	51	1	0	50	728	0.0012836970475	0.0196078431373	0	0
chr2R	25227628	25227650	tfsite_50fc4012f056d16f	tflocus_380ac5ebf896acad	25227640	25227640	5	0	0	20	19	19	787	20	91	20	0	71	696	0.0254129606099	0.21978021978	1	1
chr2R	25227628	25227673	tfsite_61f62fd122cb3503	tflocus_12957f2a47b825c9	25227659	25227651	3	0	0	1	1	1	764	1	72	1	0	71	692	0.00130890052356	0.0138888888889	0	0
chr2R	25227631	25227663	tfsite_d5012ea8bedccd23	tflocus_380ac5ebf896acad	25227640	25227647	6	0	0	1	1	1	776	1	85	1	0	84	691	0.00128865979381	0.0117647058824	0	0
chr2R	25227631	25227688	tfsite_801454a2d5e3ba84	tflocus_12957f2a47b825c9	25227659	25227660	4	0	0	1	1	1	776	1	66	1	0	65	710	0.00128865979381	0.0151515151515	0	0
chr2R	25227635	25227709	tfsite_a1ca4294b7cfa49d	tflocus_1081133c8eca6b55	25227677	25227672	1	1	0	2	2	2	780	2	54	2	0	52	726	0.0025641025641	0.037037037037	0	0
chr2R	25227638	25227654	tfsite_cd759f81b57251f1	tflocus_380ac5ebf896acad	25227640	25227646	7	0	0	1	1	1	764	1	96	1	0	95	668	0.00130890052356	0.0104166666667	0	0
chr2R	25227642	25227660	tfsite_ee2795a49c8594e6	tflocus_12957f2a47b825c9	25227659	25227651	5	0	0	1	1	1	761	1	95	1	0	94	666	0.00131406044678	0.0105263157895	0	0
chr2R	25227642	25227714	tfsite_4b145646b318b86b	tflocus_1081133c8eca6b55	25227677	25227678	2	0	0	1	1	1	783	1	47	1	0	46	736	0.00127713920817	0.0212765957447	0	0
chr2R	25227646	25227676	tfsite_c6a4d7281bcf6644	tflocus_12957f2a47b825c9	25227659	25227661	6	1	0	2	2	2	756	2	82	2	0	80	674	0.0026455026455	0.0243902439024	0	0
chr2R	25227647	25227669	tfsite_9e12b5a8d340b00f	tflocus_12957f2a47b825c9	25227659	25227658	7	0	0	3	3	3	783	3	91	3	0	88	692	0.00383141762452	0.032967032967	1	1
chr2R	25227662	25227691	tfsite_01fe66321df28f4a	tflocus_1081133c8eca6b55	25227677	25227676	3	4.5	3	3	2	2	766	2	103	2	0	101	663	0.00261096605744	0.0194174757282	0	0
chr2R	25227667	25227694	tfsite_8536f6ac718f75cd	tflocus_1081133c8eca6b55	25227677	25227680	4	0.5	0	2	2	2	771	2	97	2	0	95	674	0.00259403372244	0.020618556701	0	0
chr2R	25227673	25227735	tfsite_ab67f534f94e486c	tflocus_c1137f670cdf1473	25227699	25227704	1	0	0	1	1	1	772	1	42	1	0	41	730	0.00129533678756	0.0238095238095	0	0
chr2R	25227680	25227706	tfsite_ba783ebad224d8d3	tflocus_c1137f670cdf1473	25227699	25227693	2	1	0.5	2	2	2	789	2	90	2	0	88	699	0.00253485424588	0.0222222222222	0	0
chr2R	25227684	25227717	tfsite_39430e3dc723bedb	tflocus_c1137f670cdf1473	25227699	25227701	3	0	0	1	1	1	788	1	66	1	0	65	722	0.00126903553299	0.0151515151515	0	0
chr2R	25227691	25227723	tfsite_8c8539d5b4239e1a	tflocus_c1137f670cdf1473	25227699	25227707	4	1.5	5.5	3	2	2	791	2	69	2	0	67	722	0.00252844500632	0.0289855072464	0	0
chr2R	25227692	25227704	tfsite_a14cb5c850c54b51	tflocus_c1137f670cdf1473	25227699	25227699	5	1	1	7	7	7	791	7	117	7	0	110	674	0.00884955752212	0.0598290598291	1	1
chr2R	25227695	25227754	tfsite_d0715bad7205bc80	tflocus_92ad56b434ffae35	25227720	25227725	1	0	0	1	1	1	783	1	34	1	0	33	749	0.00127713920817	0.0294117647059	0	0
chr2R	25227700	25227731	tfsite_0ddf009ba1f05c35	tflocus_92ad56b434ffae35	25227720	25227715	2	0.5	3.5	2	2	2	791	2	64	2	0	62	727	0.00252844500632	0.03125	0	0
chr2R	25227709	25227766	tfsite_c26916e2583a47fc	tflocus_8ca65d190b918409	25227738	25227738	1	0	0	1	1	1	780	1	37	1	0	36	743	0.00128205128205	0.027027027027	0	0
chr2R	25227714	25227726	tfsite_a547ffa0f97cbe95	tflocus_92ad56b434ffae35	25227720	25227720	3	0	1	2	2	2	792	2	89	2	0	87	703	0.00252525252525	0.0224719101124	0	0
chr2R	25227714	25227787	tfsite_879a5e6fabc6f4dc	tflocus_beb5a83f6ddc91df	25227758	25227751	1	0	0	1	1	1	785	1	32	1	0	31	753	0.00127388535032	0.03125	0	0
chr2R	25227714	25227800	tfsite_d0aaefde17d13645	tflocus_beb5a83f6ddc91df	25227758	25227757	2	0	0	3	3	3	789	3	28	0	3	28	758	0.00380228136882	0	1	1
chr2R	25227722	25227759	tfsite_7d53fc41e43810f1	tflocus_8ca65d190b918409	25227738	25227740	2	2.5	0.5	2	2	2	776	2	49	2	0	47	727	0.00257731958763	0.0408163265306	0	0
chr2R	25227724	25227739	tfsite_db71f685b5a4d264	tflocus_8ca65d190b918409	25227738	25227731	3	1.5	2.5	2	2	2	784	2	74	2	0	72	710	0.00255102040816	0.027027027027	0	0
chr2R	25227727	25227749	tfsite_22a4e8dee82bfca7	tflocus_8ca65d190b918409	25227738	25227738	4	2.5	2.5	5	5	5	780	5	58	5	0	53	722	0.00641025641026	0.0862068965517	1	1
chr2R	25227732	25227790	tfsite_36f3857fa898f8d4	tflocus_beb5a83f6ddc91df	25227758	25227761	3	0	0	2	2	2	774	2	33	2	0	31	741	0.00258397932817	0.0606060606061	0	0
chr2R	25227736	25227764	tfsite_8d58d0c9becd457a	tflocus_beb5a83f6ddc91df	25227758	25227750	4	0	0	1	1	1	774	1	47	1	0	46	727	0.00129198966408	0.0212765957447	0	0
chr2R	25227739	25227822	tfsite_7b8901ce9a8ca694	tflocus_1e991e59e00177ef	25227780	25227781	1	0	0	1	1	1	787	1	24	1	0	23	763	0.0012706480305	0.0416666666667	0	0
chr2R	25227740	25227751	tfsite_d4e0280500fbfa00	tflocus_8ca65d190b918409	25227738	25227746	5	0	0	1	1	1	776	1	60	1	0	59	716	0.00128865979381	0.0166666666667	0	0
chr2R	25227760	25227800	tfsite_1d252be2e07a8e19	tflocus_1e991e59e00177ef	25227780	25227780	2	0	0	1	1	1	788	1	39	1	0	38	749	0.00126903553299	0.025641025641	0	0
chr2R	25227760	25227819	tfsite_d8f7e4cacb1ec43b	tflocus_1e991e59e00177ef	25227780	25227790	3	0	0	1	1	1	775	1	29	1	0	28	746	0.00129032258065	0.0344827586207	0	0
chr2R	25227773	25227843	tfsite_5bf7161bf1d4dd72	tflocus_3caf086503cdaf3b	25227802	25227808	1	0	0	1	1	1	784	1	27	1	0	26	757	0.00127551020408	0.037037037037	0	0
chr2R	25227774	25227800	tfsite_4f6d1439a37c0d9d	tflocus_1e991e59e00177ef	25227780	25227787	4	1	0	3	3	3	788	3	51	3	0	48	737	0.00380710659898	0.0588235294118	1	1
chr2R	25227783	25227823	tfsite_872e92c934b9b62c	tflocus_3caf086503cdaf3b	25227802	25227803	2	0	0	2	1	1	785	1	48	1	0	47	737	0.00127388535032	0.0208333333333	0	0
chr2R	25227789	25227829	tfsite_5a714253d0f5e99d	tflocus_2a7c5189c557f37d	25227814	25227809	1	0	0	1	1	1	779	1	47	1	0	46	732	0.0012836970475	0.0212765957447	0	0
chr2R	25227794	25227807	tfsite_14c631b886a4edbe	tflocus_3caf086503cdaf3b	25227802	25227800	3	2	0.5	5	5	5	756	5	69	5	0	64	687	0.00661375661376	0.0724637681159	1	1
chr2R	25227799	25227813	tfsite_4e4599b1b24be701	tflocus_3caf086503cdaf3b	25227802	25227805	4	1.5	2.5	2	2	2	761	2	62	2	0	60	699	0.00262812089356	0.0322580645161	0	0
chr2R	25227803	25227827	tfsite_c362281cc1145969	tflocus_2a7c5189c557f37d	25227814	25227815	2	3.5	1.5	2	2	2	772	2	69	2	0	67	703	0.00259067357513	0.0289855072464	0	0
chr2R	25227811	25227879	tfsite_ffd7efe7a1aeacfb	tflocus_18161598ea79d772	25227836	25227845	1	0	0	1	1	1	778	1	34	1	0	33	744	0.0012853470437	0.0294117647059	0	0
chr2R	25227824	25227850	tfsite_bd85d700f73cc529	tflocus_18161598ea79d772	25227836	25227836	2	3	1	3	3	3	788	3	70	3	0	67	718	0.00380710659898	0.0428571428571	1	1
chr2R	25227828	25227884	tfsite_6f48baaa86a5bbf2	tflocus_204c0758a0bab128	25227859	25227856	1	0	3	2	2	2	782	2	46	2	0	44	736	0.00255754475703	0.0434782608696	0	0
chr2R	25227828	25227892	tfsite_75c808e535902b4a	tflocus_204c0758a0bab128	25227859	25227861	2	1	1	4	4	4	786	4	41	4	0	37	745	0.00508905852417	0.0975609756098	1	1
chr2R	25227841	25227865	tfsite_f897565f67967297	tflocus_204c0758a0bab128	25227859	25227853	3	0	0	1	1	1	785	1	87	1	0	86	698	0.00127388535032	0.0114942528736	0	0
chr2R	25227841	25227875	tfsite_714e0f353574cd89	tflocus_204c0758a0bab128	25227859	25227858	4	0	0	1	1	1	781	1	71	1	0	70	710	0.00128040973111	0.0140845070423	0	0
chr2R	25227842	25227849	tfsite_972be573722a620d	tflocus_18161598ea79d772	25227836	25227846	3	0	0	1	1	1	793	1	117	1	0	116	676	0.00126103404792	0.00854700854701	0	0
chr2R	25227842	25227911	tfsite_c6d74e79125c3c6b	tflocus_f7ae6409314f0ad5	25227875	25227877	1	0	0	1	1	1	784	1	44	1	0	43	740	0.00127551020408	0.0227272727273	0	0
chr2R	25227843	25227903	tfsite_9fe08f836a8a49c1	tflocus_f7ae6409314f0ad5	25227875	25227873	2	0.5	3	2	2	2	788	2	48	2	0	46	740	0.00253807106599	0.0416666666667	0	0
chr2R	25227863	25227908	tfsite_98437f12439d1f51	tflocus_c61a03cb76d1ce4e	25227886	25227886	1	0	0	1	1	1	780	1	50	1	0	49	730	0.00128205128205	0.02	0	0
chr2R	25227864	25227888	tfsite_da2932fbf2c81549	tflocus_f7ae6409314f0ad5	25227875	25227876	3	4	3.5	2	2	2	782	2	80	2	0	78	702	0.00255754475703	0.025	0	0
chr2R	25227872	25227947	tfsite_3204edd12dea3518	tflocus_b500201c5365a630	25227913	25227909	1	4	3.5	2	2	2	789	2	30	1	1	29	758	0.00253485424588	0.0333333333333	0	0
chr2R	25227878	25227895	tfsite_30f348fd93b3b031	tflocus_c61a03cb76d1ce4e	25227886	25227886	2	0	1.5	3	2	2	770	2	86	2	0	84	684	0.0025974025974	0.0232558139535	0	0
chr2R	25227878	25227906	tfsite_c2a28bc049d196ab	tflocus_c61a03cb76d1ce4e	25227886	25227890	3	3.5	4.5	3	3	3	782	3	62	3	0	59	720	0.00383631713555	0.0483870967742	1	1
chr2R	25227890	25227915	tfsite_bfa6d2fe547de40b	tflocus_fe9420b4af12b011	25227902	25227904	1	0	4	3	3	3	771	3	69	3	0	66	702	0.00389105058366	0.0434782608696	1	1
chr2R	25227892	25227935	tfsite_c1357b7de0af179e	tflocus_b500201c5365a630	25227913	25227914	2	0	0	1	1	1	793	1	42	1	0	41	751	0.00126103404792	0.0238095238095	0	0
chr2R	25227894	25227907	tfsite_0f472af0358fd71b	tflocus_fe9420b4af12b011	25227902	25227900	2	1.5	0.5	4	4	4	790	4	80	3	1	77	709	0.00506329113924	0.0375	1	1
chr2R	25227896	25227963	tfsite_73a731d45b2a00dc	tflocus_9785493505be637f	25227936	25227930	1	0	0	1	1	1	790	1	33	1	0	32	757	0.00126582278481	0.030303030303	0	0
chr2R	25227906	25227919	tfsite_1e578c1c88b58466	tflocus_b500201c5365a630	25227913	25227913	3	0	0	2	1	1	766	1	84	1	0	83	682	0.00130548302872	0.0119047619048	0	0
chr2R	25227911	25227924	tfsite_d06eb6b4d452a95c	tflocus_b500201c5365a630	25227913	25227918	4	0	0	1	1	1	774	1	88	1	0	87	686	0.00129198966408	0.0113636363636	0	0
chr2R	25227911	25227958	tfsite_dd50d6da4ca0d1bd	tflocus_9785493505be637f	25227936	25227935	2	0	0	1	1	1	784	1	48	1	0	47	736	0.00127551020408	0.0208333333333	0	0
chr2R	25227914	25227940	tfsite_967fefdaba18a169	tflocus_9785493505be637f	25227936	25227927	3	1.5	3	2	2	2	778	2	59	2	0	57	719	0.0025706940874	0.0338983050847	0	0
chr2R	25227926	25227990	tfsite_a66e940951276606	tflocus_b7ec6497266ca078	25227960	25227958	1	0	0	1	1	1	788	1	31	1	0	30	757	0.00126903553299	0.0322580645161	0	0
chr2R	25227927	25227940	tfsite_bacfb722e797014b	tflocus_9785493505be637f	25227936	25227934	4	0	0	1	1	1	791	1	72	1	0	71	719	0.00126422250316	0.0138888888889	0	0
chr2R	25227932	25227945	tfsite_6ceccbd4cfdd36de	tflocus_9785493505be637f	25227936	25227939	5	4	0	3	3	3	790	3	72	2	1	70	717	0.00379746835443	0.0277777777778	1	1
chr2R	25227934	25227965	tfsite_6cf4afc224b75139	tflocus_3f42af835a207ecc	25227948	25227949	1	4	1.5	2	2	2	787	2	56	2	0	54	731	0.00254129606099	0.0357142857143	0	0
chr2R	25227942	25227977	tfsite_e71358c0258ce34a	tflocus_b7ec6497266ca078	25227960	25227960	2	0	0	1	1	1	778	1	49	1	0	48	729	0.0012853470437	0.0204081632653	0	0
chr2R	25227958	25228035	tfsite_f7f3756a18e72940	tflocus_dec3207febe93365	25227996	25227997	1	0	0	1	1	1	785	1	24	1	0	23	761	0.00127388535032	0.0416666666667	0	0
chr2R	25227959	25227971	tfsite_9c3e8a031c00b041	tflocus_b7ec6497266ca078	25227960	25227965	3	0	0	1	1	1	792	1	88	1	0	87	704	0.00126262626263	0.0113636363636	0	0
chr2R	25227960	25228027	tfsite_d2e3bfdc2f53b99e	tflocus_dec3207febe93365	25227996	25227994	2	2	3	5	5	5	787	5	26	5	0	21	761	0.00635324015248	0.192307692308	1	1
chr2R	25227962	25228007	tfsite_4bb11af08945acee	tflocus_4a47a41f3a95cad7	25227982	25227984	1	2.5	1.5	2	2	2	776	2	35	2	0	33	741	0.00257731958763	0.0571428571429	0	0
chr2R	25227964	25228034	tfsite_d6d01dde8e72daa9	tflocus_dec3207febe93365	25227996	25227999	3	1.5	2	2	2	2	784	2	26	2	0	24	758	0.00255102040816	0.0769230769231	0	0
chr2R	25227974	25228007	tfsite_61acbca8f1d09126	tflocus_dec3207febe93365	25227996	25227991	4	0	0	1	1	1	765	1	43	1	0	42	722	0.00130718954248	0.0232558139535	0	0
chr2R	25227981	25228014	tfsite_0a71684e7c747b60	tflocus_dec3207febe93365	25227996	25227998	5	0	0	1	1	1	767	1	39	1	0	38	728	0.0013037809648	0.025641025641	0	0
chr2R	25227984	25228047	tfsite_014e660fea4abcde	tflocus_e5e84dea66b04efc	25228018	25228016	1	0	0	1	1	1	790	1	32	1	0	31	758	0.00126582278481	0.03125	0	0
chr2R	25227986	25228027	tfsite_513ca77ec0c99407	tflocus_e10c36ebcede5a09	25228007	25228006	1	0.5	0.5	2	2	2	783	2	36	2	0	34	747	0.00255427841635	0.0555555555556	0	0
chr2R	25228003	25228038	tfsite_46b8ddce60633c13	tflocus_e5e84dea66b04efc	25228018	25228021	2	0	0	2	2	2	786	2	40	2	0	38	746	0.00254452926209	0.05	0	0
chr2R	25228007	25228023	tfsite_9c59924d5409cb7d	tflocus_e5e84dea66b04efc	25228018	25228015	3	3.5	3	2	2	2	788	2	52	2	0	50	736	0.00253807106599	0.0384615384615	0	0
chr2R	25228010	25228027	tfsite_63747bcf5443c74d	tflocus_e5e84dea66b04efc	25228018	25228019	4	0	0	11	11	11	787	11	52	11	0	41	735	0.0139771283355	0.211538461538	1	1
chr2R	25228014	25228048	tfsite_9c1637091a9c3e72	tflocus_81c9861515ce4740	25228035	25228035	1	2	1	3	3	3	789	3	43	3	0	40	746	0.00380228136882	0.0697674418605	1	1
chr2R	25228022	25228061	tfsite_ad1dc8202ccc5f11	tflocus_81c9861515ce4740	25228035	25228042	2	0	0	2	1	1	787	2	43	1	1	42	743	0.00254129606099	0.0232558139535	0	0
chr2R	25228035	25228108	tfsite_c777eed24023aa5d	tflocus_bb605d951820f11b	25228071	25228071	1	2.5	4	2	2	2	785	2	36	1	1	35	748	0.00254777070064	0.0277777777778	0	0
chr2R	25228045	25228056	tfsite_3021c123bb48bf90	tflocus_4207ba3329766782	25228051	25228051	1	0	0	1	1	1	787	1	108	1	0	107	679	0.0012706480305	0.00925925925926	0	0
chr2R	25228048	25228131	tfsite_3a9ba8516ce612bd	tflocus_65bafa30bcd4afff	25228089	25228090	1	0	0	1	1	1	785	1	28	0	1	28	756	0.00127388535032	0	0	0
chr2R	25228052	25228118	tfsite_20f57a44caae9ff4	tflocus_65bafa30bcd4afff	25228089	25228085	2	2	0.5	2	2	2	787	2	36	2	0	34	751	0.00254129606099	0.0555555555556	0	0
chr2R	25228054	25228077	tfsite_174094b8aa587705	tflocus_bb605d951820f11b	25228071	25228064	2	3	2	3	3	3	791	3	89	3	0	86	702	0.00379266750948	0.0337078651685	1	1
chr2R	25228062	25228074	tfsite_05e807cdbd90922f	tflocus_bb605d951820f11b	25228071	25228068	3	0	0	1	1	1	769	1	104	1	0	103	665	0.00130039011704	0.00961538461538	0	0
chr2R	25228064	25228081	tfsite_ac8fb5b09a371702	tflocus_bb605d951820f11b	25228071	25228072	4	3.5	3	2	2	2	766	2	97	2	0	95	669	0.00261096605744	0.020618556701	0	0
chr2R	25228068	25228096	tfsite_72560e80d4b150b5	tflocus_65bafa30bcd4afff	25228089	25228082	3	0	0	1	1	1	783	1	78	1	0	77	705	0.00127713920817	0.0128205128205	0	0
chr2R	25228079	25228142	tfsite_6e449e332ba62fbc	tflocus_e081f5d72fa8144d	25228116	25228110	1	2	3.5	2	2	2	784	2	37	2	0	35	747	0.00255102040816	0.0540540540541	0	0
chr2R	25228082	25228095	tfsite_58104177d5d44826	tflocus_65bafa30bcd4afff	25228089	25228089	4	0	0	1	1	1	779	1	109	1	0	108	670	0.0012836970475	0.00917431192661	0	0
chr2R	25228085	25228131	tfsite_fd9f641ad825062e	tflocus_3a92c6cc4f6eaba1	25228103	25228107	1	1.5	3	4	4	4	783	4	52	4	0	48	731	0.00510855683269	0.0769230769231	1	1
chr2R	25228085	25228163	tfsite_bfe5d2c225a2afb5	tflocus_2297717986177c88	25228128	25228124	1	0	0	1	1	1	781	1	38	1	0	37	743	0.00128040973111	0.0263157894737	0	0
chr2R	25228086	25228098	tfsite_14b73041d545e115	tflocus_65bafa30bcd4afff	25228089	25228092	5	1	0.5	2	2	2	782	2	110	2	0	108	672	0.00255754475703	0.0181818181818	0	0
chr2R	25228091	25228138	tfsite_5bf8036cbd5ea96a	tflocus_e081f5d72fa8144d	25228116	25228114	2	2	5.5	4	4	4	786	4	51	4	0	47	735	0.00508905852417	0.078431372549	1	1
chr2R	25228097	25228164	tfsite_48f120259c70d2ed	tflocus_2297717986177c88	25228128	25228131	2	0	0	1	1	1	783	1	45	1	0	44	738	0.00127713920817	0.0222222222222	0	0
chr2R	25228109	25228125	tfsite_b7da54f3a39ef5fd	tflocus_e081f5d72fa8144d	25228116	25228117	3	0	1	8	8	8	786	8	94	8	0	86	692	0.0101781170483	0.0851063829787	1	1
chr2R	25228109	25228146	tfsite_6cf2c18ee6e4c93e	tflocus_2297717986177c88	25228128	25228128	3	0	0	1	1	1	782	1	67	1	0	66	715	0.00127877237852	0.0149253731343	0	0
chr2R	25228109	25228168	tfsite_ee93bfbf7f827e52	tflocus_99ccf62115f69b08	25228144	25228139	1	0	0	1	1	1	782	1	50	1	0	49	732	0.00127877237852	0.02	0	0
chr2R	25228112	25228169	tfsite_48db0ab6188de1b9	tflocus_99ccf62115f69b08	25228144	25228140	2	3	4.5	2	2	2	782	2	52	2	0	50	730	0.00255754475703	0.0384615384615	0	0
chr2R	25228115	25228151	tfsite_33619f1414103f24	tflocus_2297717986177c88	25228128	25228133	4	0	0	1	1	1	778	1	69	1	0	68	709	0.0012853470437	0.0144927536232	0	0
chr2R	25228117	25228178	tfsite_a50bb99a1a4ff7df	tflocus_99ccf62115f69b08	25228144	25228148	3	0	0	1	1	1	789	1	41	1	0	40	748	0.00126742712294	0.0243902439024	0	0
chr2R	25228125	25228153	tfsite_e37729a57873da10	tflocus_99ccf62115f69b08	25228144	25228139	4	0	0	1	1	1	779	1	76	1	0	75	703	0.0012836970475	0.0131578947368	0	0
chr2R	25228128	25228144	tfsite_14ff81b35cefc8a8	tflocus_2297717986177c88	25228128	25228136	5	0	0	1	1	1	781	1	90	1	0	89	691	0.00128040973111	0.0111111111111	0	0
chr2R	25228131	25228164	tfsite_2076c506bb62b56b	tflocus_99ccf62115f69b08	25228144	25228145	5	1.5	1.5	11	11	11	778	11	72	11	0	61	706	0.0141388174807	0.152777777778	1	1
chr2R	25228131	25228173	tfsite_caaa7a68ee01c90a	tflocus_99ccf62115f69b08	25228144	25228152	6	0	0	1	1	1	786	1	64	1	0	63	722	0.00127226463104	0.015625	0	0
chr2R	25228141	25228174	tfsite_af939ff13c8072ba	tflocus_631d2ad9954d0bc4	25228168	25228158	1	0	0	1	1	1	780	1	72	1	0	71	708	0.00128205128205	0.0138888888889	0	0
chr2R	25228161	25228189	tfsite_4584d2774485a678	tflocus_631d2ad9954d0bc4	25228168	25228175	2	2	4	2	2	2	790	2	65	2	0	63	725	0.00253164556962	0.0307692307692	0	0
chr2R	25228163	25228173	tfsite_d9618ffdd733a61b	tflocus_631d2ad9954d0bc4	25228168	25228168	3	0	0	4	4	4	791	4	99	4	0	95	692	0.00505689001264	0.040404040404	1	1
chr2R	25228170	25228210	tfsite_fe393095d0df2878	tflocus_b7dfbd4fcb36c37e	25228190	25228190	1	3	3.5	2	2	2	787	2	53	2	0	51	734	0.00254129606099	0.0377358490566	0	0
chr2R	25228173	25228191	tfsite_a81bf6b93dbac4cc	tflocus_b7dfbd4fcb36c37e	25228190	25228182	2	0	0	1	1	1	784	1	76	1	0	75	708	0.00127551020408	0.0131578947368	0	0
chr2R	25228179	25228221	tfsite_dbd00647277530cf	tflocus_7f4659dca537c5d7	25228209	25228200	1	0	0	1	1	1	784	1	53	1	0	52	731	0.00127551020408	0.0188679245283	0	0
chr2R	25228186	25228206	tfsite_b2dc23e703ce8674	tflocus_b7dfbd4fcb36c37e	25228190	25228196	3	0	0	1	1	1	782	1	67	1	0	66	715	0.00127877237852	0.0149253731343	0	0
chr2R	25228188	25228263	tfsite_fb18755677491c72	tflocus_148ee2b88f8174c9	25228225	25228226	1	0	0	1	1	1	783	1	29	1	0	28	754	0.00127713920817	0.0344827586207	0	0
chr2R	25228198	25228228	tfsite_a834b394ca40da8a	tflocus_7f4659dca537c5d7	25228209	25228209	2	2.5	6	2	2	2	782	2	52	2	0	50	730	0.00255754475703	0.0384615384615	0	0
chr2R	25228203	25228241	tfsite_d943f8b18e5ae05f	tflocus_148ee2b88f8174c9	25228225	25228221	2	2.5	0.5	2	2	2	780	2	40	2	0	38	740	0.0025641025641	0.05	0	0
chr2R	25228209	25228286	tfsite_754f68b349d2c1bb	tflocus_153d5e72c3af20ff	25228253	25228248	1	0	0	1	1	1	787	1	32	1	0	31	755	0.0012706480305	0.03125	0	0
chr2R	25228218	25228235	tfsite_587dea8ed6db316a	tflocus_148ee2b88f8174c9	25228225	25228227	3	0	0	2	1	1	778	2	66	1	1	65	711	0.0025706940874	0.0151515151515	0	0
chr2R	25228218	25228252	tfsite_f21ea29f0cb551e3	tflocus_9903c69394fb7963	25228240	25228235	1	0	4.5	2	2	2	776	2	55	2	0	53	721	0.00257731958763	0.0363636363636	0	0
chr2R	25228221	25228285	tfsite_c13f1cb55dbedf53	tflocus_153d5e72c3af20ff	25228253	25228253	2	0	0	3	3	3	785	3	39	3	0	36	746	0.00382165605096	0.0769230769231	1	1
chr2R	25228221	25228308	tfsite_0a07e985064d8a8a	tflocus_bf21036b2d5b6069	25228267	25228265	1	0	0	1	1	1	786	1	35	0	1	35	750	0.00127226463104	0	0	0
chr2R	25228226	25228261	tfsite_9229abe08058c2d7	tflocus_9903c69394fb7963	25228240	25228243	2	4.5	2.5	2	2	2	773	2	60	2	0	58	713	0.0025873221216	0.0333333333333	0	0
chr2R	25228236	25228244	tfsite_1a5b1549753a3713	tflocus_9903c69394fb7963	25228240	25228240	3	0	0	3	3	3	769	3	82	3	0	79	687	0.00390117035111	0.0365853658537	1	1
chr2R	25228236	25228263	tfsite_75b7530be39d996c	tflocus_153d5e72c3af20ff	25228253	25228250	3	0	0	1	1	1	776	1	64	1	0	63	712	0.00128865979381	0.015625	0	0
chr2R	25228248	25228312	tfsite_686bae11a6b0e051	tflocus_9daa7bd0bca64367	25228279	25228280	1	0	0	1	1	1	788	1	47	1	0	46	741	0.00126903553299	0.0212765957447	0	0
chr2R	25228253	25228285	tfsite_116d2998dd7c12d9	tflocus_bf21036b2d5b6069	25228267	25228269	2	0	0	1	1	1	786	1	63	1	0	62	723	0.00127226463104	0.015873015873	0	0
chr2R	25228261	25228314	tfsite_3c93c8836ffd67b1	tflocus_18118421f52dba73	25228291	25228287	1	3	1.5	2	2	2	786	2	52	2	0	50	734	0.00254452926209	0.0384615384615	0	0
chr2R	25228261	25228331	tfsite_54d49c05990c556d	tflocus_18118421f52dba73	25228291	25228296	2	0	0	1	1	1	783	1	43	1	0	42	740	0.00127713920817	0.0232558139535	0	0
chr2R	25228261	25228347	tfsite_5c35728444281dfe	tflocus_54400bcdac618b86	25228302	25228304	1	0	0	1	1	1	786	1	39	0	1	39	746	0.00127226463104	0	0	0
chr2R	25228264	25228295	tfsite_708bdc0feb4d8f15	tflocus_9daa7bd0bca64367	25228279	25228279	2	3.5	4.5	3	2	2	778	3	66	3	0	63	712	0.00385604113111	0.0454545454545	0	1
chr2R	25228274	25228294	tfsite_bd6d86b8f3d915df	tflocus_9daa7bd0bca64367	25228279	25228284	3	0	0	1	1	1	780	1	84	1	0	83	696	0.00128205128205	0.0119047619048	0	0
chr2R	25228280	25228303	tfsite_37971dfcfa7c37c3	tflocus_18118421f52dba73	25228291	25228291	3	3	3.5	7	7	7	781	7	81	7	0	74	700	0.0089628681178	0.0864197530864	1	1
chr2R	25228283	25228322	tfsite_45ebbf7244b2ece2	tflocus_54400bcdac618b86	25228302	25228302	2	1	1.5	3	3	3	775	3	69	3	0	66	706	0.00387096774194	0.0434782608696	1	1
chr2R	25228289	25228312	tfsite_a6ddce0e32bf84c0	tflocus_54400bcdac618b86	25228302	25228300	3	3	2	3	3	3	786	3	78	3	0	75	708	0.00381679389313	0.0384615384615	1	1
chr2R	25228295	25228325	tfsite_e649e736e4bd5339	tflocus_54400bcdac618b86	25228302	25228310	4	4	3	2	2	2	787	2	83	2	0	81	704	0.00254129606099	0.0240963855422	0	0
chr2R	25228303	25228339	tfsite_2f2097cff8511662	tflocus_2b5dbfe8c6f53edf	25228324	25228321	1	0	0	1	1	1	782	1	78	1	0	77	704	0.00127877237852	0.0128205128205	0	0
chr2R	25228310	25228323	tfsite_e8e49de843443c09	tflocus_2b5dbfe8c6f53edf	25228324	25228317	2	0	0	1	1	1	781	1	116	1	0	115	665	0.00128040973111	0.00862068965517	0	0
chr2R	25228317	25228333	tfsite_1f23131b2e594110	tflocus_2b5dbfe8c6f53edf	25228324	25228325	3	3	3.5	6	6	6	786	6	114	6	0	108	672	0.00763358778626	0.0526315789474	1	1
chr2R	25228321	25228348	tfsite_f3c506a10239e21f	tflocus_484a025efb50289e	25228335	25228335	1	0	0	1	1	1	777	1	95	1	0	94	682	0.001287001287	0.0105263157895	0	0
chr2R	25228325	25228393	tfsite_e110642846d6a0f6	tflocus_81555aa17e14e019	25228355	25228359	1	0	0	1	1	1	783	1	43	1	0	42	740	0.00127713920817	0.0232558139535	0	0
chr2R	25228331	25228345	tfsite_fff56bfc551d179d	tflocus_484a025efb50289e	25228335	25228339	2	1	2	6	5	5	779	6	119	6	0	113	660	0.00770218228498	0.0504201680672	1	1
chr2R	25228341	25228406	tfsite_feed7a8c96fae7be	tflocus_d4fa58551aad1b91	25228376	25228374	1	0	0	1	1	1	777	1	32	1	0	31	745	0.001287001287	0.03125	0	0
chr2R	25228344	25228364	tfsite_e1410f70532aab1c	tflocus_81555aa17e14e019	25228355	25228354	2	2.5	2	2	2	2	782	2	98	2	0	96	684	0.00255754475703	0.0204081632653	0	0
chr2R	25228352	25228377	tfsite_818143dddf68ac6c	tflocus_81555aa17e14e019	25228355	25228365	3	0	0	1	1	1	785	1	91	1	0	90	694	0.00127388535032	0.010989010989	0	0
chr2R	25228354	25228388	tfsite_6ce78f34f8301166	tflocus_d4fa58551aad1b91	25228376	25228371	2	0.5	1	3	2	2	780	2	74	2	0	72	706	0.0025641025641	0.027027027027	0	0
chr2R	25228357	25228401	tfsite_430a80e66d4f54a7	tflocus_d4fa58551aad1b91	25228376	25228380	3	3	3	3	3	3	782	3	50	3	0	47	732	0.00383631713555	0.06	1	1
chr2R	25228361	25228393	tfsite_bcd523c9c4ae9ca5	tflocus_d4fa58551aad1b91	25228376	25228377	4	1.5	0	2	2	2	781	2	67	2	0	65	714	0.00256081946223	0.0298507462687	0	0
chr2R	25228366	25228381	tfsite_effec90c796ae445	tflocus_d4fa58551aad1b91	25228376	25228374	5	0	0	2	1	1	784	1	98	1	0	97	686	0.00127551020408	0.0102040816327	0	0
chr2R	25228378	25228439	tfsite_b98215ec6e105cd2	tflocus_b089284732afca36	25228407	25228409	1	0	0	1	1	1	777	1	25	1	0	24	752	0.001287001287	0.04	0	0
chr2R	25228387	25228406	tfsite_b1585c144a28baf1	tflocus_38f9d77e6d1c5fed	25228392	25228397	1	2	3.5	4	4	4	762	4	59	4	0	55	703	0.00524934383202	0.0677966101695	1	1
chr2R	25228390	25228415	tfsite_5f69c1b97953ab7e	tflocus_b089284732afca36	25228407	25228402	2	1.5	1.5	2	2	2	772	2	54	2	0	52	718	0.00259067357513	0.037037037037	0	0
chr2R	25228392	25228442	tfsite_a60b35fcb9c2446b	tflocus_3a1de01d249bc769	25228424	25228417	1	0	0	1	1	1	775	1	30	1	0	29	745	0.00129032258065	0.0333333333333	0	0
chr2R	25228398	25228414	tfsite_496c138f6d0f39d5	tflocus_b089284732afca36	25228407	25228406	3	0	4	4	3	3	756	4	63	4	0	59	693	0.00529100529101	0.0634920634921	1	1
chr2R	25228408	25228418	tfsite_afcc462dc6444cf0	tflocus_b089284732afca36	25228407	25228413	4	0	2	3	3	3	782	3	68	3	0	65	714	0.00383631713555	0.0441176470588	1	1
chr2R	25228408	25228424	tfsite_d0c0b46c842ade43	tflocus_3a1de01d249bc769	25228424	25228416	2	0	0	1	1	1	781	1	54	1	0	53	727	0.00128040973111	0.0185185185185	0	0
chr2R	25228408	25228478	tfsite_56fdd87df3db9078	tflocus_4d1996154b7aeb5b	25228443	25228443	1	0	0	1	1	1	778	1	21	1	0	20	757	0.0012853470437	0.047619047619	0	0
chr2R	25228411	25228438	tfsite_3f74ac6c03be2658	tflocus_3a1de01d249bc769	25228424	25228424	3	0.5	3	2	2	2	781	2	47	2	0	45	734	0.00256081946223	0.0425531914894	0	0
chr2R	25228421	25228503	tfsite_5ec97b3612d37802	tflocus_81d3d616e9c56376	25228461	25228462	1	2	0.5	2	2	2	781	2	22	1	1	21	758	0.00256081946223	0.0454545454545	0	0
chr2R	25228422	25228460	tfsite_887d984b65ca1836	tflocus_4d1996154b7aeb5b	25228443	25228442	2	5	3	4	4	4	770	4	35	3	1	32	734	0.00519480519481	0.0857142857143	1	1
chr2R	25228423	25228472	tfsite_71d2369705de91fd	tflocus_4d1996154b7aeb5b	25228443	25228448	3	0	5	3	3	3	774	3	33	3	0	30	741	0.00387596899225	0.0909090909091	1	1
chr2R	25228447	25228502	tfsite_dc3f6940771c5b1a	tflocus_ed0a1b88803f41d1	25228475	25228475	1	0	0	1	1	1	765	1	25	1	0	24	740	0.00130718954248	0.04	0	0
chr2R	25228455	25228478	tfsite_c1fe3b588af43a87	tflocus_81d3d616e9c56376	25228461	25228466	2	1	0	2	2	2	790	2	50	2	0	48	740	0.00253164556962	0.04	0	0
chr2R	25228457	25228482	tfsite_1c251c793d5fdd51	tflocus_ed0a1b88803f41d1	25228475	25228470	2	0	0	1	1	1	783	1	41	1	0	40	742	0.00127713920817	0.0243902439024	0	0
chr2R	25228470	25228551	tfsite_27e6588a4205c75f	tflocus_23bdea833be92684	25228512	25228512	1	2.5	2	3	3	3	782	3	21	2	1	19	760	0.00383631713555	0.0952380952381	1	1
chr2R	25228471	25228497	tfsite_bb02c7905dcd192f	tflocus_ed0a1b88803f41d1	25228475	25228484	3	0	0	1	1	1	783	1	55	1	0	54	728	0.00127713920817	0.0181818181818	0	0
chr2R	25228472	25228480	tfsite_f7c2409289f013b5	tflocus_ed0a1b88803f41d1	25228475	25228476	4	1	1	3	3	3	785	3	63	3	0	60	722	0.00382165605096	0.047619047619	1	1
chr2R	25228475	25228506	tfsite_13efe261e85e4568	tflocus_6d2611572f170754	25228501	25228491	1	1	0	3	3	3	770	3	46	3	0	43	724	0.0038961038961	0.0652173913043	1	1
chr2R	25228483	25228518	tfsite_2edcce726018326f	tflocus_6d2611572f170754	25228501	25228500	2	0.5	4	3	3	3	768	3	41	2	1	39	726	0.00390625	0.0487804878049	1	1
chr2R	25228484	25228544	tfsite_f9149b88776ec1c4	tflocus_23bdea833be92684	25228512	25228514	2	0	0	1	1	1	783	1	27	1	0	26	756	0.00127713920817	0.037037037037	0	0
chr2R	25228491	25228510	tfsite_45bad6d7f20d1780	tflocus_6d2611572f170754	25228501	25228501	3	0	0	7	7	7	771	7	61	6	1	55	709	0.00907911802853	0.0983606557377	1	1
chr2R	25228498	25228527	tfsite_d8471d0b2a98d8d2	tflocus_23bdea833be92684	25228512	25228513	3	0	0	1	1	1	776	1	49	1	0	48	727	0.00128865979381	0.0204081632653	0	0
chr2R	25228509	25228587	tfsite_452dc8b898f7cd4a	tflocus_e228dc6ced927cc4	25228557	25228548	1	0	0	1	1	1	787	1	21	1	0	20	766	0.0012706480305	0.047619047619	0	0
chr2R	25228514	25228522	tfsite_7625c2cdaa417587	tflocus_23bdea833be92684	25228512	25228518	4	0	0	1	1	1	785	1	76	1	0	75	709	0.00127388535032	0.0131578947368	0	0
chr2R	25228519	25228542	tfsite_28ee4bc8d02d8600	tflocus_b36a75a91b1da128	25228531	25228531	1	0	0	1	1	1	775	1	50	1	0	49	725	0.00129032258065	0.02	0	0
chr2R	25228537	25228621	tfsite_5f2db422a3c4c7a4	tflocus_d2f6effb2e4210a2	25228579	25228579	1	0	0	1	1	1	760	1	18	0	1	18	741	0.00131578947368	0	0	0
chr2R	25228542	25228573	tfsite_0cb556877cce4d3b	tflocus_e228dc6ced927cc4	25228557	25228557	2	0	2.5	2	2	2	792	2	44	2	0	42	748	0.00252525252525	0.0454545454545	0	0
chr2R	25228546	25228627	tfsite_873148a4300e81fa	tflocus_2a5ca6d65e0a1113	25228593	25228587	1	0	0	1	1	1	791	1	19	1	0	18	772	0.00126422250316	0.0526315789474	0	0
chr2R	25228557	25228599	tfsite_bfc9bfed6decfb08	tflocus_d2f6effb2e4210a2	25228579	25228578	2	0	0	1	1	1	788	1	42	1	0	41	746	0.00126903553299	0.0238095238095	0	0
chr2R	25228560	25228626	tfsite_f98a598874bdb1e4	tflocus_2a5ca6d65e0a1113	25228593	25228593	2	0	0	1	1	1	790	1	26	1	0	25	764	0.00126582278481	0.0384615384615	0	0
chr2R	25228570	25228644	tfsite_47fb5f25e53ae9de	tflocus_2315c7f728ed0e83	25228611	25228607	1	0	0	1	1	1	788	1	25	1	0	24	763	0.00126903553299	0.04	0	0
chr2R	25228576	25228645	tfsite_e63337f1403db80c	tflocus_2315c7f728ed0e83	25228611	25228611	2	0	0	1	1	1	779	1	28	1	0	27	751	0.0012836970475	0.0357142857143	0	0
chr2R	25228588	25228663	tfsite_825f669b00ef43c2	tflocus_50c8a96e2984e21f	25228634	25228626	1	0	0	1	1	1	781	1	26	0	1	26	754	0.00128040973111	0	0	0
chr2R	25228592	25228611	tfsite_a97cf732711687bb	tflocus_2a5ca6d65e0a1113	25228593	25228602	3	0	0	1	1	1	781	1	46	1	0	45	735	0.00128040973111	0.0217391304348	0	0
chr2R	25228592	25228627	tfsite_407addc40b48c1d7	tflocus_2315c7f728ed0e83	25228611	25228610	3	0	0	1	1	1	787	1	38	1	0	37	749	0.0012706480305	0.0263157894737	0	0
chr2R	25228600	25228638	tfsite_c79ebc7668c5e395	tflocus_2315c7f728ed0e83	25228611	25228619	4	2	0	2	2	2	785	2	42	2	0	40	743	0.00254777070064	0.047619047619	0	0
chr2R	25228602	25228623	tfsite_f1e8920a7f1e98de	tflocus_2315c7f728ed0e83	25228611	25228613	5	0	2	2	2	2	790	2	51	2	0	49	739	0.00253164556962	0.0392156862745	0	0
chr2R	25228606	25228649	tfsite_46ea5e139b0c70ff	tflocus_50c8a96e2984e21f	25228634	25228628	2	0	0	1	1	1	789	1	38	1	0	37	751	0.00126742712294	0.0263157894737	0	0
chr2R	25228615	25228695	tfsite_d1d620a216ff4c11	tflocus_2f8fa0ae7eebd8db	25228660	25228655	1	0	0	1	1	1	786	1	21	1	0	20	765	0.00127226463104	0.047619047619	0	0
chr2R	25228615	25228751	tfsite_1b7f0cb669e4d618	tflocus_4e46e164e75d32a1	25228688	25228683	1	0	0	1	1	1	790	1	17	0	1	17	772	0.00126582278481	0	0	0
chr2R	25228621	25228770	tfsite_becb7afbba1805fd	tflocus_4e46e164e75d32a1	25228688	25228696	2	0	0	1	1	1	790	1	18	0	1	18	771	0.00126582278481	0	0	0
chr2R	25228622	25228711	tfsite_cf16fecc56e34c86	tflocus_2f8fa0ae7eebd8db	25228660	25228667	2	0	0	1	1	1	784	1	23	0	1	23	760	0.00127551020408	0	0	0
chr2R	25228631	25228638	tfsite_9600cb01bb55481b	tflocus_50c8a96e2984e21f	25228634	25228635	3	5	1.5	6	6	6	783	6	71	6	0	65	712	0.00766283524904	0.0845070422535	1	1
chr2R	25228634	25228668	tfsite_e56dcb004f546f66	tflocus_cf6d416d03eae4fb	25228645	25228651	1	0	0	1	1	1	781	1	53	1	0	52	728	0.00128040973111	0.0188679245283	0	0
chr2R	25228639	25228694	tfsite_e8e9838c33f886d6	tflocus_2f8fa0ae7eebd8db	25228660	25228667	3	0	0	1	1	1	777	1	34	1	0	33	743	0.001287001287	0.0294117647059	0	0
chr2R	25228640	25228650	tfsite_dd14ef2b863e8e52	tflocus_cf6d416d03eae4fb	25228645	25228645	2	0	0	1	1	1	780	1	80	1	0	79	700	0.00128205128205	0.0125	0	0
chr2R	25228642	25228697	tfsite_4fdb61f2d1503cd5	tflocus_7459327ad6700ca1	25228674	25228670	1	0	0	1	1	1	778	1	37	1	0	36	741	0.0012853470437	0.027027027027	0	0
chr2R	25228647	25228728	tfsite_64527860dc61420d	tflocus_4e46e164e75d32a1	25228688	25228688	3	0	0	1	1	1	785	1	26	0	1	26	758	0.00127388535032	0	0	0
chr2R	25228655	25228667	tfsite_f7ac51c30e1bca0b	tflocus_2f8fa0ae7eebd8db	25228660	25228660	4	1	3	11	11	11	774	11	88	10	1	78	685	0.0142118863049	0.113636363636	1	1
chr2R	25228656	25228681	tfsite_032acee624bfbf77	tflocus_7459327ad6700ca1	25228674	25228669	2	0	0	1	1	1	781	1	79	1	0	78	702	0.00128040973111	0.0126582278481	0	0
chr2R	25228657	25228690	tfsite_d9708155289831e4	tflocus_7459327ad6700ca1	25228674	25228674	3	0	0	1	1	1	781	1	53	1	0	52	728	0.00128040973111	0.0188679245283	0	0
chr2R	25228658	25228704	tfsite_15fcfacdcdc9d481	tflocus_7459327ad6700ca1	25228674	25228681	4	0	0	1	1	1	782	1	43	1	0	42	739	0.00127877237852	0.0232558139535	0	0
chr2R	25228665	25228711	tfsite_be9afeeeb4c129fd	tflocus_4e46e164e75d32a1	25228688	25228688	4	0	0	1	1	1	779	1	45	1	0	44	734	0.0012836970475	0.0222222222222	0	0
chr2R	25228672	25228740	tfsite_eec272b4452d8917	tflocus_2d7095ef5920ad1d	25228710	25228706	1	0	0	1	1	1	785	1	38	1	0	37	747	0.00127388535032	0.0263157894737	0	0
chr2R	25228684	25228705	tfsite_4db03b6ae8764b65	tflocus_4e46e164e75d32a1	25228688	25228695	5	2	0	3	3	3	787	3	74	3	0	71	713	0.00381194409149	0.0405405405405	1	1
chr2R	25228684	25228734	tfsite_3bb7e18985aa9e4f	tflocus_2d7095ef5920ad1d	25228710	25228709	2	2	0	2	2	2	788	2	46	2	0	44	742	0.00253807106599	0.0434782608696	0	0
chr2R	25228686	25228709	tfsite_7380630f7cccfc8d	tflocus_4e46e164e75d32a1	25228688	25228698	6	0	0	1	1	1	786	1	74	1	0	73	712	0.00127226463104	0.0135135135135	0	0
chr2R	25228698	25228715	tfsite_9c4e2328d86989f9	tflocus_2d7095ef5920ad1d	25228710	25228707	3	0	0	1	1	1	779	1	79	1	0	78	700	0.0012836970475	0.0126582278481	0	0
chr2R	25228703	25228719	tfsite_b1734ee79202db1c	tflocus_2d7095ef5920ad1d	25228710	25228712	4	2.5	4.5	3	3	3	781	3	84	3	0	81	697	0.00384122919334	0.0357142857143	1	1
chr2R	25228704	25228754	tfsite_62e26e1bd09456e3	tflocus_c61467ed1a9e2c56	25228731	25228729	1	0	0	1	1	1	779	1	51	1	0	50	728	0.0012836970475	0.0196078431373	0	0
chr2R	25228709	25228734	tfsite_7624155382278291	tflocus_c61467ed1a9e2c56	25228731	25228722	2	4	2	3	3	3	787	3	71	3	0	68	716	0.00381194409149	0.0422535211268	1	1
chr2R	25228712	25228754	tfsite_01b6cae8a81d1356	tflocus_c61467ed1a9e2c56	25228731	25228732	3	5.5	3.5	3	3	3	781	3	56	3	0	53	725	0.00384122919334	0.0535714285714	1	1
chr2R	25228718	25228742	tfsite_515c7bd5e39e1a09	tflocus_c61467ed1a9e2c56	25228731	25228730	4	0	0	1	1	1	780	1	71	1	0	70	709	0.00128205128205	0.0140845070423	0	0
chr2R	25228718	25228773	tfsite_966e0fd38462070d	tflocus_be52bc036a087ef5	25228742	25228745	1	5.5	2	2	2	2	779	2	43	2	0	41	736	0.00256739409499	0.046511627907	0	0
chr2R	25228719	25228799	tfsite_dd1a456eb92631e4	tflocus_7d20221cad69ec6f	25228762	25228758	1	5.5	0.5	2	2	2	778	2	32	1	1	31	745	0.0025706940874	0.03125	0	0
chr2R	25228730	25228754	tfsite_1c895085b37234cf	tflocus_be52bc036a087ef5	25228742	25228742	2	0	0	2	1	1	774	2	64	1	1	63	709	0.00258397932817	0.015625	0	0
chr2R	25228736	25228766	tfsite_e0dac53882376a75	tflocus_be52bc036a087ef5	25228742	25228751	3	0	0	1	1	1	773	1	62	1	0	61	711	0.0012936610608	0.0161290322581	0	0
chr2R	25228741	25228783	tfsite_148e604db61c663f	tflocus_7d20221cad69ec6f	25228762	25228762	2	0	0	1	1	1	776	1	46	1	0	45	730	0.00128865979381	0.0217391304348	0	0
chr2R	25228748	25228819	tfsite_76af592e51016d8c	tflocus_efb7c969c8d32e8b	25228782	25228784	1	0	0	1	1	1	778	1	29	1	0	28	749	0.0012853470437	0.0344827586207	0	0
chr2R	25228757	25228836	tfsite_2b12e9ac8037c955	tflocus_6f125628fd2cadc6	25228800	25228797	1	0	0	1	1	1	779	1	31	1	0	30	748	0.0012836970475	0.0322580645161	0	0
chr2R	25228760	25228765	tfsite_c33f9d21c39a80e4	tflocus_7d20221cad69ec6f	25228762	25228763	3	0	0	3	3	3	790	3	103	3	0	100	687	0.00379746835443	0.0291262135922	1	1
chr2R	25228760	25228798	tfsite_e2093b98a1210e4b	tflocus_efb7c969c8d32e8b	25228782	25228779	2	0	0	2	2	2	775	2	54	1	1	53	720	0.00258064516129	0.0185185185185	0	0
chr2R	25228765	25228805	tfsite_2095793afa6e4b7e	tflocus_efb7c969c8d32e8b	25228782	25228785	3	0	0	1	1	1	779	1	46	1	0	45	733	0.0012836970475	0.0217391304348	0	0
chr2R	25228778	25228822	tfsite_fc993738ee5d5655	tflocus_6f125628fd2cadc6	25228800	25228800	2	0	0	1	1	1	776	1	47	1	0	46	729	0.00128865979381	0.0212765957447	0	0
chr2R	25228778	25228835	tfsite_e913dfc7a396285a	tflocus_6f125628fd2cadc6	25228800	25228806	3	0	1	3	3	3	774	3	37	3	0	34	737	0.00387596899225	0.0810810810811	1	1
chr2R	25228787	25228807	tfsite_5630a59f284b8c2f	tflocus_6f125628fd2cadc6	25228800	25228797	4	0	0	1	1	1	778	1	65	1	0	64	713	0.0012853470437	0.0153846153846	0	0
chr2R	25228794	25228808	tfsite_66ef67a2feae1a09	tflocus_6f125628fd2cadc6	25228800	25228801	5	0	0	1	1	1	772	1	65	1	0	64	707	0.00129533678756	0.0153846153846	0	0
chr2R	25228803	25228834	tfsite_a30894e7493f3c72	tflocus_5c9a6916e937657c	25228819	25228819	1	1	0.5	8	8	8	775	8	55	7	1	48	719	0.0103225806452	0.127272727273	1	1
chr2R	25228809	25228865	tfsite_101b9691329f533c	tflocus_2bd138dcdf059a76	25228836	25228837	1	5.5	5	2	2	2	780	2	41	2	0	39	739	0.0025641025641	0.0487804878049	0	0
chr2R	25228813	25228879	tfsite_ded4dd965dcf97ea	tflocus_adf4b0dd85a0dfb0	25228851	25228846	1	0	0	1	1	1	786	1	29	1	0	28	757	0.00127226463104	0.0344827586207	0	0
chr2R	25228816	25228838	tfsite_2f861f7213a3f504	tflocus_5c9a6916e937657c	25228819	25228827	2	0	0	1	1	1	787	1	61	1	0	60	726	0.0012706480305	0.016393442623	0	0
chr2R	25228817	25228842	tfsite_c50ed4b273c9d5ca	tflocus_2bd138dcdf059a76	25228836	25228829	2	0	1	3	3	3	787	3	58	3	0	55	729	0.00381194409149	0.051724137931	1	1
chr2R	25228841	25228861	tfsite_f48125f46a5d0d19	tflocus_adf4b0dd85a0dfb0	25228851	25228851	2	0	0	1	1	1	786	1	68	1	0	67	718	0.00127226463104	0.0147058823529	0	0
chr2R	25228845	25228907	tfsite_ecef041dd6c0d64a	tflocus_0439849f7af39f19	25228874	25228876	1	0	0	1	1	1	787	1	10	1	0	9	777	0.0012706480305	0.1	0	0
chr2R	25228864	25228880	tfsite_0f273ece23d876fa	tflocus_0439849f7af39f19	25228874	25228872	2	0	0	1	1	1	779	1	61	1	0	60	718	0.0012836970475	0.016393442623	0	0
chr2R	25228888	25228937	tfsite_cdca0b6443714f7d	tflocus_d7074876b548676f	25228913	25228913	1	0	0	1	1	1	792	1	11	1	0	10	781	0.00126262626263	0.0909090909091	0	0
chr2R	25228902	25228914	tfsite_aaaa4ac0b8e1df50	tflocus_d7074876b548676f	25228913	25228908	2	0	0	1	1	1	791	1	35	1	0	34	756	0.00126422250316	0.0285714285714	0	0
chr2R	25228907	25228928	tfsite_c7089261cdfa7f67	tflocus_d7074876b548676f	25228913	25228918	3	0	0	1	1	1	792	1	28	1	0	27	764	0.00126262626263	0.0357142857143	0	0
chr2R	25228913	25228959	tfsite_5f66aa980e501cc7	tflocus_3dab6c38a563ced6	25228936	25228936	1	0	0	1	1	1	788	1	16	1	0	15	772	0.00126903553299	0.0625	0	0
chr2R	25228953	25228972	tfsite_e2ca6c3e22c753e7	tflocus_73e3035c0261f0db	25228963	25228963	1	0	0	1	1	1	786	1	27	1	0	26	759	0.00127226463104	0.037037037037	0	0
chr2R	25228960	25229000	tfsite_c4ea77de991e69ad	tflocus_1d349315dcf6f635	25228980	25228980	1	0	0	1	1	1	784	1	18	1	0	17	766	0.00127551020408	0.0555555555556	0	0
chr2R	25228982	25229019	tfsite_0d77c9efb130edf8	tflocus_3e4058a064cd5433	25229001	25229001	1	0	0	1	1	1	766	1	26	1	0	25	740	0.00130548302872	0.0384615384615	0	0
chr2R	25228985	25229040	tfsite_2d937623701649e4	tflocus_2a438dae63806f0b	25229012	25229013	1	0	0	1	1	1	780	1	12	1	0	11	768	0.00128205128205	0.0833333333333	0	0
chr2R	25228998	25229024	tfsite_77c249aa8a757dcf	tflocus_2a438dae63806f0b	25229012	25229011	2	0	0	2	1	1	787	1	36	1	0	35	751	0.0012706480305	0.0277777777778	0	0
chr2R	25229017	25229060	tfsite_80725a778857e179	tflocus_a0be8440978f3e70	25229043	25229038	1	3.5	4.5	2	2	2	780	2	27	2	0	25	753	0.0025641025641	0.0740740740741	0	0
chr2R	25229018	25229072	tfsite_0450b8b2b60d57b0	tflocus_a0be8440978f3e70	25229043	25229045	2	0	0.5	2	2	2	778	2	25	2	0	23	753	0.0025706940874	0.08	0	0
chr2R	25229019	25229044	tfsite_431c1e45ffc723bf	tflocus_7c3a77da8e767969	25229027	25229031	1	0.5	3.5	2	2	2	782	2	43	1	1	42	738	0.00255754475703	0.0232558139535	0	0
chr2R	25229022	25229033	tfsite_8fd820734935daa9	tflocus_7c3a77da8e767969	25229027	25229027	2	0.5	0.5	2	2	2	787	2	72	2	0	70	715	0.00254129606099	0.0277777777778	0	0
chr2R	25229027	25229057	tfsite_5a1e9c63bee6e35e	tflocus_a0be8440978f3e70	25229043	25229042	3	0	0.5	2	2	2	783	2	38	2	0	36	745	0.00255427841635	0.0526315789474	0	0
chr2R	25229031	25229043	tfsite_91eda159537bab25	tflocus_a0be8440978f3e70	25229043	25229037	4	0	0	1	1	1	786	1	61	1	0	60	725	0.00127226463104	0.016393442623	0	0
chr2R	25229035	25229089	tfsite_5dd6dec020424a9a	tflocus_331ae12642991c5d	25229063	25229062	1	0	0	1	1	1	780	1	28	1	0	27	752	0.00128205128205	0.0357142857143	0	0
chr2R	25229042	25229054	tfsite_440788d8eba5f085	tflocus_a0be8440978f3e70	25229043	25229048	5	2	2	2	2	2	787	2	72	2	0	70	715	0.00254129606099	0.0277777777778	0	0
chr2R	25229049	25229089	tfsite_b639f416ab734c9c	tflocus_331ae12642991c5d	25229063	25229069	2	0	0	1	1	1	786	1	40	1	0	39	746	0.00127226463104	0.025	0	0
chr2R	25229059	25229139	tfsite_e7408e72ddc62244	tflocus_30c93e016f46b8ae	25229092	25229099	1	0	0	1	1	1	786	1	10	0	1	10	775	0.00127226463104	0	0	0
chr2R	25229060	25229123	tfsite_b673634f73fba3a7	tflocus_30c93e016f46b8ae	25229092	25229091	2	5.5	6	2	2	2	784	2	16	1	1	15	767	0.00255102040816	0.0625	0	0
chr2R	25229075	25229101	tfsite_2ee2430bad0ecc71	tflocus_30c93e016f46b8ae	25229092	25229088	3	0	0	1	1	1	784	1	52	1	0	51	732	0.00127551020408	0.0192307692308	0	0
chr2R	25229082	25229119	tfsite_1dc6ee2c6fcfa1bd	tflocus_30c93e016f46b8ae	25229092	25229101	4	0	0	1	1	1	779	1	35	1	0	34	744	0.0012836970475	0.0285714285714	0	0
chr2R	25229083	25229139	tfsite_37dae91c379ab133	tflocus_54aab854a9f2e582	25229111	25229111	1	0	0	1	1	1	780	1	19	1	0	18	761	0.00128205128205	0.0526315789474	0	0
chr2R	25229091	25229098	tfsite_16e492654c2fdc53	tflocus_30c93e016f46b8ae	25229092	25229095	5	0	0	1	1	1	788	1	79	1	0	78	709	0.00126903553299	0.0126582278481	0	0
chr2R	25229093	25229152	tfsite_f184616e188dc394	tflocus_d8539034bd48c88f	25229123	25229123	1	0	0	1	1	1	779	1	16	1	0	15	763	0.0012836970475	0.0625	0	0
chr2R	25229101	25229167	tfsite_8dbd6855fb0ca555	tflocus_8c8fac43cd7320b7	25229137	25229134	1	0	0	1	1	1	786	1	14	1	0	13	772	0.00127226463104	0.0714285714286	0	0
chr2R	25229121	25229163	tfsite_5f71cdbcd1058c35	tflocus_8c8fac43cd7320b7	25229137	25229141	2	4.5	1.5	2	2	2	785	2	22	1	1	21	762	0.00254777070064	0.0454545454545	0	0
chr2R	25229126	25229145	tfsite_8f306c70f0438984	tflocus_8c8fac43cd7320b7	25229137	25229136	3	0	0	1	1	1	773	1	41	1	0	40	732	0.0012936610608	0.0243902439024	0	0
chr2R	25229145	25229174	tfsite_72536e85632940df	tflocus_07a5a0f35a291b74	25229155	25229159	1	1	3.5	2	2	2	786	2	34	2	0	32	752	0.00254452926209	0.0588235294118	0	0
chr2R	25229147	25229159	tfsite_843dfc32cb9cee42	tflocus_07a5a0f35a291b74	25229155	25229153	2	1	3.5	3	3	3	781	3	45	3	0	42	736	0.00384122919334	0.0666666666667	1	1
chr2R	25229156	25229192	tfsite_018963d8acd19c49	tflocus_320b74f92f7064cd	25229174	25229174	1	0	0	4	1	1	275	1	12	1	0	11	263	0.00363636363636	0.0833333333333	0	0
chr2R	25229158	25229224	tfsite_6bfb2af4029dbf15	tflocus_8e478f9b82ce1082	25229191	25229191	1	0	0	1	1	1	269	1	5	1	0	4	264	0.00371747211896	0.2	0	0
chr2R	25229183	25229245	tfsite_08becc2ae2f3fec6	tflocus_834b47bf9b332381	25229208	25229214	1	0	0	1	1	1	271	1	4	1	0	3	267	0.00369003690037	0.25	0	0
chr2R	25229184	25229230	tfsite_7a78f3d729d965d7	tflocus_834b47bf9b332381	25229208	25229207	2	0	0	1	1	1	270	1	6	1	0	5	264	0.0037037037037	0.166666666667	0	0
chr2R	25229216	25229240	tfsite_e490e0156159a140	tflocus_d2861448b9c7218d	25229228	25229228	1	0	0	1	1	1	788	1	26	1	0	25	762	0.00126903553299	0.0384615384615	0	0
chr2R	25229224	25229277	tfsite_f3ae4c610c093f8c	tflocus_eb13f05a1adb646a	25229251	25229251	1	0	0	1	1	1	794	1	17	1	0	16	777	0.00125944584383	0.0588235294118	0	0
chr2R	25229231	25229284	tfsite_6cdf22ecae7d402f	tflocus_ca886e758e0cab05	25229262	25229258	1	0	0	1	1	1	790	1	18	1	0	17	772	0.00126582278481	0.0555555555556	0	0
chr2R	25229243	25229281	tfsite_f98771dd8177266a	tflocus_ca886e758e0cab05	25229262	25229262	2	4	4.5	2	2	2	794	2	20	2	0	18	774	0.00251889168766	0.1	0	0
chr2R	25229255	25229270	tfsite_43b2fa29204bea8a	tflocus_ca886e758e0cab05	25229262	25229263	3	0.5	1	3	3	3	792	3	33	3	0	30	759	0.00378787878788	0.0909090909091	1	1
chr2R	25229264	25229296	tfsite_794455d3243d000c	tflocus_3c629e8533171a33	25229277	25229280	1	0	0	1	1	1	794	1	22	1	0	21	772	0.00125944584383	0.0454545454545	0	0
chr2R	25229271	25229279	tfsite_447618d8d71d0ce8	tflocus_3c629e8533171a33	25229277	25229275	2	0	0	1	1	1	797	1	39	1	0	38	758	0.00125470514429	0.025641025641	0	0
chr2R	25229276	25229325	tfsite_9f67de8042b9ae33	tflocus_de6cdf87d8fd0c8c	25229300	25229300	1	2.5	3.5	2	2	2	790	2	14	2	0	12	776	0.00253164556962	0.142857142857	0	0
chr2R	25229291	25229358	tfsite_f8ebf3b2ac3bd283	tflocus_a1646ba3d4990a1c	25229322	25229325	1	0	0	1	1	1	793	1	9	0	1	9	783	0.00126103404792	0	0	0
chr2R	25229296	25229344	tfsite_3a00d5bf5c97742e	tflocus_a1646ba3d4990a1c	25229322	25229320	2	0	0	1	1	1	789	1	14	1	0	13	775	0.00126742712294	0.0714285714286	0	0
chr2R	25229343	25229417	tfsite_8c413f59b7453ca3	tflocus_a1087e266971a3f8	25229380	25229380	1	0	0	1	1	1	792	1	5	1	0	4	787	0.00126262626263	0.2	0	0
chr2R	25229351	25229380	tfsite_3c33fa8bc00797f9	tflocus_e447c13ef0ce57f7	25229363	25229366	1	0	0	1	1	1	789	1	14	1	0	13	775	0.00126742712294	0.0714285714286	0	0
chr2R	25229357	25229364	tfsite_4b994fd2079a49bf	tflocus_e447c13ef0ce57f7	25229363	25229361	2	0	0	1	1	1	797	1	40	1	0	39	757	0.00125470514429	0.025	0	0
chr2R	25229380	25229414	tfsite_20cfe0f07ffc294f	tflocus_c1a862395ca19d1b	25229397	25229397	1	5	5.5	2	2	2	790	2	21	2	0	19	769	0.00253164556962	0.0952380952381	0	0
chr2R	25229385	25229428	tfsite_263dfb7dd19300bc	tflocus_b2e0125fbc860c58	25229414	25229407	1	0	0	1	1	1	791	1	22	1	0	21	769	0.00126422250316	0.0454545454545	0	0
chr2R	25229392	25229456	tfsite_363b6f17d5fd094e	tflocus_dd95874c8ca3b025	25229427	25229424	1	0	0	1	1	1	794	1	13	1	0	12	781	0.00125944584383	0.0769230769231	0	0
chr2R	25229392	25229470	tfsite_1c2b34061c98f210	tflocus_dd95874c8ca3b025	25229427	25229431	2	0	0	1	1	1	794	1	7	0	1	7	786	0.00125944584383	0	0	0
chr2R	25229405	25229423	tfsite_f5c0103ff6a66564	tflocus_b2e0125fbc860c58	25229414	25229414	2	0	0	1	1	1	792	1	34	1	0	33	758	0.00126262626263	0.0294117647059	0	0
chr2R	25229408	25229445	tfsite_97a3779247cc78a2	tflocus_dd95874c8ca3b025	25229427	25229427	3	0	0	1	1	1	775	1	23	1	0	22	752	0.00129032258065	0.0434782608696	0	0
chr2R	25229416	25229464	tfsite_60f0d63b0594cb74	tflocus_7c6cac5415e553ab	25229440	25229440	1	0	0	1	1	1	787	1	16	0	1	16	770	0.0012706480305	0	0	0
chr2R	25229417	25229425	tfsite_a25db467f1220a92	tflocus_dd95874c8ca3b025	25229427	25229421	4	0	0	1	1	1	793	1	43	1	0	42	750	0.00126103404792	0.0232558139535	0	0
chr2R	25229427	25229433	tfsite_3b3a82706a572a36	tflocus_dd95874c8ca3b025	25229427	25229430	5	0	0	1	1	1	741	1	53	1	0	52	688	0.00134952766532	0.0188679245283	0	0
chr2R	25229432	25229447	tfsite_6f4cfbc753aa062e	tflocus_7c6cac5415e553ab	25229440	25229439	2	4.5	4.5	2	2	2	788	2	38	1	1	37	749	0.00253807106599	0.0263157894737	0	0
chr2R	25229441	25229447	tfsite_fd60f08746f7344f	tflocus_7c6cac5415e553ab	25229440	25229444	3	0	0	1	1	1	791	1	56	1	0	55	735	0.00126422250316	0.0178571428571	0	0
chr2R	25229448	25229491	tfsite_cb67ffa0f52d6419	tflocus_00ea254ff99ddc5f	25229470	25229470	1	0	0	1	1	1	796	1	24	1	0	23	772	0.00125628140704	0.0416666666667	0	0
chr2R	25229457	25229536	tfsite_c7d97d7339d46345	tflocus_fbdf5c7464bbd3c8	25229489	25229497	1	0	0	1	1	1	784	1	13	0	1	13	770	0.00127551020408	0	0	0
chr2R	25229477	25229500	tfsite_a2fa14b0b94a5f34	tflocus_fbdf5c7464bbd3c8	25229489	25229488	2	1.5	5	2	2	2	793	2	42	2	0	40	751	0.00252206809584	0.047619047619	0	0
chr2R	25229499	25229536	tfsite_d07d0a90ac9307cf	tflocus_1cd0b5cb92df7721	25229518	25229518	1	0	0	1	1	1	775	1	32	1	0	31	743	0.00129032258065	0.03125	0	0
chr2R	25229499	25229558	tfsite_a42ba8c1b62cbea2	tflocus_15319655a4fe0110	25229529	25229529	1	0	0	1	1	1	779	1	27	0	1	27	751	0.0012836970475	0	0	0
chr2R	25229514	25229578	tfsite_35b13c4300056347	tflocus_059a94fd61d3e716	25229546	25229546	1	2.5	4.5	2	2	2	523	2	20	2	0	18	503	0.0038240917782	0.1	0	0
chr2R	25229524	25229591	tfsite_1924da4ac705cc22	tflocus_c62672cb6e6966f6	25229558	25229558	1	0	0	1	1	1	523	1	15	1	0	14	508	0.0019120458891	0.0666666666667	0	0
chr2R	25229549	25229588	tfsite_804cca98d55fa9ba	tflocus_35add18fc65dcfd7	25229573	25229569	1	2	6	3	2	2	524	2	33	2	0	31	491	0.00381679389313	0.0606060606061	0	0
chr2R	25229561	25229622	tfsite_92f749d7a5d33ad0	tflocus_85d1e1c45255134e	25229592	25229592	1	0	0	1	1	1	513	1	15	1	0	14	498	0.00194931773879	0.0666666666667	0	0
chr2R	25229564	25229583	tfsite_c3776735b5d0e121	tflocus_35add18fc65dcfd7	25229573	25229574	2	3.5	3	4	4	4	521	4	49	4	0	45	472	0.00767754318618	0.0816326530612	1	1
chr2R	25229603	25229668	tfsite_9ebb25b021c9247b	tflocus_1730c3e259cb7024	25229636	25229636	1	0	0	1	1	1	743	1	19	1	0	18	724	0.00134589502019	0.0526315789474	0	0
chr2R	25229614	25229676	tfsite_a3b90cd59943e3e7	tflocus_f716988eff1457c7	25229647	25229645	1	5	4	2	2	2	770	2	18	2	0	16	752	0.0025974025974	0.111111111111	0	0
chr2R	25229626	25229697	tfsite_fcd7e32f7d4df312	tflocus_07515d6e051acccb	25229667	25229662	1	0	0	1	1	1	767	1	16	1	0	15	751	0.0013037809648	0.0625	0	0
chr2R	25229630	25229674	tfsite_a06474a96a04373a	tflocus_f716988eff1457c7	25229647	25229652	2	6	1	2	2	2	790	2	20	2	0	18	770	0.00253164556962	0.1	0	0
chr2R	25229649	25229701	tfsite_321297dd73411b07	tflocus_07515d6e051acccb	25229667	25229675	2	0	0	1	1	1	791	1	17	1	0	16	774	0.00126422250316	0.0588235294118	0	0
chr2R	25229650	25229686	tfsite_00d3caff4185920a	tflocus_07515d6e051acccb	25229667	25229668	3	0	0	1	1	1	787	1	19	1	0	18	768	0.0012706480305	0.0526315789474	0	0
chr2R	25229666	25229720	tfsite_5214b0695c3cbd4b	tflocus_408c15c049480a0b	25229693	25229693	1	0	0	1	1	1	787	1	18	1	0	17	769	0.0012706480305	0.0555555555556	0	0
chr2R	25229691	25229756	tfsite_001d3d54eb1b20cc	tflocus_d3018fc3b6f9ba45	25229724	25229724	1	0	0	1	1	1	784	1	17	1	0	16	767	0.00127551020408	0.0588235294118	0	0
chr2R	25229722	25229779	tfsite_07bc6f1ab38e80d9	tflocus_68fb0417abdf8315	25229750	25229751	1	0	0	1	1	1	787	1	12	1	0	11	775	0.0012706480305	0.0833333333333	0	0
chr2R	25229733	25229760	tfsite_699e3c8bbd763ebb	tflocus_68fb0417abdf8315	25229750	25229747	2	0	0	1	1	1	791	1	36	1	0	35	755	0.00126422250316	0.0277777777778	0	0
chr2R	25229747	25229763	tfsite_713a6c6a693e6c9b	tflocus_68fb0417abdf8315	25229750	25229751	3	4.5	3	2	2	2	789	2	40	2	0	38	749	0.00253485424588	0.05	0	0
chr2R	25229748	25229820	tfsite_96a4c1725433169c	tflocus_1d81ce4a0071896c	25229783	25229784	1	0	0	1	1	1	788	1	6	0	1	6	781	0.00126903553299	0	0	0
chr2R	25229751	25229810	tfsite_5192c18b95be62a7	tflocus_1d81ce4a0071896c	25229783	25229781	2	0	0	1	1	1	784	1	7	1	0	6	777	0.00127551020408	0.142857142857	0	0
chr2R	25229774	25229792	tfsite_afed4c245a87910c	tflocus_1d81ce4a0071896c	25229783	25229783	3	0	0	1	1	1	788	1	32	1	0	31	756	0.00126903553299	0.03125	0	0
chr2R	25229774	25229805	tfsite_b15cfef8e97e9ec0	tflocus_1d81ce4a0071896c	25229783	25229790	4	0	0	1	1	1	786	1	23	1	0	22	763	0.00127226463104	0.0434782608696	0	0
chr2R	25229776	25229853	tfsite_e1eab1ff86b8c46b	tflocus_25f9c44e63b8fffa	25229815	25229815	1	0	0	1	1	1	790	1	14	0	1	14	775	0.00126582278481	0	0	0
chr2R	25229792	25229869	tfsite_83049f6b79857820	tflocus_53d9d96a6fb149e2	25229831	25229831	1	0	0	1	1	1	792	1	18	1	0	17	774	0.00126262626263	0.0555555555556	0	0
chr2R	25229818	25229837	tfsite_5f1360e5acab0fc9	tflocus_53d9d96a6fb149e2	25229831	25229829	2	4	2	5	5	5	789	5	54	5	0	49	735	0.0063371356147	0.0925925925926	1	1
chr2R	25229824	25229841	tfsite_66f22e9675bae425	tflocus_53d9d96a6fb149e2	25229831	25229834	3	0	0	3	3	3	790	3	53	3	0	50	737	0.00379746835443	0.0566037735849	1	1
chr2R	25229825	25229861	tfsite_5d38d5e33e14761e	tflocus_7107ce05ffd50634	25229844	25229843	1	6	3	3	3	3	791	3	38	3	0	35	753	0.00379266750948	0.0789473684211	1	1
chr2R	25229829	25229846	tfsite_9d8201899ef2f517	tflocus_7107ce05ffd50634	25229844	25229838	2	0	0	1	1	1	790	1	52	1	0	51	738	0.00126582278481	0.0192307692308	0	0
chr2R	25229844	25229889	tfsite_dd82feacf27e3614	tflocus_4ad121a883138fcf	25229862	25229867	1	0	0	1	1	1	792	1	28	1	0	27	764	0.00126262626263	0.0357142857143	0	0
chr2R	25229849	25229874	tfsite_c8555081cd13727f	tflocus_4ad121a883138fcf	25229862	25229862	2	0	0	3	3	3	793	3	64	3	0	61	729	0.00378310214376	0.046875	1	1
chr2R	25229859	25229885	tfsite_3f098411083137a6	tflocus_3feaf9a66ca62b4c	25229879	25229872	1	0	0	1	1	1	792	1	46	1	0	45	746	0.00126262626263	0.0217391304348	0	0
chr2R	25229867	25229946	tfsite_4b44e764e40796d1	tflocus_65fede793ac3f51e	25229905	25229907	1	0	0	1	1	1	792	1	9	1	0	8	783	0.00126262626263	0.111111111111	0	0
chr2R	25229871	25229885	tfsite_67e912fa832211af	tflocus_3feaf9a66ca62b4c	25229879	25229879	2	2.5	2	3	3	3	791	3	69	3	0	66	722	0.00379266750948	0.0434782608696	1	1
chr2R	25229875	25229909	tfsite_6b4e2761454e6e12	tflocus_e506f28ab45d04ea	25229894	25229891	1	5	1.5	4	4	4	790	4	34	4	0	30	756	0.00506329113924	0.117647058824	1	1
chr2R	25229890	25229915	tfsite_dd25b8834dc8b460	tflocus_65fede793ac3f51e	25229905	25229903	2	0	0	1	1	1	791	1	38	1	0	37	753	0.00126422250316	0.0263157894737	0	0
chr2R	25229912	25229935	tfsite_f2dc1ec5534fa362	tflocus_ae209c0eae69bbe4	25229924	25229924	1	0	0	1	1	1	796	1	31	1	0	30	765	0.00125628140704	0.0322580645161	0	0
chr2R	25229934	25229951	tfsite_f1c75cc32e916eda	tflocus_50ec156a960db5cf	25229943	25229943	1	0	0	1	1	1	788	1	33	1	0	32	755	0.00126903553299	0.030303030303	0	0
chr2R	25229941	25229973	tfsite_d48021df1ce06fdb	tflocus_0ba6caaf9d94b724	25229957	25229957	1	2.5	1	2	2	2	789	2	20	2	0	18	769	0.00253485424588	0.1	0	0
chr2R	25229945	25230004	tfsite_9e7eac17468912ed	tflocus_3e14b123ebcc1259	25229972	25229975	1	0	0	1	1	1	791	1	14	1	0	13	777	0.00126422250316	0.0714285714286	0	0
chr2R	25229953	25229988	tfsite_b4aa43234d03f675	tflocus_3e14b123ebcc1259	25229972	25229970	2	2.5	5.5	2	2	2	788	2	20	2	0	18	768	0.00253807106599	0.1	0	0
chr2R	25229987	25230004	tfsite_c049df3d80338964	tflocus_3a96c17582afa293	25229996	25229996	1	0	0	1	1	1	783	1	25	1	0	24	758	0.00127713920817	0.04	0	0
chr2R	25230006	25230049	tfsite_868cbe5c8c84dbc5	tflocus_5587769eaed76937	25230025	25230027	1	3	2.5	2	2	2	786	2	21	2	0	19	765	0.00254452926209	0.0952380952381	0	0
chr2R	25230022	25230081	tfsite_1cbc49c72f06e540	tflocus_7e0291517b4e7463	25230050	25230052	1	0	0	1	1	1	784	1	30	1	0	29	754	0.00127551020408	0.0333333333333	0	0
chr2R	25230025	25230050	tfsite_06c80d7e7b34d7de	tflocus_24664b386e7b64ef	25230037	25230037	1	0.5	4	2	2	2	280	2	16	2	0	14	264	0.00714285714286	0.125	0	0
chr2R	25230040	25230062	tfsite_5139c1b7532fcf26	tflocus_7e0291517b4e7463	25230050	25230051	2	1	0.5	2	2	2	796	2	64	2	0	62	732	0.00251256281407	0.03125	0	0
chr2R	25230044	25230101	tfsite_596600434c500b74	tflocus_a57816211f057797	25230074	25230073	1	0	0	1	1	1	792	1	38	1	0	37	754	0.00126262626263	0.0263157894737	0	0
chr2R	25230045	25230066	tfsite_160d758505478c24	tflocus_7e0291517b4e7463	25230050	25230056	3	0	0	1	1	1	796	1	73	1	0	72	723	0.00125628140704	0.013698630137	0	0
chr2R	25230046	25230067	tfsite_b6ad7b4b35400626	tflocus_41755cbe47e7b9da	25230063	25230057	1	2	2	3	3	3	796	3	73	3	0	70	723	0.00376884422111	0.041095890411	1	1
chr2R	25230049	25230085	tfsite_2eda5ef1875f9060	tflocus_41755cbe47e7b9da	25230063	25230067	2	3	4	2	2	2	795	2	58	2	0	56	737	0.00251572327044	0.0344827586207	0	0
chr2R	25230055	25230135	tfsite_b32d04087791ddeb	tflocus_8f33560ae043287c	25230089	25230095	1	0	0	1	1	1	791	1	21	0	1	21	769	0.00126422250316	0	0	0
chr2R	25230056	25230070	tfsite_ac33c2e394107b15	tflocus_41755cbe47e7b9da	25230063	25230063	3	3.5	1	5	5	5	793	5	77	5	0	72	716	0.0063051702396	0.0649350649351	1	1
chr2R	25230058	25230099	tfsite_aa8a28d6737d3ee8	tflocus_a57816211f057797	25230074	25230079	2	0	0	1	1	1	792	1	45	1	0	44	747	0.00126262626263	0.0222222222222	0	0
chr2R	25230064	25230085	tfsite_c0d33328f0681e3e	tflocus_a57816211f057797	25230074	25230077	3	5	3	4	4	4	795	4	63	4	0	59	732	0.00503144654088	0.0634920634921	1	1
chr2R	25230068	25230099	tfsite_653da6fbe3887f9d	tflocus_8f33560ae043287c	25230089	25230084	2	0	0	1	1	1	792	1	53	1	0	52	739	0.00126262626263	0.0188679245283	0	0
chr2R	25230072	25230126	tfsite_07168688010133f1	tflocus_8f33560ae043287c	25230089	25230099	3	5.5	6	2	2	2	788	2	27	2	0	25	761	0.00253807106599	0.0740740740741	0	0
chr2R	25230079	25230103	tfsite_4fbad15fdddcddc9	tflocus_8f33560ae043287c	25230089	25230091	4	3	1.5	2	2	2	789	2	59	2	0	57	730	0.00253485424588	0.0338983050847	0	0
chr2R	25230092	25230124	tfsite_02f53c3cbe63752e	tflocus_d005b91ee665e08f	25230110	25230109	1	4	5.5	3	3	3	789	3	47	2	1	45	741	0.00380228136882	0.0425531914894	1	1
chr2R	25230093	25230163	tfsite_a8c06ee008e23c59	tflocus_84ec777129a2029a	25230130	25230128	1	0	0	1	1	1	794	1	25	1	0	24	769	0.00125944584383	0.04	0	0
chr2R	25230103	25230129	tfsite_248e0545dab43d83	tflocus_d005b91ee665e08f	25230110	25230117	2	1.5	5	3	3	3	793	3	43	3	0	40	750	0.00378310214376	0.0697674418605	1	1
chr2R	25230107	25230149	tfsite_7f3c19df0b86a440	tflocus_84ec777129a2029a	25230130	25230128	2	0	0	1	1	1	794	1	35	1	0	34	759	0.00125944584383	0.0285714285714	0	0
chr2R	25230117	25230173	tfsite_9a13418447d18fb1	tflocus_f3a943ff6f4178b6	25230147	25230145	1	0	0	1	1	1	792	1	33	1	0	32	759	0.00126262626263	0.030303030303	0	0
chr2R	25230130	25230136	tfsite_502de9bb6ad63296	tflocus_84ec777129a2029a	25230130	25230132	3	1.5	1.5	2	2	2	794	2	65	2	0	63	729	0.00251889168766	0.0307692307692	0	0
chr2R	25230133	25230164	tfsite_84e00676bc3cb510	tflocus_f3a943ff6f4178b6	25230147	25230148	2	2	3	3	3	3	793	3	50	3	0	47	743	0.00378310214376	0.06	1	1
chr2R	25230137	25230147	tfsite_c1230053dd61518e	tflocus_f3a943ff6f4178b6	25230147	25230142	3	0.5	4	2	2	2	795	2	61	2	0	59	734	0.00251572327044	0.0327868852459	0	0
chr2R	25230143	25230172	tfsite_662fba843a1b5f10	tflocus_df136a86ea5efd98	25230158	25230158	1	0	0	1	1	1	794	1	49	1	0	48	745	0.00125944584383	0.0204081632653	0	0
chr2R	25230147	25230153	tfsite_47a528dd3e98cc6e	tflocus_f3a943ff6f4178b6	25230147	25230150	4	0	0	1	1	1	795	1	68	1	0	67	727	0.00125786163522	0.0147058823529	0	0
chr2R	25230147	25230207	tfsite_b72360a43b63982b	tflocus_653c9acce240c2f5	25230186	25230177	1	0	0	1	1	1	791	1	26	1	0	25	765	0.00126422250316	0.0384615384615	0	0
chr2R	25230162	25230225	tfsite_6a0ce7f80b97ea7c	tflocus_653c9acce240c2f5	25230186	25230194	2	3	3	2	2	2	791	2	26	2	0	24	765	0.00252844500632	0.0769230769231	0	0
chr2R	25230166	25230235	tfsite_8a8a699cf91e0dc5	tflocus_58638375d36f0d9b	25230205	25230201	1	0	0	1	1	1	792	1	24	1	0	23	768	0.00126262626263	0.0416666666667	0	0
chr2R	25230172	25230199	tfsite_a940c2519afc96ff	tflocus_653c9acce240c2f5	25230186	25230186	3	3	3	2	2	2	784	2	40	2	0	38	744	0.00255102040816	0.05	0	0
chr2R	25230175	25230236	tfsite_517c34f4e1f42da7	tflocus_58638375d36f0d9b	25230205	25230206	2	0	0	1	1	1	790	1	24	1	0	23	766	0.00126582278481	0.0416666666667	0	0
chr2R	25230180	25230224	tfsite_35b6bda1de937db8	tflocus_58638375d36f0d9b	25230205	25230202	3	0	0	1	1	1	791	1	33	1	0	32	758	0.00126422250316	0.030303030303	0	0
chr2R	25230190	25230242	tfsite_a5db526c92a44bd3	tflocus_e0a4ebd5fd17bb33	25230216	25230216	1	0	0	1	1	1	789	1	39	1	0	38	750	0.00126742712294	0.025641025641	0	0
chr2R	25230192	25230267	tfsite_8ec6c9105b226e34	tflocus_bd5a033162828b25	25230230	25230230	1	0	0	1	1	1	792	1	32	1	0	31	760	0.00126262626263	0.03125	0	0
chr2R	25230194	25230216	tfsite_6e44908baf785a43	tflocus_58638375d36f0d9b	25230205	25230205	4	0	0	1	1	1	794	1	49	1	0	48	745	0.00125944584383	0.0204081632653	0	0
chr2R	25230194	25230229	tfsite_59189fbbdbd8cb58	tflocus_e0a4ebd5fd17bb33	25230216	25230211	2	0.5	0.5	2	2	2	792	2	46	2	0	44	746	0.00252525252525	0.0434782608696	0	0
chr2R	25230195	25230219	tfsite_e24a153bdd8a8771	tflocus_58638375d36f0d9b	25230205	25230207	5	0	0	1	1	1	795	1	48	1	0	47	747	0.00125786163522	0.0208333333333	0	0
chr2R	25230207	25230229	tfsite_922239b36dcf80f6	tflocus_e0a4ebd5fd17bb33	25230216	25230218	3	3	1	2	2	2	796	2	62	2	0	60	734	0.00251256281407	0.0322580645161	0	0
chr2R	25230209	25230246	tfsite_3c5d5554c4651a45	tflocus_bd5a033162828b25	25230230	25230227	2	2.5	1	2	2	2	793	2	57	2	0	55	736	0.00252206809584	0.0350877192982	0	0
chr2R	25230211	25230254	tfsite_749abd95ce214858	tflocus_bd5a033162828b25	25230230	25230233	3	0	0	1	1	1	794	1	50	1	0	49	744	0.00125944584383	0.02	0	0
chr2R	25230211	25230260	tfsite_f8bca37fcc77131f	tflocus_97e770742d58a4f3	25230241	25230236	1	0	0	1	1	1	790	1	47	1	0	46	743	0.00126582278481	0.0212765957447	0	0
chr2R	25230211	25230290	tfsite_e4440b288352b309	tflocus_5c809b7b307bde20	25230255	25230251	1	0	0	1	1	1	791	1	31	0	1	31	759	0.00126422250316	0	0	0
chr2R	25230212	25230270	tfsite_96cee4e0057c64ad	tflocus_97e770742d58a4f3	25230241	25230240	2	4	3.5	4	4	4	787	4	41	4	0	37	746	0.00508259212198	0.0975609756098	1	1
chr2R	25230223	25230237	tfsite_cac03a4447588d01	tflocus_bd5a033162828b25	25230230	25230230	4	0	0	1	1	1	793	1	69	1	0	68	724	0.00126103404792	0.0144927536232	0	0
chr2R	25230233	25230258	tfsite_9adc438fdd3c2c77	tflocus_97e770742d58a4f3	25230241	25230245	3	0.5	2	2	2	2	789	2	69	2	0	67	720	0.00253485424588	0.0289855072464	0	0
chr2R	25230233	25230283	tfsite_673dfaaa94d3a9b7	tflocus_5c809b7b307bde20	25230255	25230258	2	0	0	1	1	1	787	1	41	1	0	40	746	0.0012706480305	0.0243902439024	0	0
chr2R	25230237	25230294	tfsite_426796eb52c90442	tflocus_cfb110a653ae3aa0	25230266	25230266	1	0	0	1	1	1	788	1	39	1	0	38	749	0.00126903553299	0.025641025641	0	0
chr2R	25230244	25230315	tfsite_dab14ec4a1feed3e	tflocus_e94644c68797a991	25230284	25230280	1	0	0	1	1	1	786	1	25	1	0	24	761	0.00127226463104	0.04	0	0
chr2R	25230244	25230327	tfsite_d2a6c2a34fa1c104	tflocus_e94644c68797a991	25230284	25230286	2	0	0	1	1	1	792	1	21	1	0	20	771	0.00126262626263	0.047619047619	0	0
chr2R	25230247	25230272	tfsite_bfb8dc00b719fb74	tflocus_5c809b7b307bde20	25230255	25230260	3	0	0	1	1	1	787	1	77	1	0	76	710	0.0012706480305	0.012987012987	0	0
chr2R	25230250	25230259	tfsite_87cd5959c027f7d1	tflocus_5c809b7b307bde20	25230255	25230255	4	1.5	1.5	6	6	6	785	6	108	6	0	102	677	0.00764331210191	0.0555555555556	1	1
chr2R	25230260	25230268	tfsite_639f2f31cd9e4576	tflocus_cfb110a653ae3aa0	25230266	25230264	2	0	0	1	1	1	783	1	142	1	0	141	641	0.00127713920817	0.00704225352113	0	0
chr2R	25230264	25230291	tfsite_e5f36d6a00391bba	tflocus_e94644c68797a991	25230284	25230277	3	3	6	2	2	2	790	2	108	2	0	106	682	0.00253164556962	0.0185185185185	0	0
chr2R	25230269	25230301	tfsite_6029d5bb5cccde91	tflocus_e94644c68797a991	25230284	25230285	4	5	0	4	4	4	794	4	104	4	0	100	690	0.00503778337531	0.0384615384615	1	1
chr2R	25230276	25230344	tfsite_fd80c66d14b02014	tflocus_92e28fbcec5f585c	25230310	25230310	1	0	0	1	1	1	792	1	29	1	0	28	763	0.00126262626263	0.0344827586207	0	0
chr2R	25230279	25230315	tfsite_446079160d050afd	tflocus_ea8be74d09474978	25230299	25230297	1	3.5	0	2	2	2	786	2	59	2	0	57	727	0.00254452926209	0.0338983050847	0	0
chr2R	25230287	25230360	tfsite_7131b144584fcd6c	tflocus_9838dbf4a8aafc93	25230322	25230324	1	0	0	1	1	1	793	1	23	1	0	22	770	0.00126103404792	0.0434782608696	0	0
chr2R	25230292	25230309	tfsite_71512a39ce751f5b	tflocus_ea8be74d09474978	25230299	25230301	2	0	0	1	1	1	784	1	96	1	0	95	688	0.00127551020408	0.0104166666667	0	0
chr2R	25230302	25230337	tfsite_6bbff024059cb81b	tflocus_9838dbf4a8aafc93	25230322	25230320	2	0	0	1	1	1	782	1	52	1	0	51	730	0.00127877237852	0.0192307692308	0	0
chr2R	25230327	25230335	tfsite_8c5e99bf5585e7b7	tflocus_9838dbf4a8aafc93	25230322	25230331	3	0	0	1	1	1	791	1	68	1	0	67	723	0.00126422250316	0.0147058823529	0	0
chr2R	25230334	25230374	tfsite_7b10ce8664eaff7a	tflocus_834c516d699ad229	25230347	25230353	1	5.5	2.5	2	2	2	797	2	28	2	0	26	769	0.00250941028858	0.0714285714286	0	0
chr2R	25230338	25230356	tfsite_ee64b6147d49cfa2	tflocus_834c516d699ad229	25230347	25230346	2	3.5	3	4	4	4	793	4	42	4	0	38	751	0.00504413619168	0.0952380952381	1	1
chr2R	25230340	25230393	tfsite_8059c1659de75a38	tflocus_51d54e8c8feec3ba	25230365	25230367	1	0	0	1	1	1	794	1	26	1	0	25	768	0.00125944584383	0.0384615384615	0	0
chr2R	25230349	25230420	tfsite_2b3f5be65a9d5138	tflocus_9fcdda0ac938942f	25230393	25230385	1	0	0	1	1	1	798	1	13	1	0	12	785	0.00125313283208	0.0769230769231	0	0
chr2R	25230355	25230368	tfsite_0cd7f2d388da0e6b	tflocus_51d54e8c8feec3ba	25230365	25230363	2	3	0.5	4	4	4	797	4	55	4	0	51	742	0.00501882057716	0.0727272727273	1	1
chr2R	25230355	25230380	tfsite_ea9aebe9d5ec91c9	tflocus_51d54e8c8feec3ba	25230365	25230368	3	0	0	1	1	1	794	1	47	1	0	46	747	0.00125944584383	0.0212765957447	0	0
chr2R	25230370	25230448	tfsite_ba3b01360ca890bf	tflocus_86c86f2b3f339915	25230410	25230409	1	0	0	1	1	1	794	1	11	1	0	10	783	0.00125944584383	0.0909090909091	0	0
chr2R	25230383	25230398	tfsite_ee7f095f8f56ee6a	tflocus_9fcdda0ac938942f	25230393	25230393	2	3.5	4.5	3	3	3	791	3	41	3	0	38	750	0.00379266750948	0.0731707317073	1	1
chr2R	25230396	25230430	tfsite_50df63e06dc644e6	tflocus_86c86f2b3f339915	25230410	25230413	2	5.5	3.5	2	2	2	793	2	25	2	0	23	768	0.00252206809584	0.08	0	0
chr2R	25230398	25230421	tfsite_ffb2ad06a4ebcb8a	tflocus_86c86f2b3f339915	25230410	25230410	3	1	1	3	3	3	795	3	31	3	0	28	764	0.00377358490566	0.0967741935484	1	1
chr2R	25230398	25230461	tfsite_1ed7776b5237ddd2	tflocus_2c029697f81e479f	25230430	25230430	1	0	0	1	1	1	792	1	15	1	0	14	777	0.00126262626263	0.0666666666667	0	0
chr2R	25230400	25230414	tfsite_1ed274108c6e6f06	tflocus_86c86f2b3f339915	25230410	25230407	4	0	0	1	1	1	788	1	44	1	0	43	744	0.00126903553299	0.0227272727273	0	0
chr2R	25230414	25230428	tfsite_ff2a62c9261ee69e	tflocus_2c029697f81e479f	25230430	25230421	2	0	0	1	1	1	791	1	35	1	0	34	756	0.00126422250316	0.0285714285714	0	0
chr2R	25230420	25230503	tfsite_01eed92947e041cb	tflocus_0cef38b4b9c29859	25230471	25230462	1	0	0	1	1	1	796	1	15	0	1	15	780	0.00125628140704	0	0	0
chr2R	25230430	25230475	tfsite_ac4a663a4158f1a3	tflocus_d613149d2cd8458b	25230451	25230452	1	5	1	3	3	3	795	3	20	3	0	17	775	0.00377358490566	0.15	1	1
chr2R	25230438	25230454	tfsite_4bb121a9e7a96151	tflocus_d613149d2cd8458b	25230451	25230446	2	0	0	1	1	1	790	1	27	1	0	26	763	0.00126582278481	0.037037037037	0	0
chr2R	25230445	25230495	tfsite_78cf0beb01a7f176	tflocus_0cef38b4b9c29859	25230471	25230470	2	1	1.5	2	2	2	796	2	22	2	0	20	774	0.00251256281407	0.0909090909091	0	0
chr2R	25230448	25230476	tfsite_ed30d2ab0b14db5b	tflocus_0cef38b4b9c29859	25230471	25230462	3	0	0	1	1	1	791	1	29	1	0	28	762	0.00126422250316	0.0344827586207	0	0
chr2R	25230465	25230484	tfsite_ede7b0a5f8868c16	tflocus_0cef38b4b9c29859	25230471	25230475	4	0	0	1	1	1	794	1	55	1	0	54	739	0.00125944584383	0.0181818181818	0	0
chr2R	25230499	25230550	tfsite_ad27c103786b978a	tflocus_b9f762b81051844d	25230531	25230525	1	0	0	1	1	1	794	1	21	1	0	20	773	0.00125944584383	0.047619047619	0	0
chr2R	25230504	25230524	tfsite_cc7c4fba08040945	tflocus_a599f8c0785aa08b	25230514	25230514	1	1	1.5	2	2	2	796	2	35	2	0	33	761	0.00251256281407	0.0571428571429	0	0
chr2R	25230522	25230544	tfsite_f454e0bacbfe2a04	tflocus_b9f762b81051844d	25230531	25230531	2	3.5	3	3	3	3	795	3	49	2	1	47	745	0.00377358490566	0.0408163265306	1	1
chr2R	25230526	25230577	tfsite_31f8c09c57da5d07	tflocus_86095ffdcfc9f597	25230550	25230552	1	0	0	1	1	1	795	1	26	1	0	25	769	0.00125786163522	0.0384615384615	0	0
chr2R	25230527	25230594	tfsite_e32c733519ea66fd	tflocus_aa6d6a4985294566	25230562	25230561	1	0	0	1	1	1	790	1	21	1	0	20	769	0.00126582278481	0.047619047619	0	0
chr2R	25230543	25230575	tfsite_1aa16116e4cd0754	tflocus_aa6d6a4985294566	25230562	25230559	2	0	0	1	1	1	792	1	31	1	0	30	761	0.00126262626263	0.0322580645161	0	0
chr2R	25230544	25230556	tfsite_e171685d65af532a	tflocus_86095ffdcfc9f597	25230550	25230550	2	0	0	1	1	1	788	1	59	1	0	58	729	0.00126903553299	0.0169491525424	0	0
chr2R	25230551	25230578	tfsite_50083ff75637fef5	tflocus_aa6d6a4985294566	25230562	25230564	3	3	6	2	2	2	793	2	33	2	0	31	760	0.00252206809584	0.0606060606061	0	0
chr2R	25230553	25230615	tfsite_a218e6126a839df7	tflocus_3d3c54e2f8988aaa	25230583	25230584	1	0	0	1	1	1	795	1	19	1	0	18	776	0.00125786163522	0.0526315789474	0	0
chr2R	25230565	25230579	tfsite_708b00cc9ed69221	tflocus_aa6d6a4985294566	25230562	25230572	4	0	0	1	1	1	798	1	43	1	0	42	755	0.00125313283208	0.0232558139535	0	0
chr2R	25230567	25230590	tfsite_302c2e11d4154a7e	tflocus_3d3c54e2f8988aaa	25230583	25230579	2	2	6	2	2	2	798	2	36	2	0	34	762	0.00250626566416	0.0555555555556	0	0
chr2R	25230575	25230618	tfsite_8d4640fd1862b8f1	tflocus_3f50e534842329f2	25230601	25230596	1	4	1	2	2	2	789	2	27	2	0	25	762	0.00253485424588	0.0740740740741	0	0
chr2R	25230576	25230604	tfsite_b22affc7b997a3fa	tflocus_3d3c54e2f8988aaa	25230583	25230590	3	0	0	1	1	1	783	1	30	1	0	29	753	0.00127713920817	0.0333333333333	0	0
chr2R	25230578	25230589	tfsite_62b8f20b4b821875	tflocus_3d3c54e2f8988aaa	25230583	25230584	4	0	0	1	1	1	799	1	41	1	0	40	758	0.00125156445557	0.0243902439024	0	0
chr2R	25230580	25230637	tfsite_7d88d4b7940645df	tflocus_d3acc068d6bfd95b	25230615	25230609	1	0	0	1	1	1	787	1	26	1	0	25	761	0.0012706480305	0.0384615384615	0	0
chr2R	25230589	25230618	tfsite_c567afe338eabaa5	tflocus_3f50e534842329f2	25230601	25230603	2	1.5	4.5	3	3	3	780	3	35	3	0	32	745	0.00384615384615	0.0857142857143	1	1
chr2R	25230600	25230630	tfsite_433ab278f1ec20e4	tflocus_d3acc068d6bfd95b	25230615	25230615	2	0	0	1	1	1	790	1	38	1	0	37	752	0.00126582278481	0.0263157894737	0	0
chr2R	25230611	25230646	tfsite_c3bbefcccc45d27f	tflocus_bca564b8e36e7946	25230629	25230629	1	0	0	2	1	1	793	1	31	1	0	30	762	0.00126103404792	0.0322580645161	0	0
chr2R	25230639	25230657	tfsite_97a897b2e36d3d5a	tflocus_c7bcb7dee986543e	25230648	25230648	1	0	0	1	1	1	795	1	49	1	0	48	746	0.00125786163522	0.0204081632653	0	0
chr2R	25230648	25230691	tfsite_361cc5db62020b6c	tflocus_e6f3176e7cf09b50	25230672	25230670	1	0	0	1	1	1	797	1	27	1	0	26	770	0.00125470514429	0.037037037037	0	0
chr2R	25230650	25230697	tfsite_812fe8e97d779ae1	tflocus_e6f3176e7cf09b50	25230672	25230673	2	6	5	2	2	2	795	2	23	2	0	21	772	0.00251572327044	0.0869565217391	0	0
chr2R	25230663	25230680	tfsite_83058e9dabb3000d	tflocus_e6f3176e7cf09b50	25230672	25230671	3	2	0.5	2	2	2	783	2	45	2	0	43	738	0.00255427841635	0.0444444444444	0	0
chr2R	25230690	25230722	tfsite_05fdc0e47665382a	tflocus_a34ae999c76bd8c2	25230706	25230706	1	0	0	1	1	1	793	1	29	1	0	28	764	0.00126103404792	0.0344827586207	0	0
chr2R	25230744	25230807	tfsite_d5f705a73f6e4ebb	tflocus_12d03bb409a5aaa7	25230782	25230776	1	0	0	1	1	1	269	1	3	0	1	3	265	0.00371747211896	0	0	0
chr2R	25230754	25230784	tfsite_d2c1a0c58ff0c4b3	tflocus_2697c6210822c46a	25230767	25230769	1	0	0	1	1	1	735	1	21	1	0	20	714	0.00136054421769	0.047619047619	0	0
chr2R	25230756	25230811	tfsite_ba218e677fb6187b	tflocus_12d03bb409a5aaa7	25230782	25230783	2	2	2.5	2	2	2	744	2	16	1	1	15	727	0.00268817204301	0.0625	0	0
chr2R	25230760	25230772	tfsite_b8aa8896260d9f3b	tflocus_2697c6210822c46a	25230767	25230767	2	2	2	5	5	5	759	5	34	5	0	29	725	0.00658761528327	0.147058823529	1	1
chr2R	25230765	25230834	tfsite_8c4c38eb81f44058	tflocus_c3cbd0c8d550eee6	25230800	25230800	1	3	1	2	2	2	788	2	16	1	1	15	771	0.00253807106599	0.0625	0	0
chr2R	25230773	25230787	tfsite_52fbcd4fa65d87bf	tflocus_12d03bb409a5aaa7	25230782	25230780	3	0	0	1	1	1	769	1	34	1	0	33	735	0.00130039011704	0.0294117647059	0	0
chr2R	25230783	25230804	tfsite_2d261dbfd52e343b	tflocus_c3cbd0c8d550eee6	25230800	25230793	2	5.5	2.5	2	2	2	783	2	35	2	0	33	748	0.00255427841635	0.0571428571429	0	0
chr2R	25230792	25230811	tfsite_7454ddc6350c6b98	tflocus_c3cbd0c8d550eee6	25230800	25230801	3	4.5	5.5	2	2	2	759	2	37	2	0	35	722	0.00263504611331	0.0540540540541	0	0
chr2R	25230807	25230864	tfsite_f8c5afbc46eef5aa	tflocus_275948304ffcfee9	25230833	25230836	1	0	0	2	1	1	688	1	13	1	0	12	675	0.00145348837209	0.0769230769231	0	0
chr2R	25230814	25230842	tfsite_4e804d65dcef6b1d	tflocus_275948304ffcfee9	25230833	25230828	2	4.5	2	2	2	2	788	2	41	2	0	39	747	0.00253807106599	0.0487804878049	0	0
chr2R	25230850	25230872	tfsite_214980adac609900	tflocus_744c9a3d6652dada	25230861	25230861	1	0	0	3	1	1	775	3	28	3	0	25	747	0.00387096774194	0.107142857143	0	1
chr2R	25230852	25230922	tfsite_f4547a2b60061a24	tflocus_6dd5fa7a61a35798	25230892	25230882	1	5.5	4	2	2	2	767	2	16	1	1	15	750	0.0026075619296	0.0625	0	0
chr2R	25230860	25230943	tfsite_d5c704c3afb5e338	tflocus_6dd5fa7a61a35798	25230892	25230902	2	0	0	1	1	1	780	1	15	0	1	15	764	0.00128205128205	0	0	0
chr2R	25230895	25230941	tfsite_da84d119cb3605ce	tflocus_81d5715b392ba330	25230914	25230918	1	0	0	1	1	1	783	1	29	0	1	29	753	0.00127713920817	0	0	0
chr2R	25230896	25230927	tfsite_76c848b1655487af	tflocus_81d5715b392ba330	25230914	25230912	2	2	2	2	2	2	770	2	32	2	0	30	738	0.0025974025974	0.0625	0	0
chr2R	25230906	25230977	tfsite_0e24a0ab7b1065e0	tflocus_eff5990842308665	25230940	25230942	1	0	0	1	1	1	783	1	21	1	0	20	762	0.00127713920817	0.047619047619	0	0
chr2R	25230915	25230949	tfsite_42f0e90f9822e807	tflocus_eff5990842308665	25230940	25230931	2	4.5	1.5	2	2	2	778	2	37	2	0	35	741	0.0025706940874	0.0540540540541	0	0
chr2R	25230916	25230983	tfsite_e7f9a7bd99bb249d	tflocus_50681a3eb8917c42	25230955	25230950	1	0	0	1	1	1	785	1	26	1	0	25	759	0.00127388535032	0.0384615384615	0	0
chr2R	25230928	25230950	tfsite_9318f9bdcac81f2f	tflocus_eff5990842308665	25230940	25230939	3	0	1	3	2	2	788	2	62	2	0	60	726	0.00253807106599	0.0322580645161	0	0
chr2R	25230930	25230992	tfsite_c389918c317a147f	tflocus_3c99f546ee9fd041	25230966	25230961	1	0	0	1	1	1	777	1	36	1	0	35	741	0.001287001287	0.0277777777778	0	0
chr2R	25230941	25230973	tfsite_40400f74ecc5de32	tflocus_50681a3eb8917c42	25230955	25230957	2	0	0	1	1	1	782	1	50	1	0	49	732	0.00127877237852	0.02	0	0
chr2R	25230949	25230987	tfsite_fdb7f29b1a37870d	tflocus_3c99f546ee9fd041	25230966	25230968	2	0	0	1	1	1	785	1	60	1	0	59	725	0.00127388535032	0.0166666666667	0	0
chr2R	25230951	25230959	tfsite_7eb0151e335b64cd	tflocus_50681a3eb8917c42	25230955	25230955	3	0	0	1	1	1	780	1	98	1	0	97	682	0.00128205128205	0.0102040816327	0	0
chr2R	25230958	25230972	tfsite_c00aa504102a1666	tflocus_3c99f546ee9fd041	25230966	25230965	3	3.5	3	6	6	6	786	6	79	6	0	73	707	0.00763358778626	0.0759493670886	1	1
chr2R	25230959	25231002	tfsite_ec3672d79ecf8a0f	tflocus_38cdfbb83759e62f	25230979	25230981	1	0	0	1	1	1	790	1	52	1	0	51	738	0.00126582278481	0.0192307692308	0	0
chr2R	25230965	25230979	tfsite_f7a11c8cb2a093a4	tflocus_3c99f546ee9fd041	25230966	25230971	4	1.5	2.5	2	2	2	784	2	88	2	0	86	696	0.00255102040816	0.0227272727273	0	0
chr2R	25230965	25230992	tfsite_05c2938130a409ce	tflocus_38cdfbb83759e62f	25230979	25230979	2	1	3	10	10	10	791	10	75	10	0	65	716	0.0126422250316	0.133333333333	1	1
chr2R	25230967	25231009	tfsite_85530ca1dfa8c88d	tflocus_38cdfbb83759e62f	25230979	25230988	3	0	0	1	1	1	790	1	58	1	0	57	732	0.00126582278481	0.0172413793103	0	0
chr2R	25230978	25230994	tfsite_8b172eaa65cfe4d7	tflocus_38cdfbb83759e62f	25230979	25230986	4	3	1	2	2	2	791	2	82	2	0	80	709	0.00252844500632	0.0243902439024	0	0
chr2R	25230981	25231009	tfsite_fd1d52d73263b634	tflocus_1e3fc24ee26d4785	25230997	25230997	1	0.5	4.5	5	5	5	792	5	69	5	0	64	723	0.00631313131313	0.0724637681159	1	1
chr2R	25230994	25231030	tfsite_09023eab1c25fb94	tflocus_80bca5c6e18c3836	25231012	25231013	1	4.5	5	3	3	3	786	3	71	3	0	68	715	0.00381679389313	0.0422535211268	1	1
chr2R	25231000	25231039	tfsite_d43da8f8f231438a	tflocus_f8852b029e8a492b	25231026	25231020	1	0	0	1	1	1	778	1	70	1	0	69	708	0.0012853470437	0.0142857142857	0	0
chr2R	25231007	25231027	tfsite_22c5d73d0a6c6028	tflocus_80bca5c6e18c3836	25231012	25231017	2	1	2.5	2	2	2	787	2	81	2	0	79	706	0.00254129606099	0.0246913580247	0	0
chr2R	25231014	25231028	tfsite_9fa0b3b56a2e68dd	tflocus_f8852b029e8a492b	25231026	25231021	2	3	1	2	2	2	781	2	96	2	0	94	685	0.00256081946223	0.0208333333333	0	0
chr2R	25231017	25231030	tfsite_69cee13117524e69	tflocus_f8852b029e8a492b	25231026	25231024	3	4.5	6	4	4	4	787	4	98	4	0	94	689	0.00508259212198	0.0408163265306	1	1
chr2R	25231019	25231036	tfsite_96cca856a7bb47bf	tflocus_f8852b029e8a492b	25231026	25231027	4	4.5	6	17	17	17	776	17	94	11	6	83	676	0.0219072164948	0.117021276596	1	1
chr2R	25231024	25231103	tfsite_973a764527d48f43	tflocus_d00e7fa21d2c5a0d	25231069	25231064	1	0	0	1	1	1	773	1	28	0	1	28	744	0.0012936610608	0	0	0
chr2R	25231027	25231060	tfsite_bcba332df84a03f7	tflocus_7322342c67b24bdf	25231043	25231043	1	2.5	0.5	2	2	2	777	2	73	2	0	71	704	0.002574002574	0.027397260274	0	0
chr2R	25231043	25231076	tfsite_d45279db99c7fe4f	tflocus_d00e7fa21d2c5a0d	25231069	25231059	2	4.5	6	2	2	2	784	2	73	2	0	71	711	0.00255102040816	0.027397260274	0	0
chr2R	25231048	25231123	tfsite_14638e4620b7c395	tflocus_024391e6f4fe0928	25231085	25231086	1	0	0	1	1	1	756	1	37	1	0	36	719	0.00132275132275	0.027027027027	0	0
chr2R	25231062	25231079	tfsite_d28b2c7ece4e3110	tflocus_d00e7fa21d2c5a0d	25231069	25231069	3	1.5	3	4	4	4	781	4	83	4	0	79	698	0.00512163892446	0.0481927710843	1	1
chr2R	25231065	25231105	tfsite_66fdb5f298fdbd57	tflocus_024391e6f4fe0928	25231085	25231085	2	0	0	1	1	1	664	1	48	1	0	47	616	0.00150602409639	0.0208333333333	0	0
chr2R	25231069	25231137	tfsite_01ff6310775a4294	tflocus_f3c890ddb0d5b687	25231101	25231103	1	2.5	4	2	2	2	753	2	45	1	1	44	707	0.00265604249668	0.0222222222222	0	0
chr2R	25231073	25231124	tfsite_6f64f319fd9719f3	tflocus_f3c890ddb0d5b687	25231101	25231098	2	2	1.5	2	2	2	746	2	53	2	0	51	693	0.00268096514745	0.0377358490566	0	0
chr2R	25231077	25231143	tfsite_deff016ecb519518	tflocus_a33b30a4ba4d692b	25231115	25231110	1	0	0	1	1	1	757	1	56	1	0	55	701	0.00132100396301	0.0178571428571	0	0
chr2R	25231097	25231120	tfsite_fa388d3fdf3acb3f	tflocus_a33b30a4ba4d692b	25231115	25231109	2	0	0	1	1	1	656	1	65	1	0	64	591	0.0015243902439	0.0153846153846	0	0
chr2R	25231102	25231138	tfsite_c723eacf3bc0e829	tflocus_a33b30a4ba4d692b	25231115	25231120	3	0	0	1	1	1	649	1	58	1	0	57	591	0.00154083204931	0.0172413793103	0	0
chr2R	25231103	25231153	tfsite_238fb6fd7425e4fd	tflocus_548e7cf4d8292748	25231127	25231128	1	1	1	3	3	3	659	3	52	3	0	49	607	0.00455235204856	0.0576923076923	1	1
chr2R	25231106	25231146	tfsite_73d151258cc4085e	tflocus_548e7cf4d8292748	25231127	25231126	2	3	1.5	4	4	4	753	4	72	4	0	68	681	0.00531208499336	0.0555555555556	1	1
chr2R	25231106	25231186	tfsite_23fd9c6cde1614f5	tflocus_36e757f218715768	25231147	25231146	1	0	0	1	1	1	760	1	32	1	0	31	728	0.00131578947368	0.03125	0	0
chr2R	25231110	25231130	tfsite_5e3819d62b5561a7	tflocus_a33b30a4ba4d692b	25231115	25231119	4	6	4	6	5	5	775	6	88	6	0	82	687	0.00774193548387	0.0681818181818	1	1
chr2R	25231125	25231164	tfsite_3cd720c3d6988c1a	tflocus_36e757f218715768	25231147	25231145	2	0	0	1	1	1	788	1	69	1	0	68	719	0.00126903553299	0.0144927536232	0	0
chr2R	25231141	25231158	tfsite_f4c96e68ceead369	tflocus_36e757f218715768	25231147	25231149	3	0.5	3	4	3	3	784	4	96	4	0	92	688	0.00510204081633	0.0416666666667	1	1
chr2R	25231148	25231197	tfsite_81865c92a93eecde	tflocus_e21b7e511cdff519	25231171	25231173	1	0	0	1	1	1	788	1	54	1	0	53	734	0.00126903553299	0.0185185185185	0	0
chr2R	25231149	25231230	tfsite_62a72e36c974059d	tflocus_9b951a8d52a225fe	25231188	25231190	1	0	0	1	1	1	786	1	25	1	0	24	761	0.00127226463104	0.04	0	0
chr2R	25231151	25231166	tfsite_553b39e38c43d07b	tflocus_0807946c1c4ddafb	25231158	25231159	1	2.5	2.5	5	5	5	791	5	111	5	0	106	680	0.0063211125158	0.045045045045	1	1
chr2R	25231159	25231182	tfsite_429225989fcb8b14	tflocus_e21b7e511cdff519	25231171	25231170	2	3.5	3.5	3	3	3	796	3	88	3	0	85	708	0.00376884422111	0.0340909090909	1	1
chr2R	25231164	25231188	tfsite_31f709ebc7a24af0	tflocus_e21b7e511cdff519	25231171	25231176	3	6	0.5	2	2	2	788	2	74	2	0	72	714	0.00253807106599	0.027027027027	0	0
chr2R	25231165	25231217	tfsite_bc57f6e0f107d57f	tflocus_9b951a8d52a225fe	25231188	25231191	2	0	0	1	1	1	769	1	39	1	0	38	730	0.00130039011704	0.025641025641	0	0
chr2R	25231165	25231235	tfsite_80b946cd9c1e655e	tflocus_b2010d3aa2b12e4c	25231200	25231200	1	0	0	1	1	1	776	1	26	1	0	25	750	0.00128865979381	0.0384615384615	0	0
chr2R	25231174	25231204	tfsite_09ffa3e800f19d05	tflocus_9b951a8d52a225fe	25231188	25231189	3	0	0	1	1	1	778	1	52	1	0	51	726	0.0012853470437	0.0192307692308	0	0
chr2R	25231180	25231191	tfsite_3c6f8ac308adfe27	tflocus_9b951a8d52a225fe	25231188	25231186	4	0.5	2	6	6	6	779	6	78	6	0	72	701	0.00770218228498	0.0769230769231	1	1
chr2R	25231181	25231203	tfsite_309ec5308c7cad55	tflocus_9b951a8d52a225fe	25231188	25231192	5	0	2	2	2	2	779	2	58	2	0	56	721	0.00256739409499	0.0344827586207	0	0
chr2R	25231185	25231259	tfsite_65a71d91ecddf5c8	tflocus_e4dda19e78561662	25231226	25231222	1	0	0	2	1	1	751	2	21	2	0	19	730	0.00266311584554	0.0952380952381	0	0
chr2R	25231186	25231211	tfsite_d7677170ed872108	tflocus_b2010d3aa2b12e4c	25231200	25231198	2	3.5	3.5	4	4	4	749	4	58	4	0	54	691	0.00534045393858	0.0689655172414	1	1
chr2R	25231189	25231202	tfsite_e642bdc4fd70b284	tflocus_b2010d3aa2b12e4c	25231200	25231195	3	0	0.5	2	2	2	771	2	64	2	0	62	707	0.00259403372244	0.03125	0	0
chr2R	25231196	25231272	tfsite_fc208a8923ce4ebc	tflocus_e4dda19e78561662	25231226	25231234	2	0	0	1	1	1	763	1	21	1	0	20	742	0.00131061598952	0.047619047619	0	0
chr2R	25231198	25231211	tfsite_18b3627442f28127	tflocus_b2010d3aa2b12e4c	25231200	25231204	4	1.5	3	2	2	2	747	2	65	2	0	63	682	0.00267737617135	0.0307692307692	0	0
chr2R	25231204	25231224	tfsite_522a2efeb81de85e	tflocus_7f493a61b47b7c90	25231214	25231214	1	0	0	1	1	1	772	1	53	1	0	52	719	0.00129533678756	0.0188679245283	0	0
chr2R	25231204	25231254	tfsite_c35476011d0ba0be	tflocus_e4dda19e78561662	25231226	25231229	3	0	0	2	1	1	696	1	25	1	0	24	671	0.0014367816092	0.04	0	0
chr2R	25231212	25231240	tfsite_4c24378efe33c87c	tflocus_e4dda19e78561662	25231226	25231226	4	3	0.5	2	2	2	718	2	44	2	0	42	674	0.00278551532033	0.0454545454545	0	0
chr2R	25231226	25231289	tfsite_8a6efd27bb482a18	tflocus_853eed39da0d950c	25231253	25231255	1	2	5.5	2	2	2	774	2	21	2	0	19	753	0.00258397932817	0.0952380952381	0	0
chr2R	25231233	25231251	tfsite_78e520b99098c078	tflocus_1e23604aa8b4dcd0	25231242	25231242	1	4	3	3	2	2	709	2	50	2	0	48	659	0.00282087447109	0.04	0	0
chr2R	25231245	25231260	tfsite_523bbd9b52766949	tflocus_853eed39da0d950c	25231253	25231252	2	2	1.5	2	2	2	750	2	60	2	0	58	690	0.00266666666667	0.0333333333333	0	0
chr2R	25231257	25231308	tfsite_e0c812c3bcd71d62	tflocus_19c36bd46cf3414d	25231283	25231283	1	0	0	1	1	1	772	1	31	1	0	30	741	0.00129533678756	0.0322580645161	0	0
chr2R	25231263	25231295	tfsite_06b889ca975fdce2	tflocus_19c36bd46cf3414d	25231283	25231279	2	1.5	1	2	2	2	787	2	43	2	0	41	744	0.00254129606099	0.046511627907	0	0
chr2R	25231277	25231295	tfsite_25183557c488cc77	tflocus_19c36bd46cf3414d	25231283	25231286	3	1.5	3	2	2	2	783	2	49	2	0	47	734	0.00255427841635	0.0408163265306	0	0
chr2R	25231287	25231309	tfsite_958146cad884821b	tflocus_e191d7c025f6b63c	25231298	25231298	1	0.5	0.5	2	2	2	785	2	50	2	0	48	735	0.00254777070064	0.04	0	0
chr2R	25231299	25231331	tfsite_ff54070df4b1a9f8	tflocus_f1676e74122398c1	25231314	25231315	1	0	0	1	1	1	783	1	46	1	0	45	737	0.00127713920817	0.0217391304348	0	0
chr2R	25231301	25231314	tfsite_7ea090b96d74c8bc	tflocus_f1676e74122398c1	25231314	25231308	2	0	0	1	1	1	790	1	67	1	0	66	723	0.00126582278481	0.0149253731343	0	0
chr2R	25231316	25231379	tfsite_092880d32442ee62	tflocus_d9fc2db1d8df233d	25231344	25231348	1	2	6	2	2	2	791	2	15	2	0	13	776	0.00252844500632	0.133333333333	0	0
chr2R	25231324	25231398	tfsite_11899ba973c2c3d8	tflocus_1bda3e04b886e550	25231361	25231361	1	0	0	1	1	1	793	1	14	0	1	14	778	0.00126103404792	0	0	0
chr2R	25231334	25231353	tfsite_27e78eb13efa0120	tflocus_d9fc2db1d8df233d	25231344	25231343	2	0	0	5	5	5	783	5	59	5	0	54	724	0.00638569604087	0.0847457627119	1	1
chr2R	25231346	25231361	tfsite_e668571fa9dc2a06	tflocus_1bda3e04b886e550	25231361	25231354	2	0	0	1	1	1	785	1	60	1	0	59	725	0.00127388535032	0.0166666666667	0	0
chr2R	25231350	25231386	tfsite_ebc36ef3b813b116	tflocus_1bda3e04b886e550	25231361	25231368	3	0	0	1	1	1	787	1	28	1	0	27	759	0.0012706480305	0.0357142857143	0	0
chr2R	25231358	25231408	tfsite_99cff6df8e33003d	tflocus_8c8c6d32958d6183	25231386	25231383	1	2.5	5	2	2	2	783	2	25	1	1	24	757	0.00255427841635	0.04	0	0
chr2R	25231365	25231395	tfsite_c56e147cd56e36b9	tflocus_45deffc7b608331c	25231375	25231376	1	5	6	3	3	3	793	3	31	3	0	28	762	0.00378310214376	0.0967741935484	1	1
chr2R	25231374	25231449	tfsite_c413fd66e00cbbaa	tflocus_b025b22ac2a4b31d	25231411	25231411	1	5	2	3	3	3	791	3	18	2	1	16	772	0.00379266750948	0.111111111111	1	1
chr2R	25231376	25231408	tfsite_8d0c7881ad81b743	tflocus_8c8c6d32958d6183	25231386	25231393	2	0	0	3	3	3	781	3	32	3	0	29	749	0.00384122919334	0.09375	1	1
chr2R	25231377	25231397	tfsite_947c053dd2a81bb2	tflocus_8c8c6d32958d6183	25231386	25231387	3	4	3	3	3	3	794	3	37	3	0	34	757	0.00377833753149	0.0810810810811	1	1
chr2R	25231386	25231463	tfsite_6098fc54f49c13dd	tflocus_0f18ee4d3affde65	25231425	25231425	1	0	0	1	1	1	790	1	14	1	0	13	776	0.00126582278481	0.0714285714286	0	0
chr2R	25231405	25231466	tfsite_6d3b32a4fb6d4a4e	tflocus_c732cd973011c714	25231436	25231436	1	0	0	1	1	1	791	1	19	1	0	18	772	0.00126422250316	0.0526315789474	0	0
chr2R	25231422	25231482	tfsite_d3c7811975bb91e4	tflocus_8a9db50ccd295757	25231452	25231452	1	0	0	1	1	1	791	1	19	1	0	18	772	0.00126422250316	0.0526315789474	0	0
chr2R	25231458	25231519	tfsite_c8697d66432e83c8	tflocus_c38ef52cbb07f370	25231493	25231489	1	0	0	1	1	1	789	1	19	1	0	18	770	0.00126742712294	0.0526315789474	0	0
chr2R	25231481	25231522	tfsite_eebadb3b7b0df683	tflocus_c38ef52cbb07f370	25231493	25231502	2	0	0	1	1	1	790	1	38	1	0	37	752	0.00126582278481	0.0263157894737	0	0
chr2R	25231484	25231506	tfsite_38644c01f6b8d63e	tflocus_c38ef52cbb07f370	25231493	25231495	3	1.5	2	2	2	2	791	2	63	2	0	61	728	0.00252844500632	0.031746031746	0	0
chr2R	25231494	25231564	tfsite_02031eb9e236146a	tflocus_270dfb417d612a95	25231526	25231529	1	0	0	1	1	1	782	1	18	0	1	18	763	0.00127877237852	0	0	0
chr2R	25231515	25231539	tfsite_74e647ef05a3b3e5	tflocus_270dfb417d612a95	25231526	25231527	2	1	1	2	2	2	787	2	48	2	0	46	739	0.00254129606099	0.0416666666667	0	0
chr2R	25231517	25231558	tfsite_62716c6c5b78b790	tflocus_fa2ba8cd8190249a	25231539	25231539	1	5	1.5	3	3	3	785	3	31	3	0	28	754	0.00382165605096	0.0967741935484	1	1
chr2R	25231519	25231592	tfsite_1967c4effd741551	tflocus_f3e123ecc69ebaac	25231557	25231555	1	2.5	3	2	2	2	789	2	19	1	1	18	769	0.00253485424588	0.0526315789474	0	0
chr2R	25231529	25231597	tfsite_2458354bb147d159	tflocus_f3e123ecc69ebaac	25231557	25231563	2	0	0	1	1	1	784	1	20	1	0	19	764	0.00127551020408	0.05	0	0
chr2R	25231539	25231551	tfsite_a7240d63ab07b85f	tflocus_fa2ba8cd8190249a	25231539	25231545	2	0	0	1	1	1	790	1	54	1	0	53	736	0.00126582278481	0.0185185185185	0	0
chr2R	25231549	25231566	tfsite_b364794b274b927a	tflocus_f3e123ecc69ebaac	25231557	25231558	3	0	0	1	1	1	755	1	43	1	0	42	712	0.00132450331126	0.0232558139535	0	0
chr2R	25231576	25231601	tfsite_e7ee6a72328cc76d	tflocus_19f38e935b0e48be	25231588	25231588	1	0.5	4	5	5	5	785	5	48	4	1	44	736	0.00636942675159	0.0833333333333	1	1
chr2R	25231576	25231621	tfsite_1fcbc5bd58f096c7	tflocus_7321099dca9a222a	25231606	25231598	1	1	1.5	2	2	2	769	2	34	2	0	32	735	0.00260078023407	0.0588235294118	0	0
chr2R	25231585	25231662	tfsite_911edabf2fc62340	tflocus_cc723c2567a4d717	25231625	25231624	1	0	0	3	3	3	764	2	17	1	1	16	746	0.00261780104712	0.0588235294118	1	0
chr2R	25231596	25231662	tfsite_44766563565c6581	tflocus_cc723c2567a4d717	25231625	25231629	2	0	0	1	1	1	763	1	19	1	0	18	744	0.00131061598952	0.0526315789474	0	0
chr2R	25231602	25231611	tfsite_7bb24f54844abf06	tflocus_7321099dca9a222a	25231606	25231607	2	0	0	1	1	1	776	1	57	1	0	56	719	0.00128865979381	0.0175438596491	0	0
chr2R	25231613	25231682	tfsite_dfa275e8330036ef	tflocus_19e86c8d61d7fbe0	25231651	25231648	1	0	0	2	1	1	773	2	16	2	0	14	757	0.0025873221216	0.125	0	0
chr2R	25231633	25231700	tfsite_d9dce7d0cf59fee2	tflocus_fe66060256a24c91	25231667	25231667	1	0	0	1	1	1	783	1	19	1	0	18	764	0.00127713920817	0.0526315789474	0	0
chr2R	25231641	25231663	tfsite_fa9c6e13e4df1ed4	tflocus_19e86c8d61d7fbe0	25231651	25231652	2	4	2	6	6	6	767	6	35	5	1	30	731	0.00782268578879	0.142857142857	1	1
chr2R	25231647	25231725	tfsite_7fae91721e08391a	tflocus_44b0f087dc1026d9	25231686	25231686	1	0	0	1	1	1	783	1	17	0	1	17	765	0.00127713920817	0	0	0
chr2R	25231657	25231707	tfsite_d0e40fa3e5fd0a6c	tflocus_44b0f087dc1026d9	25231686	25231682	2	0	0	1	1	1	789	1	22	1	0	21	767	0.00126742712294	0.0454545454545	0	0
chr2R	25231672	25231708	tfsite_9d1ec97f8981240e	tflocus_44b0f087dc1026d9	25231686	25231690	3	0	0	1	1	1	791	1	31	1	0	30	760	0.00126422250316	0.0322580645161	0	0
chr2R	25231677	25231748	tfsite_286b43dbb1edb79d	tflocus_725eed1f192f4f3b	25231713	25231713	1	0	0	1	1	1	779	1	23	0	1	23	755	0.0012836970475	0	0	0
chr2R	25231681	25231716	tfsite_fd160abe0bfd8155	tflocus_6f19ee655767fea2	25231699	25231699	1	0	0	1	1	1	788	1	40	1	0	39	748	0.00126903553299	0.025	0	0
chr2R	25231704	25231760	tfsite_64e17b98e7c3c89b	tflocus_8ac16267b48bf93b	25231725	25231732	1	0	0	1	1	1	776	1	26	1	0	25	750	0.00128865979381	0.0384615384615	0	0
chr2R	25231704	25231785	tfsite_a169f46f5dfe3886	tflocus_36ced677ca76a506	25231740	25231745	1	0	0	1	1	1	787	1	20	1	0	19	767	0.0012706480305	0.05	0	0
chr2R	25231706	25231744	tfsite_461abd94de179f49	tflocus_8ac16267b48bf93b	25231725	25231725	2	0	0	1	1	1	782	1	34	1	0	33	748	0.00127877237852	0.0294117647059	0	0
chr2R	25231706	25231771	tfsite_f18abe04d4f5eaa2	tflocus_36ced677ca76a506	25231740	25231739	2	2	0	3	3	3	776	3	24	2	1	22	751	0.00386597938144	0.0833333333333	1	1
chr2R	25231732	25231771	tfsite_96ee05c6c748b91d	tflocus_84c38c8f83598b1e	25231762	25231752	1	0	0	1	1	1	765	1	42	1	0	41	723	0.00130718954248	0.0238095238095	0	0
chr2R	25231737	25231783	tfsite_b42a1de7f9255305	tflocus_84c38c8f83598b1e	25231762	25231760	2	1.5	3	2	2	2	779	2	37	2	0	35	742	0.00256739409499	0.0540540540541	0	0
chr2R	25231755	25231778	tfsite_4b5bfe95f3110f90	tflocus_84c38c8f83598b1e	25231762	25231766	3	1	2	2	2	2	795	2	42	2	0	40	753	0.00251572327044	0.047619047619	0	0
chr2R	25231758	25231786	tfsite_96c930f368fdfc00	tflocus_26f199c6a0617002	25231779	25231772	1	0	0	1	1	1	792	1	45	1	0	44	747	0.00126262626263	0.0222222222222	0	0
chr2R	25231773	25231786	tfsite_b4201ea583f840de	tflocus_26f199c6a0617002	25231779	25231779	2	0.5	3.5	2	2	2	787	2	57	2	0	55	730	0.00254129606099	0.0350877192982	0	0
chr2R	25231773	25231823	tfsite_1b3e91847a33c23a	tflocus_b9d957c1b2c52424	25231802	25231798	1	0	0	1	1	1	783	1	30	1	0	29	753	0.00127713920817	0.0333333333333	0	0
chr2R	25231778	25231800	tfsite_9eb7443268e0ab10	tflocus_26f199c6a0617002	25231779	25231789	3	0	0	1	1	1	785	1	85	1	0	84	700	0.00127388535032	0.0117647058824	0	0
chr2R	25231790	25231816	tfsite_8427c64217a3dafa	tflocus_b9d957c1b2c52424	25231802	25231803	2	4	2.5	2	2	2	789	2	66	1	1	65	722	0.00253485424588	0.0151515151515	0	0
chr2R	25231805	25231859	tfsite_f512ff144e1e53fb	tflocus_ddf5d4db31eeee35	25231826	25231832	1	0	0	1	1	1	785	1	28	1	0	27	757	0.00127388535032	0.0357142857143	0	0
chr2R	25231806	25231818	tfsite_f77cd7c3999f703d	tflocus_b9d957c1b2c52424	25231802	25231812	3	0	0	2	2	2	791	2	91	2	0	89	700	0.00252844500632	0.021978021978	0	0
chr2R	25231810	25231867	tfsite_c36c5b1471f521f4	tflocus_d5ace8d9070a7d31	25231838	25231839	1	0	0	1	1	1	787	1	24	1	0	23	763	0.0012706480305	0.0416666666667	0	0
chr2R	25231817	25231834	tfsite_975ae0ac242e12de	tflocus_ddf5d4db31eeee35	25231826	25231825	2	3	3.5	2	2	2	785	2	58	1	1	57	726	0.00254777070064	0.0172413793103	0	0
chr2R	25231833	25231843	tfsite_3a16844322316686	tflocus_d5ace8d9070a7d31	25231838	25231838	2	0	0	1	1	1	783	1	60	1	0	59	723	0.00127713920817	0.0166666666667	0	0
chr2R	25231836	25231901	tfsite_5212fb953776406f	tflocus_969c2d638c42b32e	25231871	25231868	1	1	5.5	2	2	2	782	2	35	2	0	33	747	0.00255754475703	0.0571428571429	0	0
chr2R	25231840	25231876	tfsite_4c7cf78f558a95f7	tflocus_7bbbabd75171dc2b	25231858	25231858	1	0	0	1	1	1	772	1	38	1	0	37	734	0.00129533678756	0.0263157894737	0	0
chr2R	25231850	25231919	tfsite_1182bfab2093a666	tflocus_f60f31dbdf8e1833	25231884	25231885	1	0	0	1	1	1	778	1	40	1	0	39	738	0.0012853470437	0.025	0	0
chr2R	25231854	25231887	tfsite_fc15944e93d3bf83	tflocus_969c2d638c42b32e	25231871	25231871	2	0	0	1	1	1	754	1	42	1	0	41	712	0.00132625994695	0.0238095238095	0	0
chr2R	25231869	25231892	tfsite_c83ab9c9e41774ba	tflocus_f60f31dbdf8e1833	25231884	25231883	2	0	0	3	3	3	766	3	66	3	0	63	700	0.00391644908616	0.0454545454545	1	1
chr2R	25231869	25231919	tfsite_5f8320f493a2de82	tflocus_f60f31dbdf8e1833	25231884	25231894	3	0	0	2	1	1	761	1	66	1	0	65	695	0.00131406044678	0.0151515151515	0	0
chr2R	25231869	25231937	tfsite_8bf1e79f70a873d7	tflocus_50faaceac24643c1	25231904	25231903	1	3	2.5	23	23	23	760	22	65	10	12	55	683	0.0289473684211	0.153846153846	1	1
chr2R	25231872	25231938	tfsite_df343d5990bae0aa	tflocus_50faaceac24643c1	25231904	25231905	2	0	0	8	8	8	765	8	68	8	0	60	697	0.0104575163399	0.117647058824	1	1
chr2R	25231873	25231920	tfsite_0fd64695830386d1	tflocus_50faaceac24643c1	25231904	25231897	3	0.5	0.5	11	11	11	759	11	69	7	4	62	686	0.0144927536232	0.101449275362	1	1
chr2R	25231885	25231895	tfsite_be0fcde86703955b	tflocus_f60f31dbdf8e1833	25231884	25231890	4	0	2.5	2	2	2	783	2	73	2	0	71	710	0.00255427841635	0.027397260274	0	0
chr2R	25231885	25231923	tfsite_5b9e8cdcb2d7037f	tflocus_50faaceac24643c1	25231904	25231904	4	0	0	1	1	1	756	1	69	1	0	68	687	0.00132275132275	0.0144927536232	0	0
chr2R	25231886	25231933	tfsite_89237b1fa527c2b1	tflocus_50faaceac24643c1	25231904	25231910	5	3	2	15	15	15	769	15	71	15	0	56	698	0.0195058517555	0.211267605634	1	1
chr2R	25231889	25231938	tfsite_7e1b678815be6a89	tflocus_50faaceac24643c1	25231904	25231914	6	1	1	2	2	2	759	2	69	2	0	67	690	0.00263504611331	0.0289855072464	0	0
chr2R	25231899	25231912	tfsite_bb5ba620c29db40a	tflocus_50faaceac24643c1	25231904	25231906	7	0	0	1	1	1	771	1	79	1	0	78	692	0.00129701686122	0.0126582278481	0	0
chr2R	25231901	25231936	tfsite_9c0fdb92beb34a73	tflocus_f7c848c31b2bb827	25231926	25231918	1	4	2	9	9	9	758	9	81	8	1	73	676	0.0118733509235	0.0987654320988	1	1
chr2R	25231907	25231920	tfsite_74ab0a4bc2f42fb8	tflocus_50faaceac24643c1	25231904	25231914	8	0	0	5	5	5	777	5	96	4	1	92	680	0.00643500643501	0.0416666666667	1	1
chr2R	25231916	25231938	tfsite_08ca5a4ca98454e0	tflocus_f7c848c31b2bb827	25231926	25231927	2	2.5	2	7	7	7	773	7	103	6	1	97	669	0.00905562742561	0.0582524271845	1	1
chr3L	2887452	2887507	tfsite_73deba3aa38ad688	tflocus_d379ed2044b01860	2887480	2887480	1	0	0	1	1	1	1	1	1	1	0	0	0	1	1	0	0
chr3L	2888288	2888357	tfsite_7959c6fd38f9cd30	tflocus_6b93014f25cfe879	2888323	2888323	1	0	0	1	1	1	1	1	1	1	0	0	0	1	1	0	0
chr3L	2890707	2890785	tfsite_12ebeb0a121938a9	tflocus_0d17b227543e616a	2890746	2890746	1	0	0	1	1	1	1	1	1	1	0	0	0	1	1	0	0
chr3L	2892116	2892139	tfsite_14ba30e9bae26331	tflocus_f6d7bc64eaec6ccd	2892128	2892128	1	0	0	1	1	1	1	1	1	1	0	0	0	1	1	0	0
chr3R	12473963	12474039	tfsite_07494fc47150b888	tflocus_14a81c54b1418f4f	12474001	12474001	1	0	0	1	1	1	1	1	0	0	1	0	0	1	.	0	0
chr3R	12474846	12474924	tfsite_f99f38fcedafa415	tflocus_2e60adbf634ee2c2	12474885	12474885	1	0	0	1	1	1	1	1	1	1	0	0	0	1	1	0	0
chr3R	12475487	12475558	tfsite_58c76ad18a3f3114	tflocus_c421744d2aa74398	12475523	12475523	1	0	0	1	1	1	1	1	1	1	0	0	0	1	1	0	0
chr3R	12476725	12476755	tfsite_f1fee0d309f20e90	tflocus_83f99742dee02be3	12476740	12476740	1	0	0	1	1	1	1	1	1	1	0	0	0	1	1	0	0
chr3R	22683124	22683135	tfsite_0dd05abeebcadc36	tflocus_8d4dd3b9b54765b3	22683130	22683130	1	0	0	1	1	1	1	1	1	1	0	0	0	1	1	0	0
chr3R	25981480	25981494	tfsite_8aa6e12397c6ef62	tflocus_b89ccccf209e5a0a	25981487	25981487	1	0	0	1	1	1	1	1	1	1	0	0	0	1	1	0	0
chrX	8850895	8850906	tfsite_2f26ef07ed5a5301	tflocus_49827e23f3e23efc	8850901	8850901	1	0	0	1	1	1	1	1	1	1	0	0	0	1	1	0	0
