call_id	molecule_id	contig	stratum	start	end	site_id	locus_id	family_index	used_for_geometry	fully_maps_site	msp_contains_site
ma.tf.000000	106_YWMJBX_4	chr2R	CT	25221320	25221392	tfsite_c5d07e87d0434e81	tflocus_55af339fd22dba74	5	1	1	1
ma.tf.000001	106_YWMJBX_4	chr2R	CT	25221922	25221942	tfsite_5104fa1fd5bd4418	tflocus_b3961e25721bcb79	2	1	1	1
ma.tf.000002	106_YWMJBX_4	chr2R	CT	25223667	25223722	tfsite_56ee42a669233944	tflocus_7e5271c2750e69be	1	1	1	1
ma.tf.000003	106_YWMJBX_4	chr2R	CT	25226268	25226327	tfsite_a00b503853c799b7	tflocus_ca7cd4f8f7dbff64	1	1	1	1
ma.tf.000004	106_YWMJBX_4	chr2R	CT	25226492	25226522	tfsite_033f789d9a6b95e4	tflocus_dd2d1a79b93ae74c	3	1	1	1
ma.tf.000005	106_YWMJBX_4	chr2R	CT	25226651	25226677	tfsite_4d02217bd3d9f900	tflocus_3303cb5b8d07d733	5	1	1	1
ma.tf.000006	106_YWMJBX_4	chr2R	CT	25227681	25227706	tfsite_ba783ebad224d8d3	tflocus_c1137f670cdf1473	2	1	1	1
ma.tf.000007	106_YWMJBX_4	chr2R	CT	25228407	25228414	tfsite_afcc462dc6444cf0	tflocus_b089284732afca36	4	1	1	1
ma.tf.000008	106_YWMJBX_4	chr2R	CT	25228419	25228454	tfsite_887d984b65ca1836	tflocus_4d1996154b7aeb5b	2	1	1	1
ma.tf.000009	106_YWMJBX_4	chr2R	CT	25230212	25230270	tfsite_96cee4e0057c64ad	tflocus_97e770742d58a4f3	2	1	1	1
ma.tf.000002	107_YWMJBX_4	chr2R	CT	25224600	25224609	tfsite_907b6d8d76518406	tflocus_2fb51b1ac82cdd67	5	1	1	1
ma.tf.000001	107_YWMJBX_4	chr2R	CT	25226612	25226675	tfsite_044a8f27f0194a33	tflocus_6d95b6d5ea493574	6	1	1	1
ma.tf.000000	107_YWMJBX_4	chr2R	CT	25228741	25228783	tfsite_148e604db61c663f	tflocus_7d20221cad69ec6f	2	1	1	1
ma.tf.000000	109_YWMJBX_4	chr2R	CT	25227878	25227893	tfsite_30f348fd93b3b031	tflocus_c61a03cb76d1ce4e	2	1	1	1
ma.tf.000000	10_YWMJBX_4	chr2R	CT	25225217	25225234	tfsite_048d9d63153694f4	tflocus_65fa17a3e1db5e8c	3	1	1	0
ma.tf.000000	110_YWMJBX_4	chr2R	CT	25221320	25221384	tfsite_28be6661203b7b5c	tflocus_55af339fd22dba74	3	1	1	1
ma.tf.000001	110_YWMJBX_4	chr2R	CT	25225411	25225426	tfsite_f36f5970b6f53eb1	tflocus_673dfbaf60071af4	3	1	1	1
ma.tf.000002	110_YWMJBX_4	chr2R	CT	25225824	25225858	tfsite_dae0dda35d1b013f	tflocus_831f90563f6b7d37	1	1	1	1
ma.tf.000003	110_YWMJBX_4	chr2R	CT	25225893	25225931	tfsite_27389305d13d3f26	tflocus_1634ccad1c02e2de	4	1	1	1
ma.tf.000004	110_YWMJBX_4	chr2R	CT	25226021	25226030	tfsite_193fa3d6e94eb5a3	tflocus_30290edcf07bb235	3	1	1	1
ma.tf.000005	110_YWMJBX_4	chr2R	CT	25226576	25226597	tfsite_855d23b6e5ed509e	tflocus_1b53b69855864508	5	1	1	1
ma.tf.000006	110_YWMJBX_4	chr2R	CT	25226639	25226677	tfsite_8211409850302637	tflocus_d65d671fa5d23948	8	1	1	1
ma.tf.000007	110_YWMJBX_4	chr2R	CT	25226908	25226970	tfsite_e0c33ccab435441f	tflocus_7953289f8630a2e6	1	1	1	1
ma.tf.000008	110_YWMJBX_4	chr2R	CT	25227016	25227087	tfsite_546ceee7437cb268	tflocus_33ae4534c126367d	1	1	1	0
ma.tf.000009	110_YWMJBX_4	chr2R	CT	25227628	25227650	tfsite_50fc4012f056d16f	tflocus_380ac5ebf896acad	5	1	1	1
ma.tf.000010	110_YWMJBX_4	chr2R	CT	25228081	25228138	tfsite_6e449e332ba62fbc	tflocus_e081f5d72fa8144d	1	1	1	1
ma.tf.000011	110_YWMJBX_4	chr2R	CT	25231869	25231934	tfsite_8bf1e79f70a873d7	tflocus_50faaceac24643c1	1	1	1	1
ma.tf.000009	113_YWMJBX_4	chr2R	CT	25226092	25226148	tfsite_2b1c411b58ae1030	tflocus_8be49a8d7aa5449e	1	1	1	1
ma.tf.000008	113_YWMJBX_4	chr2R	CT	25226673	25226703	tfsite_75b44a32c675d2be	tflocus_a79ba565f52b91ee	3	1	1	1
ma.tf.000007	113_YWMJBX_4	chr2R	CT	25227014	25227041	tfsite_762f372e771c1b95	tflocus_8a7d6029fa7dc13d	1	1	1	0
ma.tf.000006	113_YWMJBX_4	chr2R	CT	25227385	25227401	tfsite_f2e54b48a744ea65	tflocus_ac10e6c9ce90faa5	5	1	1	1
ma.tf.000005	113_YWMJBX_4	chr2R	CT	25227570	25227584	tfsite_dc7bc3635dd7b79b	tflocus_b2ec07a95edcaf09	5	1	1	1
ma.tf.000004	113_YWMJBX_4	chr2R	CT	25228062	25228074	tfsite_05e807cdbd90922f	tflocus_bb605d951820f11b	3	1	1	1
ma.tf.000003	113_YWMJBX_4	chr2R	CT	25228097	25228164	tfsite_48f120259c70d2ed	tflocus_2297717986177c88	2	1	1	1
ma.tf.000002	113_YWMJBX_4	chr2R	CT	25228400	25228413	tfsite_496c138f6d0f39d5	tflocus_b089284732afca36	3	0	1	1
ma.tf.000001	113_YWMJBX_4	chr2R	CT	25229054	25229129	tfsite_b673634f73fba3a7	tflocus_30c93e016f46b8ae	2	1	1	0
ma.tf.000000	113_YWMJBX_4	chr2R	CT	25229158	25229224	tfsite_6bfb2af4029dbf15	tflocus_8e478f9b82ce1082	1	1	1	1
ma.tf.000000	114_YWMJBX_4	chr2R	CT	25221715	25221739	tfsite_034bd194215901c0	tflocus_90d7d3e1a6d0d187	1	1	1	1
ma.tf.000000	117_YWMJBX_4	chr2R	CT	25225762	25225794	tfsite_7fcc03f00f9aaf3d	tflocus_1bb1d2dfe7e79656	4	1	1	1
ma.tf.000001	117_YWMJBX_4	chr2R	CT	25225862	25225880	tfsite_781b8a71a7f89ac8	tflocus_9088a64faaf226b4	4	1	1	1
ma.tf.000002	117_YWMJBX_4	chr2R	CT	25225914	25225941	tfsite_9e42be1e53c05c55	tflocus_ccb744ebf8a765ae	3	1	1	1
ma.tf.000000	118_YWMJBX_4	chr2R	CT	25221320	25221384	tfsite_28be6661203b7b5c	tflocus_55af339fd22dba74	3	1	1	1
ma.tf.000001	118_YWMJBX_4	chr2R	CT	25226602	25226631	tfsite_e6fd282a12b5bed5	tflocus_1b8c6a4efcd1e008	6	1	1	1
ma.tf.000002	118_YWMJBX_4	chr2R	CT	25226717	25226788	tfsite_bcbc6531b5580e54	tflocus_ad8619155b1ac63e	1	1	1	0
ma.tf.000003	118_YWMJBX_4	chr2R	CT	25227481	25227541	tfsite_ed9df32dc24325be	tflocus_418dd175f8ef7d8b	2	1	1	1
ma.tf.000004	118_YWMJBX_4	chr2R	CT	25231287	25231308	tfsite_958146cad884821b	tflocus_e191d7c025f6b63c	1	1	1	1
ma.tf.000000	120_YWMJBX_4	chr2R	CT	25225852	25225888	tfsite_ccac1e1434501b9c	tflocus_9088a64faaf226b4	2	1	1	1
ma.tf.000001	120_YWMJBX_4	chr2R	CT	25226073	25226111	tfsite_294b895648d37fea	tflocus_86e30af808a93ae9	2	1	1	1
ma.tf.000002	120_YWMJBX_4	chr2R	CT	25226576	25226597	tfsite_855d23b6e5ed509e	tflocus_1b53b69855864508	5	1	1	1
ma.tf.000003	120_YWMJBX_4	chr2R	CT	25230807	25230864	tfsite_f8c5afbc46eef5aa	tflocus_275948304ffcfee9	1	1	1	1
ma.tf.000004	120_YWMJBX_4	chr2R	CT	25231869	25231919	tfsite_5f8320f493a2de82	tflocus_f60f31dbdf8e1833	3	1	1	1
ma.tf.000000	122_YWMJBX_4	chr2R	CT	25221320	25221392	tfsite_c5d07e87d0434e81	tflocus_55af339fd22dba74	5	1	1	1
ma.tf.000006	123_YWMJBX_4	chr2R	CT	25222039	25222055	tfsite_ac7590df383761a9	tflocus_fec7388eb86cac0a	2	1	1	1
ma.tf.000005	123_YWMJBX_4	chr2R	CT	25225605	25225627	tfsite_a024f76d78287273	tflocus_b901a4a3168ceb69	4	1	1	1
ma.tf.000004	123_YWMJBX_4	chr2R	CT	25226775	25226801	tfsite_93807cb592c63b44	tflocus_12eade5d7ffe008e	11	1	1	1
ma.tf.000003	123_YWMJBX_4	chr2R	CT	25227374	25227403	tfsite_b6f12ef41b966571	tflocus_37975db974901dd5	11	1	1	1
ma.tf.000002	123_YWMJBX_4	chr2R	CT	25227407	25227425	tfsite_85c629cc4c7c5a6f	tflocus_fe55831af54644ee	5	1	1	1
ma.tf.000001	123_YWMJBX_4	chr2R	CT	25228621	25228770	tfsite_becb7afbba1805fd	tflocus_4e46e164e75d32a1	2	1	1	0
ma.tf.000000	123_YWMJBX_4	chr2R	CT	25231872	25231938	tfsite_df343d5990bae0aa	tflocus_50faaceac24643c1	2	1	1	1
ma.tf.000000	124_YWMJBX_4	chr2R	CT	25231014	25231042	tfsite_96cca856a7bb47bf	tflocus_f8852b029e8a492b	4	1	1	1
ma.tf.000001	124_YWMJBX_4	chr2R	CT	25231181	25231195	tfsite_3c6f8ac308adfe27	tflocus_9b951a8d52a225fe	4	1	1	1
ma.tf.000002	124_YWMJBX_4	chr2R	CT	25231365	25231395	tfsite_c56e147cd56e36b9	tflocus_45deffc7b608331c	1	1	1	1
ma.tf.000000	125_YWMJBX_4	chr2R	CT	25223478	25223509	tfsite_236603e30116fdc3	tflocus_c2b9fc855470e8cc	2	1	1	1
ma.tf.000001	125_YWMJBX_4	chr2R	CT	25223814	25223820	tfsite_24e1b0a4a138546a	tflocus_dfabd5b18b76bd6e	1	1	1	1
ma.tf.000002	125_YWMJBX_4	chr2R	CT	25224553	25224577	tfsite_fee8b8b3e93ff0b1	tflocus_a214bdf7fff279f2	3	1	1	1
ma.tf.000003	125_YWMJBX_4	chr2R	CT	25226025	25226042	tfsite_5086e7bcb4c45dcb	tflocus_30290edcf07bb235	4	1	1	1
ma.tf.000004	125_YWMJBX_4	chr2R	CT	25227531	25227541	tfsite_ece1680eda7bf7af	tflocus_92ae6bf282a791fd	5	1	1	1
ma.tf.000005	125_YWMJBX_4	chr2R	CT	25228163	25228173	tfsite_d9618ffdd733a61b	tflocus_631d2ad9954d0bc4	3	1	1	1
ma.tf.000006	125_YWMJBX_4	chr2R	CT	25228778	25228825	tfsite_e913dfc7a396285a	tflocus_6f125628fd2cadc6	3	1	1	1
ma.tf.000007	125_YWMJBX_4	chr2R	CT	25228845	25228907	tfsite_ecef041dd6c0d64a	tflocus_0439849f7af39f19	1	1	1	1
ma.tf.000008	125_YWMJBX_4	chr2R	CT	25229666	25229720	tfsite_5214b0695c3cbd4b	tflocus_408c15c049480a0b	1	1	1	1
ma.tf.000009	125_YWMJBX_4	chr2R	CT	25231204	25231254	tfsite_c35476011d0ba0be	tflocus_e4dda19e78561662	3	1	1	1
ma.tf.000013	126_YWMJBX_4	chr2R	CT	25221859	25221886	tfsite_285036c662b4f10d	tflocus_334fdccfa68f1031	2	1	1	1
ma.tf.000012	126_YWMJBX_4	chr2R	CT	25221912	25221967	tfsite_3fa3546e79a9dc95	tflocus_b3961e25721bcb79	1	1	1	1
ma.tf.000011	126_YWMJBX_4	chr2R	CT	25222946	25222978	tfsite_de90f5c29dc695c9	tflocus_3a5a288e26eb003e	2	1	1	1
ma.tf.000010	126_YWMJBX_4	chr2R	CT	25223007	25223042	tfsite_706f2c1e89413069	tflocus_570a4bafcd52b9c9	3	1	1	1
ma.tf.000009	126_YWMJBX_4	chr2R	CT	25224761	25224805	tfsite_547af23def7042ac	tflocus_df61b1fdb2bb2e87	2	1	1	1
ma.tf.000008	126_YWMJBX_4	chr2R	CT	25224818	25224826	tfsite_45a104b91c631862	tflocus_a8efe87a00e988fe	5	1	1	1
ma.tf.000007	126_YWMJBX_4	chr2R	CT	25225169	25225213	tfsite_7d1574c47fca1918	tflocus_7062bfa7d6e05965	4	1	1	1
ma.tf.000006	126_YWMJBX_4	chr2R	CT	25225421	25225454	tfsite_0a6ab48ac6932045	tflocus_8e6359e86526972a	2	1	1	1
ma.tf.000005	126_YWMJBX_4	chr2R	CT	25226530	25226589	tfsite_54a3ce433939b7cf	tflocus_cf5baf0d125860a5	1	1	1	1
ma.tf.000004	126_YWMJBX_4	chr2R	CT	25226900	25226942	tfsite_c5013a3e9b69669f	tflocus_364e6810066c108a	1	1	1	1
ma.tf.000003	126_YWMJBX_4	chr2R	CT	25226979	25227014	tfsite_f4ffd40c10d21df7	tflocus_582ec01caf60b241	3	1	1	1
ma.tf.000002	126_YWMJBX_4	chr2R	CT	25227725	25227751	tfsite_22a4e8dee82bfca7	tflocus_8ca65d190b918409	4	1	1	1
ma.tf.000001	126_YWMJBX_4	chr2R	CT	25227797	25227815	tfsite_4e4599b1b24be701	tflocus_3caf086503cdaf3b	4	1	1	1
ma.tf.000000	126_YWMJBX_4	chr2R	CT	25228010	25228022	tfsite_63747bcf5443c74d	tflocus_e5e84dea66b04efc	4	1	1	1
ma.tf.000000	128_YWMJBX_4	chr2R	CT	25226020	25226030	tfsite_193fa3d6e94eb5a3	tflocus_30290edcf07bb235	3	1	1	1
ma.tf.000000	129_YWMJBX_4	chr2R	CT	25223042	25223110	tfsite_d952eedfc58c92d3	tflocus_82b8ac4a096b9a7f	1	1	1	1
ma.tf.000001	129_YWMJBX_4	chr2R	CT	25224584	25224594	tfsite_d26c020da00c2c4b	tflocus_7042eb52f241f1b3	3	1	1	1
ma.tf.000002	129_YWMJBX_4	chr2R	CT	25225872	25225888	tfsite_6f974d81adfe2ddd	tflocus_bfe45159ca5eed06	1	1	1	1
ma.tf.000000	132_YWMJBX_4	chr2R	CT	25221471	25221540	tfsite_408a8f15883f7027	tflocus_a61e29c06ae42983	4	1	1	1
ma.tf.000000	133_YWMJBX_4	chr2R	CT	25226235	25226262	tfsite_551b6864f3f86cf8	tflocus_cdcf86b4ec489a54	2	1	1	1
ma.tf.000001	133_YWMJBX_4	chr2R	CT	25227373	25227391	tfsite_6e22b25fb87e748f	tflocus_37975db974901dd5	13	1	1	1
ma.tf.000002	133_YWMJBX_4	chr2R	CT	25227628	25227653	tfsite_50fc4012f056d16f	tflocus_380ac5ebf896acad	5	1	1	1
ma.tf.000003	133_YWMJBX_4	chr2R	CT	25227679	25227705	tfsite_ba783ebad224d8d3	tflocus_c1137f670cdf1473	2	1	1	1
ma.tf.000004	133_YWMJBX_4	chr2R	CT	25227863	25227908	tfsite_98437f12439d1f51	tflocus_c61a03cb76d1ce4e	1	1	1	1
ma.tf.000005	133_YWMJBX_4	chr2R	CT	25228013	25228027	tfsite_63747bcf5443c74d	tflocus_e5e84dea66b04efc	4	1	1	1
ma.tf.000006	133_YWMJBX_4	chr2R	CT	25228109	25228126	tfsite_b7da54f3a39ef5fd	tflocus_e081f5d72fa8144d	3	1	1	1
ma.tf.000007	133_YWMJBX_4	chr2R	CT	25228131	25228164	tfsite_2076c506bb62b56b	tflocus_99ccf62115f69b08	5	1	1	1
ma.tf.000008	133_YWMJBX_4	chr2R	CT	25228411	25228441	tfsite_3f74ac6c03be2658	tflocus_3a1de01d249bc769	3	1	1	1
ma.tf.000009	133_YWMJBX_4	chr2R	CT	25228456	25228478	tfsite_c1fe3b588af43a87	tflocus_81d3d616e9c56376	2	1	1	1
ma.tf.000010	133_YWMJBX_4	chr2R	CT	25228704	25228754	tfsite_62e26e1bd09456e3	tflocus_c61467ed1a9e2c56	1	1	1	1
ma.tf.000009	137_YWMJBX_4	chr2R	CT	25224944	25224960	tfsite_d499c046e4701968	tflocus_7d1278b6d10dd173	5	1	1	1
ma.tf.000008	137_YWMJBX_4	chr2R	CT	25225466	25225495	tfsite_c20bd8f2a4f3a0f1	tflocus_3826fc83f2508c31	4	1	1	1
ma.tf.000007	137_YWMJBX_4	chr2R	CT	25226434	25226457	tfsite_622ca5e7086aa10e	tflocus_c5a335d178b21c85	3	1	1	1
ma.tf.000006	137_YWMJBX_4	chr2R	CT	25226739	25226805	tfsite_aedf6d571ad5b536	tflocus_738da22b13c9f78d	5	1	1	1
ma.tf.000005	137_YWMJBX_4	chr2R	CT	25227142	25227203	tfsite_449b551213feca36	tflocus_37d270c8c0ae4b58	1	1	1	1
ma.tf.000004	137_YWMJBX_4	chr2R	CT	25227366	25227382	tfsite_cb300c4c4dec0d79	tflocus_37975db974901dd5	6	1	1	1
ma.tf.000003	137_YWMJBX_4	chr2R	CT	25227478	25227491	tfsite_bbf977a0d914be68	tflocus_dfc8579cb9d7f505	6	1	1	1
ma.tf.000002	137_YWMJBX_4	chr2R	CT	25228736	25228766	tfsite_e0dac53882376a75	tflocus_be52bc036a087ef5	3	1	1	1
ma.tf.000001	137_YWMJBX_4	chr2R	CT	25230059	25230093	tfsite_c0d33328f0681e3e	tflocus_a57816211f057797	3	1	1	1
ma.tf.000000	137_YWMJBX_4	chr2R	CT	25231754	25231776	tfsite_4b5bfe95f3110f90	tflocus_84c38c8f83598b1e	3	1	1	1
ma.tf.000005	13_YWMJBX_4	chr2R	CT	25221448	25221472	tfsite_e8647e8144b0ce64	tflocus_723df5fafacb12d2	3	1	1	1
ma.tf.000004	13_YWMJBX_4	chr2R	CT	25226731	25226744	tfsite_6dae512ed0c82332	tflocus_ad5c0990396e5f43	2	1	1	1
ma.tf.000003	13_YWMJBX_4	chr2R	CT	25226755	25226763	tfsite_fd2219f519737c3b	tflocus_738da22b13c9f78d	7	1	1	1
ma.tf.000002	13_YWMJBX_4	chr2R	CT	25226789	25226806	tfsite_c2e8d30f57319c8a	tflocus_5b543f794fbc327b	8	1	1	1
ma.tf.000001	13_YWMJBX_4	chr2R	CT	25227198	25227204	tfsite_4e7ea592e4e9e7ce	tflocus_095993e4638a126c	4	1	1	1
ma.tf.000000	13_YWMJBX_4	chr2R	CT	25228665	25228711	tfsite_be9afeeeb4c129fd	tflocus_4e46e164e75d32a1	4	1	1	1
ma.tf.000006	140_YWMJBX_4	chr2R	CT	25221862	25221880	tfsite_10dd3cedfeb1b0d2	tflocus_334fdccfa68f1031	3	1	1	1
ma.tf.000005	140_YWMJBX_4	chr2R	CT	25223652	25223690	tfsite_6d6b75dc40df1165	tflocus_4074070ad895a8b5	2	1	1	1
ma.tf.000004	140_YWMJBX_4	chr2R	CT	25226580	25226617	tfsite_cb6f127a8c4a391b	tflocus_bc6e8a03e3ac7a38	5	1	1	1
ma.tf.000003	140_YWMJBX_4	chr2R	CT	25226650	25226671	tfsite_1cd3126c600e3dc1	tflocus_d65d671fa5d23948	12	1	1	1
ma.tf.000002	140_YWMJBX_4	chr2R	CT	25226933	25227013	tfsite_4035f92e1c49c41a	tflocus_af44a3ce353adfef	1	1	1	1
ma.tf.000001	140_YWMJBX_4	chr2R	CT	25227356	25227365	tfsite_a5d62b8b9508b68a	tflocus_6492e5926c7d6b4b	2	1	1	1
ma.tf.000000	140_YWMJBX_4	chr2R	CT	25227636	25227709	tfsite_a1ca4294b7cfa49d	tflocus_1081133c8eca6b55	1	1	1	1
ma.tf.000004	144_YWMJBX_4	chr2R	CT	25222340	25222397	tfsite_db3dc33075854a05	tflocus_c878e79d13fd2df4	1	1	1	1
ma.tf.000003	144_YWMJBX_4	chr2R	CT	25224944	25224960	tfsite_d499c046e4701968	tflocus_7d1278b6d10dd173	5	1	1	1
ma.tf.000002	144_YWMJBX_4	chr2R	CT	25226701	25226714	tfsite_463e0ea5cec5d52e	tflocus_537ebd2033506beb	9	1	1	1
ma.tf.000001	144_YWMJBX_4	chr2R	CT	25227354	25227370	tfsite_a5d62b8b9508b68a	tflocus_6492e5926c7d6b4b	2	1	1	1
ma.tf.000000	144_YWMJBX_4	chr2R	CT	25229849	25229874	tfsite_c8555081cd13727f	tflocus_4ad121a883138fcf	2	1	1	1
ma.tf.000004	150_YWMJBX_4	chr2R	CT	25222388	25222415	tfsite_d134a1dd2ffcdd4c	tflocus_5fea56978e0e0087	1	1	1	1
ma.tf.000003	150_YWMJBX_4	chr2R	CT	25224804	25224821	tfsite_a4290a426454581b	tflocus_a8efe87a00e988fe	2	1	1	0
ma.tf.000002	150_YWMJBX_4	chr2R	CT	25225824	25225881	tfsite_d05b45ae0fbf15f8	tflocus_9b554a83a97f3306	1	1	1	1
ma.tf.000001	150_YWMJBX_4	chr2R	CT	25225907	25225924	tfsite_933923bfc0bca348	tflocus_1634ccad1c02e2de	5	1	1	1
ma.tf.000000	150_YWMJBX_4	chr2R	CT	25227416	25227428	tfsite_e87c252738fadd4c	tflocus_04b04c9f7a5c1de7	6	1	1	1
ma.tf.000000	151_YWMJBX_4	chr2R	CT	25224876	25224890	tfsite_28cc26689e0aa2d9	tflocus_307d00acc9bd8954	7	1	1	1
ma.tf.000001	151_YWMJBX_4	chr2R	CT	25225071	25225089	tfsite_9f50deeea5d689d7	tflocus_4bbd925f168c866a	3	1	1	1
ma.tf.000002	151_YWMJBX_4	chr2R	CT	25225111	25225157	tfsite_f1ca5a097892e94a	tflocus_581ecbe22e4a139a	4	1	1	1
ma.tf.000003	151_YWMJBX_4	chr2R	CT	25225827	25225846	tfsite_237321b97f9a9360	tflocus_831f90563f6b7d37	2	1	1	1
ma.tf.000004	151_YWMJBX_4	chr2R	CT	25226414	25226434	tfsite_1074b91f37421aac	tflocus_3f9a82d435ca2c23	2	1	1	1
ma.tf.000005	151_YWMJBX_4	chr2R	CT	25226457	25226477	tfsite_0f9f4ea3f0765e00	tflocus_e9722e8789069226	3	1	1	1
ma.tf.000006	151_YWMJBX_4	chr2R	CT	25226581	25226597	tfsite_4061782599961bbe	tflocus_1b53b69855864508	6	1	1	1
ma.tf.000007	151_YWMJBX_4	chr2R	CT	25227828	25227893	tfsite_75c808e535902b4a	tflocus_204c0758a0bab128	2	1	1	1
ma.tf.000005	152_YWMJBX_4	chr2R	CT	25222673	25222697	tfsite_6b34920309acb49f	tflocus_d17a4c6bd0c2237a	2	1	1	1
ma.tf.000004	152_YWMJBX_4	chr2R	CT	25226553	25226588	tfsite_e60c9b6ae2712b1d	tflocus_1eb3c76c06612bf7	7	1	1	1
ma.tf.000003	152_YWMJBX_4	chr2R	CT	25226630	25226651	tfsite_38475ec37470c375	tflocus_6d95b6d5ea493574	16	1	1	1
ma.tf.000002	152_YWMJBX_4	chr2R	CT	25226762	25226772	tfsite_ec2989c3b9353ee1	tflocus_738da22b13c9f78d	10	1	1	1
ma.tf.000001	152_YWMJBX_4	chr2R	CT	25227408	25227420	tfsite_85c629cc4c7c5a6f	tflocus_fe55831af54644ee	5	1	1	1
ma.tf.000000	152_YWMJBX_4	chr2R	CT	25228642	25228697	tfsite_4fdb61f2d1503cd5	tflocus_7459327ad6700ca1	1	1	1	1
ma.tf.000004	153_YWMJBX_4	chr2R	CT	25222266	25222296	tfsite_e2ea22c5d1d348f8	tflocus_54a0a687924cc54f	1	1	1	1
ma.tf.000003	153_YWMJBX_4	chr2R	CT	25222350	25222378	tfsite_4d2d8dc6d7efd12a	tflocus_c878e79d13fd2df4	2	1	1	1
ma.tf.000002	153_YWMJBX_4	chr2R	CT	25222995	25223042	tfsite_40f4e9bec68d1a5b	tflocus_3bbe37320fdf246f	1	1	1	1
ma.tf.000001	153_YWMJBX_4	chr2R	CT	25223064	25223101	tfsite_45cc24d23aab4582	tflocus_82b8ac4a096b9a7f	2	1	1	1
ma.tf.000000	153_YWMJBX_4	chr2R	CT	25223108	25223131	tfsite_2ee24e87911b32ce	tflocus_e0c8d6017e7bc47a	2	1	1	1
ma.tf.000000	157_YWMJBX_4	chr2R	CT	25225931	25226020	tfsite_cb19492b8ae77fed	tflocus_438410026335f5cc	1	1	1	0
ma.tf.000000	159_YWMJBX_4	chr2R	CT	25225824	25225848	tfsite_237321b97f9a9360	tflocus_831f90563f6b7d37	2	1	1	1
ma.tf.000001	159_YWMJBX_4	chr2R	CT	25226457	25226465	tfsite_b9919bd5564083cd	tflocus_e9722e8789069226	2	1	1	1
ma.tf.000002	159_YWMJBX_4	chr2R	CT	25226492	25226539	tfsite_22ce546868212c3a	tflocus_dd2d1a79b93ae74c	1	1	1	1
ma.tf.000003	159_YWMJBX_4	chr2R	CT	25226570	25226597	tfsite_963c305b908b4614	tflocus_1b53b69855864508	3	1	1	1
ma.tf.000009	15_YWMJBX_4	chr2R	CT	25226548	25226574	tfsite_d8bed702ec1807d6	tflocus_cf5baf0d125860a5	3	1	1	1
ma.tf.000008	15_YWMJBX_4	chr2R	CT	25226625	25226646	tfsite_c58ff603f223ed7a	tflocus_6d95b6d5ea493574	12	1	1	1
ma.tf.000007	15_YWMJBX_4	chr2R	CT	25226700	25226730	tfsite_b58aa739ace8e8db	tflocus_537ebd2033506beb	10	1	1	1
ma.tf.000006	15_YWMJBX_4	chr2R	CT	25226757	25226767	tfsite_4b7821c51b017730	tflocus_738da22b13c9f78d	8	1	1	1
ma.tf.000005	15_YWMJBX_4	chr2R	CT	25226960	25226987	tfsite_14b9216f44c2ed61	tflocus_af44a3ce353adfef	3	1	1	1
ma.tf.000004	15_YWMJBX_4	chr2R	CT	25227183	25227201	tfsite_1d9979b12534c758	tflocus_253e65964ca75f4c	3	1	1	1
ma.tf.000003	15_YWMJBX_4	chr2R	CT	25227447	25227460	tfsite_9ec22ee303c0eecd	tflocus_dce1feeda27a70b7	4	1	1	1
ma.tf.000002	15_YWMJBX_4	chr2R	CT	25227519	25227533	tfsite_04293d1e40bd8d48	tflocus_92ae6bf282a791fd	4	1	1	1
ma.tf.000001	15_YWMJBX_4	chr2R	CT	25227614	25227679	tfsite_c8fbf495f088ec2b	tflocus_380ac5ebf896acad	3	1	1	1
ma.tf.000000	15_YWMJBX_4	chr2R	CT	25231516	25231540	tfsite_74e647ef05a3b3e5	tflocus_270dfb417d612a95	2	1	1	1
ma.tf.000000	160_YWMJBX_4	chr2R	CT	25225762	25225775	tfsite_acd03a24af77a3bf	tflocus_15d9b46163006816	4	1	1	1
ma.tf.000001	160_YWMJBX_4	chr2R	CT	25225824	25225843	tfsite_b592929a8f7e1a54	tflocus_d03cddd1ab148bcd	8	1	1	1
ma.tf.000002	160_YWMJBX_4	chr2R	CT	25226021	25226032	tfsite_193fa3d6e94eb5a3	tflocus_30290edcf07bb235	3	1	1	1
ma.tf.000003	160_YWMJBX_4	chr2R	CT	25226492	25226531	tfsite_04107629b4f52695	tflocus_dd2d1a79b93ae74c	4	1	1	1
ma.tf.000004	160_YWMJBX_4	chr2R	CT	25231125	25231164	tfsite_3cd720c3d6988c1a	tflocus_36e757f218715768	2	1	1	1
ma.tf.000000	162_YWMJBX_4	chr2R	CT	25229018	25229071	tfsite_0450b8b2b60d57b0	tflocus_a0be8440978f3e70	2	1	1	1
ma.tf.000000	166_YWMJBX_4	chr2R	CT	25224205	25224241	tfsite_32b970d99149f9e6	tflocus_2b41921c753e36ac	2	1	1	0
ma.tf.000001	166_YWMJBX_4	chr2R	CT	25226021	25226032	tfsite_193fa3d6e94eb5a3	tflocus_30290edcf07bb235	3	1	1	1
ma.tf.000002	166_YWMJBX_4	chr2R	CT	25226576	25226597	tfsite_855d23b6e5ed509e	tflocus_1b53b69855864508	5	1	1	1
ma.tf.000003	166_YWMJBX_4	chr2R	CT	25226730	25226788	tfsite_3b11d7ed448fadf2	tflocus_738da22b13c9f78d	1	1	1	1
ma.tf.000004	166_YWMJBX_4	chr2R	CT	25226860	25226934	tfsite_d080ea902c31d224	tflocus_79fe151d6beb8197	2	1	1	1
ma.tf.000005	166_YWMJBX_4	chr2R	CT	25227043	25227066	tfsite_02e23df83174b43c	tflocus_33ae4534c126367d	6	1	1	1
ma.tf.000006	166_YWMJBX_4	chr2R	CT	25227373	25227384	tfsite_84a6adabafed0f9d	tflocus_37975db974901dd5	10	1	1	1
ma.tf.000007	166_YWMJBX_4	chr2R	CT	25227451	25227503	tfsite_107a2634f16d217b	tflocus_dfc8579cb9d7f505	2	1	1	1
ma.tf.000008	166_YWMJBX_4	chr2R	CT	25227631	25227688	tfsite_801454a2d5e3ba84	tflocus_12957f2a47b825c9	4	1	1	1
ma.tf.000009	166_YWMJBX_4	chr2R	CT	25227714	25227787	tfsite_879a5e6fabc6f4dc	tflocus_beb5a83f6ddc91df	1	1	1	1
ma.tf.000010	166_YWMJBX_4	chr2R	CT	25228277	25228308	tfsite_37971dfcfa7c37c3	tflocus_18118421f52dba73	3	1	1	1
ma.tf.000011	166_YWMJBX_4	chr2R	CT	25228359	25228393	tfsite_bcd523c9c4ae9ca5	tflocus_d4fa58551aad1b91	4	1	1	1
ma.tf.000012	166_YWMJBX_4	chr2R	CT	25228408	25228478	tfsite_56fdd87df3db9078	tflocus_4d1996154b7aeb5b	1	1	1	1
ma.tf.000013	166_YWMJBX_4	chr2R	CT	25228686	25228709	tfsite_7380630f7cccfc8d	tflocus_4e46e164e75d32a1	6	1	1	1
ma.tf.000014	166_YWMJBX_4	chr2R	CT	25231806	25231818	tfsite_f77cd7c3999f703d	tflocus_b9d957c1b2c52424	3	1	1	1
ma.tf.000000	169_YWMJBX_4	chr2R	CT	25224529	25224596	tfsite_3d018583177a9083	tflocus_a214bdf7fff279f2	1	1	1	0
ma.tf.000001	169_YWMJBX_4	chr2R	CT	25224804	25224829	tfsite_dd089d1af0ee3274	tflocus_a8efe87a00e988fe	3	1	1	1
ma.tf.000002	169_YWMJBX_4	chr2R	CT	25224851	25224865	tfsite_52fc9a1f710f7ae2	tflocus_c1bec3015aea9eae	7	1	1	1
ma.tf.000003	169_YWMJBX_4	chr2R	CT	25225684	25225724	tfsite_ae37ad597a21f7f9	tflocus_5e5b221c2e569587	3	1	1	1
ma.tf.000004	169_YWMJBX_4	chr2R	CT	25226016	25226026	tfsite_4ee39c37452bddc6	tflocus_2cb6599d22530200	4	1	1	1
ma.tf.000005	169_YWMJBX_4	chr2R	CT	25226531	25226544	tfsite_91abca134caba08b	tflocus_c4674075fff878d5	2	1	1	1
ma.tf.000006	169_YWMJBX_4	chr2R	CT	25226602	25226631	tfsite_e6fd282a12b5bed5	tflocus_1b8c6a4efcd1e008	6	1	1	1
ma.tf.000007	169_YWMJBX_4	chr2R	CT	25228236	25228263	tfsite_75b7530be39d996c	tflocus_153d5e72c3af20ff	3	1	1	1
ma.tf.000008	169_YWMJBX_4	chr2R	CT	25228292	25228308	tfsite_a6ddce0e32bf84c0	tflocus_54400bcdac618b86	3	1	1	1
ma.tf.000000	172_YWMJBX_4	chr2R	CT	25225201	25225209	tfsite_c16e79ebc362c507	tflocus_5d327f4f7c1fa1e3	4	1	1	1
ma.tf.000001	172_YWMJBX_4	chr2R	CT	25226492	25226522	tfsite_033f789d9a6b95e4	tflocus_dd2d1a79b93ae74c	3	1	1	1
ma.tf.000002	172_YWMJBX_4	chr2R	CT	25227628	25227654	tfsite_50fc4012f056d16f	tflocus_380ac5ebf896acad	5	0	1	1
ma.tf.000003	172_YWMJBX_4	chr2R	CT	25230465	25230484	tfsite_ede7b0a5f8868c16	tflocus_0cef38b4b9c29859	4	1	1	1
ma.tf.000004	172_YWMJBX_4	chr2R	CT	25230965	25230991	tfsite_05c2938130a409ce	tflocus_38cdfbb83759e62f	2	1	1	1
ma.tf.000007	173_YWMJBX_4	chr2R	CT	25227380	25227440	tfsite_cd408d70740df31b	tflocus_fe55831af54644ee	1	1	1	1
ma.tf.000006	173_YWMJBX_4	chr2R	CT	25228321	25228348	tfsite_f3c506a10239e21f	tflocus_484a025efb50289e	1	1	1	1
ma.tf.000005	173_YWMJBX_4	chr2R	CT	25228352	25228377	tfsite_818143dddf68ac6c	tflocus_81555aa17e14e019	3	1	1	1
ma.tf.000004	173_YWMJBX_4	chr2R	CT	25229776	25229853	tfsite_e1eab1ff86b8c46b	tflocus_25f9c44e63b8fffa	1	1	1	0
ma.tf.000003	173_YWMJBX_4	chr2R	CT	25230382	25230398	tfsite_ee7f095f8f56ee6a	tflocus_9fcdda0ac938942f	2	1	1	1
ma.tf.000002	173_YWMJBX_4	chr2R	CT	25230966	25230976	tfsite_f7a11c8cb2a093a4	tflocus_3c99f546ee9fd041	4	1	1	1
ma.tf.000001	173_YWMJBX_4	chr2R	CT	25231199	25231214	tfsite_18b3627442f28127	tflocus_b2010d3aa2b12e4c	4	1	1	1
ma.tf.000000	173_YWMJBX_4	chr2R	CT	25231223	25231249	tfsite_78e520b99098c078	tflocus_1e23604aa8b4dcd0	1	0	0	0
ma.tf.000000	175_YWMJBX_4	chr2R	CT	25225756	25225779	tfsite_acd03a24af77a3bf	tflocus_15d9b46163006816	4	1	1	1
ma.tf.000001	175_YWMJBX_4	chr2R	CT	25225923	25225935	tfsite_9e42be1e53c05c55	tflocus_ccb744ebf8a765ae	3	1	1	1
ma.tf.000002	175_YWMJBX_4	chr2R	CT	25226020	25226045	tfsite_5086e7bcb4c45dcb	tflocus_30290edcf07bb235	4	1	1	1
ma.tf.000003	175_YWMJBX_4	chr2R	CT	25226564	25226631	tfsite_24315a708ba55280	tflocus_bc6e8a03e3ac7a38	2	1	1	1
ma.tf.000004	175_YWMJBX_4	chr2R	CT	25226708	25226759	tfsite_ef221434aa8e44e3	tflocus_66ec4d1de6883c23	4	1	1	1
ma.tf.000005	175_YWMJBX_4	chr2R	CT	25229609	25229680	tfsite_a3b90cd59943e3e7	tflocus_f716988eff1457c7	1	1	1	1
ma.tf.000006	175_YWMJBX_4	chr2R	CT	25231204	25231224	tfsite_522a2efeb81de85e	tflocus_7f493a61b47b7c90	1	1	1	1
ma.tf.000015	177_YWMJBX_4	chr2R	CT	25221757	25221777	tfsite_8986dab147e43786	tflocus_210087614ba3d355	2	1	1	1
ma.tf.000014	177_YWMJBX_4	chr2R	CT	25221825	25221884	tfsite_61dfeda38bf011ba	tflocus_443c7e5d6766cad5	1	1	1	1
ma.tf.000013	177_YWMJBX_4	chr2R	CT	25222830	25222872	tfsite_82c5bf922a068012	tflocus_8d33eacecbda7647	2	1	1	1
ma.tf.000012	177_YWMJBX_4	chr2R	CT	25222941	25222948	tfsite_4997f06ec725d324	tflocus_c758c08273c4b46b	2	1	1	1
ma.tf.000011	177_YWMJBX_4	chr2R	CT	25223439	25223453	tfsite_52c97330ea2cbad3	tflocus_e66a758ff5a022e2	2	1	1	1
ma.tf.000010	177_YWMJBX_4	chr2R	CT	25223852	25223880	tfsite_113e05e901623cc0	tflocus_3edf5c2eb17e7a0b	1	1	1	1
ma.tf.000009	177_YWMJBX_4	chr2R	CT	25224151	25224162	tfsite_1655e760a4208cde	tflocus_3c991d954f889c38	3	1	1	1
ma.tf.000008	177_YWMJBX_4	chr2R	CT	25224255	25224271	.	.	.	0	0	0
ma.tf.000007	177_YWMJBX_4	chr2R	CT	25224471	25224541	tfsite_87181ab991119ce5	tflocus_c166516dc97d234d	1	1	1	1
ma.tf.000006	177_YWMJBX_4	chr2R	CT	25224727	25224747	tfsite_df73232b38da3098	tflocus_1c0ce62047cda5b1	2	1	1	1
ma.tf.000005	177_YWMJBX_4	chr2R	CT	25224784	25224816	tfsite_a1d1f7c968886191	tflocus_6a72e3aec72f2dd9	4	1	1	1
ma.tf.000004	177_YWMJBX_4	chr2R	CT	25225375	25225407	tfsite_3ba1cd83a377f6e6	tflocus_8533a46a90d16472	1	1	1	1
ma.tf.000003	177_YWMJBX_4	chr2R	CT	25225449	25225485	tfsite_03826bde8fc87c36	tflocus_8506e3d22f21f3e7	1	1	1	1
ma.tf.000002	177_YWMJBX_4	chr2R	CT	25225641	25225655	tfsite_c61522e9f932a6f2	tflocus_8236840d9d30f798	4	1	1	1
ma.tf.000001	177_YWMJBX_4	chr2R	CT	25225659	25225692	tfsite_531239d33e27e867	tflocus_87dc6ee34a0f25ff	2	1	1	1
ma.tf.000000	177_YWMJBX_4	chr2R	CT	25228429	25228457	tfsite_887d984b65ca1836	tflocus_4d1996154b7aeb5b	2	1	1	0
ma.tf.000007	178_YWMJBX_4	chr2R	CT	25222320	25222352	tfsite_52742301dd9ad619	tflocus_c7920aa320ac115f	3	1	1	1
ma.tf.000006	178_YWMJBX_4	chr2R	CT	25224722	25224785	tfsite_69384328448dc04f	tflocus_0da386e6d5622793	1	1	1	1
ma.tf.000005	178_YWMJBX_4	chr2R	CT	25224797	25224828	tfsite_a4290a426454581b	tflocus_a8efe87a00e988fe	2	1	1	1
ma.tf.000004	178_YWMJBX_4	chr2R	CT	25227205	25227222	tfsite_b7bd139d8e061f76	tflocus_095993e4638a126c	7	1	1	1
ma.tf.000003	178_YWMJBX_4	chr2R	CT	25227360	25227415	tfsite_8651fa9f8bedea31	tflocus_37975db974901dd5	5	1	1	1
ma.tf.000002	178_YWMJBX_4	chr2R	CT	25228332	25228344	tfsite_fff56bfc551d179d	tflocus_484a025efb50289e	2	1	1	1
ma.tf.000001	178_YWMJBX_4	chr2R	CT	25231101	25231148	tfsite_73d151258cc4085e	tflocus_548e7cf4d8292748	2	1	1	1
ma.tf.000000	178_YWMJBX_4	chr2R	CT	25231549	25231566	tfsite_b364794b274b927a	tflocus_f3e123ecc69ebaac	3	1	1	1
ma.tf.000006	17_YWMJBX_4	chr2R	CT	25226767	25226801	tfsite_3fd6ea1e745950ed	tflocus_12eade5d7ffe008e	7	1	1	1
ma.tf.000005	17_YWMJBX_4	chr2R	CT	25227078	25227098	tfsite_bd8760746bcfa5d1	tflocus_4eab179507485a79	3	1	1	1
ma.tf.000004	17_YWMJBX_4	chr2R	CT	25227171	25227232	tfsite_192d15c20bebfaea	tflocus_095993e4638a126c	1	1	1	1
ma.tf.000003	17_YWMJBX_4	chr2R	CT	25227240	25227257	tfsite_d22912b5336a75a2	tflocus_6fffd5b34f293244	5	1	1	1
ma.tf.000002	17_YWMJBX_4	chr2R	CT	25227580	25227596	tfsite_f60e1a7006362774	tflocus_20a707245b56bfff	3	1	1	1
ma.tf.000001	17_YWMJBX_4	chr2R	CT	25230578	25230589	tfsite_62b8f20b4b821875	tflocus_3d3c54e2f8988aaa	4	1	1	1
ma.tf.000000	17_YWMJBX_4	chr2R	CT	25231603	25231677	tfsite_dfa275e8330036ef	tflocus_19e86c8d61d7fbe0	1	0	1	1
ma.tf.000000	181_YWMJBX_4	chr2R	CT	25224320	25224385	tfsite_1b702a2d5dd823ed	tflocus_85df4ff2475750e7	1	1	1	1
ma.tf.000006	183_YWMJBX_4	chr2R	CT	25222248	25222290	tfsite_c8ed5c6891f91eff	tflocus_0c04f21faaaa3612	3	1	1	1
ma.tf.000005	183_YWMJBX_4	chr2R	CT	25225575	25225597	tfsite_c8b65fb08db4eaa4	tflocus_a310cc4438fc4ea9	6	1	1	1
ma.tf.000004	183_YWMJBX_4	chr2R	CT	25225833	25225854	tfsite_dae0dda35d1b013f	tflocus_831f90563f6b7d37	1	1	1	1
ma.tf.000003	183_YWMJBX_4	chr2R	CT	25225861	25225882	tfsite_781b8a71a7f89ac8	tflocus_9088a64faaf226b4	4	1	1	1
ma.tf.000002	183_YWMJBX_4	chr2R	CT	25227030	25227072	tfsite_dfaf148b83be3dbb	tflocus_33ae4534c126367d	3	1	1	1
ma.tf.000001	183_YWMJBX_4	chr2R	CT	25227098	25227146	tfsite_7f32ffa3ede0f698	tflocus_ef25617014a37444	2	1	1	1
ma.tf.000000	183_YWMJBX_4	chr2R	CT	25230261	25230297	tfsite_e5f36d6a00391bba	tflocus_e94644c68797a991	3	1	1	1
ma.tf.000000	185_YWMJBX_4	chr2R	CT	25225762	25225775	tfsite_acd03a24af77a3bf	tflocus_15d9b46163006816	4	1	1	1
ma.tf.000001	185_YWMJBX_4	chr2R	CT	25225931	25226020	tfsite_cb19492b8ae77fed	tflocus_438410026335f5cc	1	1	1	0
ma.tf.000002	185_YWMJBX_4	chr2R	CT	25226430	25226440	tfsite_7d6c1e759d72e4aa	tflocus_af57c3fb56082292	5	1	1	1
ma.tf.000003	185_YWMJBX_4	chr2R	CT	25226455	25226522	tfsite_d7bca829c4f6a02d	tflocus_77b9d07b9082d3ba	1	1	1	1
ma.tf.000004	185_YWMJBX_4	chr2R	CT	25231906	25231934	tfsite_9c0fdb92beb34a73	tflocus_f7c848c31b2bb827	1	1	1	1
ma.tf.000004	186_YWMJBX_4	chr2R	CT	25226770	25226820	tfsite_ebc9e4d1fd060ae2	tflocus_5b543f794fbc327b	2	1	1	1
ma.tf.000003	186_YWMJBX_4	chr2R	CT	25227459	25227490	tfsite_7fcf5e026f11685f	tflocus_dfc8579cb9d7f505	3	1	1	1
ma.tf.000002	186_YWMJBX_4	chr2R	CT	25227496	25227530	tfsite_eecd4f1df3c7d7cf	tflocus_418dd175f8ef7d8b	5	1	1	1
ma.tf.000001	186_YWMJBX_4	chr2R	CT	25227541	25227564	tfsite_5221aaeb96c136ce	tflocus_ea41d7d9d5214203	4	1	1	1
ma.tf.000000	186_YWMJBX_4	chr2R	CT	25231672	25231708	tfsite_9d1ec97f8981240e	tflocus_44b0f087dc1026d9	3	1	1	1
ma.tf.000005	18_YWMJBX_4	chr2R	CT	25227015	25227032	tfsite_807c7e5c2be726a2	tflocus_d48ac893d80deff1	5	1	1	1
ma.tf.000004	18_YWMJBX_4	chr2R	CT	25227213	25227235	tfsite_d8984b340e293f1c	tflocus_12a4e42f45594db6	2	1	1	1
ma.tf.000003	18_YWMJBX_4	chr2R	CT	25227255	25227285	tfsite_bb8e5245cade5023	tflocus_9cda4ee2b3e687c1	6	1	1	1
ma.tf.000002	18_YWMJBX_4	chr2R	CT	25227321	25227366	tfsite_b7e1f77b5d4f24aa	tflocus_f5919bf4d45620c3	2	1	1	1
ma.tf.000001	18_YWMJBX_4	chr2R	CT	25227372	25227382	tfsite_86892f0bc39279f1	tflocus_37975db974901dd5	9	1	1	1
ma.tf.000000	18_YWMJBX_4	chr2R	CT	25227964	25228008	tfsite_4bb11af08945acee	tflocus_4a47a41f3a95cad7	1	1	1	1
ma.tf.000000	190_YWMJBX_4	chr2R	CT	25226073	25226127	tfsite_4fd672d1dc6458de	tflocus_8c4fbdeefddb7a38	3	1	1	1
ma.tf.000001	190_YWMJBX_4	chr2R	CT	25226153	25226195	tfsite_c45c33fa6577220d	tflocus_d6e469947eb1d2c1	1	1	1	1
ma.tf.000002	190_YWMJBX_4	chr2R	CT	25227342	25227363	tfsite_648a2b759721c7eb	tflocus_f5919bf4d45620c3	4	1	1	1
ma.tf.000003	190_YWMJBX_4	chr2R	CT	25227370	25227391	tfsite_d6ce85cddf994664	tflocus_37975db974901dd5	8	1	1	1
ma.tf.000004	190_YWMJBX_4	chr2R	CT	25227628	25227650	tfsite_50fc4012f056d16f	tflocus_380ac5ebf896acad	5	1	1	1
ma.tf.000005	190_YWMJBX_4	chr2R	CT	25230967	25231009	tfsite_85530ca1dfa8c88d	tflocus_38cdfbb83759e62f	3	1	1	1
ma.tf.000006	190_YWMJBX_4	chr2R	CT	25231024	25231103	tfsite_973a764527d48f43	tflocus_d00e7fa21d2c5a0d	1	1	1	0
ma.tf.000005	195_YWMJBX_4	chr2R	CT	25221321	25221370	tfsite_5c35c4e77912d956	tflocus_55af339fd22dba74	7	1	1	1
ma.tf.000004	195_YWMJBX_4	chr2R	CT	25221596	25221617	tfsite_a949eaf768f2cd74	tflocus_e5f2e073f48bf9c5	1	1	1	1
ma.tf.000003	195_YWMJBX_4	chr2R	CT	25222298	25222324	tfsite_e30015fe68871cea	tflocus_e1a4010d36bf109a	1	1	1	1
ma.tf.000002	195_YWMJBX_4	chr2R	CT	25225533	25225558	tfsite_68bd354a0c4df0ad	tflocus_f27456029e3ce898	5	1	1	1
ma.tf.000001	195_YWMJBX_4	chr2R	CT	25225568	25225593	tfsite_c78beafd1075840b	tflocus_a310cc4438fc4ea9	5	1	1	1
ma.tf.000000	195_YWMJBX_4	chr2R	CT	25225830	25225860	tfsite_dae0dda35d1b013f	tflocus_831f90563f6b7d37	1	1	1	1
ma.tf.000000	199_YWMJBX_4	chr2R	CT	25225872	25225888	tfsite_6f974d81adfe2ddd	tflocus_bfe45159ca5eed06	1	1	1	1
ma.tf.000001	199_YWMJBX_4	chr2R	CT	25226235	25226262	tfsite_551b6864f3f86cf8	tflocus_cdcf86b4ec489a54	2	1	1	1
ma.tf.000002	199_YWMJBX_4	chr2R	CT	25227209	25227245	tfsite_dad93f7c5f4a3847	tflocus_12a4e42f45594db6	1	1	1	1
ma.tf.000003	199_YWMJBX_4	chr2R	CT	25227423	25227449	tfsite_2b7634dbaeb79159	tflocus_8482d66dc05a2c50	4	1	1	1
ma.tf.000004	199_YWMJBX_4	chr2R	CT	25227469	25227526	tfsite_d806313b14eaa638	tflocus_9ed81f1c05f38fc0	2	1	1	1
ma.tf.000005	199_YWMJBX_4	chr2R	CT	25227624	25227701	tfsite_1898dd48211ce6ab	tflocus_12957f2a47b825c9	2	1	1	1
ma.tf.000006	199_YWMJBX_4	chr2R	CT	25227811	25227879	tfsite_ffd7efe7a1aeacfb	tflocus_18161598ea79d772	1	1	1	1
ma.tf.000007	199_YWMJBX_4	chr2R	CT	25228621	25228641	tfsite_9600cb01bb55481b	tflocus_50c8a96e2984e21f	3	1	1	1
ma.tf.000008	199_YWMJBX_4	chr2R	CT	25228655	25228672	tfsite_f7ac51c30e1bca0b	tflocus_2f8fa0ae7eebd8db	4	1	1	1
ma.tf.000009	199_YWMJBX_4	chr2R	CT	25229018	25229047	tfsite_431c1e45ffc723bf	tflocus_7c3a77da8e767969	1	1	1	1
ma.tf.000010	199_YWMJBX_4	chr2R	CT	25229059	25229139	tfsite_e7408e72ddc62244	tflocus_30c93e016f46b8ae	1	1	1	0
ma.tf.000011	199_YWMJBX_4	chr2R	CT	25230930	25230949	tfsite_9318f9bdcac81f2f	tflocus_eff5990842308665	3	0	0	0
ma.tf.000012	199_YWMJBX_4	chr2R	CT	25230965	25230993	tfsite_05c2938130a409ce	tflocus_38cdfbb83759e62f	2	1	1	1
ma.tf.000013	199_YWMJBX_4	chr2R	CT	25231024	25231059	tfsite_bcba332df84a03f7	tflocus_7322342c67b24bdf	1	1	1	1
ma.tf.000014	199_YWMJBX_4	chr2R	CT	25231869	25231898	tfsite_c83ab9c9e41774ba	tflocus_f60f31dbdf8e1833	2	1	1	1
ma.tf.000006	19_YWMJBX_4	chr2R	CT	25222389	25222433	tfsite_431a6da7bb47fc8d	tflocus_5fea56978e0e0087	2	1	1	1
ma.tf.000005	19_YWMJBX_4	chr2R	CT	25222449	25222458	tfsite_be1b74bddddaa452	tflocus_1830eddde77aa2a7	2	1	1	1
ma.tf.000004	19_YWMJBX_4	chr2R	CT	25226542	25226578	tfsite_d8bed702ec1807d6	tflocus_cf5baf0d125860a5	3	1	1	1
ma.tf.000003	19_YWMJBX_4	chr2R	CT	25226731	25226754	tfsite_5d6202789d17c522	tflocus_ad5c0990396e5f43	3	1	1	1
ma.tf.000002	19_YWMJBX_4	chr2R	CT	25227406	25227456	tfsite_ed4ac23ec2ab4042	tflocus_04b04c9f7a5c1de7	4	1	1	1
ma.tf.000001	19_YWMJBX_4	chr2R	CT	25229405	25229423	tfsite_f5c0103ff6a66564	tflocus_b2e0125fbc860c58	2	1	1	1
ma.tf.000000	19_YWMJBX_4	chr2R	CT	25230169	25230202	tfsite_a940c2519afc96ff	tflocus_653c9acce240c2f5	3	1	1	1
ma.tf.000004	202_YWMJBX_4	chr2R	CT	25224374	25224409	tfsite_61c3898175da73b1	tflocus_4ebc2e168c511f2c	2	0	1	1
ma.tf.000003	202_YWMJBX_4	chr2R	CT	25224703	25224758	tfsite_6ad1f0242fda1fbd	tflocus_1c0ce62047cda5b1	1	1	1	1
ma.tf.000002	202_YWMJBX_4	chr2R	CT	25226531	25226560	tfsite_1b892ccd26ff8e57	tflocus_7020547dbf400262	2	1	1	1
ma.tf.000001	202_YWMJBX_4	chr2R	CT	25227303	25227383	tfsite_dabcdcf025a79f86	tflocus_9001b8688125efc3	1	1	1	1
ma.tf.000000	202_YWMJBX_4	chr2R	CT	25231165	25231217	tfsite_bc57f6e0f107d57f	tflocus_9b951a8d52a225fe	2	1	1	1
ma.tf.000015	203_YWMJBX_4	chr2R	CT	25221860	25221890	tfsite_285036c662b4f10d	tflocus_334fdccfa68f1031	2	1	1	1
ma.tf.000014	203_YWMJBX_4	chr2R	CT	25222754	25222773	tfsite_bdbaf8e27225d7bd	tflocus_71b7f64b5429af3c	1	1	1	1
ma.tf.000013	203_YWMJBX_4	chr2R	CT	25223719	25223764	tfsite_0c6a349b96f6a8cc	tflocus_df991d8051606c81	1	1	1	1
ma.tf.000012	203_YWMJBX_4	chr2R	CT	25224139	25224210	tfsite_75cca0fbaf2bb334	tflocus_2c78ad4d47dc68ff	1	1	1	1
ma.tf.000011	203_YWMJBX_4	chr2R	CT	25225568	25225590	tfsite_c78beafd1075840b	tflocus_a310cc4438fc4ea9	5	1	1	1
ma.tf.000010	203_YWMJBX_4	chr2R	CT	25225997	25226050	tfsite_4893185b318e0991	tflocus_30290edcf07bb235	1	1	1	1
ma.tf.000009	203_YWMJBX_4	chr2R	CT	25226394	25226417	tfsite_576bfc7f7ad42f94	tflocus_aa03e25fe2603ea5	2	1	1	1
ma.tf.000008	203_YWMJBX_4	chr2R	CT	25226549	25226590	tfsite_e60c9b6ae2712b1d	tflocus_1eb3c76c06612bf7	7	1	1	1
ma.tf.000007	203_YWMJBX_4	chr2R	CT	25226623	25226639	tfsite_ee13e7c6a9d64f0d	tflocus_ca40d66c809cbd24	11	1	1	1
ma.tf.000006	203_YWMJBX_4	chr2R	CT	25227800	25227810	tfsite_4e4599b1b24be701	tflocus_3caf086503cdaf3b	4	1	1	1
ma.tf.000005	203_YWMJBX_4	chr2R	CT	25228315	25228335	tfsite_1f23131b2e594110	tflocus_2b5dbfe8c6f53edf	3	1	1	1
ma.tf.000004	203_YWMJBX_4	chr2R	CT	25228391	25228416	tfsite_5f69c1b97953ab7e	tflocus_b089284732afca36	2	1	1	1
ma.tf.000003	203_YWMJBX_4	chr2R	CT	25228811	25228847	tfsite_c50ed4b273c9d5ca	tflocus_2bd138dcdf059a76	2	1	1	1
ma.tf.000002	203_YWMJBX_4	chr2R	CT	25230287	25230360	tfsite_7131b144584fcd6c	tflocus_9838dbf4a8aafc93	1	1	1	1
ma.tf.000001	203_YWMJBX_4	chr2R	CT	25230955	25230977	tfsite_c00aa504102a1666	tflocus_3c99f546ee9fd041	3	1	1	1
ma.tf.000000	203_YWMJBX_4	chr2R	CT	25231243	25231261	tfsite_523bbd9b52766949	tflocus_853eed39da0d950c	2	1	1	1
ma.tf.000000	208_YWMJBX_4	chr2R	CT	25224479	25224509	tfsite_4a8e7f6f0cb14465	tflocus_cf20f3c0f857f366	3	1	1	1
ma.tf.000001	208_YWMJBX_4	chr2R	CT	25225851	25225880	tfsite_ccac1e1434501b9c	tflocus_9088a64faaf226b4	2	1	1	1
ma.tf.000002	208_YWMJBX_4	chr2R	CT	25227986	25228027	tfsite_513ca77ec0c99407	tflocus_e10c36ebcede5a09	1	1	1	1
ma.tf.000003	208_YWMJBX_4	chr2R	CT	25228253	25228285	tfsite_116d2998dd7c12d9	tflocus_bf21036b2d5b6069	2	1	1	1
ma.tf.000004	208_YWMJBX_4	chr2R	CT	25228299	25228322	tfsite_e649e736e4bd5339	tflocus_54400bcdac618b86	4	1	1	1
ma.tf.000005	208_YWMJBX_4	chr2R	CT	25228423	25228478	tfsite_71d2369705de91fd	tflocus_4d1996154b7aeb5b	3	1	1	1
ma.tf.000006	208_YWMJBX_4	chr2R	CT	25229774	25229805	tfsite_b15cfef8e97e9ec0	tflocus_1d81ce4a0071896c	4	1	1	1
ma.tf.000000	209_YWMJBX_4	chr2R	CT	25225824	25225853	tfsite_dae0dda35d1b013f	tflocus_831f90563f6b7d37	1	1	1	1
ma.tf.000001	209_YWMJBX_4	chr2R	CT	25225879	25225890	tfsite_6f974d81adfe2ddd	tflocus_bfe45159ca5eed06	1	1	1	1
ma.tf.000002	209_YWMJBX_4	chr2R	CT	25225917	25225992	tfsite_2366dbd46860b299	tflocus_1544e62653173838	1	1	1	1
ma.tf.000003	209_YWMJBX_4	chr2R	CT	25226020	25226039	tfsite_5086e7bcb4c45dcb	tflocus_30290edcf07bb235	4	1	1	1
ma.tf.000003	20_YWMJBX_4	chr2R	CT	25222110	25222139	tfsite_d8c19904dfd322c9	tflocus_0bfe8d97f1a2108b	3	1	1	1
ma.tf.000002	20_YWMJBX_4	chr2R	CT	25224958	25224977	tfsite_567a83202e2328a1	tflocus_6a75f8daf3876004	2	1	1	1
ma.tf.000001	20_YWMJBX_4	chr2R	CT	25226786	25226801	tfsite_efb4c0b4ff8f3f72	tflocus_5b543f794fbc327b	5	1	1	1
ma.tf.000000	20_YWMJBX_4	chr2R	CT	25227818	25227850	tfsite_bd85d700f73cc529	tflocus_18161598ea79d772	2	1	1	1
ma.tf.000004	210_YWMJBX_4	chr2R	CT	25226582	25226649	tfsite_a7944f27f45adc30	tflocus_1b8c6a4efcd1e008	3	1	1	1
ma.tf.000003	210_YWMJBX_4	chr2R	CT	25227107	25227145	tfsite_59223f35b4470337	tflocus_ef25617014a37444	3	1	1	1
ma.tf.000002	210_YWMJBX_4	chr2R	CT	25227176	25227202	tfsite_e0d573dd0d53e7b7	tflocus_253e65964ca75f4c	1	1	1	1
ma.tf.000001	210_YWMJBX_4	chr2R	CT	25227426	25227457	tfsite_1ab9f4b489931805	tflocus_8482d66dc05a2c50	3	1	1	1
ma.tf.000000	210_YWMJBX_4	chr2R	CT	25229881	25229911	tfsite_6b4e2761454e6e12	tflocus_e506f28ab45d04ea	1	1	1	1
ma.tf.000001	213_YWMJBX_4	chr2R	CT	25221322	25221390	tfsite_c5d07e87d0434e81	tflocus_55af339fd22dba74	5	1	1	1
ma.tf.000000	213_YWMJBX_4	chr2R	CT	25231913	25231938	tfsite_08ca5a4ca98454e0	tflocus_f7c848c31b2bb827	2	1	1	1
ma.tf.000000	214_YWMJBX_4	chr2R	CT	25221501	25221552	tfsite_7190d8fec650af62	tflocus_be53d7571043799c	1	1	1	1
ma.tf.000003	215_YWMJBX_4	chr2R	CT	25227168	25227187	tfsite_979a9132dfeb2f82	tflocus_37d270c8c0ae4b58	4	1	1	1
ma.tf.000002	215_YWMJBX_4	chr2R	CT	25227215	25227290	tfsite_ef585dca609f1100	tflocus_6fffd5b34f293244	1	1	1	1
ma.tf.000001	215_YWMJBX_4	chr2R	CT	25227317	25227328	tfsite_35116779234e897c	tflocus_a3cd817247faf306	5	1	1	1
ma.tf.000000	215_YWMJBX_4	chr2R	CT	25227354	25227383	tfsite_77a7c55060f57446	tflocus_6492e5926c7d6b4b	3	1	1	1
ma.tf.000002	216_YWMJBX_4	chr2R	CT	25225221	25225241	tfsite_7873ac4ec02b1acc	tflocus_65fa17a3e1db5e8c	4	1	1	1
ma.tf.000001	216_YWMJBX_4	chr2R	CT	25226794	25226813	tfsite_adfc37b60af20ff1	tflocus_5b543f794fbc327b	6	1	1	1
ma.tf.000000	216_YWMJBX_4	chr2R	CT	25227029	25227069	tfsite_dfaf148b83be3dbb	tflocus_33ae4534c126367d	3	1	1	0
ma.tf.000000	217_YWMJBX_4	chr2R	CT	25223195	25223243	tfsite_742ef1930df9860e	tflocus_38f9c9c3320d11c8	1	1	1	1
ma.tf.000001	217_YWMJBX_4	chr2R	CT	25225411	25225419	tfsite_cc25e79a2659b812	tflocus_673dfbaf60071af4	4	1	1	1
ma.tf.000002	217_YWMJBX_4	chr2R	CT	25225524	25225607	tfsite_28387b91ca89d03d	tflocus_e4e7a931ff1bc47f	1	1	1	1
ma.tf.000003	217_YWMJBX_4	chr2R	CT	25226301	25226325	tfsite_c6452c577b9c55f1	tflocus_fd995543799715a8	2	1	1	1
ma.tf.000004	217_YWMJBX_4	chr2R	CT	25226463	25226489	tfsite_b3e719f2fc82573a	tflocus_c65895f4af8f195f	4	1	1	1
ma.tf.000005	217_YWMJBX_4	chr2R	CT	25226581	25226597	tfsite_4061782599961bbe	tflocus_1b53b69855864508	6	1	1	1
ma.tf.000006	217_YWMJBX_4	chr2R	CT	25226966	25227017	tfsite_60b67392e46517fc	tflocus_1f59e55fbb5a7ae6	1	1	1	1
ma.tf.000000	219_YWMJBX_4	chr2R	CT	25221322	25221364	tfsite_268eea6750ef4342	tflocus_6f6e3409440d7f5e	3	1	1	1
ma.tf.000000	226_YWMJBX_4	chr2R	CT	25223962	25223977	tfsite_b158c8cd42d61d73	tflocus_84fa65ce8e8e3af0	1	1	1	1
ma.tf.000001	226_YWMJBX_4	chr2R	CT	25225342	25225363	tfsite_c45c05e26089b658	tflocus_53dcffc525d0970f	4	1	1	1
ma.tf.000002	226_YWMJBX_4	chr2R	CT	25225848	25225880	tfsite_2fc8fceff793211a	tflocus_9b554a83a97f3306	5	1	1	1
ma.tf.000003	226_YWMJBX_4	chr2R	CT	25226430	25226440	tfsite_7d6c1e759d72e4aa	tflocus_af57c3fb56082292	5	1	1	1
ma.tf.000004	226_YWMJBX_4	chr2R	CT	25228447	25228502	tfsite_dc3f6940771c5b1a	tflocus_ed0a1b88803f41d1	1	1	1	1
ma.tf.000005	226_YWMJBX_4	chr2R	CT	25228656	25228681	tfsite_032acee624bfbf77	tflocus_7459327ad6700ca1	2	1	1	1
ma.tf.000006	230_YWMJBX_4	chr2R	CT	25221338	25221384	tfsite_d66c1db1a342404d	tflocus_c5da106ac1f9dbe3	3	1	1	1
ma.tf.000005	230_YWMJBX_4	chr2R	CT	25225201	25225211	tfsite_c16e79ebc362c507	tflocus_5d327f4f7c1fa1e3	4	1	1	1
ma.tf.000004	230_YWMJBX_4	chr2R	CT	25226701	25226731	tfsite_b58aa739ace8e8db	tflocus_537ebd2033506beb	10	1	1	1
ma.tf.000003	230_YWMJBX_4	chr2R	CT	25226745	25226760	tfsite_137651e257a5214f	tflocus_ad8619155b1ac63e	3	1	1	1
ma.tf.000002	230_YWMJBX_4	chr2R	CT	25226961	25226988	tfsite_14b9216f44c2ed61	tflocus_af44a3ce353adfef	3	1	1	1
ma.tf.000001	230_YWMJBX_4	chr2R	CT	25227334	25227343	tfsite_4d14e9d451e64e5d	tflocus_9001b8688125efc3	5	1	1	1
ma.tf.000000	230_YWMJBX_4	chr2R	CT	25227789	25227829	tfsite_5a714253d0f5e99d	tflocus_2a7c5189c557f37d	1	1	1	1
ma.tf.000000	231_YWMJBX_4	chr2R	CT	25222652	25222679	tfsite_cd715ff2625b20a0	tflocus_509217fe24f7381d	1	1	1	1
ma.tf.000001	231_YWMJBX_4	chr2R	CT	25222715	25222737	tfsite_9faf7f03d6b3b995	tflocus_6ddbe2afa5fa7ab9	3	1	1	1
ma.tf.000002	231_YWMJBX_4	chr2R	CT	25223183	25223197	tfsite_308403b84c2bf530	tflocus_a308de599a726c3c	1	1	1	1
ma.tf.000003	231_YWMJBX_4	chr2R	CT	25223814	25223820	tfsite_24e1b0a4a138546a	tflocus_dfabd5b18b76bd6e	1	1	1	1
ma.tf.000004	231_YWMJBX_4	chr2R	CT	25223831	25223851	tfsite_b895a5441fe22dac	tflocus_fa4e34a8096d88ff	3	1	1	1
ma.tf.000005	231_YWMJBX_4	chr2R	CT	25224851	25224864	tfsite_52fc9a1f710f7ae2	tflocus_c1bec3015aea9eae	7	1	1	1
ma.tf.000006	231_YWMJBX_4	chr2R	CT	25224887	25224899	tfsite_eac0050c2ca5a03d	tflocus_fca60790f1e277ca	3	1	1	1
ma.tf.000007	231_YWMJBX_4	chr2R	CT	25227714	25227800	tfsite_d0aaefde17d13645	tflocus_beb5a83f6ddc91df	2	1	1	0
ma.tf.000008	231_YWMJBX_4	chr2R	CT	25231633	25231700	tfsite_d9dce7d0cf59fee2	tflocus_fe66060256a24c91	1	1	1	1
ma.tf.000006	233_YWMJBX_4	chr2R	CT	25225464	25225499	tfsite_c20bd8f2a4f3a0f1	tflocus_3826fc83f2508c31	4	1	1	1
ma.tf.000005	233_YWMJBX_4	chr2R	CT	25226561	25226644	tfsite_591aa0506f6b8f24	tflocus_bc6e8a03e3ac7a38	1	1	1	0
ma.tf.000004	233_YWMJBX_4	chr2R	CT	25227199	25227209	tfsite_b18b23db1572f374	tflocus_095993e4638a126c	5	1	1	1
ma.tf.000003	233_YWMJBX_4	chr2R	CT	25227890	25227920	tfsite_bfa6d2fe547de40b	tflocus_fe9420b4af12b011	1	1	1	1
ma.tf.000002	233_YWMJBX_4	chr2R	CT	25229826	25229843	tfsite_66f22e9675bae425	tflocus_53d9d96a6fb149e2	3	1	1	1
ma.tf.000001	233_YWMJBX_4	chr2R	CT	25231111	25231123	tfsite_5e3819d62b5561a7	tflocus_a33b30a4ba4d692b	4	1	1	1
ma.tf.000000	233_YWMJBX_4	chr2R	CT	25231134	25231146	tfsite_f4c96e68ceead369	tflocus_36e757f218715768	3	0	1	1
ma.tf.000000	234_YWMJBX_4	chr2R	CT	25221320	25221384	tfsite_28be6661203b7b5c	tflocus_55af339fd22dba74	3	1	1	1
ma.tf.000001	234_YWMJBX_4	chr2R	CT	25222727	25222737	tfsite_e0e5e714327a9807	tflocus_53b54923d1be01d1	2	1	1	1
ma.tf.000002	234_YWMJBX_4	chr2R	CT	25223863	25223944	tfsite_1120c4857674690c	tflocus_ad2fc39d1a7fb8fd	1	1	1	0
ma.tf.000003	234_YWMJBX_4	chr2R	CT	25223962	25223975	tfsite_b158c8cd42d61d73	tflocus_84fa65ce8e8e3af0	1	1	1	1
ma.tf.000004	234_YWMJBX_4	chr2R	CT	25224477	25224540	tfsite_cb697e3e66f291a8	tflocus_c166516dc97d234d	2	1	1	1
ma.tf.000005	234_YWMJBX_4	chr2R	CT	25224887	25224914	tfsite_927d9916d13718f0	tflocus_fca60790f1e277ca	1	0	0	0
ma.tf.000006	234_YWMJBX_4	chr2R	CT	25225412	25225419	tfsite_cc25e79a2659b812	tflocus_673dfbaf60071af4	4	1	1	1
ma.tf.000007	234_YWMJBX_4	chr2R	CT	25225472	25225509	tfsite_2343d08a14ad0720	tflocus_3826fc83f2508c31	7	1	1	1
ma.tf.000008	234_YWMJBX_4	chr2R	CT	25225762	25225775	tfsite_acd03a24af77a3bf	tflocus_15d9b46163006816	4	1	1	1
ma.tf.000009	234_YWMJBX_4	chr2R	CT	25226581	25226597	tfsite_4061782599961bbe	tflocus_1b53b69855864508	6	1	1	1
ma.tf.000010	234_YWMJBX_4	chr2R	CT	25227722	25227741	tfsite_db71f685b5a4d264	tflocus_8ca65d190b918409	3	1	1	1
ma.tf.000011	234_YWMJBX_4	chr2R	CT	25227774	25227800	tfsite_4f6d1439a37c0d9d	tflocus_1e991e59e00177ef	4	1	1	1
ma.tf.000012	234_YWMJBX_4	chr2R	CT	25227828	25227881	tfsite_6f48baaa86a5bbf2	tflocus_204c0758a0bab128	1	1	1	1
ma.tf.000013	234_YWMJBX_4	chr2R	CT	25227959	25228027	tfsite_d2e3bfdc2f53b99e	tflocus_dec3207febe93365	2	1	1	1
ma.tf.000014	234_YWMJBX_4	chr2R	CT	25228179	25228221	tfsite_dbd00647277530cf	tflocus_7f4659dca537c5d7	1	1	1	1
ma.tf.000015	234_YWMJBX_4	chr2R	CT	25228274	25228306	tfsite_37971dfcfa7c37c3	tflocus_18118421f52dba73	3	1	1	1
ma.tf.000000	237_YWMJBX_4	chr2R	CT	25224047	25224061	tfsite_0c178c676f68167e	tflocus_a8b3c1cd484460e0	1	1	1	1
ma.tf.000001	237_YWMJBX_4	chr2R	CT	25226020	25226039	tfsite_5086e7bcb4c45dcb	tflocus_30290edcf07bb235	4	1	1	1
ma.tf.000002	237_YWMJBX_4	chr2R	CT	25226050	25226105	tfsite_80b78953d356dc66	tflocus_bf972de6af105872	3	1	1	1
ma.tf.000003	237_YWMJBX_4	chr2R	CT	25226570	25226597	tfsite_963c305b908b4614	tflocus_1b53b69855864508	3	1	1	1
ma.tf.000004	237_YWMJBX_4	chr2R	CT	25229147	25229157	tfsite_843dfc32cb9cee42	tflocus_07a5a0f35a291b74	2	1	1	1
ma.tf.000000	239_YWMJBX_4	chr2R	CT	25224869	25224879	tfsite_d28cf08aafd7fdf5	tflocus_307d00acc9bd8954	5	1	1	1
ma.tf.000001	239_YWMJBX_4	chr2R	CT	25227446	25227478	tfsite_e50c790ffcde1b59	tflocus_86cf58e1c8d2efd1	3	1	1	1
ma.tf.000000	241_YWMJBX_4	chr2R	CT	25225019	25225037	tfsite_45398a22f0248eff	tflocus_f385f97c7d94b88a	3	1	1	1
ma.tf.000000	247_YWMJBX_4	chr2R	CT	25221320	25221384	tfsite_28be6661203b7b5c	tflocus_55af339fd22dba74	3	1	1	1
ma.tf.000001	247_YWMJBX_4	chr2R	CT	25225450	25225487	tfsite_03826bde8fc87c36	tflocus_8506e3d22f21f3e7	1	1	1	1
ma.tf.000002	247_YWMJBX_4	chr2R	CT	25226581	25226597	tfsite_4061782599961bbe	tflocus_1b53b69855864508	6	1	1	1
ma.tf.000003	247_YWMJBX_4	chr2R	CT	25226602	25226631	tfsite_e6fd282a12b5bed5	tflocus_1b8c6a4efcd1e008	6	1	1	1
ma.tf.000004	247_YWMJBX_4	chr2R	CT	25228221	25228308	tfsite_0a07e985064d8a8a	tflocus_bf21036b2d5b6069	1	1	1	0
ma.tf.000005	247_YWMJBX_4	chr2R	CT	25230565	25230596	tfsite_302c2e11d4154a7e	tflocus_3d3c54e2f8988aaa	2	1	1	1
ma.tf.000006	247_YWMJBX_4	chr2R	CT	25231299	25231331	tfsite_ff54070df4b1a9f8	tflocus_f1676e74122398c1	1	1	1	1
ma.tf.000007	247_YWMJBX_4	chr2R	CT	25231873	25231919	tfsite_0fd64695830386d1	tflocus_50faaceac24643c1	3	1	1	1
ma.tf.000000	248_YWMJBX_4	chr2R	CT	25222131	25222155	tfsite_f6f4baf5844e1a25	tflocus_babbe9c8a66a01d5	2	1	1	1
ma.tf.000001	248_YWMJBX_4	chr2R	CT	25227828	25227887	tfsite_6f48baaa86a5bbf2	tflocus_204c0758a0bab128	1	1	1	1
ma.tf.000002	248_YWMJBX_4	chr2R	CT	25228325	25228393	tfsite_e110642846d6a0f6	tflocus_81555aa17e14e019	1	1	1	1
ma.tf.000003	248_YWMJBX_4	chr2R	CT	25231229	25231254	tfsite_78e520b99098c078	tflocus_1e23604aa8b4dcd0	1	1	1	1
ma.tf.000007	251_YWMJBX_4	chr2R	CT	25221938	25221962	tfsite_4eedf07e58a4f332	tflocus_b3961e25721bcb79	4	1	1	1
ma.tf.000006	251_YWMJBX_4	chr2R	CT	25222000	25222013	tfsite_58fb37c9f121d5b3	tflocus_13d2edfb5ad08b07	1	1	1	1
ma.tf.000005	251_YWMJBX_4	chr2R	CT	25222063	25222085	tfsite_7dfa655c9efec1e2	tflocus_631c223da0e18ecb	5	1	1	1
ma.tf.000004	251_YWMJBX_4	chr2R	CT	25222265	25222293	tfsite_e2ea22c5d1d348f8	tflocus_54a0a687924cc54f	1	1	1	1
ma.tf.000003	251_YWMJBX_4	chr2R	CT	25226647	25226684	tfsite_5b2fb62e188d2440	tflocus_3303cb5b8d07d733	4	1	1	1
ma.tf.000002	251_YWMJBX_4	chr2R	CT	25226724	25226754	tfsite_6dae512ed0c82332	tflocus_ad5c0990396e5f43	2	1	1	1
ma.tf.000001	251_YWMJBX_4	chr2R	CT	25226781	25226789	tfsite_93807cb592c63b44	tflocus_12eade5d7ffe008e	11	1	1	1
ma.tf.000000	251_YWMJBX_4	chr2R	CT	25227404	25227441	tfsite_1e183458a46d3ab4	tflocus_04b04c9f7a5c1de7	3	1	1	1
ma.tf.000012	253_YWMJBX_4	chr2R	CT	25221322	25221383	tfsite_28be6661203b7b5c	tflocus_55af339fd22dba74	3	1	1	1
ma.tf.000011	253_YWMJBX_4	chr2R	CT	25222189	25222222	tfsite_2923cf901d21213e	tflocus_463f45d998740e25	2	1	1	1
ma.tf.000010	253_YWMJBX_4	chr2R	CT	25222270	25222299	tfsite_e2ea22c5d1d348f8	tflocus_54a0a687924cc54f	1	1	1	1
ma.tf.000009	253_YWMJBX_4	chr2R	CT	25226621	25226671	tfsite_55eb3aeb1c27954e	tflocus_d65d671fa5d23948	3	1	1	1
ma.tf.000008	253_YWMJBX_4	chr2R	CT	25226760	25226779	tfsite_ec2989c3b9353ee1	tflocus_738da22b13c9f78d	10	1	1	1
ma.tf.000007	253_YWMJBX_4	chr2R	CT	25230389	25230397	tfsite_ee7f095f8f56ee6a	tflocus_9fcdda0ac938942f	2	1	1	1
ma.tf.000006	253_YWMJBX_4	chr2R	CT	25230448	25230476	tfsite_ed30d2ab0b14db5b	tflocus_0cef38b4b9c29859	3	1	1	1
ma.tf.000005	253_YWMJBX_4	chr2R	CT	25230503	25230525	tfsite_cc7c4fba08040945	tflocus_a599f8c0785aa08b	1	1	1	1
ma.tf.000004	253_YWMJBX_4	chr2R	CT	25230587	25230618	tfsite_c567afe338eabaa5	tflocus_3f50e534842329f2	2	1	1	1
ma.tf.000003	253_YWMJBX_4	chr2R	CT	25230818	25230844	tfsite_4e804d65dcef6b1d	tflocus_275948304ffcfee9	2	1	1	1
ma.tf.000002	253_YWMJBX_4	chr2R	CT	25230941	25230973	tfsite_40400f74ecc5de32	tflocus_50681a3eb8917c42	2	1	1	1
ma.tf.000001	253_YWMJBX_4	chr2R	CT	25231102	25231138	tfsite_c723eacf3bc0e829	tflocus_a33b30a4ba4d692b	3	1	1	1
ma.tf.000000	253_YWMJBX_4	chr2R	CT	25231872	25231938	tfsite_df343d5990bae0aa	tflocus_50faaceac24643c1	2	1	1	1
ma.tf.000007	25_YWMJBX_4	chr2R	CT	25224851	25224919	.	.	.	0	0	0
ma.tf.000006	25_YWMJBX_4	chr2R	CT	25225580	25225590	tfsite_c8b65fb08db4eaa4	tflocus_a310cc4438fc4ea9	6	1	1	1
ma.tf.000005	25_YWMJBX_4	chr2R	CT	25229144	25229170	tfsite_72536e85632940df	tflocus_07a5a0f35a291b74	1	1	1	1
ma.tf.000004	25_YWMJBX_4	chr2R	CT	25230088	25230124	tfsite_02f53c3cbe63752e	tflocus_d005b91ee665e08f	1	1	1	1
ma.tf.000003	25_YWMJBX_4	chr2R	CT	25230270	25230300	tfsite_6029d5bb5cccde91	tflocus_e94644c68797a991	4	1	1	1
ma.tf.000002	25_YWMJBX_4	chr2R	CT	25230327	25230335	tfsite_8c5e99bf5585e7b7	tflocus_9838dbf4a8aafc93	3	1	1	1
ma.tf.000001	25_YWMJBX_4	chr2R	CT	25230358	25230368	tfsite_0cd7f2d388da0e6b	tflocus_51d54e8c8feec3ba	2	1	1	1
ma.tf.000000	25_YWMJBX_4	chr2R	CT	25230768	25230833	tfsite_8c4c38eb81f44058	tflocus_c3cbd0c8d550eee6	1	1	1	0
ma.tf.000006	262_YWMJBX_4	chr2R	CT	25222813	25222892	tfsite_820bf62d7e3d1760	tflocus_8d33eacecbda7647	1	1	1	0
ma.tf.000005	262_YWMJBX_4	chr2R	CT	25225017	25225025	tfsite_d06354159fd7e33d	tflocus_f385f97c7d94b88a	2	1	1	1
ma.tf.000004	262_YWMJBX_4	chr2R	CT	25226673	25226689	tfsite_d4a7ced16aa3ed1d	tflocus_a79ba565f52b91ee	4	1	1	1
ma.tf.000003	262_YWMJBX_4	chr2R	CT	25226726	25226739	tfsite_5e3eb4a9c9cef3e9	tflocus_66ec4d1de6883c23	7	1	1	1
ma.tf.000002	262_YWMJBX_4	chr2R	CT	25228622	25228711	tfsite_cf16fecc56e34c86	tflocus_2f8fa0ae7eebd8db	2	1	1	0
ma.tf.000001	262_YWMJBX_4	chr2R	CT	25228813	25228879	tfsite_ded4dd965dcf97ea	tflocus_adf4b0dd85a0dfb0	1	1	1	1
ma.tf.000000	262_YWMJBX_4	chr2R	CT	25229436	25229442	tfsite_6f4cfbc753aa062e	tflocus_7c6cac5415e553ab	2	1	1	0
ma.tf.000000	263_YWMJBX_4	chr2R	CT	25226576	25226597	tfsite_855d23b6e5ed509e	tflocus_1b53b69855864508	5	1	1	1
ma.tf.000001	263_YWMJBX_4	chr2R	CT	25228686	25228734	tfsite_3bb7e18985aa9e4f	tflocus_2d7095ef5920ad1d	2	1	1	1
ma.tf.000002	263_YWMJBX_4	chr2R	CT	25228757	25228836	tfsite_2b12e9ac8037c955	tflocus_6f125628fd2cadc6	1	1	1	1
ma.tf.000004	264_YWMJBX_4	chr2R	CT	25221374	25221387	tfsite_fb2af2fde3f00ee5	tflocus_9121ff87d507cb4f	3	1	1	1
ma.tf.000003	264_YWMJBX_4	chr2R	CT	25222791	25222812	tfsite_c60a01198d50e9bb	tflocus_a56b8c837a81c46a	1	1	1	1
ma.tf.000002	264_YWMJBX_4	chr2R	CT	25224842	25224921	.	.	.	0	0	0
ma.tf.000001	264_YWMJBX_4	chr2R	CT	25224966	25224982	tfsite_596d7636a6b2e7fd	tflocus_6a75f8daf3876004	3	1	1	1
ma.tf.000000	264_YWMJBX_4	chr2R	CT	25225528	25225556	tfsite_9e4653615a4353e7	tflocus_f27456029e3ce898	3	1	1	1
ma.tf.000000	273_YWMJBX_4	chr2R	CT	25225689	25225703	tfsite_ee78d651bb56debd	tflocus_e2a15e6fea276455	7	1	1	1
ma.tf.000001	273_YWMJBX_4	chr2R	CT	25225996	25226022	tfsite_9f4a8e0930bfbf7f	tflocus_2cb6599d22530200	2	1	1	1
ma.tf.000002	273_YWMJBX_4	chr2R	CT	25226406	25226430	tfsite_1074b91f37421aac	tflocus_3f9a82d435ca2c23	2	1	1	1
ma.tf.000003	273_YWMJBX_4	chr2R	CT	25226532	25226565	tfsite_1b892ccd26ff8e57	tflocus_7020547dbf400262	2	1	1	1
ma.tf.000004	273_YWMJBX_4	chr2R	CT	25227628	25227654	tfsite_50fc4012f056d16f	tflocus_380ac5ebf896acad	5	1	1	1
ma.tf.000005	273_YWMJBX_4	chr2R	CT	25231189	25231201	tfsite_e642bdc4fd70b284	tflocus_b2010d3aa2b12e4c	3	1	1	1
ma.tf.000009	274_YWMJBX_4	chr2R	CT	25221333	25221401	tfsite_c07939257977117a	tflocus_c5da106ac1f9dbe3	2	1	1	1
ma.tf.000008	274_YWMJBX_4	chr2R	CT	25226658	25226688	tfsite_3a20e8c97f58fdd0	tflocus_3303cb5b8d07d733	6	1	1	1
ma.tf.000007	274_YWMJBX_4	chr2R	CT	25226742	25226772	tfsite_146adde7e985460b	tflocus_ad8619155b1ac63e	4	1	1	1
ma.tf.000006	274_YWMJBX_4	chr2R	CT	25227561	25227575	tfsite_b27b0406152b634b	tflocus_b2ec07a95edcaf09	4	1	1	0
ma.tf.000005	274_YWMJBX_4	chr2R	CT	25228173	25228191	tfsite_a81bf6b93dbac4cc	tflocus_b7dfbd4fcb36c37e	2	1	1	1
ma.tf.000004	274_YWMJBX_4	chr2R	CT	25228195	25228222	tfsite_a834b394ca40da8a	tflocus_7f4659dca537c5d7	2	1	1	1
ma.tf.000003	274_YWMJBX_4	chr2R	CT	25228303	25228339	tfsite_2f2097cff8511662	tflocus_2b5dbfe8c6f53edf	1	1	1	1
ma.tf.000002	274_YWMJBX_4	chr2R	CT	25230276	25230344	tfsite_fd80c66d14b02014	tflocus_92e28fbcec5f585c	1	1	1	1
ma.tf.000001	274_YWMJBX_4	chr2R	CT	25230355	25230376	tfsite_0cd7f2d388da0e6b	tflocus_51d54e8c8feec3ba	2	1	1	1
ma.tf.000000	274_YWMJBX_4	chr2R	CT	25230961	25230989	tfsite_05c2938130a409ce	tflocus_38cdfbb83759e62f	2	1	1	1
ma.tf.000000	275_YWMJBX_4	chr2R	CT	25227402	25227447	tfsite_1e183458a46d3ab4	tflocus_04b04c9f7a5c1de7	3	1	1	1
ma.tf.000000	276_YWMJBX_4	chr2R	CT	25223611	25223626	tfsite_403154f793904862	tflocus_dc90e1fa20f5e80e	2	1	1	1
ma.tf.000001	276_YWMJBX_4	chr2R	CT	25224869	25224879	tfsite_d28cf08aafd7fdf5	tflocus_307d00acc9bd8954	5	1	1	1
ma.tf.000002	276_YWMJBX_4	chr2R	CT	25225684	25225703	tfsite_556cf5f5ae7c3710	tflocus_e2a15e6fea276455	5	1	1	1
ma.tf.000003	276_YWMJBX_4	chr2R	CT	25225744	25225784	tfsite_e1ade7ca002a1aed	tflocus_15d9b46163006816	1	1	1	1
ma.tf.000004	276_YWMJBX_4	chr2R	CT	25225893	25225915	tfsite_52f5d3ad8393d61c	tflocus_0323e48dd5a246c2	2	1	1	1
ma.tf.000005	276_YWMJBX_4	chr2R	CT	25226492	25226522	tfsite_033f789d9a6b95e4	tflocus_dd2d1a79b93ae74c	3	1	1	1
ma.tf.000006	276_YWMJBX_4	chr2R	CT	25226570	25226597	tfsite_963c305b908b4614	tflocus_1b53b69855864508	3	1	1	1
ma.tf.000007	276_YWMJBX_4	chr2R	CT	25227166	25227178	tfsite_8e5406fe99136a7f	tflocus_37d270c8c0ae4b58	3	1	1	1
ma.tf.000008	276_YWMJBX_4	chr2R	CT	25228408	25228424	tfsite_d0c0b46c842ade43	tflocus_3a1de01d249bc769	2	1	1	1
ma.tf.000000	277_YWMJBX_4	chr2R	CT	25227423	25227435	tfsite_4e13f1c6a78988fb	tflocus_04b04c9f7a5c1de7	7	0	0	0
ma.tf.000001	277_YWMJBX_4	chr2R	CT	25227454	25227467	tfsite_e50c790ffcde1b59	tflocus_86cf58e1c8d2efd1	3	1	1	1
ma.tf.000002	278_YWMJBX_4	chr2R	CT	25221936	25221949	tfsite_b04ee2ece76a5466	tflocus_b3961e25721bcb79	3	1	1	1
ma.tf.000001	278_YWMJBX_4	chr2R	CT	25222047	25222060	tfsite_db65f4602c7293ad	tflocus_66e34e3fbb2c11f7	3	1	1	1
ma.tf.000000	278_YWMJBX_4	chr2R	CT	25222298	25222329	tfsite_151b38b5dc2cba6a	tflocus_30d0f1e1d271c23c	2	1	1	1
ma.tf.000004	280_YWMJBX_4	chr2R	CT	25221322	25221383	tfsite_28be6661203b7b5c	tflocus_55af339fd22dba74	3	1	1	1
ma.tf.000003	280_YWMJBX_4	chr2R	CT	25226619	25226635	tfsite_99b39f40f2febc70	tflocus_ca40d66c809cbd24	10	1	1	1
ma.tf.000002	280_YWMJBX_4	chr2R	CT	25226751	25226777	tfsite_e4a17b0c8b7c42af	tflocus_738da22b13c9f78d	6	1	1	1
ma.tf.000001	280_YWMJBX_4	chr2R	CT	25226953	25226980	tfsite_c089488af7f76ad6	tflocus_af44a3ce353adfef	2	1	1	1
ma.tf.000000	280_YWMJBX_4	chr2R	CT	25228321	25228330	tfsite_1f23131b2e594110	tflocus_2b5dbfe8c6f53edf	3	1	1	1
ma.tf.000011	282_YWMJBX_4	chr2R	CT	25224377	25224435	tfsite_e3b369e761f30be6	tflocus_e6206fdfa265ca38	1	1	1	1
ma.tf.000010	282_YWMJBX_4	chr2R	CT	25224809	25224817	tfsite_3c14615590931d09	tflocus_a8efe87a00e988fe	4	1	1	1
ma.tf.000009	282_YWMJBX_4	chr2R	CT	25225415	25225443	tfsite_b6eec991cf2c58eb	tflocus_c6cb93766a26458f	1	1	1	1
ma.tf.000008	282_YWMJBX_4	chr2R	CT	25226473	25226513	tfsite_47bd4e4804fa0cc2	tflocus_77b9d07b9082d3ba	2	1	1	1
ma.tf.000007	282_YWMJBX_4	chr2R	CT	25226695	25226725	tfsite_03720ccd560a55a4	tflocus_537ebd2033506beb	6	1	1	1
ma.tf.000006	282_YWMJBX_4	chr2R	CT	25226739	25226754	tfsite_b8cdaf13517ee579	tflocus_ad8619155b1ac63e	2	1	1	1
ma.tf.000005	282_YWMJBX_4	chr2R	CT	25226769	25226782	tfsite_b24f37a1272f599f	tflocus_12eade5d7ffe008e	5	1	1	1
ma.tf.000004	282_YWMJBX_4	chr2R	CT	25226813	25226883	tfsite_e778209a586f54c7	tflocus_5540b6bdaa3ec504	1	1	1	1
ma.tf.000003	282_YWMJBX_4	chr2R	CT	25226914	25226952	tfsite_a411da57cd4a18a6	tflocus_7953289f8630a2e6	2	1	1	1
ma.tf.000002	282_YWMJBX_4	chr2R	CT	25227176	25227195	tfsite_e0d573dd0d53e7b7	tflocus_253e65964ca75f4c	1	1	1	1
ma.tf.000001	282_YWMJBX_4	chr2R	CT	25227435	25227460	tfsite_6c46f013c9978f4d	tflocus_dce1feeda27a70b7	3	1	1	1
ma.tf.000000	282_YWMJBX_4	chr2R	CT	25228037	25228104	tfsite_c777eed24023aa5d	tflocus_bb605d951820f11b	1	1	1	1
ma.tf.000000	286_YWMJBX_4	chr2R	CT	25222975	25223003	tfsite_856d1b6f7eb30047	tflocus_7d11293d9537e089	4	1	1	1
ma.tf.000000	287_YWMJBX_4	chr2R	CT	25225694	25225744	tfsite_848fb536de689c82	tflocus_d382a3659e9dcdb5	1	1	1	1
ma.tf.000004	289_YWMJBX_4	chr2R	CT	25223605	25223653	tfsite_f90cd5c00743f868	tflocus_dc90e1fa20f5e80e	1	1	1	1
ma.tf.000003	289_YWMJBX_4	chr2R	CT	25226648	25226664	tfsite_854e9cdbfdb3d780	tflocus_d65d671fa5d23948	11	1	1	1
ma.tf.000002	289_YWMJBX_4	chr2R	CT	25226940	25226973	tfsite_39b5843056c06fbc	tflocus_ecc662c7b752feaf	1	1	1	1
ma.tf.000001	289_YWMJBX_4	chr2R	CT	25227350	25227383	tfsite_77a7c55060f57446	tflocus_6492e5926c7d6b4b	3	1	1	1
ma.tf.000000	289_YWMJBX_4	chr2R	CT	25228657	25228690	tfsite_d9708155289831e4	tflocus_7459327ad6700ca1	3	1	1	1
ma.tf.000017	290_YWMJBX_4	chr2R	CT	25221323	25221368	tfsite_5c35c4e77912d956	tflocus_55af339fd22dba74	7	1	1	1
ma.tf.000016	290_YWMJBX_4	chr2R	CT	25224914	25224952	tfsite_0fa3692e7925872a	tflocus_7fdcce7f97c02f29	2	1	1	1
ma.tf.000015	290_YWMJBX_4	chr2R	CT	25225414	25225500	tfsite_3fd076a199c4b14e	tflocus_f858b5c8db0ba904	1	1	1	0
ma.tf.000014	290_YWMJBX_4	chr2R	CT	25225556	25225586	tfsite_ff89a5cb39e0a7f4	tflocus_a310cc4438fc4ea9	3	1	1	1
ma.tf.000013	290_YWMJBX_4	chr2R	CT	25225628	25225658	tfsite_2c14420ffeeb7a83	tflocus_8236840d9d30f798	3	0	0	0
ma.tf.000012	290_YWMJBX_4	chr2R	CT	25225707	25225736	tfsite_184a58a2126206e0	tflocus_d382a3659e9dcdb5	4	1	1	1
ma.tf.000011	290_YWMJBX_4	chr2R	CT	25225913	25225958	tfsite_ab444a4791baab7e	tflocus_ccb744ebf8a765ae	1	1	1	1
ma.tf.000010	290_YWMJBX_4	chr2R	CT	25226161	25226230	tfsite_0866ca71e2e45f01	tflocus_81b168e536eead51	2	1	1	1
ma.tf.000009	290_YWMJBX_4	chr2R	CT	25226278	25226314	tfsite_90dbe0527cad6719	tflocus_ca7cd4f8f7dbff64	2	1	1	1
ma.tf.000008	290_YWMJBX_4	chr2R	CT	25226597	25226650	tfsite_ebf9987a5cec5346	tflocus_ca40d66c809cbd24	3	1	1	1
ma.tf.000007	290_YWMJBX_4	chr2R	CT	25227182	25227194	tfsite_e0d573dd0d53e7b7	tflocus_253e65964ca75f4c	1	1	1	1
ma.tf.000006	290_YWMJBX_4	chr2R	CT	25227442	25227461	tfsite_9ec22ee303c0eecd	tflocus_dce1feeda27a70b7	4	1	1	1
ma.tf.000005	290_YWMJBX_4	chr2R	CT	25227513	25227527	tfsite_60ec46a029ff5a2b	tflocus_92ae6bf282a791fd	3	1	1	1
ma.tf.000004	290_YWMJBX_4	chr2R	CT	25227736	25227764	tfsite_8d58d0c9becd457a	tflocus_beb5a83f6ddc91df	4	1	1	1
ma.tf.000003	290_YWMJBX_4	chr2R	CT	25227796	25227806	tfsite_14c631b886a4edbe	tflocus_3caf086503cdaf3b	3	1	1	1
ma.tf.000002	290_YWMJBX_4	chr2R	CT	25228592	25228627	tfsite_407addc40b48c1d7	tflocus_2315c7f728ed0e83	3	1	1	1
ma.tf.000001	290_YWMJBX_4	chr2R	CT	25228702	25228760	tfsite_01b6cae8a81d1356	tflocus_c61467ed1a9e2c56	3	1	1	1
ma.tf.000000	290_YWMJBX_4	chr2R	CT	25230505	25230522	tfsite_cc7c4fba08040945	tflocus_a599f8c0785aa08b	1	1	1	1
ma.tf.000000	293_YWMJBX_4	chr2R	CT	25222720	25222737	tfsite_e0e5e714327a9807	tflocus_53b54923d1be01d1	2	1	1	1
ma.tf.000001	293_YWMJBX_4	chr2R	CT	25223007	25223033	tfsite_63969d5884a1c346	tflocus_570a4bafcd52b9c9	4	1	1	1
ma.tf.000002	293_YWMJBX_4	chr2R	CT	25224453	25224509	tfsite_296eb41f3a4154ec	tflocus_93a1a51f258f428d	1	1	1	1
ma.tf.000003	293_YWMJBX_4	chr2R	CT	25225408	25225418	tfsite_cc25e79a2659b812	tflocus_673dfbaf60071af4	4	1	1	1
ma.tf.000004	293_YWMJBX_4	chr2R	CT	25225450	25225478	tfsite_03826bde8fc87c36	tflocus_8506e3d22f21f3e7	1	1	1	1
ma.tf.000005	293_YWMJBX_4	chr2R	CT	25225689	25225703	tfsite_ee78d651bb56debd	tflocus_e2a15e6fea276455	7	1	1	1
ma.tf.000006	293_YWMJBX_4	chr2R	CT	25225756	25225775	tfsite_97964a83f69fa6b4	tflocus_15d9b46163006816	3	1	1	1
ma.tf.000007	293_YWMJBX_4	chr2R	CT	25226020	25226032	tfsite_193fa3d6e94eb5a3	tflocus_30290edcf07bb235	3	1	1	1
ma.tf.000008	293_YWMJBX_4	chr2R	CT	25226564	25226617	tfsite_d7979467fe303aa0	tflocus_1b53b69855864508	2	1	1	1
ma.tf.000009	293_YWMJBX_4	chr2R	CT	25226900	25226936	tfsite_c5013a3e9b69669f	tflocus_364e6810066c108a	1	1	1	1
ma.tf.000010	293_YWMJBX_4	chr2R	CT	25226984	25227053	tfsite_d4ebc61a89b5bdf1	tflocus_d48ac893d80deff1	1	1	1	1
ma.tf.000011	293_YWMJBX_4	chr2R	CT	25227256	25227304	tfsite_236dfb6312013d29	tflocus_df5eeb221ad6baff	4	1	1	1
ma.tf.000012	293_YWMJBX_4	chr2R	CT	25227481	25227509	tfsite_b6486d0df44bf6df	tflocus_9ed81f1c05f38fc0	3	1	1	1
ma.tf.000013	293_YWMJBX_4	chr2R	CT	25227558	25227586	tfsite_b27b0406152b634b	tflocus_b2ec07a95edcaf09	4	1	1	1
ma.tf.000014	293_YWMJBX_4	chr2R	CT	25227628	25227658	tfsite_50fc4012f056d16f	tflocus_380ac5ebf896acad	5	1	1	1
ma.tf.000015	293_YWMJBX_4	chr2R	CT	25227714	25227800	tfsite_d0aaefde17d13645	tflocus_beb5a83f6ddc91df	2	1	1	0
ma.tf.000016	293_YWMJBX_4	chr2R	CT	25228262	25228300	tfsite_708bdc0feb4d8f15	tflocus_9daa7bd0bca64367	2	0	1	1
ma.tf.000017	293_YWMJBX_4	chr2R	CT	25231889	25231934	tfsite_89237b1fa527c2b1	tflocus_50faaceac24643c1	5	1	1	1
ma.tf.000004	294_YWMJBX_4	chr2R	CT	25226773	25226801	tfsite_93807cb592c63b44	tflocus_12eade5d7ffe008e	11	1	1	1
ma.tf.000003	294_YWMJBX_4	chr2R	CT	25227266	25227284	tfsite_2e85f205f5861c8f	tflocus_df5eeb221ad6baff	6	1	1	1
ma.tf.000002	294_YWMJBX_4	chr2R	CT	25227313	25227322	tfsite_75e4f3606ae09900	tflocus_a3cd817247faf306	4	1	1	1
ma.tf.000001	294_YWMJBX_4	chr2R	CT	25227689	25227728	tfsite_8c8539d5b4239e1a	tflocus_c1137f670cdf1473	4	1	1	1
ma.tf.000000	294_YWMJBX_4	chr2R	CT	25228054	25228118	tfsite_20f57a44caae9ff4	tflocus_65bafa30bcd4afff	2	1	1	1
ma.tf.000012	305_YWMJBX_4	chr2R	CT	25221439	25221453	tfsite_f4cd1f742a477b2c	tflocus_723df5fafacb12d2	2	1	1	1
ma.tf.000011	305_YWMJBX_4	chr2R	CT	25221840	25221904	tfsite_59ec0faac4eea9ba	tflocus_334fdccfa68f1031	1	1	1	1
ma.tf.000010	305_YWMJBX_4	chr2R	CT	25221943	25221963	tfsite_72d96aaf4eb2d963	tflocus_8a4523238c2d995a	1	1	1	1
ma.tf.000009	305_YWMJBX_4	chr2R	CT	25225131	25225213	tfsite_9aa63d78aa277f3c	tflocus_413f524d4acc0a2f	1	1	1	0
ma.tf.000008	305_YWMJBX_4	chr2R	CT	25225294	25225371	tfsite_75d879c4be222793	tflocus_44c143aad583d3af	1	1	1	1
ma.tf.000007	305_YWMJBX_4	chr2R	CT	25226464	25226488	tfsite_b3e719f2fc82573a	tflocus_c65895f4af8f195f	4	1	1	1
ma.tf.000006	305_YWMJBX_4	chr2R	CT	25226599	25226615	tfsite_5965dc1985e9dbdc	tflocus_bc6e8a03e3ac7a38	12	1	1	1
ma.tf.000005	305_YWMJBX_4	chr2R	CT	25227279	25227301	tfsite_257f694cd9f3e984	tflocus_88d366cb77669eb7	2	1	1	1
ma.tf.000004	305_YWMJBX_4	chr2R	CT	25227360	25227383	tfsite_cb300c4c4dec0d79	tflocus_37975db974901dd5	6	1	1	1
ma.tf.000003	305_YWMJBX_4	chr2R	CT	25227695	25227754	tfsite_d0715bad7205bc80	tflocus_92ad56b434ffae35	1	1	1	1
ma.tf.000002	305_YWMJBX_4	chr2R	CT	25228378	25228439	tfsite_b98215ec6e105cd2	tflocus_b089284732afca36	1	1	1	1
ma.tf.000001	305_YWMJBX_4	chr2R	CT	25228698	25228728	tfsite_b1734ee79202db1c	tflocus_2d7095ef5920ad1d	4	1	1	1
ma.tf.000000	305_YWMJBX_4	chr2R	CT	25229101	25229167	tfsite_8dbd6855fb0ca555	tflocus_8c8fac43cd7320b7	1	1	1	1
ma.tf.000006	306_YWMJBX_4	chr2R	CT	25221339	25221376	tfsite_4d0ed53761e67faf	tflocus_55af339fd22dba74	15	1	1	1
ma.tf.000005	306_YWMJBX_4	chr2R	CT	25222976	25223005	tfsite_856d1b6f7eb30047	tflocus_7d11293d9537e089	4	1	1	1
ma.tf.000004	306_YWMJBX_4	chr2R	CT	25223056	25223072	tfsite_fc41aaaed852c2b3	tflocus_e349a7ffcc0edf99	1	1	1	1
ma.tf.000003	306_YWMJBX_4	chr2R	CT	25223763	25223772	tfsite_d40980b345e10609	tflocus_f773975f8375772a	2	1	1	1
ma.tf.000002	306_YWMJBX_4	chr2R	CT	25225970	25225990	tfsite_0d902b8e0f339337	tflocus_438410026335f5cc	3	1	1	1
ma.tf.000001	306_YWMJBX_4	chr2R	CT	25227558	25227610	tfsite_6f8b864736f20811	tflocus_20a707245b56bfff	1	1	1	1
ma.tf.000000	306_YWMJBX_4	chr2R	CT	25228258	25228315	tfsite_3c93c8836ffd67b1	tflocus_18118421f52dba73	1	1	1	1
ma.tf.000002	308_YWMJBX_4	chr2R	CT	25225564	25225602	tfsite_c78beafd1075840b	tflocus_a310cc4438fc4ea9	5	1	1	1
ma.tf.000001	308_YWMJBX_4	chr2R	CT	25225671	25225708	tfsite_3cc395c00e213af5	tflocus_e2a15e6fea276455	4	1	1	1
ma.tf.000000	308_YWMJBX_4	chr2R	CT	25225716	25225731	tfsite_184a58a2126206e0	tflocus_d382a3659e9dcdb5	4	1	1	1
ma.tf.000000	313_YWMJBX_4	chr2R	CT	25221320	25221392	tfsite_c5d07e87d0434e81	tflocus_55af339fd22dba74	5	1	1	1
ma.tf.000001	313_YWMJBX_4	chr2R	CT	25221471	25221502	tfsite_05088d3547311745	tflocus_a61e29c06ae42983	2	1	1	1
ma.tf.000002	313_YWMJBX_4	chr2R	CT	25222972	25222990	tfsite_8d6cbcb9a4de8e2a	tflocus_7d11293d9537e089	2	1	1	1
ma.tf.000003	313_YWMJBX_4	chr2R	CT	25223042	25223110	tfsite_d952eedfc58c92d3	tflocus_82b8ac4a096b9a7f	1	1	1	1
ma.tf.000004	313_YWMJBX_4	chr2R	CT	25226104	25226141	tfsite_d350b7fbe929b15f	tflocus_8be49a8d7aa5449e	3	1	1	1
ma.tf.000005	313_YWMJBX_4	chr2R	CT	25226235	25226262	tfsite_551b6864f3f86cf8	tflocus_cdcf86b4ec489a54	2	1	1	1
ma.tf.000006	313_YWMJBX_4	chr2R	CT	25226439	25226521	tfsite_9c2796cfc791c243	tflocus_c65895f4af8f195f	1	1	1	0
ma.tf.000007	313_YWMJBX_4	chr2R	CT	25226581	25226597	tfsite_4061782599961bbe	tflocus_1b53b69855864508	6	1	1	1
ma.tf.000008	313_YWMJBX_4	chr2R	CT	25227167	25227178	tfsite_8e5406fe99136a7f	tflocus_37d270c8c0ae4b58	3	1	1	1
ma.tf.000002	314_YWMJBX_4	chr2R	CT	25229691	25229756	tfsite_001d3d54eb1b20cc	tflocus_d3018fc3b6f9ba45	1	1	1	1
ma.tf.000001	314_YWMJBX_4	chr2R	CT	25229818	25229839	tfsite_5f1360e5acab0fc9	tflocus_53d9d96a6fb149e2	2	1	1	1
ma.tf.000000	314_YWMJBX_4	chr2R	CT	25229844	25229889	tfsite_dd82feacf27e3614	tflocus_4ad121a883138fcf	1	1	1	1
ma.tf.000000	315_YWMJBX_4	chr2R	CT	25224216	25224257	.	.	.	0	0	0
ma.tf.000001	315_YWMJBX_4	chr2R	CT	25224991	25225072	tfsite_3e64dddf8e55be6d	tflocus_e1d4fbfb4e99152e	1	1	1	0
ma.tf.000002	315_YWMJBX_4	chr2R	CT	25225689	25225703	tfsite_ee78d651bb56debd	tflocus_e2a15e6fea276455	7	1	1	1
ma.tf.000003	315_YWMJBX_4	chr2R	CT	25226203	25226218	tfsite_78604adea1cebc6a	tflocus_771476542912009d	3	1	1	0
ma.tf.000004	315_YWMJBX_4	chr2R	CT	25226463	25226478	tfsite_3b582fae339c22a2	tflocus_c65895f4af8f195f	3	1	1	1
ma.tf.000005	315_YWMJBX_4	chr2R	CT	25226639	25226671	tfsite_854e9cdbfdb3d780	tflocus_d65d671fa5d23948	11	1	1	1
ma.tf.000006	315_YWMJBX_4	chr2R	CT	25227727	25227749	tfsite_22a4e8dee82bfca7	tflocus_8ca65d190b918409	4	1	1	1
ma.tf.000007	315_YWMJBX_4	chr2R	CT	25228392	25228442	tfsite_a60b35fcb9c2446b	tflocus_3a1de01d249bc769	1	1	1	1
ma.tf.000000	316_YWMJBX_4	chr2R	CT	25224512	25224540	tfsite_b19f71148c585d0b	tflocus_ccc9f41ab85c5c22	2	1	1	1
ma.tf.000001	316_YWMJBX_4	chr2R	CT	25227628	25227650	tfsite_50fc4012f056d16f	tflocus_380ac5ebf896acad	5	1	1	1
ma.tf.000002	316_YWMJBX_4	chr2R	CT	25228109	25228125	tfsite_b7da54f3a39ef5fd	tflocus_e081f5d72fa8144d	3	1	1	1
ma.tf.000003	316_YWMJBX_4	chr2R	CT	25231018	25231042	tfsite_96cca856a7bb47bf	tflocus_f8852b029e8a492b	4	1	1	1
ma.tf.000004	316_YWMJBX_4	chr2R	CT	25231810	25231867	tfsite_c36c5b1471f521f4	tflocus_d5ace8d9070a7d31	1	1	1	1
ma.tf.000005	316_YWMJBX_4	chr2R	CT	25231873	25231923	tfsite_0fd64695830386d1	tflocus_50faaceac24643c1	3	1	1	1
ma.tf.000000	320_YWMJBX_4	chr2R	CT	25221460	25221484	tfsite_e76e2a90bdfc0c57	tflocus_94468c8bd5285cc6	2	1	1	1
ma.tf.000001	320_YWMJBX_4	chr2R	CT	25221872	25221910	tfsite_748b6671f246f186	tflocus_4b41f722e8246325	3	1	1	1
ma.tf.000000	321_YWMJBX_4	chr2R	CT	25222119	25222132	tfsite_d8c19904dfd322c9	tflocus_0bfe8d97f1a2108b	3	1	1	1
ma.tf.000001	321_YWMJBX_4	chr2R	CT	25225786	25225819	tfsite_f9b0ac4c50571a18	tflocus_cc50716c053f987c	3	1	1	1
ma.tf.000002	321_YWMJBX_4	chr2R	CT	25225879	25225888	tfsite_6f974d81adfe2ddd	tflocus_bfe45159ca5eed06	1	1	1	1
ma.tf.000003	321_YWMJBX_4	chr2R	CT	25225893	25225931	tfsite_27389305d13d3f26	tflocus_1634ccad1c02e2de	4	1	1	1
ma.tf.000004	321_YWMJBX_4	chr2R	CT	25226564	25226597	tfsite_bace613d9cf19347	tflocus_1b53b69855864508	1	1	1	1
ma.tf.000005	321_YWMJBX_4	chr2R	CT	25227423	25227435	tfsite_4e13f1c6a78988fb	tflocus_04b04c9f7a5c1de7	7	1	1	1
ma.tf.000006	321_YWMJBX_4	chr2R	CT	25231873	25231919	tfsite_0fd64695830386d1	tflocus_50faaceac24643c1	3	1	1	1
ma.tf.000000	322_YWMJBX_4	chr2R	CT	25225140	25225183	tfsite_7d9310fbcea53dea	tflocus_9eff9425b53a6035	4	1	1	1
ma.tf.000001	322_YWMJBX_4	chr2R	CT	25225203	25225260	tfsite_466204525f55c333	tflocus_65fa17a3e1db5e8c	2	1	1	1
ma.tf.000002	322_YWMJBX_4	chr2R	CT	25226463	25226478	tfsite_3b582fae339c22a2	tflocus_c65895f4af8f195f	3	1	1	1
ma.tf.000003	322_YWMJBX_4	chr2R	CT	25226492	25226522	tfsite_033f789d9a6b95e4	tflocus_dd2d1a79b93ae74c	3	1	1	1
ma.tf.000004	322_YWMJBX_4	chr2R	CT	25226576	25226597	tfsite_855d23b6e5ed509e	tflocus_1b53b69855864508	5	1	1	1
ma.tf.000005	322_YWMJBX_4	chr2R	CT	25227601	25227612	tfsite_382fe210146ef059	tflocus_b271c224175ccf49	2	1	1	1
ma.tf.000006	326_YWMJBX_4	chr2R	CT	25222192	25222226	tfsite_2923cf901d21213e	tflocus_463f45d998740e25	2	1	1	1
ma.tf.000005	326_YWMJBX_4	chr2R	CT	25223651	25223676	tfsite_2ef8ab7b2ba96a1d	tflocus_d0d539c362e60a13	1	1	1	1
ma.tf.000004	326_YWMJBX_4	chr2R	CT	25225483	25225506	tfsite_fbf57a9e15e39f8c	tflocus_3826fc83f2508c31	8	1	1	1
ma.tf.000003	326_YWMJBX_4	chr2R	CT	25226783	25226793	tfsite_93807cb592c63b44	tflocus_12eade5d7ffe008e	11	1	1	1
ma.tf.000002	326_YWMJBX_4	chr2R	CT	25227525	25227539	tfsite_ece1680eda7bf7af	tflocus_92ae6bf282a791fd	5	1	1	1
ma.tf.000001	326_YWMJBX_4	chr2R	CT	25228050	25228117	tfsite_20f57a44caae9ff4	tflocus_65bafa30bcd4afff	2	1	1	1
ma.tf.000000	326_YWMJBX_4	chr2R	CT	25230039	25230061	tfsite_5139c1b7532fcf26	tflocus_7e0291517b4e7463	2	1	1	1
ma.tf.000000	327_YWMJBX_4	chr2R	CT	25225065	25225072	tfsite_c0ba42406ea9925c	tflocus_a1bbfc446d48d4ea	3	1	1	1
ma.tf.000001	327_YWMJBX_4	chr2R	CT	25225412	25225419	tfsite_cc25e79a2659b812	tflocus_673dfbaf60071af4	4	1	1	1
ma.tf.000002	327_YWMJBX_4	chr2R	CT	25225756	25225782	tfsite_acd03a24af77a3bf	tflocus_15d9b46163006816	4	0	0	0
ma.tf.000003	327_YWMJBX_4	chr2R	CT	25226457	25226477	tfsite_0f9f4ea3f0765e00	tflocus_e9722e8789069226	3	1	1	1
ma.tf.000004	327_YWMJBX_4	chr2R	CT	25226485	25226522	tfsite_033f789d9a6b95e4	tflocus_dd2d1a79b93ae74c	3	1	1	1
ma.tf.000005	327_YWMJBX_4	chr2R	CT	25226581	25226597	tfsite_4061782599961bbe	tflocus_1b53b69855864508	6	1	1	1
ma.tf.000006	327_YWMJBX_4	chr2R	CT	25228408	25228420	tfsite_afcc462dc6444cf0	tflocus_b089284732afca36	4	1	1	1
ma.tf.000007	327_YWMJBX_4	chr2R	CT	25228647	25228728	tfsite_64527860dc61420d	tflocus_4e46e164e75d32a1	3	1	1	0
ma.tf.000000	329_YWMJBX_4	chr2R	CT	25226618	25226672	tfsite_c9d27822c0ccf448	tflocus_6d95b6d5ea493574	8	1	1	1
ma.tf.000000	333_YWMJBX_4	chr2R	CT	25221320	25221350	tfsite_8ccdc060cd108c72	tflocus_6f6e3409440d7f5e	1	1	1	1
ma.tf.000001	333_YWMJBX_4	chr2R	CT	25222845	25222851	tfsite_1eeff9b405dc723f	tflocus_8d33eacecbda7647	3	1	1	1
ma.tf.000002	333_YWMJBX_4	chr2R	CT	25225689	25225703	tfsite_ee78d651bb56debd	tflocus_e2a15e6fea276455	7	1	1	1
ma.tf.000003	333_YWMJBX_4	chr2R	CT	25226235	25226262	tfsite_551b6864f3f86cf8	tflocus_cdcf86b4ec489a54	2	1	1	1
ma.tf.000004	333_YWMJBX_4	chr2R	CT	25226267	25226296	tfsite_b2d765f7faeeca3b	tflocus_ad3d92ff0e707391	1	1	1	1
ma.tf.000005	333_YWMJBX_4	chr2R	CT	25228109	25228124	tfsite_b7da54f3a39ef5fd	tflocus_e081f5d72fa8144d	3	1	1	1
ma.tf.000006	333_YWMJBX_4	chr2R	CT	25228475	25228549	tfsite_27e6588a4205c75f	tflocus_23bdea833be92684	1	1	1	1
ma.tf.000007	333_YWMJBX_4	chr2R	CT	25229603	25229668	tfsite_9ebb25b021c9247b	tflocus_1730c3e259cb7024	1	1	1	1
ma.tf.000008	333_YWMJBX_4	chr2R	CT	25231873	25231934	tfsite_8bf1e79f70a873d7	tflocus_50faaceac24643c1	1	1	1	1
ma.tf.000000	334_YWMJBX_4	chr2R	CT	25225668	25225685	tfsite_10691cc9b01cc364	tflocus_87dc6ee34a0f25ff	4	1	1	1
ma.tf.000001	334_YWMJBX_4	chr2R	CT	25225848	25225888	tfsite_ccac1e1434501b9c	tflocus_9088a64faaf226b4	2	1	0	0
ma.tf.000002	334_YWMJBX_4	chr2R	CT	25226492	25226513	tfsite_033f789d9a6b95e4	tflocus_dd2d1a79b93ae74c	3	1	1	1
ma.tf.000003	334_YWMJBX_4	chr2R	CT	25226531	25226544	tfsite_91abca134caba08b	tflocus_c4674075fff878d5	2	1	1	1
ma.tf.000004	334_YWMJBX_4	chr2R	CT	25226581	25226597	tfsite_4061782599961bbe	tflocus_1b53b69855864508	6	1	1	1
ma.tf.000005	334_YWMJBX_4	chr2R	CT	25227871	25227906	tfsite_c2a28bc049d196ab	tflocus_c61a03cb76d1ce4e	3	1	1	1
ma.tf.000006	334_YWMJBX_4	chr2R	CT	25228109	25228125	tfsite_b7da54f3a39ef5fd	tflocus_e081f5d72fa8144d	3	1	1	1
ma.tf.000000	336_YWMJBX_4	chr2R	CT	25222972	25222998	tfsite_1de7d5c6f86d65a1	tflocus_7d11293d9537e089	5	1	1	1
ma.tf.000001	336_YWMJBX_4	chr2R	CT	25223963	25223992	tfsite_bc8b0917295fbc51	tflocus_84fa65ce8e8e3af0	2	1	1	1
ma.tf.000002	336_YWMJBX_4	chr2R	CT	25224155	25224187	tfsite_7807ecb5d40d25c1	tflocus_2c78ad4d47dc68ff	2	1	1	1
ma.tf.000003	336_YWMJBX_4	chr2R	CT	25226570	25226597	tfsite_963c305b908b4614	tflocus_1b53b69855864508	3	1	1	1
ma.tf.000004	336_YWMJBX_4	chr2R	CT	25226630	25226665	tfsite_fc3e878fb713d864	tflocus_d65d671fa5d23948	5	1	1	1
ma.tf.000011	33_YWMJBX_4	chr2R	CT	25221337	25221374	tfsite_3ef454333646f9ab	tflocus_55af339fd22dba74	11	1	1	1
ma.tf.000010	33_YWMJBX_4	chr2R	CT	25221379	25221386	tfsite_fb2af2fde3f00ee5	tflocus_9121ff87d507cb4f	3	1	1	1
ma.tf.000009	33_YWMJBX_4	chr2R	CT	25223529	25223553	tfsite_3bf3c6237a9104cf	tflocus_e65221281fbc078c	2	1	1	1
ma.tf.000008	33_YWMJBX_4	chr2R	CT	25224569	25224586	tfsite_e1a1d165b703487a	tflocus_6f9d1f5207f28332	2	1	1	1
ma.tf.000007	33_YWMJBX_4	chr2R	CT	25224967	25224983	tfsite_596d7636a6b2e7fd	tflocus_6a75f8daf3876004	3	1	1	1
ma.tf.000006	33_YWMJBX_4	chr2R	CT	25225147	25225170	tfsite_ff33b2992f651687	tflocus_9eff9425b53a6035	5	1	1	1
ma.tf.000005	33_YWMJBX_4	chr2R	CT	25226026	25226051	tfsite_5086e7bcb4c45dcb	tflocus_30290edcf07bb235	4	1	1	1
ma.tf.000004	33_YWMJBX_4	chr2R	CT	25226679	25226700	tfsite_c132a95dd2da998b	tflocus_8105c482b668d661	4	1	1	1
ma.tf.000003	33_YWMJBX_4	chr2R	CT	25226842	25226870	tfsite_d9c5d04518ee0cdb	tflocus_4acf4b785c1938ca	2	1	1	1
ma.tf.000002	33_YWMJBX_4	chr2R	CT	25227783	25227823	tfsite_872e92c934b9b62c	tflocus_3caf086503cdaf3b	2	1	1	1
ma.tf.000001	33_YWMJBX_4	chr2R	CT	25227841	25227865	tfsite_f897565f67967297	tflocus_204c0758a0bab128	3	1	1	1
ma.tf.000000	33_YWMJBX_4	chr2R	CT	25229408	25229445	tfsite_97a3779247cc78a2	tflocus_dd95874c8ca3b025	3	1	1	1
ma.tf.000009	340_YWMJBX_4	chr2R	CT	25222038	25222052	tfsite_ac7590df383761a9	tflocus_fec7388eb86cac0a	2	1	1	1
ma.tf.000008	340_YWMJBX_4	chr2R	CT	25224191	25224213	tfsite_5717c51867e5b902	tflocus_a373109b0544f5ac	3	1	1	1
ma.tf.000007	340_YWMJBX_4	chr2R	CT	25225100	25225116	tfsite_9997724a9a82512f	tflocus_516f353e478d733b	3	1	1	0
ma.tf.000006	340_YWMJBX_4	chr2R	CT	25226623	25226650	tfsite_c58ff603f223ed7a	tflocus_6d95b6d5ea493574	12	1	1	1
ma.tf.000005	340_YWMJBX_4	chr2R	CT	25226700	25226729	tfsite_b58aa739ace8e8db	tflocus_537ebd2033506beb	10	1	1	1
ma.tf.000004	340_YWMJBX_4	chr2R	CT	25227278	25227290	tfsite_8d78029e22f3f0cb	tflocus_df5eeb221ad6baff	8	1	1	1
ma.tf.000003	340_YWMJBX_4	chr2R	CT	25227333	25227342	tfsite_4d14e9d451e64e5d	tflocus_9001b8688125efc3	5	1	1	1
ma.tf.000002	340_YWMJBX_4	chr2R	CT	25227465	25227510	tfsite_78dded2a54114b21	tflocus_9ed81f1c05f38fc0	1	1	1	1
ma.tf.000001	340_YWMJBX_4	chr2R	CT	25227518	25227532	tfsite_04293d1e40bd8d48	tflocus_92ae6bf282a791fd	4	1	1	1
ma.tf.000000	340_YWMJBX_4	chr2R	CT	25227598	25227668	tfsite_aeae39fa1b090baf	tflocus_380ac5ebf896acad	1	1	1	1
ma.tf.000000	349_YWMJBX_4	chr2R	CT	25221961	25221995	.	.	.	0	0	0
ma.tf.000001	349_YWMJBX_4	chr2R	CT	25222975	25223003	tfsite_856d1b6f7eb30047	tflocus_7d11293d9537e089	4	0	0	0
ma.tf.000002	349_YWMJBX_4	chr2R	CT	25225786	25225812	tfsite_f9b0ac4c50571a18	tflocus_cc50716c053f987c	3	1	1	1
ma.tf.000003	349_YWMJBX_4	chr2R	CT	25226602	25226665	tfsite_e896a1cb7887bcd1	tflocus_6d95b6d5ea493574	2	1	1	1
ma.tf.000004	349_YWMJBX_4	chr2R	CT	25227122	25227180	tfsite_56d405f4a66cb87d	tflocus_c094bd83466d009c	3	1	1	1
ma.tf.000005	349_YWMJBX_4	chr2R	CT	25228221	25228285	tfsite_c13f1cb55dbedf53	tflocus_153d5e72c3af20ff	2	1	1	1
ma.tf.000006	349_YWMJBX_4	chr2R	CT	25230928	25230951	tfsite_9318f9bdcac81f2f	tflocus_eff5990842308665	3	1	1	1
ma.tf.000007	349_YWMJBX_4	chr2R	CT	25231873	25231934	tfsite_8bf1e79f70a873d7	tflocus_50faaceac24643c1	1	1	1	1
ma.tf.000002	352_YWMJBX_4	chr2R	CT	25226541	25226586	tfsite_d8bed702ec1807d6	tflocus_cf5baf0d125860a5	3	1	1	1
ma.tf.000001	352_YWMJBX_4	chr2R	CT	25227235	25227265	tfsite_7b1b39bbfd0671b5	tflocus_6fffd5b34f293244	4	1	1	1
ma.tf.000000	352_YWMJBX_4	chr2R	CT	25227360	25227419	tfsite_3374284ddb5f7849	tflocus_37975db974901dd5	2	1	1	1
ma.tf.000000	35_YWMJBX_4	chr2R	CT	25221320	25221392	tfsite_c5d07e87d0434e81	tflocus_55af339fd22dba74	5	1	1	1
ma.tf.000001	35_YWMJBX_4	chr2R	CT	25223191	25223197	tfsite_308403b84c2bf530	tflocus_a308de599a726c3c	1	0	1	0
ma.tf.000002	35_YWMJBX_4	chr2R	CT	25224508	25224521	tfsite_ff3905210c36e4c8	tflocus_c166516dc97d234d	7	1	1	1
ma.tf.000003	35_YWMJBX_4	chr2R	CT	25225412	25225419	tfsite_cc25e79a2659b812	tflocus_673dfbaf60071af4	4	1	1	1
ma.tf.000004	35_YWMJBX_4	chr2R	CT	25225755	25225794	tfsite_5b140bb23532b3f6	tflocus_1bb1d2dfe7e79656	3	1	1	1
ma.tf.000005	35_YWMJBX_4	chr2R	CT	25225905	25225931	tfsite_933923bfc0bca348	tflocus_1634ccad1c02e2de	5	1	1	1
ma.tf.000006	35_YWMJBX_4	chr2R	CT	25227605	25227621	tfsite_5afdf07eb398f2f2	tflocus_c63742e94e8cd5b9	2	1	1	1
ma.tf.000007	35_YWMJBX_4	chr2R	CT	25227628	25227655	tfsite_50fc4012f056d16f	tflocus_380ac5ebf896acad	5	1	1	1
ma.tf.000008	35_YWMJBX_4	chr2R	CT	25228576	25228645	tfsite_e63337f1403db80c	tflocus_2315c7f728ed0e83	2	1	1	1
ma.tf.000003	360_YWMJBX_4	chr2R	CT	25221345	25221387	tfsite_5a5ad75713f334dc	tflocus_c5da106ac1f9dbe3	4	1	1	1
ma.tf.000002	360_YWMJBX_4	chr2R	CT	25221634	25221707	tfsite_c00db379e66d0289	tflocus_91f7dcca6f698644	1	1	1	1
ma.tf.000001	360_YWMJBX_4	chr2R	CT	25222766	25222800	tfsite_54452ca74dc88998	tflocus_80f3deb4f51e38a5	3	1	1	1
ma.tf.000000	360_YWMJBX_4	chr2R	CT	25222847	25222863	tfsite_60c44c5a55b6fec1	tflocus_8d33eacecbda7647	4	1	1	1
ma.tf.000000	361_YWMJBX_4	chr2R	CT	25225689	25225703	tfsite_ee78d651bb56debd	tflocus_e2a15e6fea276455	7	1	1	1
ma.tf.000001	361_YWMJBX_4	chr2R	CT	25225723	25225756	tfsite_e267fe61529a921f	tflocus_5c4e175b04940cab	4	1	1	1
ma.tf.000002	361_YWMJBX_4	chr2R	CT	25225807	25225819	tfsite_1779d24c94ed37f7	tflocus_a7db007b8f168077	2	1	1	1
ma.tf.000003	361_YWMJBX_4	chr2R	CT	25225879	25225888	tfsite_6f974d81adfe2ddd	tflocus_bfe45159ca5eed06	1	1	1	1
ma.tf.000004	361_YWMJBX_4	chr2R	CT	25226492	25226522	tfsite_033f789d9a6b95e4	tflocus_dd2d1a79b93ae74c	3	1	1	1
ma.tf.000005	361_YWMJBX_4	chr2R	CT	25226532	25226565	tfsite_1b892ccd26ff8e57	tflocus_7020547dbf400262	2	1	1	1
ma.tf.000006	361_YWMJBX_4	chr2R	CT	25228281	25228300	tfsite_37971dfcfa7c37c3	tflocus_18118421f52dba73	3	1	1	1
ma.tf.000016	366_YWMJBX_4	chr2R	CT	25222099	25222122	tfsite_1e009f710b57a4cb	tflocus_73e0e877437a1992	1	1	1	1
ma.tf.000015	366_YWMJBX_4	chr2R	CT	25222989	25223071	tfsite_6ed71b9138ef4748	tflocus_570a4bafcd52b9c9	2	1	1	1
ma.tf.000014	366_YWMJBX_4	chr2R	CT	25224989	25225024	tfsite_2acab993a8123372	tflocus_eb3cbd643c7250f4	3	1	1	1
ma.tf.000013	366_YWMJBX_4	chr2R	CT	25225069	25225124	tfsite_140d7675725db508	tflocus_2d627e6048094d25	1	1	1	1
ma.tf.000012	366_YWMJBX_4	chr2R	CT	25225213	25225223	tfsite_82aa18703dd7a04d	tflocus_3fc2370c78c63760	4	1	1	1
ma.tf.000011	366_YWMJBX_4	chr2R	CT	25226172	25226186	tfsite_34dcb67fef26f9a8	tflocus_d6e469947eb1d2c1	2	1	1	1
ma.tf.000010	366_YWMJBX_4	chr2R	CT	25227423	25227501	tfsite_3d9b548b41f052fd	tflocus_86cf58e1c8d2efd1	1	1	1	0
ma.tf.000009	366_YWMJBX_4	chr2R	CT	25227634	25227709	tfsite_a1ca4294b7cfa49d	tflocus_1081133c8eca6b55	1	1	1	1
ma.tf.000008	366_YWMJBX_4	chr2R	CT	25227890	25227915	tfsite_bfa6d2fe547de40b	tflocus_fe9420b4af12b011	1	1	1	1
ma.tf.000007	366_YWMJBX_4	chr2R	CT	25227960	25228030	tfsite_d2e3bfdc2f53b99e	tflocus_dec3207febe93365	2	1	1	1
ma.tf.000006	366_YWMJBX_4	chr2R	CT	25229867	25229946	tfsite_4b44e764e40796d1	tflocus_65fede793ac3f51e	1	1	1	1
ma.tf.000005	366_YWMJBX_4	chr2R	CT	25230195	25230219	tfsite_e24a153bdd8a8771	tflocus_58638375d36f0d9b	5	1	1	1
ma.tf.000004	366_YWMJBX_4	chr2R	CT	25230247	25230272	tfsite_bfb8dc00b719fb74	tflocus_5c809b7b307bde20	3	1	1	1
ma.tf.000003	366_YWMJBX_4	chr2R	CT	25230930	25230992	tfsite_c389918c317a147f	tflocus_3c99f546ee9fd041	1	1	1	1
ma.tf.000002	366_YWMJBX_4	chr2R	CT	25230995	25231035	tfsite_09023eab1c25fb94	tflocus_80bca5c6e18c3836	1	1	1	1
ma.tf.000001	366_YWMJBX_4	chr2R	CT	25231097	25231120	tfsite_fa388d3fdf3acb3f	tflocus_a33b30a4ba4d692b	2	1	1	1
ma.tf.000000	366_YWMJBX_4	chr2R	CT	25231602	25231611	tfsite_7bb24f54844abf06	tflocus_7321099dca9a222a	2	1	1	1
ma.tf.000005	368_YWMJBX_4	chr2R	CT	25225064	25225078	tfsite_c0ba42406ea9925c	tflocus_a1bbfc446d48d4ea	3	1	1	1
ma.tf.000004	368_YWMJBX_4	chr2R	CT	25225732	25225740	tfsite_1ee902e3168b5519	tflocus_5c4e175b04940cab	5	1	1	1
ma.tf.000003	368_YWMJBX_4	chr2R	CT	25226585	25226668	tfsite_d4bd9de1c2ad442f	tflocus_ca40d66c809cbd24	2	1	1	0
ma.tf.000002	368_YWMJBX_4	chr2R	CT	25226760	25226786	tfsite_5fc680c006ba41b5	tflocus_738da22b13c9f78d	11	1	1	1
ma.tf.000001	368_YWMJBX_4	chr2R	CT	25226987	25227014	tfsite_8cc449ec3e550a04	tflocus_582ec01caf60b241	4	1	1	1
ma.tf.000000	368_YWMJBX_4	chr2R	CT	25227200	25227217	tfsite_b18b23db1572f374	tflocus_095993e4638a126c	5	1	1	1
ma.tf.000006	36_YWMJBX_4	chr2R	CT	25226066	25226079	tfsite_46f6cce8aa420cd1	tflocus_bf972de6af105872	5	1	1	1
ma.tf.000005	36_YWMJBX_4	chr2R	CT	25226566	25226598	tfsite_963c305b908b4614	tflocus_1b53b69855864508	3	1	1	1
ma.tf.000004	36_YWMJBX_4	chr2R	CT	25226640	25226661	tfsite_6d22a0923819678a	tflocus_d65d671fa5d23948	9	1	1	1
ma.tf.000003	36_YWMJBX_4	chr2R	CT	25227197	25227219	tfsite_b18b23db1572f374	tflocus_095993e4638a126c	5	1	1	1
ma.tf.000002	36_YWMJBX_4	chr2R	CT	25227351	25227360	tfsite_e8ca35e068834509	tflocus_f5919bf4d45620c3	5	1	1	1
ma.tf.000001	36_YWMJBX_4	chr2R	CT	25230347	25230368	tfsite_0cd7f2d388da0e6b	tflocus_51d54e8c8feec3ba	2	1	1	1
ma.tf.000000	36_YWMJBX_4	chr2R	CT	25230398	25230461	tfsite_1ed7776b5237ddd2	tflocus_2c029697f81e479f	1	1	1	1
ma.tf.000000	371_YWMJBX_4	chr2R	CT	25225759	25225775	tfsite_acd03a24af77a3bf	tflocus_15d9b46163006816	4	1	1	1
ma.tf.000001	371_YWMJBX_4	chr2R	CT	25226287	25226358	tfsite_fb94932b590799e1	tflocus_fd995543799715a8	1	1	1	1
ma.tf.000002	371_YWMJBX_4	chr2R	CT	25226463	25226521	tfsite_47bd4e4804fa0cc2	tflocus_77b9d07b9082d3ba	2	1	1	1
ma.tf.000003	371_YWMJBX_4	chr2R	CT	25226532	25226601	tfsite_abad9398d25aeade	tflocus_1eb3c76c06612bf7	2	1	1	1
ma.tf.000004	371_YWMJBX_4	chr2R	CT	25226648	25226690	tfsite_5b2fb62e188d2440	tflocus_3303cb5b8d07d733	4	1	1	1
ma.tf.000005	371_YWMJBX_4	chr2R	CT	25226730	25226799	tfsite_7eccb4b7c8a3d570	tflocus_738da22b13c9f78d	2	1	1	1
ma.tf.000006	371_YWMJBX_4	chr2R	CT	25226961	25226985	tfsite_14b9216f44c2ed61	tflocus_af44a3ce353adfef	3	1	1	1
ma.tf.000007	371_YWMJBX_4	chr2R	CT	25228091	25228138	tfsite_5bf8036cbd5ea96a	tflocus_e081f5d72fa8144d	2	1	1	1
ma.tf.000005	372_YWMJBX_4	chr2R	CT	25222254	25222290	tfsite_c8ed5c6891f91eff	tflocus_0c04f21faaaa3612	3	1	1	1
ma.tf.000004	372_YWMJBX_4	chr2R	CT	25224540	25224580	tfsite_2ace19db5d6e50ab	tflocus_a214bdf7fff279f2	2	1	1	1
ma.tf.000003	372_YWMJBX_4	chr2R	CT	25224650	25224660	tfsite_cf2bfaede0f326de	tflocus_e6e27f223e4c8f71	1	1	1	1
ma.tf.000002	372_YWMJBX_4	chr2R	CT	25224822	25224849	tfsite_5579bb986f7cf3d9	tflocus_bcb111ea644044f3	6	1	1	1
ma.tf.000001	372_YWMJBX_4	chr2R	CT	25225317	25225330	tfsite_9c2f563aab8a7e08	tflocus_1d91e0ae5159fedc	1	1	1	1
ma.tf.000000	372_YWMJBX_4	chr2R	CT	25225410	25225427	tfsite_f36f5970b6f53eb1	tflocus_673dfbaf60071af4	3	1	1	1
ma.tf.000000	373_YWMJBX_4	chr2R	CT	25228109	25228125	tfsite_b7da54f3a39ef5fd	tflocus_e081f5d72fa8144d	3	1	1	1
ma.tf.000001	373_YWMJBX_4	chr2R	CT	25231014	25231042	tfsite_96cca856a7bb47bf	tflocus_f8852b029e8a492b	4	1	1	1
ma.tf.000002	373_YWMJBX_4	chr2R	CT	25231090	25231163	.	.	.	0	0	0
ma.tf.000003	374_YWMJBX_4	chr2R	CT	25222775	25222787	tfsite_6fe780d22baf87f4	tflocus_80f3deb4f51e38a5	4	1	1	1
ma.tf.000002	374_YWMJBX_4	chr2R	CT	25229018	25229072	tfsite_0450b8b2b60d57b0	tflocus_a0be8440978f3e70	2	1	1	1
ma.tf.000001	374_YWMJBX_4	chr2R	CT	25229824	25229841	tfsite_66f22e9675bae425	tflocus_53d9d96a6fb149e2	3	1	1	1
ma.tf.000000	374_YWMJBX_4	chr2R	CT	25231104	25231152	tfsite_238fb6fd7425e4fd	tflocus_548e7cf4d8292748	1	1	1	1
ma.tf.000004	376_YWMJBX_4	chr2R	CT	25224704	25224739	tfsite_b7135422c1bfab0a	tflocus_2f62a88affe6ed4f	2	1	1	1
ma.tf.000003	376_YWMJBX_4	chr2R	CT	25225965	25226037	tfsite_719b1646a6614c41	tflocus_ad4cc2b950cd92bd	1	1	1	1
ma.tf.000002	376_YWMJBX_4	chr2R	CT	25226046	25226104	tfsite_2fbd4a8b683d93e4	tflocus_bf972de6af105872	1	1	1	1
ma.tf.000001	376_YWMJBX_4	chr2R	CT	25226755	25226770	tfsite_4b7821c51b017730	tflocus_738da22b13c9f78d	8	1	1	1
ma.tf.000000	376_YWMJBX_4	chr2R	CT	25227395	25227405	tfsite_27231411f64778bb	tflocus_ac10e6c9ce90faa5	8	1	1	1
ma.tf.000000	377_YWMJBX_4	chr2R	CT	25223814	25223856	tfsite_8f1d76b2c45a0089	tflocus_fa4e34a8096d88ff	1	1	1	1
ma.tf.000001	377_YWMJBX_4	chr2R	CT	25224887	25224896	tfsite_eac0050c2ca5a03d	tflocus_fca60790f1e277ca	3	1	1	1
ma.tf.000004	381_YWMJBX_4	chr2R	CT	25225209	25225290	tfsite_649f00f4daa562a9	tflocus_12ca5e6b03b69729	2	1	1	1
ma.tf.000003	381_YWMJBX_4	chr2R	CT	25225658	25225730	tfsite_397e24a89bfd6e3e	tflocus_e2a15e6fea276455	1	1	1	1
ma.tf.000002	381_YWMJBX_4	chr2R	CT	25225744	25225757	tfsite_6e396b18ba67a0f6	tflocus_484339668a665e8f	1	1	1	1
ma.tf.000001	381_YWMJBX_4	chr2R	CT	25226986	25227006	tfsite_f4ffd40c10d21df7	tflocus_582ec01caf60b241	3	1	1	1
ma.tf.000000	381_YWMJBX_4	chr2R	CT	25227364	25227384	tfsite_cb300c4c4dec0d79	tflocus_37975db974901dd5	6	1	1	1
ma.tf.000000	382_YWMJBX_4	chr2R	CT	25221323	25221385	tfsite_20a4f6c39602200a	tflocus_55af339fd22dba74	6	1	1	1
ma.tf.000000	385_YWMJBX_4	chr2R	CT	25228588	25228663	tfsite_825f669b00ef43c2	tflocus_50c8a96e2984e21f	1	1	1	0
ma.tf.000001	385_YWMJBX_4	chr2R	CT	25228704	25228739	tfsite_7624155382278291	tflocus_c61467ed1a9e2c56	2	1	1	1
ma.tf.000002	385_YWMJBX_4	chr2R	CT	25228748	25228819	tfsite_76af592e51016d8c	tflocus_efb7c969c8d32e8b	1	1	1	1
ma.tf.000003	385_YWMJBX_4	chr2R	CT	25231873	25231919	tfsite_0fd64695830386d1	tflocus_50faaceac24643c1	3	1	1	1
ma.tf.000000	386_YWMJBX_4	chr2R	CT	25225762	25225784	tfsite_5b140bb23532b3f6	tflocus_1bb1d2dfe7e79656	3	1	1	1
ma.tf.000001	386_YWMJBX_4	chr2R	CT	25226020	25226039	tfsite_5086e7bcb4c45dcb	tflocus_30290edcf07bb235	4	1	1	1
ma.tf.000002	386_YWMJBX_4	chr2R	CT	25226492	25226521	tfsite_033f789d9a6b95e4	tflocus_dd2d1a79b93ae74c	3	1	1	1
ma.tf.000003	386_YWMJBX_4	chr2R	CT	25226581	25226597	tfsite_4061782599961bbe	tflocus_1b53b69855864508	6	1	1	1
ma.tf.000004	386_YWMJBX_4	chr2R	CT	25227499	25227510	tfsite_3ec42b23afa0a2da	tflocus_418dd175f8ef7d8b	4	1	1	1
ma.tf.000004	388_YWMJBX_4	chr2R	CT	25221337	25221371	tfsite_84f58fcf26431e12	tflocus_55af339fd22dba74	8	1	1	1
ma.tf.000003	388_YWMJBX_4	chr2R	CT	25224196	25224211	tfsite_837170b55046e4f6	tflocus_a9f34694d5b0bbea	2	1	1	1
ma.tf.000002	388_YWMJBX_4	chr2R	CT	25225592	25225614	tfsite_eea0bb4f69431366	tflocus_9f223147bb723030	2	1	1	1
ma.tf.000001	388_YWMJBX_4	chr2R	CT	25225648	25225680	tfsite_eb98603559f75c20	tflocus_a60f307df5bc930b	2	1	1	1
ma.tf.000000	388_YWMJBX_4	chr2R	CT	25225843	25225874	tfsite_882d91f0871f4726	tflocus_9b554a83a97f3306	3	1	1	1
ma.tf.000000	392_YWMJBX_4	chr2R	CT	25225857	25225888	tfsite_781b8a71a7f89ac8	tflocus_9088a64faaf226b4	4	1	1	1
ma.tf.000001	392_YWMJBX_4	chr2R	CT	25226532	25226565	tfsite_1b892ccd26ff8e57	tflocus_7020547dbf400262	2	1	1	1
ma.tf.000002	392_YWMJBX_4	chr2R	CT	25230499	25230550	tfsite_ad27c103786b978a	tflocus_b9f762b81051844d	1	1	1	1
ma.tf.000005	397_YWMJBX_4	chr2R	CT	25221539	25221556	tfsite_b3c7ef9ac413e756	tflocus_9ba9f402d6c98039	2	1	1	1
ma.tf.000004	397_YWMJBX_4	chr2R	CT	25222580	25222614	tfsite_0aa1421d1053be94	tflocus_9bac81112e01df40	2	1	1	1
ma.tf.000003	397_YWMJBX_4	chr2R	CT	25223385	25223430	tfsite_573bb6b10f9ebe44	tflocus_bbbd4249a9f0a0bd	1	1	1	1
ma.tf.000002	397_YWMJBX_4	chr2R	CT	25225166	25225174	tfsite_ff9377fe6c331b3f	tflocus_413f524d4acc0a2f	4	1	1	1
ma.tf.000001	397_YWMJBX_4	chr2R	CT	25226973	25226991	tfsite_5c725a383cf888fc	tflocus_1f59e55fbb5a7ae6	2	1	1	1
ma.tf.000000	397_YWMJBX_4	chr2R	CT	25227358	25227409	tfsite_94981270d6c451ff	tflocus_37975db974901dd5	7	1	1	1
ma.tf.000000	399_YWMJBX_4	chr2R	CT	25224052	25224128	tfsite_0764b0847b423579	tflocus_6d4b8193caebe65f	1	1	1	0
ma.tf.000001	399_YWMJBX_4	chr2R	CT	25224479	25224509	tfsite_4a8e7f6f0cb14465	tflocus_cf20f3c0f857f366	3	1	1	1
ma.tf.000002	399_YWMJBX_4	chr2R	CT	25224515	25224540	tfsite_b19f71148c585d0b	tflocus_ccc9f41ab85c5c22	2	1	1	1
ma.tf.000003	399_YWMJBX_4	chr2R	CT	25225689	25225703	tfsite_ee78d651bb56debd	tflocus_e2a15e6fea276455	7	1	1	1
ma.tf.000004	399_YWMJBX_4	chr2R	CT	25226025	25226095	tfsite_347d49eea7f1839b	tflocus_c7c84a8a550dc091	1	1	1	1
ma.tf.000005	399_YWMJBX_4	chr2R	CT	25227631	25227650	tfsite_50fc4012f056d16f	tflocus_380ac5ebf896acad	5	1	1	1
ma.tf.000006	399_YWMJBX_4	chr2R	CT	25228010	25228027	tfsite_63747bcf5443c74d	tflocus_e5e84dea66b04efc	4	1	1	1
ma.tf.000007	399_YWMJBX_4	chr2R	CT	25231639	25231660	tfsite_fa9c6e13e4df1ed4	tflocus_19e86c8d61d7fbe0	2	1	1	1
ma.tf.000007	39_YWMJBX_4	chr2R	CT	25221337	25221402	tfsite_c07939257977117a	tflocus_c5da106ac1f9dbe3	2	1	1	1
ma.tf.000006	39_YWMJBX_4	chr2R	CT	25223658	25223689	tfsite_6d6b75dc40df1165	tflocus_4074070ad895a8b5	2	1	1	1
ma.tf.000005	39_YWMJBX_4	chr2R	CT	25226637	25226656	tfsite_fc3e878fb713d864	tflocus_d65d671fa5d23948	5	1	1	1
ma.tf.000004	39_YWMJBX_4	chr2R	CT	25227016	25227086	tfsite_546ceee7437cb268	tflocus_33ae4534c126367d	1	1	1	1
ma.tf.000003	39_YWMJBX_4	chr2R	CT	25227338	25227354	tfsite_d65f52b0ac3e465c	tflocus_f5919bf4d45620c3	3	1	1	1
ma.tf.000002	39_YWMJBX_4	chr2R	CT	25227421	25227439	tfsite_4e13f1c6a78988fb	tflocus_04b04c9f7a5c1de7	7	1	1	1
ma.tf.000001	39_YWMJBX_4	chr2R	CT	25228024	25228047	tfsite_9c1637091a9c3e72	tflocus_81c9861515ce4740	1	1	1	1
ma.tf.000000	39_YWMJBX_4	chr2R	CT	25228077	25228145	tfsite_6e449e332ba62fbc	tflocus_e081f5d72fa8144d	1	1	1	1
ma.tf.000000	400_YWMJBX_4	chr2R	CT	25226162	25226220	tfsite_0866ca71e2e45f01	tflocus_81b168e536eead51	2	1	1	1
ma.tf.000001	400_YWMJBX_4	chr2R	CT	25226430	25226440	tfsite_7d6c1e759d72e4aa	tflocus_af57c3fb56082292	5	1	1	1
ma.tf.000002	400_YWMJBX_4	chr2R	CT	25226457	25226465	tfsite_b9919bd5564083cd	tflocus_e9722e8789069226	2	1	1	1
ma.tf.000003	400_YWMJBX_4	chr2R	CT	25226492	25226521	tfsite_033f789d9a6b95e4	tflocus_dd2d1a79b93ae74c	3	1	1	1
ma.tf.000004	400_YWMJBX_4	chr2R	CT	25226585	25226640	tfsite_4c695901eea498ac	tflocus_1b8c6a4efcd1e008	4	1	1	1
ma.tf.000005	400_YWMJBX_4	chr2R	CT	25227628	25227650	tfsite_50fc4012f056d16f	tflocus_380ac5ebf896acad	5	1	1	1
ma.tf.000006	400_YWMJBX_4	chr2R	CT	25227661	25227682	tfsite_01fe66321df28f4a	tflocus_1081133c8eca6b55	3	0	0	0
ma.tf.000007	400_YWMJBX_4	chr2R	CT	25228004	25228033	tfsite_63747bcf5443c74d	tflocus_e5e84dea66b04efc	4	1	1	1
ma.tf.000008	400_YWMJBX_4	chr2R	CT	25228123	25228164	tfsite_2076c506bb62b56b	tflocus_99ccf62115f69b08	5	1	1	1
ma.tf.000009	400_YWMJBX_4	chr2R	CT	25229027	25229057	tfsite_5a1e9c63bee6e35e	tflocus_a0be8440978f3e70	3	1	1	1
ma.tf.000010	400_YWMJBX_4	chr2R	CT	25229499	25229558	tfsite_a42ba8c1b62cbea2	tflocus_15319655a4fe0110	1	1	1	0
ma.tf.000011	400_YWMJBX_4	chr2R	CT	25230370	25230448	tfsite_ba3b01360ca890bf	tflocus_86c86f2b3f339915	1	1	1	1
ma.tf.000012	400_YWMJBX_4	chr2R	CT	25230499	25230566	.	.	.	0	0	0
ma.tf.000013	400_YWMJBX_4	chr2R	CT	25231377	25231395	tfsite_947c053dd2a81bb2	tflocus_8c8c6d32958d6183	3	1	1	1
ma.tf.000014	400_YWMJBX_4	chr2R	CT	25231885	25231923	tfsite_5b9e8cdcb2d7037f	tflocus_50faaceac24643c1	4	1	1	1
ma.tf.000003	401_YWMJBX_4	chr2R	CT	25229035	25229089	tfsite_5dd6dec020424a9a	tflocus_331ae12642991c5d	1	1	1	1
ma.tf.000002	401_YWMJBX_4	chr2R	CT	25230843	25230868	tfsite_214980adac609900	tflocus_744c9a3d6652dada	1	0	1	1
ma.tf.000001	401_YWMJBX_4	chr2R	CT	25231066	25231141	tfsite_01ff6310775a4294	tflocus_f3c890ddb0d5b687	1	1	1	0
ma.tf.000000	401_YWMJBX_4	chr2R	CT	25231657	25231707	tfsite_d0e40fa3e5fd0a6c	tflocus_44b0f087dc1026d9	2	1	1	1
ma.tf.000000	403_YWMJBX_4	chr2R	CT	25222891	25222920	tfsite_477137b200ea21e9	tflocus_3338f2a6d7048a3b	2	1	1	1
ma.tf.000001	403_YWMJBX_4	chr2R	CT	25222949	25222972	tfsite_9a31c62b1f169f5e	tflocus_3a5a288e26eb003e	3	1	1	1
ma.tf.000002	403_YWMJBX_4	chr2R	CT	25224523	25224577	tfsite_78ae501e70f0239c	tflocus_6e50d1312d19edab	1	1	1	1
ma.tf.000003	403_YWMJBX_4	chr2R	CT	25227338	25227363	tfsite_648a2b759721c7eb	tflocus_f5919bf4d45620c3	4	1	1	1
ma.tf.000004	403_YWMJBX_4	chr2R	CT	25227370	25227399	tfsite_94981270d6c451ff	tflocus_37975db974901dd5	7	1	1	1
ma.tf.000005	403_YWMJBX_4	chr2R	CT	25228010	25228027	tfsite_63747bcf5443c74d	tflocus_e5e84dea66b04efc	4	1	1	1
ma.tf.000006	403_YWMJBX_4	chr2R	CT	25228408	25228418	tfsite_afcc462dc6444cf0	tflocus_b089284732afca36	4	1	1	1
ma.tf.000008	405_YWMJBX_4	chr2R	CT	25222059	25222070	tfsite_51a4bcdecd5912de	tflocus_631c223da0e18ecb	3	1	1	1
ma.tf.000007	405_YWMJBX_4	chr2R	CT	25224160	25224231	tfsite_5d67b185d1267e8f	tflocus_a373109b0544f5ac	1	1	1	1
ma.tf.000006	405_YWMJBX_4	chr2R	CT	25224543	25224562	tfsite_43c591d130707196	tflocus_6e50d1312d19edab	4	1	1	1
ma.tf.000005	405_YWMJBX_4	chr2R	CT	25224731	25224807	tfsite_824be5d2fd36f963	tflocus_edc03c0010a868c0	1	1	1	1
ma.tf.000004	405_YWMJBX_4	chr2R	CT	25228902	25228914	tfsite_aaaa4ac0b8e1df50	tflocus_d7074876b548676f	2	1	1	1
ma.tf.000003	405_YWMJBX_4	chr2R	CT	25231180	25231251	tfsite_65a71d91ecddf5c8	tflocus_e4dda19e78561662	1	0	1	1
ma.tf.000002	405_YWMJBX_4	chr2R	CT	25231261	25231296	tfsite_06b889ca975fdce2	tflocus_19c36bd46cf3414d	2	1	1	1
ma.tf.000001	405_YWMJBX_4	chr2R	CT	25231643	25231665	tfsite_fa9c6e13e4df1ed4	tflocus_19e86c8d61d7fbe0	2	1	1	1
ma.tf.000000	405_YWMJBX_4	chr2R	CT	25231914	25231938	tfsite_08ca5a4ca98454e0	tflocus_f7c848c31b2bb827	2	1	1	1
ma.tf.000000	407_YWMJBX_4	chr2R	CT	25221342	25221388	tfsite_5a5ad75713f334dc	tflocus_c5da106ac1f9dbe3	4	1	1	1
ma.tf.000002	408_YWMJBX_4	chr2R	CT	25227358	25227401	tfsite_2b5c297e32916856	tflocus_37975db974901dd5	3	1	1	1
ma.tf.000001	408_YWMJBX_4	chr2R	CT	25228159	25228193	tfsite_4584d2774485a678	tflocus_631d2ad9954d0bc4	2	1	1	1
ma.tf.000000	408_YWMJBX_4	chr2R	CT	25230810	25230869	tfsite_f8c5afbc46eef5aa	tflocus_275948304ffcfee9	1	0	0	0
ma.tf.000007	409_YWMJBX_4	chr2R	CT	25221333	25221355	tfsite_7151f56beba22b06	tflocus_55af339fd22dba74	13	1	1	1
ma.tf.000006	409_YWMJBX_4	chr2R	CT	25221802	25221825	tfsite_3fd77eb5998a1eee	tflocus_c9145c2b1ebf3c07	2	1	1	1
ma.tf.000005	409_YWMJBX_4	chr2R	CT	25221847	25221926	tfsite_3e208c969e12806f	tflocus_4b41f722e8246325	1	1	1	0
ma.tf.000004	409_YWMJBX_4	chr2R	CT	25222164	25222187	tfsite_0710373b9fbcad72	tflocus_a028dd71badd415d	1	1	1	1
ma.tf.000003	409_YWMJBX_4	chr2R	CT	25222284	25222300	tfsite_18d4178f5c98e271	tflocus_3331c26204c0d6d5	1	1	1	1
ma.tf.000002	409_YWMJBX_4	chr2R	CT	25222474	25222524	tfsite_b39cec30296ee27e	tflocus_a62c219bcf2953b1	2	1	1	1
ma.tf.000001	409_YWMJBX_4	chr2R	CT	25222889	25222974	tfsite_97ef48210565b110	tflocus_218cf5a34288ee35	1	1	1	0
ma.tf.000000	409_YWMJBX_4	chr2R	CT	25222991	25223024	tfsite_47542640b4471d61	tflocus_3bbe37320fdf246f	2	1	1	1
ma.tf.000009	412_YWMJBX_4	chr2R	CT	25221941	25221955	tfsite_4eedf07e58a4f332	tflocus_b3961e25721bcb79	4	0	1	1
ma.tf.000008	412_YWMJBX_4	chr2R	CT	25224211	25224257	.	.	.	0	0	0
ma.tf.000007	412_YWMJBX_4	chr2R	CT	25225041	25225065	tfsite_f4aa9e35cab14a03	tflocus_fa02124cec8dd4d6	2	1	1	1
ma.tf.000006	412_YWMJBX_4	chr2R	CT	25225095	25225117	tfsite_9997724a9a82512f	tflocus_516f353e478d733b	3	1	1	1
ma.tf.000005	412_YWMJBX_4	chr2R	CT	25225152	25225233	tfsite_28fe459c3a231893	tflocus_7062bfa7d6e05965	2	1	1	1
ma.tf.000004	412_YWMJBX_4	chr2R	CT	25225260	25225271	.	.	.	0	0	0
ma.tf.000003	412_YWMJBX_4	chr2R	CT	25225337	25225375	tfsite_ffb1d0922ebd60b9	tflocus_5ac7b3567ef8a3cb	2	0	1	1
ma.tf.000002	412_YWMJBX_4	chr2R	CT	25225390	25225435	tfsite_c4ae654af3ce8e8e	tflocus_673dfbaf60071af4	1	1	1	1
ma.tf.000001	412_YWMJBX_4	chr2R	CT	25227938	25227963	tfsite_6cf4afc224b75139	tflocus_3f42af835a207ecc	1	1	1	1
ma.tf.000000	412_YWMJBX_4	chr2R	CT	25230349	25230420	tfsite_2b3f5be65a9d5138	tflocus_9fcdda0ac938942f	1	1	1	1
ma.tf.000000	414_YWMJBX_4	chr2R	CT	25230986	25231025	tfsite_09023eab1c25fb94	tflocus_80bca5c6e18c3836	1	1	1	1
ma.tf.000001	415_YWMJBX_4	chr2R	CT	25226772	25226782	tfsite_b0763babbef49260	tflocus_12eade5d7ffe008e	8	1	1	1
ma.tf.000000	415_YWMJBX_4	chr2R	CT	25226975	25227002	tfsite_5c725a383cf888fc	tflocus_1f59e55fbb5a7ae6	2	1	1	1
ma.tf.000000	417_YWMJBX_4	chr2R	CT	25223042	25223063	tfsite_1585af7e2de19455	tflocus_04dc910e220e4ee1	5	1	1	1
ma.tf.000001	417_YWMJBX_4	chr2R	CT	25223116	25223160	tfsite_ab57b2b22d7cffc3	tflocus_b10388b221115304	2	1	1	0
ma.tf.000002	417_YWMJBX_4	chr2R	CT	25225786	25225819	tfsite_f9b0ac4c50571a18	tflocus_cc50716c053f987c	3	1	1	1
ma.tf.000003	417_YWMJBX_4	chr2R	CT	25226455	25226465	tfsite_b9919bd5564083cd	tflocus_e9722e8789069226	2	1	1	1
ma.tf.000004	417_YWMJBX_4	chr2R	CT	25228152	25228173	tfsite_d9618ffdd733a61b	tflocus_631d2ad9954d0bc4	3	1	1	1
ma.tf.000006	418_YWMJBX_4	chr2R	CT	25226656	25226689	tfsite_3a20e8c97f58fdd0	tflocus_3303cb5b8d07d733	6	1	1	1
ma.tf.000005	418_YWMJBX_4	chr2R	CT	25226893	25226921	tfsite_3d459d153ebe0ce6	tflocus_cf41391f40543c0c	3	1	1	1
ma.tf.000004	418_YWMJBX_4	chr2R	CT	25227202	25227219	tfsite_ec207e62dbbff90c	tflocus_095993e4638a126c	6	1	1	1
ma.tf.000003	418_YWMJBX_4	chr2R	CT	25227354	25227372	tfsite_a5d62b8b9508b68a	tflocus_6492e5926c7d6b4b	2	1	1	1
ma.tf.000002	418_YWMJBX_4	chr2R	CT	25230211	25230247	tfsite_3c5d5554c4651a45	tflocus_bd5a033162828b25	2	1	1	1
ma.tf.000001	418_YWMJBX_4	chr2R	CT	25231814	25231837	tfsite_975ae0ac242e12de	tflocus_ddf5d4db31eeee35	2	1	1	1
ma.tf.000000	418_YWMJBX_4	chr2R	CT	25231872	25231938	tfsite_df343d5990bae0aa	tflocus_50faaceac24643c1	2	1	1	1
ma.tf.000000	419_YWMJBX_4	chr2R	CT	25223680	25223699	tfsite_27ecaa14828c57d3	tflocus_7e5271c2750e69be	2	1	1	1
ma.tf.000000	41_YWMJBX_4	chr2R	CT	25226016	25226039	tfsite_dd760c2e7fe54768	tflocus_30290edcf07bb235	2	1	1	1
ma.tf.000001	41_YWMJBX_4	chr2R	CT	25226492	25226522	tfsite_033f789d9a6b95e4	tflocus_dd2d1a79b93ae74c	3	1	1	1
ma.tf.000002	41_YWMJBX_4	chr2R	CT	25226581	25226597	tfsite_4061782599961bbe	tflocus_1b53b69855864508	6	1	1	1
ma.tf.000003	41_YWMJBX_4	chr2R	CT	25227666	25227688	tfsite_01fe66321df28f4a	tflocus_1081133c8eca6b55	3	1	1	1
ma.tf.000000	420_YWMJBX_4	chr2R	CT	25221320	25221392	tfsite_c5d07e87d0434e81	tflocus_55af339fd22dba74	5	1	1	1
ma.tf.000001	420_YWMJBX_4	chr2R	CT	25221471	25221492	tfsite_d39752e0f07b6916	tflocus_94468c8bd5285cc6	3	1	1	1
ma.tf.000002	420_YWMJBX_4	chr2R	CT	25225599	25225654	tfsite_5c6a09ee00829623	tflocus_e7ffd380457dae87	1	1	1	1
ma.tf.000003	420_YWMJBX_4	chr2R	CT	25225893	25225928	tfsite_27389305d13d3f26	tflocus_1634ccad1c02e2de	4	1	1	1
ma.tf.000004	420_YWMJBX_4	chr2R	CT	25226070	25226095	tfsite_89fdb446644a1b19	tflocus_86e30af808a93ae9	1	1	1	1
ma.tf.000005	420_YWMJBX_4	chr2R	CT	25226455	25226465	tfsite_b9919bd5564083cd	tflocus_e9722e8789069226	2	1	1	1
ma.tf.000006	420_YWMJBX_4	chr2R	CT	25228223	25228239	tfsite_587dea8ed6db316a	tflocus_148ee2b88f8174c9	3	0	1	0
ma.tf.000007	420_YWMJBX_4	chr2R	CT	25229564	25229583	tfsite_c3776735b5d0e121	tflocus_35add18fc65dcfd7	2	1	1	1
ma.tf.000008	420_YWMJBX_4	chr2R	CT	25230212	25230270	tfsite_96cee4e0057c64ad	tflocus_97e770742d58a4f3	2	1	1	1
ma.tf.000009	420_YWMJBX_4	chr2R	CT	25230981	25231019	tfsite_fd1d52d73263b634	tflocus_1e3fc24ee26d4785	1	1	1	1
ma.tf.000000	421_YWMJBX_4	chr2R	CT	25226720	25226845	tfsite_cfa8b146a421e393	tflocus_12eade5d7ffe008e	1	1	1	1
ma.tf.000002	422_YWMJBX_4	chr2R	CT	25224549	25224567	tfsite_6054eb0c49a6fd2a	tflocus_6e50d1312d19edab	5	1	1	1
ma.tf.000001	422_YWMJBX_4	chr2R	CT	25225802	25225818	tfsite_1779d24c94ed37f7	tflocus_a7db007b8f168077	2	1	1	1
ma.tf.000000	422_YWMJBX_4	chr2R	CT	25231106	25231146	tfsite_73d151258cc4085e	tflocus_548e7cf4d8292748	2	1	1	1
ma.tf.000000	424_YWMJBX_4	chr2R	CT	25221320	25221392	tfsite_c5d07e87d0434e81	tflocus_55af339fd22dba74	5	1	1	1
ma.tf.000001	424_YWMJBX_4	chr2R	CT	25223163	25223177	tfsite_5c8b47f404904ca8	tflocus_685a53d7425fa6b7	1	1	1	1
ma.tf.000002	424_YWMJBX_4	chr2R	CT	25223183	25223197	tfsite_308403b84c2bf530	tflocus_a308de599a726c3c	1	1	1	1
ma.tf.000003	424_YWMJBX_4	chr2R	CT	25223814	25223820	tfsite_24e1b0a4a138546a	tflocus_dfabd5b18b76bd6e	1	1	1	1
ma.tf.000004	424_YWMJBX_4	chr2R	CT	25224887	25224905	tfsite_0d33f74837b9f6cd	tflocus_fca60790f1e277ca	2	1	1	1
ma.tf.000005	424_YWMJBX_4	chr2R	CT	25226492	25226522	tfsite_033f789d9a6b95e4	tflocus_dd2d1a79b93ae74c	3	1	1	1
ma.tf.000006	424_YWMJBX_4	chr2R	CT	25226639	25226674	tfsite_8211409850302637	tflocus_d65d671fa5d23948	8	1	1	1
ma.tf.000007	424_YWMJBX_4	chr2R	CT	25227666	25227694	tfsite_8536f6ac718f75cd	tflocus_1081133c8eca6b55	4	1	1	1
ma.tf.000008	424_YWMJBX_4	chr2R	CT	25231209	25231240	tfsite_4c24378efe33c87c	tflocus_e4dda19e78561662	4	1	1	1
ma.tf.000000	425_YWMJBX_4	chr2R	CT	25222952	25223011	tfsite_4d53fa3212b051ba	tflocus_7d11293d9537e089	1	1	1	1
ma.tf.000002	427_YWMJBX_4	chr2R	CT	25225086	25225108	tfsite_f84d3ab212c4e468	tflocus_2d627e6048094d25	4	1	1	1
ma.tf.000001	427_YWMJBX_4	chr2R	CT	25226183	25226197	tfsite_f7b7ce92903ea15b	tflocus_81b168e536eead51	3	1	1	1
ma.tf.000000	427_YWMJBX_4	chr2R	CT	25231735	25231786	tfsite_b42a1de7f9255305	tflocus_84c38c8f83598b1e	2	1	1	1
ma.tf.000000	428_YWMJBX_4	chr2R	CT	25224518	25224540	tfsite_b19f71148c585d0b	tflocus_ccc9f41ab85c5c22	2	1	1	1
ma.tf.000001	428_YWMJBX_4	chr2R	CT	25227693	25227706	tfsite_a14cb5c850c54b51	tflocus_c1137f670cdf1473	5	1	1	1
ma.tf.000002	430_YWMJBX_4	chr2R	CT	25227000	25227027	tfsite_49251ffb7f5c25de	tflocus_d48ac893d80deff1	3	1	1	1
ma.tf.000001	430_YWMJBX_4	chr2R	CT	25227368	25227384	tfsite_cb300c4c4dec0d79	tflocus_37975db974901dd5	6	1	1	1
ma.tf.000000	430_YWMJBX_4	chr2R	CT	25231140	25231152	tfsite_f4c96e68ceead369	tflocus_36e757f218715768	3	1	1	1
ma.tf.000010	431_YWMJBX_4	chr2R	CT	25221509	25221519	tfsite_f44096d9f5b483bb	tflocus_b739d2d01af11c13	4	1	1	1
ma.tf.000009	431_YWMJBX_4	chr2R	CT	25222026	25222059	tfsite_8cac329ad0b6e813	tflocus_fec7388eb86cac0a	1	1	1	1
ma.tf.000008	431_YWMJBX_4	chr2R	CT	25222135	25222170	tfsite_c0b9898c79b343b2	tflocus_420667e4084be59e	2	1	1	1
ma.tf.000007	431_YWMJBX_4	chr2R	CT	25222199	25222235	tfsite_7f09e3bb6056f880	tflocus_ce4c13e382f3c0d8	1	1	1	1
ma.tf.000006	431_YWMJBX_4	chr2R	CT	25222304	25222331	tfsite_151b38b5dc2cba6a	tflocus_30d0f1e1d271c23c	2	1	1	1
ma.tf.000005	431_YWMJBX_4	chr2R	CT	25222355	25222368	tfsite_4d2d8dc6d7efd12a	tflocus_c878e79d13fd2df4	2	1	1	1
ma.tf.000004	431_YWMJBX_4	chr2R	CT	25222397	25222427	tfsite_431a6da7bb47fc8d	tflocus_5fea56978e0e0087	2	1	1	1
ma.tf.000003	431_YWMJBX_4	chr2R	CT	25222453	25222481	tfsite_5eced5c85ca7fad7	tflocus_5f37fe2210f716df	2	1	1	1
ma.tf.000002	431_YWMJBX_4	chr2R	CT	25224375	25224404	tfsite_61c3898175da73b1	tflocus_4ebc2e168c511f2c	2	1	1	1
ma.tf.000001	431_YWMJBX_4	chr2R	CT	25226581	25226614	tfsite_fa4389b4d31b0a06	tflocus_bc6e8a03e3ac7a38	8	1	1	1
ma.tf.000000	431_YWMJBX_4	chr2R	CT	25226988	25227015	tfsite_8cc449ec3e550a04	tflocus_582ec01caf60b241	4	1	1	1
ma.tf.000005	436_YWMJBX_4	chr2R	CT	25225604	25225620	tfsite_1c8352ac49cb2821	tflocus_b901a4a3168ceb69	3	1	1	1
ma.tf.000004	436_YWMJBX_4	chr2R	CT	25226657	25226690	tfsite_68df5aa69654c177	tflocus_3303cb5b8d07d733	8	1	1	1
ma.tf.000003	436_YWMJBX_4	chr2R	CT	25226700	25226759	tfsite_ea6f4667ae023789	tflocus_66ec4d1de6883c23	2	1	1	1
ma.tf.000002	436_YWMJBX_4	chr2R	CT	25227182	25227201	tfsite_1d9979b12534c758	tflocus_253e65964ca75f4c	3	1	1	1
ma.tf.000001	436_YWMJBX_4	chr2R	CT	25227333	25227342	tfsite_4d14e9d451e64e5d	tflocus_9001b8688125efc3	5	1	1	1
ma.tf.000000	436_YWMJBX_4	chr2R	CT	25231539	25231551	tfsite_a7240d63ab07b85f	tflocus_fa2ba8cd8190249a	2	1	1	1
ma.tf.000003	438_YWMJBX_4	chr2R	CT	25222330	25222353	tfsite_dc282b7df76e8d58	tflocus_c7920aa320ac115f	4	1	1	1
ma.tf.000002	438_YWMJBX_4	chr2R	CT	25222354	25222391	tfsite_933247e547b1f3da	tflocus_c878e79d13fd2df4	3	1	1	1
ma.tf.000001	438_YWMJBX_4	chr2R	CT	25225760	25225802	tfsite_5835a482eaed0800	tflocus_1bb1d2dfe7e79656	2	1	1	1
ma.tf.000000	438_YWMJBX_4	chr2R	CT	25226612	25226662	tfsite_eb607d4badba6522	tflocus_6d95b6d5ea493574	5	1	1	1
ma.tf.000005	439_YWMJBX_4	chr2R	CT	25221336	25221364	tfsite_d7b395896f8119e4	tflocus_55af339fd22dba74	10	1	1	1
ma.tf.000004	439_YWMJBX_4	chr2R	CT	25221378	25221397	tfsite_fb2af2fde3f00ee5	tflocus_9121ff87d507cb4f	3	1	1	1
ma.tf.000003	439_YWMJBX_4	chr2R	CT	25221554	25221609	tfsite_782949f3eec591ab	tflocus_9d109b26008cd714	1	1	1	1
ma.tf.000002	439_YWMJBX_4	chr2R	CT	25222304	25222369	tfsite_ddf1b18242eb5c9b	tflocus_c7920aa320ac115f	2	1	1	1
ma.tf.000001	439_YWMJBX_4	chr2R	CT	25224465	25224514	tfsite_fceee198abfddc14	tflocus_cf20f3c0f857f366	1	1	1	1
ma.tf.000000	439_YWMJBX_4	chr2R	CT	25224538	25224561	tfsite_76247addb0447e38	tflocus_6e50d1312d19edab	3	1	1	1
ma.tf.000000	446_YWMJBX_4	chr2R	CT	25222950	25222972	tfsite_9a31c62b1f169f5e	tflocus_3a5a288e26eb003e	3	1	1	1
ma.tf.000009	449_YWMJBX_4	chr2R	CT	25221863	25221881	tfsite_10dd3cedfeb1b0d2	tflocus_334fdccfa68f1031	3	1	1	1
ma.tf.000008	449_YWMJBX_4	chr2R	CT	25224484	25224514	tfsite_a2accbbdd15a5e0c	tflocus_cf20f3c0f857f366	4	1	1	1
ma.tf.000007	449_YWMJBX_4	chr2R	CT	25224546	25224564	tfsite_6054eb0c49a6fd2a	tflocus_6e50d1312d19edab	5	1	1	1
ma.tf.000006	449_YWMJBX_4	chr2R	CT	25225303	25225331	tfsite_86fc638a2667e40a	tflocus_1d91e0ae5159fedc	2	1	1	1
ma.tf.000005	449_YWMJBX_4	chr2R	CT	25225793	25225805	tfsite_c2eb5a742ae8fbbe	tflocus_cc50716c053f987c	4	1	1	0
ma.tf.000004	449_YWMJBX_4	chr2R	CT	25226543	25226575	tfsite_32ca15d079ca6ebe	tflocus_cf5baf0d125860a5	4	1	1	1
ma.tf.000003	449_YWMJBX_4	chr2R	CT	25226670	25226683	tfsite_7fdd25333d7d2655	tflocus_a79ba565f52b91ee	2	1	1	1
ma.tf.000002	449_YWMJBX_4	chr2R	CT	25226749	25226759	tfsite_137651e257a5214f	tflocus_ad8619155b1ac63e	3	1	1	1
ma.tf.000001	449_YWMJBX_4	chr2R	CT	25229516	25229573	tfsite_35b13c4300056347	tflocus_059a94fd61d3e716	1	1	1	1
ma.tf.000000	449_YWMJBX_4	chr2R	CT	25231681	25231716	tfsite_fd160abe0bfd8155	tflocus_6f19ee655767fea2	1	1	1	1
ma.tf.000000	44_YWMJBX_4	chr2R	CT	25222704	25222716	tfsite_2e7fcc66319828eb	tflocus_628583e61411291d	1	1	1	1
ma.tf.000001	44_YWMJBX_4	chr2R	CT	25222999	25223009	tfsite_939eec3fdfdba5fc	tflocus_08b6beec2e18033e	3	0	1	1
ma.tf.000002	44_YWMJBX_4	chr2R	CT	25224553	25224577	tfsite_fee8b8b3e93ff0b1	tflocus_a214bdf7fff279f2	3	1	1	1
ma.tf.000003	44_YWMJBX_4	chr2R	CT	25225762	25225775	tfsite_acd03a24af77a3bf	tflocus_15d9b46163006816	4	1	1	1
ma.tf.000004	44_YWMJBX_4	chr2R	CT	25225807	25225819	tfsite_1779d24c94ed37f7	tflocus_a7db007b8f168077	2	1	1	1
ma.tf.000005	44_YWMJBX_4	chr2R	CT	25225879	25225888	tfsite_6f974d81adfe2ddd	tflocus_bfe45159ca5eed06	1	0	1	1
ma.tf.000006	44_YWMJBX_4	chr2R	CT	25226021	25226039	tfsite_5086e7bcb4c45dcb	tflocus_30290edcf07bb235	4	1	1	1
ma.tf.000007	44_YWMJBX_4	chr2R	CT	25226414	25226434	tfsite_1074b91f37421aac	tflocus_3f9a82d435ca2c23	2	1	1	1
ma.tf.000008	44_YWMJBX_4	chr2R	CT	25226492	25226544	tfsite_3e9a82dec6099f7f	tflocus_a8af8b18d5942620	1	1	1	1
ma.tf.000009	44_YWMJBX_4	chr2R	CT	25226600	25226631	tfsite_e6fd282a12b5bed5	tflocus_1b8c6a4efcd1e008	6	1	1	1
ma.tf.000010	44_YWMJBX_4	chr2R	CT	25226694	25226759	tfsite_cee4355eef7c3bbe	tflocus_66ec4d1de6883c23	1	1	1	1
ma.tf.000011	44_YWMJBX_4	chr2R	CT	25227611	25227680	tfsite_df8574be485a6707	tflocus_380ac5ebf896acad	2	1	1	1
ma.tf.000012	44_YWMJBX_4	chr2R	CT	25228008	25228027	tfsite_63747bcf5443c74d	tflocus_e5e84dea66b04efc	4	1	1	1
ma.tf.000013	44_YWMJBX_4	chr2R	CT	25228200	25228234	tfsite_a834b394ca40da8a	tflocus_7f4659dca537c5d7	2	1	1	1
ma.tf.000014	44_YWMJBX_4	chr2R	CT	25228281	25228322	tfsite_45ebbf7244b2ece2	tflocus_54400bcdac618b86	2	1	1	1
ma.tf.000015	44_YWMJBX_4	chr2R	CT	25228353	25228389	tfsite_6ce78f34f8301166	tflocus_d4fa58551aad1b91	2	1	1	1
ma.tf.000016	44_YWMJBX_4	chr2R	CT	25228454	25228478	tfsite_c1fe3b588af43a87	tflocus_81d3d616e9c56376	2	1	1	1
ma.tf.000017	44_YWMJBX_4	chr2R	CT	25228647	25228672	tfsite_f7ac51c30e1bca0b	tflocus_2f8fa0ae7eebd8db	4	1	1	1
ma.tf.000018	44_YWMJBX_4	chr2R	CT	25229093	25229152	tfsite_f184616e188dc394	tflocus_d8539034bd48c88f	1	1	1	1
ma.tf.000019	44_YWMJBX_4	chr2R	CT	25230166	25230235	tfsite_8a8a699cf91e0dc5	tflocus_58638375d36f0d9b	1	1	1	1
ma.tf.000020	44_YWMJBX_4	chr2R	CT	25230269	25230301	tfsite_6029d5bb5cccde91	tflocus_e94644c68797a991	4	1	1	1
ma.tf.000007	451_YWMJBX_4	chr2R	CT	25225713	25225753	tfsite_0cc42aa91c5366e0	tflocus_5c4e175b04940cab	3	1	1	1
ma.tf.000006	451_YWMJBX_4	chr2R	CT	25227645	25227676	tfsite_c6a4d7281bcf6644	tflocus_12957f2a47b825c9	6	1	1	1
ma.tf.000005	451_YWMJBX_4	chr2R	CT	25228509	25228587	tfsite_452dc8b898f7cd4a	tflocus_e228dc6ced927cc4	1	1	1	1
ma.tf.000004	451_YWMJBX_4	chr2R	CT	25228684	25228705	tfsite_4db03b6ae8764b65	tflocus_4e46e164e75d32a1	5	1	1	1
ma.tf.000003	451_YWMJBX_4	chr2R	CT	25229417	25229425	tfsite_a25db467f1220a92	tflocus_dd95874c8ca3b025	4	1	1	1
ma.tf.000002	451_YWMJBX_4	chr2R	CT	25230275	25230315	tfsite_446079160d050afd	tflocus_ea8be74d09474978	1	1	1	1
ma.tf.000001	451_YWMJBX_4	chr2R	CT	25231128	25231138	.	.	.	0	0	0
ma.tf.000000	451_YWMJBX_4	chr2R	CT	25231177	25231217	tfsite_d7677170ed872108	tflocus_b2010d3aa2b12e4c	2	1	1	1
ma.tf.000000	456_YWMJBX_4	chr2R	CT	25231869	25231892	tfsite_c83ab9c9e41774ba	tflocus_f60f31dbdf8e1833	2	1	1	1
ma.tf.000000	45_YWMJBX_4	chr2R	CT	25225708	25225764	tfsite_727904477ab3e297	tflocus_5c4e175b04940cab	1	1	1	1
ma.tf.000000	461_YWMJBX_4	chr2R	CT	25225807	25225848	tfsite_d1f8c1549f45b1a2	tflocus_d03cddd1ab148bcd	4	1	1	1
ma.tf.000001	461_YWMJBX_4	chr2R	CT	25225857	25225888	tfsite_781b8a71a7f89ac8	tflocus_9088a64faaf226b4	4	1	1	1
ma.tf.000002	461_YWMJBX_4	chr2R	CT	25226235	25226262	tfsite_551b6864f3f86cf8	tflocus_cdcf86b4ec489a54	2	1	1	1
ma.tf.000003	461_YWMJBX_4	chr2R	CT	25226531	25226544	tfsite_91abca134caba08b	tflocus_c4674075fff878d5	2	1	1	1
ma.tf.000004	461_YWMJBX_4	chr2R	CT	25226576	25226597	tfsite_855d23b6e5ed509e	tflocus_1b53b69855864508	5	1	1	1
ma.tf.000008	463_YWMJBX_4	chr2R	CT	25221337	25221382	tfsite_d66c1db1a342404d	tflocus_c5da106ac1f9dbe3	3	0	1	1
ma.tf.000007	463_YWMJBX_4	chr2R	CT	25221739	25221755	tfsite_2a09d20294f4b78e	tflocus_d1527b07b081a69e	3	1	1	1
ma.tf.000006	463_YWMJBX_4	chr2R	CT	25225007	25225084	tfsite_de3b5f9592507f51	tflocus_e1d4fbfb4e99152e	2	1	1	1
ma.tf.000005	463_YWMJBX_4	chr2R	CT	25225501	25225552	tfsite_a47fa84789980b0f	tflocus_8d735a9f30f22fdc	1	1	1	1
ma.tf.000004	463_YWMJBX_4	chr2R	CT	25226603	25226639	tfsite_96c8997d79bbcec6	tflocus_ca40d66c809cbd24	7	1	1	1
ma.tf.000003	463_YWMJBX_4	chr2R	CT	25228615	25228695	tfsite_d1d620a216ff4c11	tflocus_2f8fa0ae7eebd8db	1	1	1	1
ma.tf.000002	463_YWMJBX_4	chr2R	CT	25228713	25228732	tfsite_7624155382278291	tflocus_c61467ed1a9e2c56	2	1	1	1
ma.tf.000001	463_YWMJBX_4	chr2R	CT	25230046	25230089	tfsite_2eda5ef1875f9060	tflocus_41755cbe47e7b9da	2	1	1	1
ma.tf.000000	463_YWMJBX_4	chr2R	CT	25231863	25231938	tfsite_8bf1e79f70a873d7	tflocus_50faaceac24643c1	1	1	1	0
ma.tf.000000	465_YWMJBX_4	chr2R	CT	25221320	25221384	tfsite_28be6661203b7b5c	tflocus_55af339fd22dba74	3	1	1	1
ma.tf.000001	465_YWMJBX_4	chr2R	CT	25222346	25222433	tfsite_d921887c63102ffb	tflocus_7b7ae0db8017aedb	1	1	1	0
ma.tf.000002	465_YWMJBX_4	chr2R	CT	25223042	25223063	tfsite_1585af7e2de19455	tflocus_04dc910e220e4ee1	5	1	1	1
ma.tf.000003	465_YWMJBX_4	chr2R	CT	25223089	25223158	tfsite_21fb524d621f4944	tflocus_e0c8d6017e7bc47a	1	1	1	1
ma.tf.000004	465_YWMJBX_4	chr2R	CT	25225201	25225260	tfsite_f1e0417711cd0927	tflocus_65fa17a3e1db5e8c	1	1	1	1
ma.tf.000005	465_YWMJBX_4	chr2R	CT	25228125	25228164	tfsite_2076c506bb62b56b	tflocus_99ccf62115f69b08	5	1	1	1
ma.tf.000006	465_YWMJBX_4	chr2R	CT	25231869	25231934	tfsite_8bf1e79f70a873d7	tflocus_50faaceac24643c1	1	1	1	1
ma.tf.000000	466_YWMJBX_4	chr2R	CT	25231103	25231153	tfsite_238fb6fd7425e4fd	tflocus_548e7cf4d8292748	1	1	1	1
ma.tf.000000	469_YWMJBX_4	chr2R	CT	25226585	25226606	tfsite_928c21a272e90940	tflocus_bc6e8a03e3ac7a38	7	1	1	1
ma.tf.000000	471_YWMJBX_4	chr2R	CT	25227540	25227555	tfsite_294015f565d7db5d	tflocus_ea41d7d9d5214203	3	1	1	1
ma.tf.000001	471_YWMJBX_4	chr2R	CT	25227926	25227990	tfsite_a66e940951276606	tflocus_b7ec6497266ca078	1	1	1	1
ma.tf.000002	471_YWMJBX_4	chr2R	CT	25228008	25228027	tfsite_63747bcf5443c74d	tflocus_e5e84dea66b04efc	4	1	1	1
ma.tf.000000	475_YWMJBX_4	chr2R	CT	25222033	25222101	tfsite_c691210cab2cd54b	tflocus_631c223da0e18ecb	1	1	1	1
ma.tf.000001	475_YWMJBX_4	chr2R	CT	25222919	25223003	tfsite_cf061fd0dc9e14b1	tflocus_3a5a288e26eb003e	1	1	1	0
ma.tf.000002	475_YWMJBX_4	chr2R	CT	25225080	25225147	tfsite_9cd482164a9fea6a	tflocus_516f353e478d733b	1	1	1	1
ma.tf.000003	475_YWMJBX_4	chr2R	CT	25226570	25226597	tfsite_963c305b908b4614	tflocus_1b53b69855864508	3	1	1	1
ma.tf.000004	476_YWMJBX_4	chr2R	CT	25221334	25221394	tfsite_faaa6f4092bc742c	tflocus_c5da106ac1f9dbe3	1	1	1	1
ma.tf.000003	476_YWMJBX_4	chr2R	CT	25224391	25224469	tfsite_93ed66746ffccdec	tflocus_96c16d3318903cdb	1	1	1	1
ma.tf.000002	476_YWMJBX_4	chr2R	CT	25226633	25226698	tfsite_524d16fc2e5fc778	tflocus_3303cb5b8d07d733	2	1	1	1
ma.tf.000001	476_YWMJBX_4	chr2R	CT	25226772	25226816	tfsite_ebc9e4d1fd060ae2	tflocus_5b543f794fbc327b	2	1	1	1
ma.tf.000000	476_YWMJBX_4	chr2R	CT	25226968	25226995	tfsite_5c725a383cf888fc	tflocus_1f59e55fbb5a7ae6	2	1	1	1
ma.tf.000000	479_YWMJBX_4	chr2R	CT	25225893	25225924	tfsite_0b413f0ce99f3304	tflocus_1634ccad1c02e2de	3	1	1	1
ma.tf.000001	479_YWMJBX_4	chr2R	CT	25225934	25226020	tfsite_cb19492b8ae77fed	tflocus_438410026335f5cc	1	1	1	0
ma.tf.000000	47_YWMJBX_4	chr2R	CT	25224553	25224577	tfsite_fee8b8b3e93ff0b1	tflocus_a214bdf7fff279f2	3	1	1	1
ma.tf.000001	47_YWMJBX_4	chr2R	CT	25224847	25224865	tfsite_52fc9a1f710f7ae2	tflocus_c1bec3015aea9eae	7	1	1	1
ma.tf.000002	47_YWMJBX_4	chr2R	CT	25226025	25226042	tfsite_5086e7bcb4c45dcb	tflocus_30290edcf07bb235	4	1	1	1
ma.tf.000003	47_YWMJBX_4	chr2R	CT	25226492	25226531	tfsite_04107629b4f52695	tflocus_dd2d1a79b93ae74c	4	1	1	1
ma.tf.000004	47_YWMJBX_4	chr2R	CT	25226570	25226599	tfsite_855d23b6e5ed509e	tflocus_1b53b69855864508	5	1	1	1
ma.tf.000005	47_YWMJBX_4	chr2R	CT	25228131	25228153	tfsite_2076c506bb62b56b	tflocus_99ccf62115f69b08	5	1	1	1
ma.tf.000006	47_YWMJBX_4	chr2R	CT	25231873	25231934	tfsite_8bf1e79f70a873d7	tflocus_50faaceac24643c1	1	1	1	1
ma.tf.000000	480_YWMJBX_4	chr2R	CT	25221320	25221384	tfsite_28be6661203b7b5c	tflocus_55af339fd22dba74	3	1	1	1
ma.tf.000001	480_YWMJBX_4	chr2R	CT	25226455	25226465	tfsite_b9919bd5564083cd	tflocus_e9722e8789069226	2	0	1	1
ma.tf.000002	480_YWMJBX_4	chr2R	CT	25226532	25226565	tfsite_1b892ccd26ff8e57	tflocus_7020547dbf400262	2	1	1	1
ma.tf.000003	480_YWMJBX_4	chr2R	CT	25226639	25226705	tfsite_3b2d996a7617feae	tflocus_3303cb5b8d07d733	3	1	1	1
ma.tf.000004	480_YWMJBX_4	chr2R	CT	25227499	25227509	tfsite_3ec42b23afa0a2da	tflocus_418dd175f8ef7d8b	4	1	1	1
ma.tf.000005	480_YWMJBX_4	chr2R	CT	25227628	25227650	tfsite_50fc4012f056d16f	tflocus_380ac5ebf896acad	5	1	1	1
ma.tf.000006	480_YWMJBX_4	chr2R	CT	25231485	25231508	tfsite_38644c01f6b8d63e	tflocus_c38ef52cbb07f370	3	1	1	1
ma.tf.000007	480_YWMJBX_4	chr2R	CT	25231897	25231934	tfsite_9c0fdb92beb34a73	tflocus_f7c848c31b2bb827	1	1	1	1
ma.tf.000009	486_YWMJBX_4	chr2R	CT	25223024	25223080	tfsite_794985cc0e8a2be0	tflocus_04dc910e220e4ee1	2	1	1	1
ma.tf.000008	486_YWMJBX_4	chr2R	CT	25223113	25223157	tfsite_ab57b2b22d7cffc3	tflocus_b10388b221115304	2	1	1	1
ma.tf.000007	486_YWMJBX_4	chr2R	CT	25223180	25223208	tfsite_308403b84c2bf530	tflocus_a308de599a726c3c	1	0	1	1
ma.tf.000006	486_YWMJBX_4	chr2R	CT	25223223	25223253	tfsite_809a68ffc4cdf9ae	tflocus_b8c5f97e84e83862	2	1	1	1
ma.tf.000005	486_YWMJBX_4	chr2R	CT	25224087	25224124	tfsite_7d6b82a0c8702c41	tflocus_95af88a854ab8c0d	1	1	1	1
ma.tf.000004	486_YWMJBX_4	chr2R	CT	25224982	25225003	tfsite_5308c8c2e74814d1	tflocus_200c8f7d8c16a216	5	1	1	1
ma.tf.000003	486_YWMJBX_4	chr2R	CT	25225091	25225117	tfsite_9997724a9a82512f	tflocus_516f353e478d733b	3	1	1	1
ma.tf.000002	486_YWMJBX_4	chr2R	CT	25225486	25225537	tfsite_05d82b37925fb92f	tflocus_ced42cdc1a7d19fa	1	1	1	1
ma.tf.000001	486_YWMJBX_4	chr2R	CT	25225720	25225736	tfsite_b19860e2179d009d	tflocus_d382a3659e9dcdb5	6	1	1	1
ma.tf.000000	486_YWMJBX_4	chr2R	CT	25230175	25230236	tfsite_517c34f4e1f42da7	tflocus_58638375d36f0d9b	2	1	1	1
ma.tf.000003	490_YWMJBX_4	chr2R	CT	25225108	25225153	tfsite_5a4433551538e35f	tflocus_581ecbe22e4a139a	3	1	1	1
ma.tf.000002	490_YWMJBX_4	chr2R	CT	25225569	25225605	tfsite_872adefa0d945e90	tflocus_3d84af153abd64a1	2	1	1	1
ma.tf.000001	490_YWMJBX_4	chr2R	CT	25226527	25226584	tfsite_7ff642c522dadcc7	tflocus_cf5baf0d125860a5	2	1	1	1
ma.tf.000000	490_YWMJBX_4	chr2R	CT	25227355	25227378	tfsite_77a7c55060f57446	tflocus_6492e5926c7d6b4b	3	1	1	1
ma.tf.000002	496_YWMJBX_4	chr2R	CT	25223511	25223525	tfsite_6a7944d4fde6afbd	tflocus_2372cb04a4482885	3	1	1	1
ma.tf.000001	496_YWMJBX_4	chr2R	CT	25226764	25226783	tfsite_5fc680c006ba41b5	tflocus_738da22b13c9f78d	11	1	1	1
ma.tf.000000	496_YWMJBX_4	chr2R	CT	25227332	25227349	tfsite_4d14e9d451e64e5d	tflocus_9001b8688125efc3	5	1	1	1
ma.tf.000000	498_YWMJBX_4	chr2R	CT	25222890	25222970	tfsite_97ef48210565b110	tflocus_218cf5a34288ee35	1	1	1	1
ma.tf.000001	498_YWMJBX_4	chr2R	CT	25223116	25223159	tfsite_ab57b2b22d7cffc3	tflocus_b10388b221115304	2	1	1	1
ma.tf.000002	498_YWMJBX_4	chr2R	CT	25224335	25224361	tfsite_d3c99e99a99c8adb	tflocus_85df4ff2475750e7	3	1	1	1
ma.tf.000003	498_YWMJBX_4	chr2R	CT	25225201	25225209	tfsite_c16e79ebc362c507	tflocus_5d327f4f7c1fa1e3	4	1	1	1
ma.tf.000004	498_YWMJBX_4	chr2R	CT	25225824	25225847	tfsite_237321b97f9a9360	tflocus_831f90563f6b7d37	2	1	1	1
ma.tf.000005	498_YWMJBX_4	chr2R	CT	25227167	25227178	tfsite_8e5406fe99136a7f	tflocus_37d270c8c0ae4b58	3	1	1	1
ma.tf.000006	498_YWMJBX_4	chr2R	CT	25228233	25228244	tfsite_1a5b1549753a3713	tflocus_9903c69394fb7963	3	1	1	1
ma.tf.000003	499_YWMJBX_4	chr2R	CT	25225804	25225832	tfsite_1b5c22026837606d	tflocus_a7db007b8f168077	1	1	1	1
ma.tf.000002	499_YWMJBX_4	chr2R	CT	25226630	25226659	tfsite_84cac00aed705c1f	tflocus_6d95b6d5ea493574	17	1	1	1
ma.tf.000001	499_YWMJBX_4	chr2R	CT	25226772	25226806	tfsite_324cfd1d3c1810b8	tflocus_12eade5d7ffe008e	9	1	1	1
ma.tf.000000	499_YWMJBX_4	chr2R	CT	25226827	25226837	tfsite_ed78b87f2ac34556	tflocus_3b2f442bbd8263cb	2	1	1	1
ma.tf.000004	501_YWMJBX_4	chr2R	CT	25222963	25222999	tfsite_4d53fa3212b051ba	tflocus_7d11293d9537e089	1	1	1	0
ma.tf.000003	501_YWMJBX_4	chr2R	CT	25226747	25226806	tfsite_ef4ea5fb1352ec3b	tflocus_12eade5d7ffe008e	3	1	1	1
ma.tf.000002	501_YWMJBX_4	chr2R	CT	25226835	25226863	tfsite_d9755f2ceda1f2e6	tflocus_5540b6bdaa3ec504	3	1	1	1
ma.tf.000001	501_YWMJBX_4	chr2R	CT	25227221	25227238	tfsite_64ae807c85c671de	tflocus_12a4e42f45594db6	3	1	1	1
ma.tf.000000	501_YWMJBX_4	chr2R	CT	25227335	25227356	tfsite_d65f52b0ac3e465c	tflocus_f5919bf4d45620c3	3	0	1	1
ma.tf.000000	507_YWMJBX_4	chr2R	CT	25223163	25223182	tfsite_5c8b47f404904ca8	tflocus_685a53d7425fa6b7	1	1	1	1
ma.tf.000001	507_YWMJBX_4	chr2R	CT	25224515	25224540	tfsite_b19f71148c585d0b	tflocus_ccc9f41ab85c5c22	2	1	1	1
ma.tf.000002	507_YWMJBX_4	chr2R	CT	25226581	25226599	tfsite_4061782599961bbe	tflocus_1b53b69855864508	6	1	1	1
ma.tf.000003	507_YWMJBX_4	chr2R	CT	25230571	25230619	tfsite_8d4640fd1862b8f1	tflocus_3f50e534842329f2	1	1	1	1
ma.tf.000004	507_YWMJBX_4	chr2R	CT	25231181	25231201	tfsite_309ec5308c7cad55	tflocus_9b951a8d52a225fe	5	1	1	1
ma.tf.000000	508_YWMJBX_4	chr2R	CT	25224047	25224062	tfsite_0c178c676f68167e	tflocus_a8b3c1cd484460e0	1	1	1	1
ma.tf.000001	508_YWMJBX_4	chr2R	CT	25225684	25225703	tfsite_556cf5f5ae7c3710	tflocus_e2a15e6fea276455	5	1	1	1
ma.tf.000002	508_YWMJBX_4	chr2R	CT	25225744	25225775	tfsite_73e68ac9f0990abb	tflocus_15d9b46163006816	2	1	1	1
ma.tf.000003	508_YWMJBX_4	chr2R	CT	25226020	25226032	tfsite_193fa3d6e94eb5a3	tflocus_30290edcf07bb235	3	1	1	1
ma.tf.000004	508_YWMJBX_4	chr2R	CT	25226050	25226105	tfsite_80b78953d356dc66	tflocus_bf972de6af105872	3	1	1	1
ma.tf.000005	508_YWMJBX_4	chr2R	CT	25226492	25226522	tfsite_033f789d9a6b95e4	tflocus_dd2d1a79b93ae74c	3	1	1	1
ma.tf.000006	508_YWMJBX_4	chr2R	CT	25226581	25226597	tfsite_4061782599961bbe	tflocus_1b53b69855864508	6	1	1	1
ma.tf.000007	508_YWMJBX_4	chr2R	CT	25226602	25226631	tfsite_e6fd282a12b5bed5	tflocus_1b8c6a4efcd1e008	6	1	1	1
ma.tf.000008	508_YWMJBX_4	chr2R	CT	25227959	25228005	tfsite_4bb11af08945acee	tflocus_4a47a41f3a95cad7	1	1	1	1
ma.tf.000009	508_YWMJBX_4	chr2R	CT	25228010	25228027	tfsite_63747bcf5443c74d	tflocus_e5e84dea66b04efc	4	1	1	1
ma.tf.000010	508_YWMJBX_4	chr2R	CT	25228109	25228168	tfsite_ee93bfbf7f827e52	tflocus_99ccf62115f69b08	1	1	1	1
ma.tf.000011	508_YWMJBX_4	chr2R	CT	25229153	25229200	tfsite_018963d8acd19c49	tflocus_320b74f92f7064cd	1	0	0	0
ma.tf.000012	508_YWMJBX_4	chr2R	CT	25229499	25229536	tfsite_d07d0a90ac9307cf	tflocus_1cd0b5cb92df7721	1	1	1	1
ma.tf.000004	50_YWMJBX_4	chr2R	CT	25229125	25229161	tfsite_5f71cdbcd1058c35	tflocus_8c8fac43cd7320b7	2	1	1	0
ma.tf.000003	50_YWMJBX_4	chr2R	CT	25230025	25230046	tfsite_06c80d7e7b34d7de	tflocus_24664b386e7b64ef	1	1	1	1
ma.tf.000002	50_YWMJBX_4	chr2R	CT	25230133	25230159	tfsite_84e00676bc3cb510	tflocus_f3a943ff6f4178b6	2	1	1	1
ma.tf.000001	50_YWMJBX_4	chr2R	CT	25230526	25230577	tfsite_31f8c09c57da5d07	tflocus_86095ffdcfc9f597	1	1	1	1
ma.tf.000000	50_YWMJBX_4	chr2R	CT	25230760	25230776	tfsite_b8aa8896260d9f3b	tflocus_2697c6210822c46a	2	1	1	1
ma.tf.000000	516_YWMJBX_4	chr2R	CT	25225201	25225209	tfsite_c16e79ebc362c507	tflocus_5d327f4f7c1fa1e3	4	1	1	1
ma.tf.000001	516_YWMJBX_4	chr2R	CT	25225879	25225888	tfsite_6f974d81adfe2ddd	tflocus_bfe45159ca5eed06	1	1	1	1
ma.tf.000002	516_YWMJBX_4	chr2R	CT	25226576	25226597	tfsite_855d23b6e5ed509e	tflocus_1b53b69855864508	5	1	1	1
ma.tf.000003	516_YWMJBX_4	chr2R	CT	25228698	25228715	tfsite_9c4e2328d86989f9	tflocus_2d7095ef5920ad1d	3	1	1	1
ma.tf.000000	519_YWMJBX_4	chr2R	CT	25224735	25224755	tfsite_01a3d0d22bed10e1	tflocus_1c0ce62047cda5b1	5	1	1	1
ma.tf.000011	520_YWMJBX_4	chr2R	CT	25222201	25222242	tfsite_7dee747b573a549d	tflocus_ce4c13e382f3c0d8	2	1	1	1
ma.tf.000010	520_YWMJBX_4	chr2R	CT	25222943	25222975	tfsite_9a31c62b1f169f5e	tflocus_3a5a288e26eb003e	3	1	1	1
ma.tf.000009	520_YWMJBX_4	chr2R	CT	25224518	25224542	tfsite_b19f71148c585d0b	tflocus_ccc9f41ab85c5c22	2	1	1	1
ma.tf.000008	520_YWMJBX_4	chr2R	CT	25226629	25226645	tfsite_80a08476feb7f192	tflocus_6d95b6d5ea493574	9	1	1	1
ma.tf.000007	520_YWMJBX_4	chr2R	CT	25227185	25227208	tfsite_1d9979b12534c758	tflocus_253e65964ca75f4c	3	1	1	1
ma.tf.000006	520_YWMJBX_4	chr2R	CT	25227315	25227331	tfsite_35116779234e897c	tflocus_a3cd817247faf306	5	1	1	1
ma.tf.000005	520_YWMJBX_4	chr2R	CT	25227522	25227589	tfsite_6bcc983a6a4084d8	tflocus_ea41d7d9d5214203	2	1	1	1
ma.tf.000004	520_YWMJBX_4	chr2R	CT	25228012	25228048	tfsite_9c1637091a9c3e72	tflocus_81c9861515ce4740	1	1	1	1
ma.tf.000003	520_YWMJBX_4	chr2R	CT	25228482	25228519	tfsite_2edcce726018326f	tflocus_6d2611572f170754	2	1	1	0
ma.tf.000002	520_YWMJBX_4	chr2R	CT	25229392	25229470	tfsite_1c2b34061c98f210	tflocus_dd95874c8ca3b025	2	1	1	0
ma.tf.000001	520_YWMJBX_4	chr2R	CT	25229823	25229837	tfsite_5f1360e5acab0fc9	tflocus_53d9d96a6fb149e2	2	1	1	1
ma.tf.000000	520_YWMJBX_4	chr2R	CT	25231850	25231919	tfsite_1182bfab2093a666	tflocus_f60f31dbdf8e1833	1	1	1	1
ma.tf.000002	524_YWMJBX_4	chr2R	CT	25222035	25222081	tfsite_a02741fd88f86ee5	tflocus_66e34e3fbb2c11f7	2	1	1	1
ma.tf.000001	524_YWMJBX_4	chr2R	CT	25226610	25226631	tfsite_f16afc76ebb65395	tflocus_ca40d66c809cbd24	6	1	1	1
ma.tf.000000	524_YWMJBX_4	chr2R	CT	25230916	25230983	tfsite_e7f9a7bd99bb249d	tflocus_50681a3eb8917c42	1	1	1	1
ma.tf.000000	525_YWMJBX_4	chr2R	CT	25221320	25221392	tfsite_c5d07e87d0434e81	tflocus_55af339fd22dba74	5	1	1	1
ma.tf.000001	525_YWMJBX_4	chr2R	CT	25222234	25222273	tfsite_fcae1ef938d12d4a	tflocus_f666406925a189b1	3	1	1	1
ma.tf.000002	525_YWMJBX_4	chr2R	CT	25223116	25223157	tfsite_ab57b2b22d7cffc3	tflocus_b10388b221115304	2	1	1	1
ma.tf.000003	525_YWMJBX_4	chr2R	CT	25225272	25225343	tfsite_6f747e2dde6f9045	tflocus_547ad83c8ba18f7c	1	1	1	0
ma.tf.000004	525_YWMJBX_4	chr2R	CT	25225756	25225775	tfsite_97964a83f69fa6b4	tflocus_15d9b46163006816	3	1	1	1
ma.tf.000005	525_YWMJBX_4	chr2R	CT	25226457	25226465	tfsite_b9919bd5564083cd	tflocus_e9722e8789069226	2	1	1	1
ma.tf.000006	525_YWMJBX_4	chr2R	CT	25226476	25226489	tfsite_fa6428dd75652780	tflocus_c65895f4af8f195f	6	1	1	1
ma.tf.000007	525_YWMJBX_4	chr2R	CT	25226492	25226522	tfsite_033f789d9a6b95e4	tflocus_dd2d1a79b93ae74c	3	1	1	1
ma.tf.000008	525_YWMJBX_4	chr2R	CT	25226648	25226677	tfsite_4d02217bd3d9f900	tflocus_3303cb5b8d07d733	5	1	1	1
ma.tf.000009	525_YWMJBX_4	chr2R	CT	25227773	25227800	tfsite_4f6d1439a37c0d9d	tflocus_1e991e59e00177ef	4	1	1	1
ma.tf.000010	525_YWMJBX_4	chr2R	CT	25228420	25228467	tfsite_71d2369705de91fd	tflocus_4d1996154b7aeb5b	3	1	1	1
ma.tf.000011	525_YWMJBX_4	chr2R	CT	25229027	25229056	tfsite_5a1e9c63bee6e35e	tflocus_a0be8440978f3e70	3	1	1	1
ma.tf.000000	528_YWMJBX_4	chr2R	CT	25225824	25225843	tfsite_b592929a8f7e1a54	tflocus_d03cddd1ab148bcd	8	1	1	1
ma.tf.000001	528_YWMJBX_4	chr2R	CT	25226235	25226262	tfsite_551b6864f3f86cf8	tflocus_cdcf86b4ec489a54	2	1	1	1
ma.tf.000002	528_YWMJBX_4	chr2R	CT	25226570	25226597	tfsite_963c305b908b4614	tflocus_1b53b69855864508	3	1	1	1
ma.tf.000003	528_YWMJBX_4	chr2R	CT	25226648	25226677	tfsite_4d02217bd3d9f900	tflocus_3303cb5b8d07d733	5	1	1	1
ma.tf.000004	528_YWMJBX_4	chr2R	CT	25228068	25228096	tfsite_72560e80d4b150b5	tflocus_65bafa30bcd4afff	3	1	1	1
ma.tf.000006	529_YWMJBX_4	chr2R	CT	25221451	25221463	tfsite_e8647e8144b0ce64	tflocus_723df5fafacb12d2	3	1	1	1
ma.tf.000005	529_YWMJBX_4	chr2R	CT	25225068	25225101	tfsite_d8e1cc9912ce3ab7	tflocus_4bbd925f168c866a	4	1	1	1
ma.tf.000004	529_YWMJBX_4	chr2R	CT	25225848	25225862	tfsite_d78bfd39e276369f	tflocus_9b554a83a97f3306	4	1	1	1
ma.tf.000003	529_YWMJBX_4	chr2R	CT	25225869	25225895	tfsite_6f974d81adfe2ddd	tflocus_bfe45159ca5eed06	1	1	0	0
ma.tf.000002	529_YWMJBX_4	chr2R	CT	25226029	25226060	tfsite_4c0ed3c3110794bc	tflocus_83d4d73e2fcf524b	1	1	1	1
ma.tf.000001	529_YWMJBX_4	chr2R	CT	25227413	25227425	tfsite_c96f3a7d12149c87	tflocus_fe55831af54644ee	6	1	1	1
ma.tf.000000	529_YWMJBX_4	chr2R	CT	25230056	25230070	tfsite_ac33c2e394107b15	tflocus_41755cbe47e7b9da	3	1	1	1
ma.tf.000005	530_YWMJBX_4	chr2R	CT	25224789	25224844	tfsite_a9b6f566178815ce	tflocus_a8efe87a00e988fe	1	1	1	1
ma.tf.000004	530_YWMJBX_4	chr2R	CT	25224974	25225023	tfsite_d384831e9a41b29e	tflocus_eb3cbd643c7250f4	1	1	1	1
ma.tf.000003	530_YWMJBX_4	chr2R	CT	25225832	25225844	tfsite_237321b97f9a9360	tflocus_831f90563f6b7d37	2	1	1	1
ma.tf.000002	530_YWMJBX_4	chr2R	CT	25227051	25227080	.	.	.	0	0	0
ma.tf.000001	530_YWMJBX_4	chr2R	CT	25231577	25231597	tfsite_e7ee6a72328cc76d	tflocus_19f38e935b0e48be	1	1	1	1
ma.tf.000000	530_YWMJBX_4	chr2R	CT	25231865	25231938	tfsite_8bf1e79f70a873d7	tflocus_50faaceac24643c1	1	1	1	0
ma.tf.000005	532_YWMJBX_4	chr2R	CT	25224876	25224925	tfsite_927d9916d13718f0	tflocus_fca60790f1e277ca	1	1	1	1
ma.tf.000004	532_YWMJBX_4	chr2R	CT	25226621	25226654	tfsite_80a08476feb7f192	tflocus_6d95b6d5ea493574	9	1	1	1
ma.tf.000003	532_YWMJBX_4	chr2R	CT	25226702	25226732	tfsite_b58aa739ace8e8db	tflocus_537ebd2033506beb	10	1	1	1
ma.tf.000002	532_YWMJBX_4	chr2R	CT	25227331	25227364	tfsite_648a2b759721c7eb	tflocus_f5919bf4d45620c3	4	1	1	1
ma.tf.000001	532_YWMJBX_4	chr2R	CT	25230045	25230066	tfsite_160d758505478c24	tflocus_7e0291517b4e7463	3	1	1	1
ma.tf.000000	532_YWMJBX_4	chr2R	CT	25231185	25231259	tfsite_65a71d91ecddf5c8	tflocus_e4dda19e78561662	1	1	1	1
ma.tf.000000	539_YWMJBX_4	chr2R	CT	25225786	25225819	tfsite_f9b0ac4c50571a18	tflocus_cc50716c053f987c	3	1	1	1
ma.tf.000001	539_YWMJBX_4	chr2R	CT	25225879	25225931	tfsite_97923bd74b72affd	tflocus_1634ccad1c02e2de	2	1	1	1
ma.tf.000002	539_YWMJBX_4	chr2R	CT	25226020	25226039	tfsite_5086e7bcb4c45dcb	tflocus_30290edcf07bb235	4	1	1	1
ma.tf.000003	539_YWMJBX_4	chr2R	CT	25226106	25226141	tfsite_d350b7fbe929b15f	tflocus_8be49a8d7aa5449e	3	1	1	1
ma.tf.000004	539_YWMJBX_4	chr2R	CT	25226648	25226675	tfsite_1cd3126c600e3dc1	tflocus_d65d671fa5d23948	12	1	1	1
ma.tf.000005	539_YWMJBX_4	chr2R	CT	25227505	25227526	tfsite_aa70f41a7366bcf5	tflocus_418dd175f8ef7d8b	7	1	1	1
ma.tf.000006	539_YWMJBX_4	chr2R	CT	25231873	25231934	tfsite_8bf1e79f70a873d7	tflocus_50faaceac24643c1	1	1	1	1
ma.tf.000010	53_YWMJBX_4	chr2R	CT	25221334	25221399	tfsite_c07939257977117a	tflocus_c5da106ac1f9dbe3	2	1	1	1
ma.tf.000009	53_YWMJBX_4	chr2R	CT	25222098	25222120	tfsite_1e009f710b57a4cb	tflocus_73e0e877437a1992	1	1	1	1
ma.tf.000008	53_YWMJBX_4	chr2R	CT	25222169	25222210	tfsite_6ed544db18acf53c	tflocus_82c290f13d983ab5	2	1	1	0
ma.tf.000007	53_YWMJBX_4	chr2R	CT	25224176	25224205	tfsite_9fa69bed717d543e	tflocus_a373109b0544f5ac	2	1	1	1
ma.tf.000006	53_YWMJBX_4	chr2R	CT	25225129	25225152	tfsite_d25c5b40d502600b	tflocus_5e58a69377d49dd8	2	1	1	1
ma.tf.000005	53_YWMJBX_4	chr2R	CT	25225470	25225498	tfsite_74455a79012c709a	tflocus_3826fc83f2508c31	6	1	1	1
ma.tf.000004	53_YWMJBX_4	chr2R	CT	25225582	25225604	tfsite_6faf84cec4d8167e	tflocus_3d84af153abd64a1	3	1	1	1
ma.tf.000003	53_YWMJBX_4	chr2R	CT	25226557	25226595	tfsite_5d103a70ddd4e83b	tflocus_1eb3c76c06612bf7	6	1	1	1
ma.tf.000002	53_YWMJBX_4	chr2R	CT	25227202	25227218	tfsite_ec207e62dbbff90c	tflocus_095993e4638a126c	6	1	1	1
ma.tf.000001	53_YWMJBX_4	chr2R	CT	25227631	25227663	tfsite_d5012ea8bedccd23	tflocus_380ac5ebf896acad	6	1	1	1
ma.tf.000000	53_YWMJBX_4	chr2R	CT	25229427	25229433	tfsite_3b3a82706a572a36	tflocus_dd95874c8ca3b025	5	1	1	1
ma.tf.000009	540_YWMJBX_4	chr2R	CT	25224398	25224481	tfsite_2e7704c74b9125a5	tflocus_6bbd3faa2c470c74	1	1	1	1
ma.tf.000008	540_YWMJBX_4	chr2R	CT	25225347	25225386	tfsite_eca36f764eaf8b44	tflocus_5ac7b3567ef8a3cb	3	1	1	1
ma.tf.000007	540_YWMJBX_4	chr2R	CT	25226560	25226589	tfsite_b60276637ad0ef56	tflocus_1eb3c76c06612bf7	8	1	1	1
ma.tf.000006	540_YWMJBX_4	chr2R	CT	25226604	25226661	tfsite_7f75d35c74dd84b7	tflocus_6d95b6d5ea493574	3	1	1	1
ma.tf.000005	540_YWMJBX_4	chr2R	CT	25227245	25227305	tfsite_e88f1972d9e0c1c4	tflocus_df5eeb221ad6baff	2	1	1	1
ma.tf.000004	540_YWMJBX_4	chr2R	CT	25229385	25229428	tfsite_263dfb7dd19300bc	tflocus_b2e0125fbc860c58	1	1	1	1
ma.tf.000003	540_YWMJBX_4	chr2R	CT	25229561	25229622	tfsite_92f749d7a5d33ad0	tflocus_85d1e1c45255134e	1	1	1	1
ma.tf.000002	540_YWMJBX_4	chr2R	CT	25229879	25229909	tfsite_6b4e2761454e6e12	tflocus_e506f28ab45d04ea	1	1	1	1
ma.tf.000001	540_YWMJBX_4	chr2R	CT	25229945	25230004	tfsite_9e7eac17468912ed	tflocus_3e14b123ebcc1259	1	1	1	1
ma.tf.000000	540_YWMJBX_4	chr2R	CT	25230302	25230337	tfsite_6bbff024059cb81b	tflocus_9838dbf4a8aafc93	2	1	1	1
ma.tf.000000	541_YWMJBX_4	chr2R	CT	25221941	25222000	.	.	.	0	0	0
ma.tf.000001	541_YWMJBX_4	chr2R	CT	25222577	25222624	tfsite_27f97769ebb556e2	tflocus_9bac81112e01df40	1	1	1	1
ma.tf.000002	541_YWMJBX_4	chr2R	CT	25225689	25225703	tfsite_ee78d651bb56debd	tflocus_e2a15e6fea276455	7	1	1	1
ma.tf.000003	541_YWMJBX_4	chr2R	CT	25226804	25226867	tfsite_d15d7361f9ee5ea1	tflocus_3b2f442bbd8263cb	1	1	1	1
ma.tf.000004	541_YWMJBX_4	chr2R	CT	25227122	25227167	tfsite_4ee14b10af5ef09b	tflocus_c094bd83466d009c	2	1	1	1
ma.tf.000005	541_YWMJBX_4	chr2R	CT	25227499	25227526	tfsite_eecd4f1df3c7d7cf	tflocus_418dd175f8ef7d8b	5	1	1	1
ma.tf.000006	541_YWMJBX_4	chr2R	CT	25227577	25227603	tfsite_f60e1a7006362774	tflocus_20a707245b56bfff	3	1	1	1
ma.tf.000007	541_YWMJBX_4	chr2R	CT	25227628	25227673	tfsite_61f62fd122cb3503	tflocus_12957f2a47b825c9	3	1	1	1
ma.tf.000008	541_YWMJBX_4	chr2R	CT	25227700	25227727	tfsite_0ddf009ba1f05c35	tflocus_92ad56b434ffae35	2	1	1	1
ma.tf.000009	541_YWMJBX_4	chr2R	CT	25227760	25227800	tfsite_1d252be2e07a8e19	tflocus_1e991e59e00177ef	2	1	1	1
ma.tf.000010	541_YWMJBX_4	chr2R	CT	25228388	25228406	tfsite_b1585c144a28baf1	tflocus_38f9d77e6d1c5fed	1	1	1	1
ma.tf.000011	541_YWMJBX_4	chr2R	CT	25228423	25228472	tfsite_71d2369705de91fd	tflocus_4d1996154b7aeb5b	3	1	1	1
ma.tf.000012	541_YWMJBX_4	chr2R	CT	25228592	25228611	tfsite_a97cf732711687bb	tflocus_2a5ca6d65e0a1113	3	1	1	1
ma.tf.000013	541_YWMJBX_4	chr2R	CT	25229049	25229089	tfsite_b639f416ab734c9c	tflocus_331ae12642991c5d	2	1	1	1
ma.tf.000014	541_YWMJBX_4	chr2R	CT	25230860	25230943	tfsite_d5c704c3afb5e338	tflocus_6dd5fa7a61a35798	2	1	1	0
ma.tf.000015	541_YWMJBX_4	chr2R	CT	25231873	25231919	tfsite_0fd64695830386d1	tflocus_50faaceac24643c1	3	1	1	1
ma.tf.000000	545_YWMJBX_4	chr2R	CT	25225684	25225703	tfsite_556cf5f5ae7c3710	tflocus_e2a15e6fea276455	5	0	1	1
ma.tf.000001	545_YWMJBX_4	chr2R	CT	25225756	25225775	tfsite_97964a83f69fa6b4	tflocus_15d9b46163006816	3	1	1	1
ma.tf.000002	545_YWMJBX_4	chr2R	CT	25225872	25225888	tfsite_6f974d81adfe2ddd	tflocus_bfe45159ca5eed06	1	1	1	1
ma.tf.000003	545_YWMJBX_4	chr2R	CT	25225931	25225964	tfsite_03c044e6f1106c93	tflocus_8ecca17975fcc96b	3	1	1	1
ma.tf.000004	545_YWMJBX_4	chr2R	CT	25226025	25226042	tfsite_5086e7bcb4c45dcb	tflocus_30290edcf07bb235	4	1	1	1
ma.tf.000000	549_YWMJBX_4	chr2R	CT	25225403	25225419	tfsite_7744a674fb73eec8	tflocus_673dfbaf60071af4	2	0	0	0
ma.tf.000001	549_YWMJBX_4	chr2R	CT	25225860	25225880	tfsite_781b8a71a7f89ac8	tflocus_9088a64faaf226b4	4	1	1	1
ma.tf.000002	549_YWMJBX_4	chr2R	CT	25225907	25225928	tfsite_933923bfc0bca348	tflocus_1634ccad1c02e2de	5	1	1	0
ma.tf.000003	549_YWMJBX_4	chr2R	CT	25225931	25225986	tfsite_e1c86f46479a905e	tflocus_1544e62653173838	3	1	1	0
ma.tf.000004	549_YWMJBX_4	chr2R	CT	25226424	25226434	tfsite_abbc081a234531af	tflocus_af57c3fb56082292	4	1	1	1
ma.tf.000005	549_YWMJBX_4	chr2R	CT	25226463	25226478	tfsite_3b582fae339c22a2	tflocus_c65895f4af8f195f	3	1	1	1
ma.tf.000006	549_YWMJBX_4	chr2R	CT	25226492	25226521	tfsite_033f789d9a6b95e4	tflocus_dd2d1a79b93ae74c	3	1	1	1
ma.tf.000007	549_YWMJBX_4	chr2R	CT	25226531	25226544	tfsite_91abca134caba08b	tflocus_c4674075fff878d5	2	1	1	1
ma.tf.000008	549_YWMJBX_4	chr2R	CT	25226708	25226776	tfsite_0331cbadba152944	tflocus_ad5c0990396e5f43	1	1	1	1
ma.tf.000009	549_YWMJBX_4	chr2R	CT	25228655	25228664	tfsite_f7ac51c30e1bca0b	tflocus_2f8fa0ae7eebd8db	4	1	1	1
ma.tf.000010	549_YWMJBX_4	chr2R	CT	25228686	25228705	tfsite_4db03b6ae8764b65	tflocus_4e46e164e75d32a1	5	1	1	1
ma.tf.000011	549_YWMJBX_4	chr2R	CT	25228778	25228822	tfsite_fc993738ee5d5655	tflocus_6f125628fd2cadc6	2	1	1	1
ma.tf.000012	549_YWMJBX_4	chr2R	CT	25231170	25231187	tfsite_31f709ebc7a24af0	tflocus_e21b7e511cdff519	3	1	1	1
ma.tf.000004	552_YWMJBX_4	chr2R	CT	25224792	25224877	tfsite_cd7f057c41d72af4	tflocus_bcb111ea644044f3	1	1	1	0
ma.tf.000003	552_YWMJBX_4	chr2R	CT	25224945	25224961	tfsite_d499c046e4701968	tflocus_7d1278b6d10dd173	5	1	1	1
ma.tf.000002	552_YWMJBX_4	chr2R	CT	25226701	25226714	tfsite_463e0ea5cec5d52e	tflocus_537ebd2033506beb	9	1	1	1
ma.tf.000001	552_YWMJBX_4	chr2R	CT	25227355	25227371	tfsite_a5d62b8b9508b68a	tflocus_6492e5926c7d6b4b	2	1	1	1
ma.tf.000000	552_YWMJBX_4	chr2R	CT	25229848	25229873	tfsite_c8555081cd13727f	tflocus_4ad121a883138fcf	2	1	1	1
ma.tf.000000	558_YWMJBX_4	chr2R	CT	25221320	25221384	tfsite_28be6661203b7b5c	tflocus_55af339fd22dba74	3	1	1	1
ma.tf.000001	558_YWMJBX_4	chr2R	CT	25222711	25222728	tfsite_23640dd2351eab7d	tflocus_6ddbe2afa5fa7ab9	2	1	1	1
ma.tf.000002	558_YWMJBX_4	chr2R	CT	25224851	25224865	tfsite_52fc9a1f710f7ae2	tflocus_c1bec3015aea9eae	7	1	1	1
ma.tf.000003	558_YWMJBX_4	chr2R	CT	25226235	25226262	tfsite_551b6864f3f86cf8	tflocus_cdcf86b4ec489a54	2	1	1	1
ma.tf.000004	558_YWMJBX_4	chr2R	CT	25226463	25226486	tfsite_3b582fae339c22a2	tflocus_c65895f4af8f195f	3	1	1	1
ma.tf.000005	558_YWMJBX_4	chr2R	CT	25227167	25227178	tfsite_8e5406fe99136a7f	tflocus_37d270c8c0ae4b58	3	1	1	1
ma.tf.000009	559_YWMJBX_4	chr2R	CT	25222798	25222810	tfsite_c60a01198d50e9bb	tflocus_a56b8c837a81c46a	1	1	1	1
ma.tf.000008	559_YWMJBX_4	chr2R	CT	25225027	25225051	tfsite_a4d2159e34b070ba	tflocus_e1d4fbfb4e99152e	4	1	1	1
ma.tf.000007	559_YWMJBX_4	chr2R	CT	25225102	25225171	tfsite_8ee73927ebe4a482	tflocus_581ecbe22e4a139a	2	1	1	1
ma.tf.000006	559_YWMJBX_4	chr2R	CT	25225332	25225384	tfsite_ffb1d0922ebd60b9	tflocus_5ac7b3567ef8a3cb	2	1	1	1
ma.tf.000005	559_YWMJBX_4	chr2R	CT	25225502	25225571	tfsite_9bf220daaf4f23dd	tflocus_f27456029e3ce898	1	1	1	1
ma.tf.000004	559_YWMJBX_4	chr2R	CT	25226086	25226137	tfsite_429b8f63842ec923	tflocus_8c4fbdeefddb7a38	5	1	1	1
ma.tf.000003	559_YWMJBX_4	chr2R	CT	25227561	25227575	tfsite_b27b0406152b634b	tflocus_b2ec07a95edcaf09	4	1	1	1
ma.tf.000002	559_YWMJBX_4	chr2R	CT	25229441	25229447	tfsite_fd60f08746f7344f	tflocus_7c6cac5415e553ab	3	1	1	1
ma.tf.000001	559_YWMJBX_4	chr2R	CT	25229626	25229697	tfsite_fcd7e32f7d4df312	tflocus_07515d6e051acccb	1	1	1	1
ma.tf.000000	559_YWMJBX_4	chr2R	CT	25231882	25231934	tfsite_89237b1fa527c2b1	tflocus_50faaceac24643c1	5	1	1	1
ma.tf.000006	55_YWMJBX_4	chr2R	CT	25224742	25224824	tfsite_79169ff478b848a7	tflocus_df61b1fdb2bb2e87	1	1	1	1
ma.tf.000005	55_YWMJBX_4	chr2R	CT	25224836	25224865	tfsite_d9722c6255525248	tflocus_c1bec3015aea9eae	5	1	1	1
ma.tf.000004	55_YWMJBX_4	chr2R	CT	25225593	25225637	tfsite_3f2f52ef2c5940cc	tflocus_b901a4a3168ceb69	2	1	1	1
ma.tf.000003	55_YWMJBX_4	chr2R	CT	25226659	25226680	tfsite_d23ca6f9eaadc7cd	tflocus_3303cb5b8d07d733	7	1	1	1
ma.tf.000002	55_YWMJBX_4	chr2R	CT	25226791	25226799	tfsite_a92677da9c1c9f60	tflocus_5b543f794fbc327b	7	1	1	1
ma.tf.000001	55_YWMJBX_4	chr2R	CT	25227325	25227342	tfsite_b326349c78c41560	tflocus_9001b8688125efc3	4	1	1	1
ma.tf.000000	55_YWMJBX_4	chr2R	CT	25228985	25229040	tfsite_2d937623701649e4	tflocus_2a438dae63806f0b	1	1	1	1
ma.tf.000000	560_YWMJBX_4	chr2R	CT	25226025	25226070	tfsite_4c0ed3c3110794bc	tflocus_83d4d73e2fcf524b	1	1	1	1
ma.tf.000001	560_YWMJBX_4	chr2R	CT	25226126	25226156	tfsite_92e1a1d93810831e	tflocus_e85889f0ed9e0662	1	1	1	1
ma.tf.000002	560_YWMJBX_4	chr2R	CT	25226187	25226218	tfsite_a3be52a8ca871f01	tflocus_771476542912009d	2	1	1	1
ma.tf.000003	560_YWMJBX_4	chr2R	CT	25226463	25226489	tfsite_b3e719f2fc82573a	tflocus_c65895f4af8f195f	4	1	1	1
ma.tf.000004	560_YWMJBX_4	chr2R	CT	25231008	25231042	tfsite_69cee13117524e69	tflocus_f8852b029e8a492b	3	1	1	1
ma.tf.000005	560_YWMJBX_4	chr2R	CT	25231099	25231131	tfsite_5e3819d62b5561a7	tflocus_a33b30a4ba4d692b	4	0	1	1
ma.tf.000009	564_YWMJBX_4	chr2R	CT	25224651	25224684	tfsite_c93b459d3d79d492	tflocus_f6ef3b3f3ef2c7cf	1	1	1	1
ma.tf.000008	564_YWMJBX_4	chr2R	CT	25225551	25225578	tfsite_3c21b29ee4a3da35	tflocus_e4e7a931ff1bc47f	3	1	1	1
ma.tf.000007	564_YWMJBX_4	chr2R	CT	25225665	25225675	tfsite_d01bd9f8ef2c5da1	tflocus_87dc6ee34a0f25ff	3	1	1	1
ma.tf.000006	564_YWMJBX_4	chr2R	CT	25225697	25225707	tfsite_4abd3885a16f5d81	tflocus_5e5b221c2e569587	6	1	1	1
ma.tf.000005	564_YWMJBX_4	chr2R	CT	25226082	25226155	tfsite_2b1c411b58ae1030	tflocus_8be49a8d7aa5449e	1	1	1	1
ma.tf.000004	564_YWMJBX_4	chr2R	CT	25227177	25227186	tfsite_22337c9c5fdd8ebc	tflocus_253e65964ca75f4c	2	1	1	1
ma.tf.000003	564_YWMJBX_4	chr2R	CT	25227414	25227462	tfsite_1ab9f4b489931805	tflocus_8482d66dc05a2c50	3	1	1	1
ma.tf.000002	564_YWMJBX_4	chr2R	CT	25227503	25227517	tfsite_057cd2f74fad86ea	tflocus_418dd175f8ef7d8b	6	1	1	1
ma.tf.000001	564_YWMJBX_4	chr2R	CT	25227521	25227538	tfsite_ece1680eda7bf7af	tflocus_92ae6bf282a791fd	5	1	1	1
ma.tf.000000	564_YWMJBX_4	chr2R	CT	25228319	25228328	tfsite_1f23131b2e594110	tflocus_2b5dbfe8c6f53edf	3	1	1	1
ma.tf.000006	56_YWMJBX_4	chr2R	CT	25224788	25224807	tfsite_d3a06208c960a552	tflocus_6a72e3aec72f2dd9	6	1	1	1
ma.tf.000005	56_YWMJBX_4	chr2R	CT	25228640	25228650	tfsite_dd14ef2b863e8e52	tflocus_cf6d416d03eae4fb	2	1	1	1
ma.tf.000004	56_YWMJBX_4	chr2R	CT	25230204	25230230	tfsite_922239b36dcf80f6	tflocus_e0a4ebd5fd17bb33	3	1	1	1
ma.tf.000003	56_YWMJBX_4	chr2R	CT	25230328	25230376	tfsite_7b10ce8664eaff7a	tflocus_834c516d699ad229	1	1	1	1
ma.tf.000002	56_YWMJBX_4	chr2R	CT	25230796	25230805	tfsite_7454ddc6350c6b98	tflocus_c3cbd0c8d550eee6	3	1	1	1
ma.tf.000001	56_YWMJBX_4	chr2R	CT	25231840	25231876	tfsite_4c7cf78f558a95f7	tflocus_7bbbabd75171dc2b	1	1	1	1
ma.tf.000000	56_YWMJBX_4	chr2R	CT	25231899	25231912	tfsite_bb5ba620c29db40a	tflocus_50faaceac24643c1	7	1	1	1
ma.tf.000002	570_YWMJBX_4	chr2R	CT	25225091	25225106	tfsite_f84d3ab212c4e468	tflocus_2d627e6048094d25	4	1	1	1
ma.tf.000001	570_YWMJBX_4	chr2R	CT	25225712	25225720	tfsite_ec7f1c2fd4393c2a	tflocus_5e5b221c2e569587	7	1	1	1
ma.tf.000000	570_YWMJBX_4	chr2R	CT	25226788	25226798	tfsite_93764bec7505d7c6	tflocus_12eade5d7ffe008e	12	1	1	1
ma.tf.000013	574_YWMJBX_4	chr2R	CT	25223480	25223528	tfsite_a235599caedbb227	tflocus_c2b9fc855470e8cc	1	1	1	1
ma.tf.000012	574_YWMJBX_4	chr2R	CT	25224369	25224386	tfsite_200e14d4822bb8bc	tflocus_45176211c8f31112	3	1	1	1
ma.tf.000011	574_YWMJBX_4	chr2R	CT	25224453	25224475	tfsite_a417409f83db6875	tflocus_2035539ea405a256	2	1	1	1
ma.tf.000010	574_YWMJBX_4	chr2R	CT	25224523	25224577	tfsite_78ae501e70f0239c	tflocus_6e50d1312d19edab	1	1	1	1
ma.tf.000009	574_YWMJBX_4	chr2R	CT	25224954	25224994	tfsite_ea9c1d2ce6ba46b7	tflocus_6a75f8daf3876004	1	1	1	1
ma.tf.000008	574_YWMJBX_4	chr2R	CT	25225006	25225023	tfsite_d06354159fd7e33d	tflocus_f385f97c7d94b88a	2	1	1	1
ma.tf.000007	574_YWMJBX_4	chr2R	CT	25226147	25226170	tfsite_f0de9b05042d6377	tflocus_a7e281197e577128	1	1	1	1
ma.tf.000006	574_YWMJBX_4	chr2R	CT	25226192	25226271	tfsite_85ceb6ea105d3608	tflocus_40c2e69ce81323c3	1	1	1	0
ma.tf.000005	574_YWMJBX_4	chr2R	CT	25226509	25226533	tfsite_8e2bffc29e7279c0	tflocus_a8af8b18d5942620	6	1	1	1
ma.tf.000004	574_YWMJBX_4	chr2R	CT	25226630	25226646	tfsite_0e767c52ffcf3561	tflocus_6d95b6d5ea493574	15	1	1	1
ma.tf.000003	574_YWMJBX_4	chr2R	CT	25226820	25226870	tfsite_c59593b0dd1ae8e1	tflocus_5540b6bdaa3ec504	2	1	1	1
ma.tf.000002	574_YWMJBX_4	chr2R	CT	25227235	25227320	tfsite_00eeb469617ffcae	tflocus_df5eeb221ad6baff	1	1	1	0
ma.tf.000001	574_YWMJBX_4	chr2R	CT	25227337	25227369	tfsite_648a2b759721c7eb	tflocus_f5919bf4d45620c3	4	1	1	1
ma.tf.000000	574_YWMJBX_4	chr2R	CT	25229912	25229935	tfsite_f2dc1ec5534fa362	tflocus_ae209c0eae69bbe4	1	1	1	1
ma.tf.000000	579_YWMJBX_4	chr2R	CT	25224887	25224896	tfsite_eac0050c2ca5a03d	tflocus_fca60790f1e277ca	3	1	1	1
ma.tf.000001	579_YWMJBX_4	chr2R	CT	25225569	25225624	tfsite_e8c4a4dbd466aee8	tflocus_3d84af153abd64a1	1	1	1	1
ma.tf.000002	579_YWMJBX_4	chr2R	CT	25225689	25225703	tfsite_ee78d651bb56debd	tflocus_e2a15e6fea276455	7	1	1	1
ma.tf.000003	579_YWMJBX_4	chr2R	CT	25225744	25225784	tfsite_e1ade7ca002a1aed	tflocus_15d9b46163006816	1	1	1	1
ma.tf.000004	579_YWMJBX_4	chr2R	CT	25225930	25225943	tfsite_dfe128b92b97e81c	tflocus_ccb744ebf8a765ae	4	1	1	1
ma.tf.000005	579_YWMJBX_4	chr2R	CT	25226016	25226022	tfsite_4ee39c37452bddc6	tflocus_2cb6599d22530200	4	0	1	1
ma.tf.000006	579_YWMJBX_4	chr2R	CT	25226581	25226597	tfsite_4061782599961bbe	tflocus_1b53b69855864508	6	1	1	1
ma.tf.000000	580_YWMJBX_4	chr2R	CT	25224142	25224206	tfsite_75cca0fbaf2bb334	tflocus_2c78ad4d47dc68ff	1	1	1	1
ma.tf.000001	580_YWMJBX_4	chr2R	CT	25225689	25225703	tfsite_ee78d651bb56debd	tflocus_e2a15e6fea276455	7	1	1	1
ma.tf.000002	580_YWMJBX_4	chr2R	CT	25226476	25226489	tfsite_fa6428dd75652780	tflocus_c65895f4af8f195f	6	1	1	1
ma.tf.000003	580_YWMJBX_4	chr2R	CT	25226492	25226522	tfsite_033f789d9a6b95e4	tflocus_dd2d1a79b93ae74c	3	1	1	1
ma.tf.000004	580_YWMJBX_4	chr2R	CT	25226532	25226606	tfsite_0b18a50f7602c08b	tflocus_1eb3c76c06612bf7	1	1	1	1
ma.tf.000005	580_YWMJBX_4	chr2R	CT	25227481	25227510	tfsite_b6486d0df44bf6df	tflocus_9ed81f1c05f38fc0	3	1	1	1
ma.tf.000006	580_YWMJBX_4	chr2R	CT	25228188	25228263	tfsite_fb18755677491c72	tflocus_148ee2b88f8174c9	1	1	1	1
ma.tf.000000	583_YWMJBX_4	chr2R	CT	25227628	25227650	tfsite_50fc4012f056d16f	tflocus_380ac5ebf896acad	5	1	1	1
ma.tf.000001	583_YWMJBX_4	chr2R	CT	25227691	25227706	tfsite_a14cb5c850c54b51	tflocus_c1137f670cdf1473	5	1	1	1
ma.tf.000002	583_YWMJBX_4	chr2R	CT	25228109	25228124	tfsite_b7da54f3a39ef5fd	tflocus_e081f5d72fa8144d	3	1	1	1
ma.tf.000003	583_YWMJBX_4	chr2R	CT	25228656	25228666	tfsite_f7ac51c30e1bca0b	tflocus_2f8fa0ae7eebd8db	4	1	1	1
ma.tf.000000	586_YWMJBX_4	chr2R	CT	25221320	25221384	tfsite_28be6661203b7b5c	tflocus_55af339fd22dba74	3	1	1	1
ma.tf.000001	586_YWMJBX_4	chr2R	CT	25223739	25223789	tfsite_0b9fc1cd974b52ac	tflocus_f773975f8375772a	1	1	1	1
ma.tf.000002	586_YWMJBX_4	chr2R	CT	25225412	25225419	tfsite_cc25e79a2659b812	tflocus_673dfbaf60071af4	4	1	1	1
ma.tf.000003	586_YWMJBX_4	chr2R	CT	25227423	25227455	tfsite_1ab9f4b489931805	tflocus_8482d66dc05a2c50	3	1	1	1
ma.tf.000004	586_YWMJBX_4	chr2R	CT	25228362	25228393	tfsite_bcd523c9c4ae9ca5	tflocus_d4fa58551aad1b91	4	1	1	1
ma.tf.000005	586_YWMJBX_4	chr2R	CT	25228401	25228409	tfsite_496c138f6d0f39d5	tflocus_b089284732afca36	3	1	1	1
ma.tf.000006	586_YWMJBX_4	chr2R	CT	25228682	25228699	tfsite_4db03b6ae8764b65	tflocus_4e46e164e75d32a1	5	1	1	1
ma.tf.000007	586_YWMJBX_4	chr2R	CT	25228713	25228754	tfsite_01b6cae8a81d1356	tflocus_c61467ed1a9e2c56	3	1	1	1
ma.tf.000015	58_YWMJBX_4	chr2R	CT	25223654	25223674	tfsite_51a053b60b37cff4	tflocus_d0d539c362e60a13	2	1	1	1
ma.tf.000014	58_YWMJBX_4	chr2R	CT	25223722	25223781	tfsite_60d1e002fc4b5c55	tflocus_df991d8051606c81	2	1	1	1
ma.tf.000013	58_YWMJBX_4	chr2R	CT	25224484	25224524	tfsite_81ef9965178c3fe4	tflocus_c166516dc97d234d	3	1	1	1
ma.tf.000012	58_YWMJBX_4	chr2R	CT	25224721	25224764	tfsite_ad014ef01518ccb2	tflocus_1c0ce62047cda5b1	3	1	1	1
ma.tf.000011	58_YWMJBX_4	chr2R	CT	25224833	25224840	tfsite_5579bb986f7cf3d9	tflocus_bcb111ea644044f3	6	1	1	1
ma.tf.000010	58_YWMJBX_4	chr2R	CT	25225765	25225794	tfsite_7fcc03f00f9aaf3d	tflocus_1bb1d2dfe7e79656	4	1	1	1
ma.tf.000009	58_YWMJBX_4	chr2R	CT	25226069	25226080	tfsite_46f6cce8aa420cd1	tflocus_bf972de6af105872	5	1	1	1
ma.tf.000008	58_YWMJBX_4	chr2R	CT	25226176	25226236	tfsite_5f7ab307a2027c6a	tflocus_771476542912009d	1	1	1	1
ma.tf.000007	58_YWMJBX_4	chr2R	CT	25226654	25226674	tfsite_4d02217bd3d9f900	tflocus_3303cb5b8d07d733	5	1	1	1
ma.tf.000006	58_YWMJBX_4	chr2R	CT	25226711	25226742	tfsite_17e44b5687d6ca65	tflocus_66ec4d1de6883c23	5	1	1	1
ma.tf.000005	58_YWMJBX_4	chr2R	CT	25227285	25227317	tfsite_533047fd84f7794a	tflocus_f655c66fa00ae2bc	1	1	1	1
ma.tf.000004	58_YWMJBX_4	chr2R	CT	25227334	25227355	tfsite_d65f52b0ac3e465c	tflocus_f5919bf4d45620c3	3	1	1	1
ma.tf.000003	58_YWMJBX_4	chr2R	CT	25227360	25227396	tfsite_05c46419e8ab8b30	tflocus_37975db974901dd5	4	1	1	1
ma.tf.000002	58_YWMJBX_4	chr2R	CT	25227544	25227558	tfsite_5221aaeb96c136ce	tflocus_ea41d7d9d5214203	4	1	1	1
ma.tf.000001	58_YWMJBX_4	chr2R	CT	25227562	25227595	tfsite_dc7bc3635dd7b79b	tflocus_b2ec07a95edcaf09	5	1	1	1
ma.tf.000000	58_YWMJBX_4	chr2R	CT	25230331	25230359	tfsite_ee64b6147d49cfa2	tflocus_834c516d699ad229	2	1	1	1
ma.tf.000000	590_YWMJBX_4	chr2R	CT	25226455	25226465	tfsite_b9919bd5564083cd	tflocus_e9722e8789069226	2	1	1	1
ma.tf.000001	590_YWMJBX_4	chr2R	CT	25230981	25230993	tfsite_8b172eaa65cfe4d7	tflocus_38cdfbb83759e62f	4	1	1	1
ma.tf.000000	592_YWMJBX_4	chr2R	CT	25225472	25225498	tfsite_74455a79012c709a	tflocus_3826fc83f2508c31	6	1	1	1
ma.tf.000001	592_YWMJBX_4	chr2R	CT	25225759	25225784	tfsite_acd03a24af77a3bf	tflocus_15d9b46163006816	4	1	1	1
ma.tf.000002	592_YWMJBX_4	chr2R	CT	25225807	25225819	tfsite_1779d24c94ed37f7	tflocus_a7db007b8f168077	2	1	1	1
ma.tf.000003	592_YWMJBX_4	chr2R	CT	25225827	25225846	tfsite_237321b97f9a9360	tflocus_831f90563f6b7d37	2	1	1	1
ma.tf.000004	592_YWMJBX_4	chr2R	CT	25225851	25225900	tfsite_7721a74cbe8a5557	tflocus_9088a64faaf226b4	3	1	1	1
ma.tf.000005	592_YWMJBX_4	chr2R	CT	25225930	25225994	tfsite_53ec6560eb0eb06e	tflocus_1544e62653173838	2	1	1	1
ma.tf.000006	592_YWMJBX_4	chr2R	CT	25226210	25226223	tfsite_78604adea1cebc6a	tflocus_771476542912009d	3	1	1	1
ma.tf.000008	593_YWMJBX_4	chr2R	CT	25225658	25225741	tfsite_e673bc91e3c836e3	tflocus_e2a15e6fea276455	2	1	1	1
ma.tf.000007	593_YWMJBX_4	chr2R	CT	25226595	25226634	tfsite_39a346bcf608f250	tflocus_1b8c6a4efcd1e008	5	1	1	1
ma.tf.000006	593_YWMJBX_4	chr2R	CT	25227799	25227828	tfsite_c362281cc1145969	tflocus_2a7c5189c557f37d	2	1	1	1
ma.tf.000005	593_YWMJBX_4	chr2R	CT	25227843	25227900	tfsite_9fe08f836a8a49c1	tflocus_f7ae6409314f0ad5	2	1	1	1
ma.tf.000004	593_YWMJBX_4	chr2R	CT	25228484	25228544	tfsite_f9149b88776ec1c4	tflocus_23bdea833be92684	2	1	1	1
ma.tf.000003	593_YWMJBX_4	chr2R	CT	25230648	25230691	tfsite_361cc5db62020b6c	tflocus_e6f3176e7cf09b50	1	1	1	1
ma.tf.000002	593_YWMJBX_4	chr2R	CT	25231158	25231188	tfsite_31f709ebc7a24af0	tflocus_e21b7e511cdff519	3	1	1	1
ma.tf.000001	593_YWMJBX_4	chr2R	CT	25231224	25231283	tfsite_8a6efd27bb482a18	tflocus_853eed39da0d950c	1	1	1	1
ma.tf.000000	593_YWMJBX_4	chr2R	CT	25231577	25231619	tfsite_1fcbc5bd58f096c7	tflocus_7321099dca9a222a	1	1	1	1
ma.tf.000000	594_YWMJBX_4	chr2R	CT	25224047	25224113	tfsite_61e484f4ad82bbef	tflocus_8d2643625fcdf6a5	1	1	1	1
ma.tf.000001	594_YWMJBX_4	chr2R	CT	25224479	25224509	tfsite_4a8e7f6f0cb14465	tflocus_cf20f3c0f857f366	3	1	1	1
ma.tf.000002	594_YWMJBX_4	chr2R	CT	25224564	25224643	tfsite_d8acb2253dec536f	tflocus_2fb51b1ac82cdd67	2	1	1	0
ma.tf.000003	594_YWMJBX_4	chr2R	CT	25224768	25224829	tfsite_6c8fbd3a7fcc4b1b	tflocus_6a72e3aec72f2dd9	3	1	1	1
ma.tf.000004	594_YWMJBX_4	chr2R	CT	25225450	25225509	tfsite_a428e6e9a2288201	tflocus_3826fc83f2508c31	1	1	1	1
ma.tf.000005	594_YWMJBX_4	chr2R	CT	25225811	25225834	tfsite_86b2e9da4334d658	tflocus_d03cddd1ab148bcd	5	1	1	1
ma.tf.000006	594_YWMJBX_4	chr2R	CT	25225893	25225915	tfsite_52f5d3ad8393d61c	tflocus_0323e48dd5a246c2	2	1	1	1
ma.tf.000007	594_YWMJBX_4	chr2R	CT	25226581	25226597	tfsite_4061782599961bbe	tflocus_1b53b69855864508	6	1	1	1
ma.tf.000008	594_YWMJBX_4	chr2R	CT	25226707	25226731	tfsite_c7173404e4cec00c	tflocus_537ebd2033506beb	11	1	1	1
ma.tf.000009	594_YWMJBX_4	chr2R	CT	25227233	25227243	tfsite_64ae807c85c671de	tflocus_12a4e42f45594db6	3	0	0	0
ma.tf.000010	594_YWMJBX_4	chr2R	CT	25227461	25227500	tfsite_107a2634f16d217b	tflocus_dfc8579cb9d7f505	2	1	1	1
ma.tf.000003	595_YWMJBX_4	chr2R	CT	25222773	25222789	tfsite_6fe780d22baf87f4	tflocus_80f3deb4f51e38a5	4	1	1	1
ma.tf.000002	595_YWMJBX_4	chr2R	CT	25225532	25225557	tfsite_9e4653615a4353e7	tflocus_f27456029e3ce898	3	1	1	1
ma.tf.000001	595_YWMJBX_4	chr2R	CT	25225576	25225598	tfsite_872adefa0d945e90	tflocus_3d84af153abd64a1	2	1	1	1
ma.tf.000000	595_YWMJBX_4	chr2R	CT	25230064	25230084	tfsite_c0d33328f0681e3e	tflocus_a57816211f057797	3	1	1	1
ma.tf.000004	597_YWMJBX_4	chr2R	CT	25226914	25226952	tfsite_a411da57cd4a18a6	tflocus_7953289f8630a2e6	2	1	1	1
ma.tf.000003	597_YWMJBX_4	chr2R	CT	25227291	25227312	tfsite_533047fd84f7794a	tflocus_f655c66fa00ae2bc	1	1	1	1
ma.tf.000002	597_YWMJBX_4	chr2R	CT	25227366	25227395	tfsite_d6ce85cddf994664	tflocus_37975db974901dd5	8	1	1	1
ma.tf.000001	597_YWMJBX_4	chr2R	CT	25228331	25228345	tfsite_fff56bfc551d179d	tflocus_484a025efb50289e	2	1	1	1
ma.tf.000000	597_YWMJBX_4	chr2R	CT	25230232	25230256	tfsite_9adc438fdd3c2c77	tflocus_97e770742d58a4f3	3	1	1	1
ma.tf.000002	602_YWMJBX_4	chr2R	CT	25224858	25224891	tfsite_5f1fdaad5d8544a8	tflocus_307d00acc9bd8954	3	1	1	1
ma.tf.000001	602_YWMJBX_4	chr2R	CT	25226832	25226842	tfsite_7663bf866ac73bd4	tflocus_3b2f442bbd8263cb	3	1	1	1
ma.tf.000000	602_YWMJBX_4	chr2R	CT	25228366	25228381	tfsite_effec90c796ae445	tflocus_d4fa58551aad1b91	5	1	1	1
ma.tf.000004	605_YWMJBX_4	chr2R	CT	25221349	25221399	tfsite_fd1a2cf2d07009ec	tflocus_9121ff87d507cb4f	1	1	1	1
ma.tf.000003	605_YWMJBX_4	chr2R	CT	25225617	25225639	tfsite_374bd01ba4498987	tflocus_e7ffd380457dae87	3	1	1	1
ma.tf.000002	605_YWMJBX_4	chr2R	CT	25226793	25226808	tfsite_c2e8d30f57319c8a	tflocus_5b543f794fbc327b	8	1	1	1
ma.tf.000001	605_YWMJBX_4	chr2R	CT	25226837	25226857	tfsite_79e16da27f13dbbc	tflocus_5540b6bdaa3ec504	5	1	1	1
ma.tf.000000	605_YWMJBX_4	chr2R	CT	25227564	25227578	tfsite_b27b0406152b634b	tflocus_b2ec07a95edcaf09	4	1	1	1
ma.tf.000009	606_YWMJBX_4	chr2R	CT	25225197	25225216	tfsite_c16e79ebc362c507	tflocus_5d327f4f7c1fa1e3	4	1	1	1
ma.tf.000008	606_YWMJBX_4	chr2R	CT	25225231	25225247	tfsite_8c23eacb6d3eb89e	tflocus_12ca5e6b03b69729	3	1	1	1
ma.tf.000007	606_YWMJBX_4	chr2R	CT	25225479	25225507	tfsite_fbf57a9e15e39f8c	tflocus_3826fc83f2508c31	8	1	1	1
ma.tf.000006	606_YWMJBX_4	chr2R	CT	25225745	25225769	tfsite_6e396b18ba67a0f6	tflocus_484339668a665e8f	1	1	1	1
ma.tf.000005	606_YWMJBX_4	chr2R	CT	25226741	25226768	tfsite_137651e257a5214f	tflocus_ad8619155b1ac63e	3	1	1	1
ma.tf.000004	606_YWMJBX_4	chr2R	CT	25226783	25226793	tfsite_93807cb592c63b44	tflocus_12eade5d7ffe008e	11	1	1	1
ma.tf.000003	606_YWMJBX_4	chr2R	CT	25226831	25226892	tfsite_6601be9b0d8d0c11	tflocus_4acf4b785c1938ca	1	1	1	1
ma.tf.000002	606_YWMJBX_4	chr2R	CT	25227376	25227399	tfsite_8cf8620c7d019d03	tflocus_37975db974901dd5	15	1	1	1
ma.tf.000001	606_YWMJBX_4	chr2R	CT	25227429	25227442	tfsite_2b7634dbaeb79159	tflocus_8482d66dc05a2c50	4	1	1	1
ma.tf.000000	606_YWMJBX_4	chr2R	CT	25227448	25227461	tfsite_9ec22ee303c0eecd	tflocus_dce1feeda27a70b7	4	1	1	1
ma.tf.000000	607_YWMJBX_4	chr2R	CT	25222984	25223008	tfsite_76fbb8892bffb2a4	tflocus_08b6beec2e18033e	2	1	1	1
ma.tf.000001	607_YWMJBX_4	chr2R	CT	25225824	25225853	tfsite_dae0dda35d1b013f	tflocus_831f90563f6b7d37	1	1	1	1
ma.tf.000002	607_YWMJBX_4	chr2R	CT	25225907	25225928	tfsite_933923bfc0bca348	tflocus_1634ccad1c02e2de	5	1	1	1
ma.tf.000003	607_YWMJBX_4	chr2R	CT	25226264	25226302	tfsite_b2d765f7faeeca3b	tflocus_ad3d92ff0e707391	1	1	1	1
ma.tf.000004	607_YWMJBX_4	chr2R	CT	25226316	25226343	tfsite_687786863aae90ad	tflocus_9bfa09bfeca3540e	2	1	1	1
ma.tf.000000	60_YWMJBX_4	chr2R	CT	25226581	25226606	tfsite_b74cb7e71b682ae4	tflocus_bc6e8a03e3ac7a38	6	1	1	0
ma.tf.000001	60_YWMJBX_4	chr2R	CT	25226620	25226665	tfsite_07937fb023ffcdba	tflocus_6d95b6d5ea493574	10	1	1	0
ma.tf.000002	60_YWMJBX_4	chr2R	CT	25227128	25227201	tfsite_a5cedb91662149ac	tflocus_c9ba799edf720aaf	1	1	1	1
ma.tf.000003	60_YWMJBX_4	chr2R	CT	25227454	25227470	tfsite_e50c790ffcde1b59	tflocus_86cf58e1c8d2efd1	3	1	1	1
ma.tf.000004	60_YWMJBX_4	chr2R	CT	25231181	25231205	tfsite_309ec5308c7cad55	tflocus_9b951a8d52a225fe	5	1	1	1
ma.tf.000001	611_YWMJBX_4	chr2R	CT	25226746	25226754	tfsite_b8cdaf13517ee579	tflocus_ad8619155b1ac63e	2	1	1	1
ma.tf.000000	611_YWMJBX_4	chr2R	CT	25226777	25226797	tfsite_93807cb592c63b44	tflocus_12eade5d7ffe008e	11	1	1	1
ma.tf.000000	614_YWMJBX_4	chr2R	CT	25224321	25224336	tfsite_e15cdbe8b337a06f	tflocus_3effc03904cb6a74	1	1	1	1
ma.tf.000001	614_YWMJBX_4	chr2R	CT	25227421	25227435	tfsite_4e13f1c6a78988fb	tflocus_04b04c9f7a5c1de7	7	1	1	1
ma.tf.000002	614_YWMJBX_4	chr2R	CT	25228713	25228799	tfsite_dd1a456eb92631e4	tflocus_7d20221cad69ec6f	1	1	1	0
ma.tf.000000	617_YWMJBX_4	chr2R	CT	25228398	25228418	tfsite_496c138f6d0f39d5	tflocus_b089284732afca36	3	1	1	1
ma.tf.000003	618_YWMJBX_4	chr2R	CT	25224802	25224822	tfsite_a4290a426454581b	tflocus_a8efe87a00e988fe	2	1	1	1
ma.tf.000002	618_YWMJBX_4	chr2R	CT	25225984	25226024	tfsite_7671638dacc81d32	tflocus_ad4cc2b950cd92bd	3	1	1	1
ma.tf.000001	618_YWMJBX_4	chr2R	CT	25229822	25229836	tfsite_5f1360e5acab0fc9	tflocus_53d9d96a6fb149e2	2	1	1	1
ma.tf.000000	618_YWMJBX_4	chr2R	CT	25231099	25231157	tfsite_238fb6fd7425e4fd	tflocus_548e7cf4d8292748	1	1	1	1
ma.tf.000000	61_YWMJBX_4	chr2R	CT	25226025	25226042	tfsite_5086e7bcb4c45dcb	tflocus_30290edcf07bb235	4	1	1	1
ma.tf.000001	61_YWMJBX_4	chr2R	CT	25226050	25226105	tfsite_80b78953d356dc66	tflocus_bf972de6af105872	3	1	1	1
ma.tf.000002	61_YWMJBX_4	chr2R	CT	25226476	25226489	tfsite_fa6428dd75652780	tflocus_c65895f4af8f195f	6	1	1	1
ma.tf.000003	61_YWMJBX_4	chr2R	CT	25226492	25226565	tfsite_ebca97059a4230ef	tflocus_a8af8b18d5942620	2	1	1	1
ma.tf.000004	61_YWMJBX_4	chr2R	CT	25228659	25228669	tfsite_f7ac51c30e1bca0b	tflocus_2f8fa0ae7eebd8db	4	1	1	0
ma.tf.000005	61_YWMJBX_4	chr2R	CT	25228682	25228734	tfsite_3bb7e18985aa9e4f	tflocus_2d7095ef5920ad1d	2	1	1	1
ma.tf.000006	61_YWMJBX_4	chr2R	CT	25231149	25231171	tfsite_553b39e38c43d07b	tflocus_0807946c1c4ddafb	1	1	1	1
ma.tf.000000	622_YWMJBX_4	chr2R	CT	25223814	25223822	tfsite_24e1b0a4a138546a	tflocus_dfabd5b18b76bd6e	1	1	1	1
ma.tf.000001	622_YWMJBX_4	chr2R	CT	25225065	25225077	tfsite_c0ba42406ea9925c	tflocus_a1bbfc446d48d4ea	3	1	1	1
ma.tf.000002	622_YWMJBX_4	chr2R	CT	25226463	25226478	tfsite_3b582fae339c22a2	tflocus_c65895f4af8f195f	3	1	1	1
ma.tf.000003	622_YWMJBX_4	chr2R	CT	25231099	25231131	tfsite_5e3819d62b5561a7	tflocus_a33b30a4ba4d692b	4	1	1	1
ma.tf.000000	623_YWMJBX_4	chr2R	CT	25224887	25224896	tfsite_eac0050c2ca5a03d	tflocus_fca60790f1e277ca	3	1	1	1
ma.tf.000001	623_YWMJBX_4	chr2R	CT	25225408	25225419	tfsite_cc25e79a2659b812	tflocus_673dfbaf60071af4	4	1	1	1
ma.tf.000002	623_YWMJBX_4	chr2R	CT	25225472	25225509	tfsite_2343d08a14ad0720	tflocus_3826fc83f2508c31	7	1	1	1
ma.tf.000003	623_YWMJBX_4	chr2R	CT	25226457	25226465	tfsite_b9919bd5564083cd	tflocus_e9722e8789069226	2	1	1	1
ma.tf.000004	623_YWMJBX_4	chr2R	CT	25226476	25226489	tfsite_fa6428dd75652780	tflocus_c65895f4af8f195f	6	1	1	1
ma.tf.000005	623_YWMJBX_4	chr2R	CT	25226492	25226532	tfsite_04107629b4f52695	tflocus_dd2d1a79b93ae74c	4	1	1	1
ma.tf.000006	623_YWMJBX_4	chr2R	CT	25226636	25226667	tfsite_1ec2fb65f22c24ba	tflocus_d65d671fa5d23948	4	0	0	0
ma.tf.000007	623_YWMJBX_4	chr2R	CT	25227367	25227384	tfsite_cb300c4c4dec0d79	tflocus_37975db974901dd5	6	1	1	1
ma.tf.000008	623_YWMJBX_4	chr2R	CT	25227842	25227906	tfsite_9fe08f836a8a49c1	tflocus_f7ae6409314f0ad5	2	1	1	1
ma.tf.000009	624_YWMJBX_4	chr2R	CT	25221438	25221450	tfsite_4772f6c11cb21c22	tflocus_063479e6bc6e23dd	5	1	1	1
ma.tf.000008	624_YWMJBX_4	chr2R	CT	25224591	25224675	tfsite_703d27191aebce5f	tflocus_9ebdda41a1350bab	1	1	1	0
ma.tf.000007	624_YWMJBX_4	chr2R	CT	25225576	25225598	tfsite_872adefa0d945e90	tflocus_3d84af153abd64a1	2	1	1	1
ma.tf.000006	624_YWMJBX_4	chr2R	CT	25226554	25226586	tfsite_e60c9b6ae2712b1d	tflocus_1eb3c76c06612bf7	7	1	1	1
ma.tf.000005	624_YWMJBX_4	chr2R	CT	25226628	25226644	tfsite_c58ff603f223ed7a	tflocus_6d95b6d5ea493574	12	1	1	1
ma.tf.000004	624_YWMJBX_4	chr2R	CT	25226760	25226770	tfsite_deb8fc4c694c6f17	tflocus_738da22b13c9f78d	9	1	1	1
ma.tf.000003	624_YWMJBX_4	chr2R	CT	25227190	25227200	tfsite_1d9979b12534c758	tflocus_253e65964ca75f4c	3	1	1	1
ma.tf.000002	624_YWMJBX_4	chr2R	CT	25227292	25227318	tfsite_578aa920ae31b764	tflocus_f655c66fa00ae2bc	2	0	0	0
ma.tf.000001	624_YWMJBX_4	chr2R	CT	25228209	25228286	tfsite_754f68b349d2c1bb	tflocus_153d5e72c3af20ff	1	1	1	1
ma.tf.000000	624_YWMJBX_4	chr2R	CT	25228648	25228672	tfsite_f7ac51c30e1bca0b	tflocus_2f8fa0ae7eebd8db	4	1	1	1
ma.tf.000002	629_YWMJBX_4	chr2R	CT	25225461	25225483	tfsite_03826bde8fc87c36	tflocus_8506e3d22f21f3e7	1	1	1	1
ma.tf.000001	629_YWMJBX_4	chr2R	CT	25226611	25226638	tfsite_0d1fbba83a439671	tflocus_ca40d66c809cbd24	8	1	1	1
ma.tf.000000	629_YWMJBX_4	chr2R	CT	25229296	25229344	tfsite_3a00d5bf5c97742e	tflocus_a1646ba3d4990a1c	2	1	1	1
ma.tf.000004	631_YWMJBX_4	chr2R	CT	25221324	25221393	tfsite_cf974c85d21f005f	tflocus_55af339fd22dba74	12	1	1	0
ma.tf.000003	631_YWMJBX_4	chr2R	CT	25222346	25222385	tfsite_db3dc33075854a05	tflocus_c878e79d13fd2df4	1	1	1	1
ma.tf.000002	631_YWMJBX_4	chr2R	CT	25223509	25223527	tfsite_6a7944d4fde6afbd	tflocus_2372cb04a4482885	3	1	1	1
ma.tf.000001	631_YWMJBX_4	chr2R	CT	25223969	25224009	tfsite_6ad50204da4e06dc	tflocus_7732e3f56e51fdbd	1	1	1	1
ma.tf.000000	631_YWMJBX_4	chr2R	CT	25224021	25224053	tfsite_a99789e80a1812b7	tflocus_3114de1f9bde636e	2	1	1	1
ma.tf.000000	634_YWMJBX_4	chr2R	CT	25224876	25224914	tfsite_0d33f74837b9f6cd	tflocus_fca60790f1e277ca	2	1	1	0
ma.tf.000001	634_YWMJBX_4	chr2R	CT	25227895	25227911	tfsite_bfa6d2fe547de40b	tflocus_fe9420b4af12b011	1	1	1	1
ma.tf.000002	634_YWMJBX_4	chr2R	CT	25228236	25228244	tfsite_1a5b1549753a3713	tflocus_9903c69394fb7963	3	1	1	1
ma.tf.000003	634_YWMJBX_4	chr2R	CT	25231873	25231892	tfsite_c83ab9c9e41774ba	tflocus_f60f31dbdf8e1833	2	1	1	1
ma.tf.000004	634_YWMJBX_4	chr2R	CT	25231897	25231934	tfsite_9c0fdb92beb34a73	tflocus_f7c848c31b2bb827	1	1	1	1
ma.tf.000002	636_YWMJBX_4	chr2R	CT	25230130	25230165	tfsite_84e00676bc3cb510	tflocus_f3a943ff6f4178b6	2	1	1	1
ma.tf.000001	636_YWMJBX_4	chr2R	CT	25230180	25230224	tfsite_35b6bda1de937db8	tflocus_58638375d36f0d9b	3	1	1	1
ma.tf.000000	636_YWMJBX_4	chr2R	CT	25231165	25231235	tfsite_80b946cd9c1e655e	tflocus_b2010d3aa2b12e4c	1	1	1	1
ma.tf.000000	637_YWMJBX_4	chr2R	CT	25225781	25225834	tfsite_1f88854a8386966d	tflocus_cc50716c053f987c	2	1	1	1
ma.tf.000001	637_YWMJBX_4	chr2R	CT	25225879	25225894	tfsite_6f974d81adfe2ddd	tflocus_bfe45159ca5eed06	1	1	1	1
ma.tf.000002	637_YWMJBX_4	chr2R	CT	25226414	25226435	tfsite_1074b91f37421aac	tflocus_3f9a82d435ca2c23	2	1	1	1
ma.tf.000003	637_YWMJBX_4	chr2R	CT	25226455	25226465	tfsite_b9919bd5564083cd	tflocus_e9722e8789069226	2	1	1	1
ma.tf.000004	637_YWMJBX_4	chr2R	CT	25226492	25226513	tfsite_033f789d9a6b95e4	tflocus_dd2d1a79b93ae74c	3	1	1	1
ma.tf.000005	637_YWMJBX_4	chr2R	CT	25226576	25226597	tfsite_855d23b6e5ed509e	tflocus_1b53b69855864508	5	1	1	1
ma.tf.000000	638_YWMJBX_4	chr2R	CT	25226457	25226465	tfsite_b9919bd5564083cd	tflocus_e9722e8789069226	2	1	1	1
ma.tf.000001	638_YWMJBX_4	chr2R	CT	25227878	25227893	tfsite_30f348fd93b3b031	tflocus_c61a03cb76d1ce4e	2	0	0	0
ma.tf.000002	638_YWMJBX_4	chr2R	CT	25230981	25231009	tfsite_fd1d52d73263b634	tflocus_1e3fc24ee26d4785	1	1	1	1
ma.tf.000000	63_YWMJBX_4	chr2R	CT	25221320	25221384	tfsite_28be6661203b7b5c	tflocus_55af339fd22dba74	3	1	1	1
ma.tf.000001	63_YWMJBX_4	chr2R	CT	25221441	25221465	tfsite_926b703be9300817	tflocus_723df5fafacb12d2	1	1	1	1
ma.tf.000002	63_YWMJBX_4	chr2R	CT	25223007	25223063	tfsite_9092eee0b33170ba	tflocus_570a4bafcd52b9c9	5	1	1	1
ma.tf.000003	63_YWMJBX_4	chr2R	CT	25223089	25223157	tfsite_21fb524d621f4944	tflocus_e0c8d6017e7bc47a	1	1	1	1
ma.tf.000004	63_YWMJBX_4	chr2R	CT	25226463	25226522	tfsite_47bd4e4804fa0cc2	tflocus_77b9d07b9082d3ba	2	1	1	1
ma.tf.000005	63_YWMJBX_4	chr2R	CT	25226576	25226597	tfsite_855d23b6e5ed509e	tflocus_1b53b69855864508	5	1	1	1
ma.tf.000006	63_YWMJBX_4	chr2R	CT	25228032	25228050	tfsite_ad1dc8202ccc5f11	tflocus_81c9861515ce4740	2	0	1	0
ma.tf.000000	640_YWMJBX_4	chr2R	CT	25222975	25222990	tfsite_d536d5b24af83cc7	tflocus_7d11293d9537e089	3	1	1	1
ma.tf.000001	640_YWMJBX_4	chr2R	CT	25225879	25225888	tfsite_6f974d81adfe2ddd	tflocus_bfe45159ca5eed06	1	1	1	1
ma.tf.000002	640_YWMJBX_4	chr2R	CT	25226581	25226597	tfsite_4061782599961bbe	tflocus_1b53b69855864508	6	1	1	1
ma.tf.000001	646_YWMJBX_4	chr2R	CT	25226545	25226574	tfsite_d8bed702ec1807d6	tflocus_cf5baf0d125860a5	3	1	1	1
ma.tf.000000	646_YWMJBX_4	chr2R	CT	25226579	25226595	tfsite_855d23b6e5ed509e	tflocus_1b53b69855864508	5	1	1	1
ma.tf.000000	64_YWMJBX_4	chr2R	CT	25224923	25224953	tfsite_0fa3692e7925872a	tflocus_7fdcce7f97c02f29	2	1	1	1
ma.tf.000001	64_YWMJBX_4	chr2R	CT	25224962	25224991	tfsite_c2795a2d2b9bca98	tflocus_200c8f7d8c16a216	2	1	1	1
ma.tf.000002	64_YWMJBX_4	chr2R	CT	25225689	25225731	tfsite_757f2028e6342a67	tflocus_5e5b221c2e569587	4	1	1	1
ma.tf.000003	64_YWMJBX_4	chr2R	CT	25225744	25225784	tfsite_e1ade7ca002a1aed	tflocus_15d9b46163006816	1	1	1	1
ma.tf.000004	64_YWMJBX_4	chr2R	CT	25225829	25225890	tfsite_b4b10113bad3bbaa	tflocus_9b554a83a97f3306	2	1	1	1
ma.tf.000005	64_YWMJBX_4	chr2R	CT	25226342	25226381	tfsite_13ea78296ca83bf1	tflocus_e4b526e086f737cb	1	1	1	1
ma.tf.000006	64_YWMJBX_4	chr2R	CT	25226636	25226669	tfsite_3fa5fe214ae9583f	tflocus_d65d671fa5d23948	7	1	1	1
ma.tf.000007	64_YWMJBX_4	chr2R	CT	25227342	25227411	tfsite_3cbf78ee8c3a68c6	tflocus_37975db974901dd5	1	1	1	1
ma.tf.000008	64_YWMJBX_4	chr2R	CT	25228008	25228027	tfsite_63747bcf5443c74d	tflocus_e5e84dea66b04efc	4	1	1	1
ma.tf.000009	64_YWMJBX_4	chr2R	CT	25230206	25230270	tfsite_96cee4e0057c64ad	tflocus_97e770742d58a4f3	2	1	1	1
ma.tf.000000	653_YWMJBX_4	chr2R	CT	25221569	25221600	tfsite_77f20cb115646752	tflocus_9d109b26008cd714	4	1	1	1
ma.tf.000001	653_YWMJBX_4	chr2R	CT	25224764	25224781	tfsite_f71cbd495a548fc3	tflocus_edc03c0010a868c0	2	1	1	1
ma.tf.000002	653_YWMJBX_4	chr2R	CT	25225689	25225703	tfsite_ee78d651bb56debd	tflocus_e2a15e6fea276455	7	1	1	1
ma.tf.000003	653_YWMJBX_4	chr2R	CT	25225916	25225943	tfsite_9e42be1e53c05c55	tflocus_ccb744ebf8a765ae	3	1	1	1
ma.tf.000004	653_YWMJBX_4	chr2R	CT	25227628	25227654	tfsite_50fc4012f056d16f	tflocus_380ac5ebf896acad	5	1	1	1
ma.tf.000005	653_YWMJBX_4	chr2R	CT	25231885	25231934	tfsite_89237b1fa527c2b1	tflocus_50faaceac24643c1	5	1	1	1
ma.tf.000002	654_YWMJBX_4	chr2R	CT	25224491	25224532	tfsite_06927246c3a0cc86	tflocus_c166516dc97d234d	5	1	1	1
ma.tf.000001	654_YWMJBX_4	chr2R	CT	25226080	25226124	tfsite_4fd672d1dc6458de	tflocus_8c4fbdeefddb7a38	3	1	1	1
ma.tf.000000	654_YWMJBX_4	chr2R	CT	25226747	25226768	tfsite_146adde7e985460b	tflocus_ad8619155b1ac63e	4	1	1	1
ma.tf.000001	657_YWMJBX_4	chr2R	CT	25227223	25227231	tfsite_d8984b340e293f1c	tflocus_12a4e42f45594db6	2	1	1	1
ma.tf.000000	657_YWMJBX_4	chr2R	CT	25230522	25230538	tfsite_f454e0bacbfe2a04	tflocus_b9f762b81051844d	2	1	1	0
ma.tf.000002	662_YWMJBX_4	chr2R	CT	25221338	25221384	tfsite_d66c1db1a342404d	tflocus_c5da106ac1f9dbe3	3	1	1	1
ma.tf.000001	662_YWMJBX_4	chr2R	CT	25225943	25225963	tfsite_2bc8b700e67f1cf1	tflocus_8ecca17975fcc96b	4	1	1	1
ma.tf.000000	662_YWMJBX_4	chr2R	CT	25227437	25227456	tfsite_187261536714b62f	tflocus_8482d66dc05a2c50	6	1	1	1
ma.tf.000003	663_YWMJBX_4	chr2R	CT	25224464	25224485	tfsite_efbe9dbafb74f1e5	tflocus_93a1a51f258f428d	2	1	1	1
ma.tf.000002	663_YWMJBX_4	chr2R	CT	25226615	25226671	tfsite_b475a1bbbe682533	tflocus_6d95b6d5ea493574	7	1	1	1
ma.tf.000001	663_YWMJBX_4	chr2R	CT	25227239	25227308	tfsite_e88f1972d9e0c1c4	tflocus_df5eeb221ad6baff	2	1	1	1
ma.tf.000000	663_YWMJBX_4	chr2R	CT	25231514	25231538	tfsite_74e647ef05a3b3e5	tflocus_270dfb417d612a95	2	1	1	1
ma.tf.000000	664_YWMJBX_4	chr2R	CT	25221520	25221552	tfsite_b6397fc4501737bd	tflocus_be53d7571043799c	2	1	1	1
ma.tf.000001	664_YWMJBX_4	chr2R	CT	25222971	25222998	tfsite_d536d5b24af83cc7	tflocus_7d11293d9537e089	3	1	1	1
ma.tf.000002	664_YWMJBX_4	chr2R	CT	25225923	25225943	tfsite_9e42be1e53c05c55	tflocus_ccb744ebf8a765ae	3	1	1	1
ma.tf.000003	664_YWMJBX_4	chr2R	CT	25226492	25226521	tfsite_033f789d9a6b95e4	tflocus_dd2d1a79b93ae74c	3	1	1	1
ma.tf.000004	664_YWMJBX_4	chr2R	CT	25226581	25226597	tfsite_4061782599961bbe	tflocus_1b53b69855864508	6	1	1	1
ma.tf.000005	664_YWMJBX_4	chr2R	CT	25227188	25227234	tfsite_0172cc5bdc642938	tflocus_095993e4638a126c	3	1	1	1
ma.tf.000007	666_YWMJBX_4	chr2R	CT	25224951	25224967	tfsite_d38fd5121f7405e0	tflocus_7d1278b6d10dd173	6	1	1	1
ma.tf.000006	666_YWMJBX_4	chr2R	CT	25225474	25225503	tfsite_2343d08a14ad0720	tflocus_3826fc83f2508c31	7	1	1	1
ma.tf.000005	666_YWMJBX_4	chr2R	CT	25226442	25226465	tfsite_25e5a26108cfe657	tflocus_c5a335d178b21c85	4	1	1	1
ma.tf.000004	666_YWMJBX_4	chr2R	CT	25226746	25226813	tfsite_8e5c402dab4bfb18	tflocus_12eade5d7ffe008e	2	1	1	1
ma.tf.000003	666_YWMJBX_4	chr2R	CT	25227150	25227211	tfsite_34750652da77ab23	tflocus_37d270c8c0ae4b58	2	1	1	1
ma.tf.000002	666_YWMJBX_4	chr2R	CT	25227373	25227389	tfsite_d6ce85cddf994664	tflocus_37975db974901dd5	8	1	1	0
ma.tf.000001	666_YWMJBX_4	chr2R	CT	25227842	25227849	tfsite_972be573722a620d	tflocus_18161598ea79d772	3	1	1	1
ma.tf.000000	666_YWMJBX_4	chr2R	CT	25229427	25229451	tfsite_6f4cfbc753aa062e	tflocus_7c6cac5415e553ab	2	1	1	1
ma.tf.000000	667_YWMJBX_4	chr2R	CT	25230850	25230872	tfsite_214980adac609900	tflocus_744c9a3d6652dada	1	1	1	1
ma.tf.000000	668_YWMJBX_4	chr2R	CT	25223296	25223313	tfsite_c12ec5292195145a	tflocus_f513fc192c8eb2ff	2	1	1	1
ma.tf.000001	668_YWMJBX_4	chr2R	CT	25224869	25224890	tfsite_d550d62a2ac308ab	tflocus_307d00acc9bd8954	6	0	0	0
ma.tf.000002	668_YWMJBX_4	chr2R	CT	25226020	25226039	tfsite_5086e7bcb4c45dcb	tflocus_30290edcf07bb235	4	1	1	1
ma.tf.000003	668_YWMJBX_4	chr2R	CT	25226576	25226597	tfsite_855d23b6e5ed509e	tflocus_1b53b69855864508	5	1	1	1
ma.tf.000000	669_YWMJBX_4	chr2R	CT	25222275	25222304	tfsite_18d4178f5c98e271	tflocus_3331c26204c0d6d5	1	1	1	1
ma.tf.000004	677_YWMJBX_4	chr2R	CT	25225558	25225590	tfsite_ff89a5cb39e0a7f4	tflocus_a310cc4438fc4ea9	3	1	1	1
ma.tf.000003	677_YWMJBX_4	chr2R	CT	25227291	25227321	tfsite_578aa920ae31b764	tflocus_f655c66fa00ae2bc	2	1	1	1
ma.tf.000002	677_YWMJBX_4	chr2R	CT	25227326	25227335	tfsite_b326349c78c41560	tflocus_9001b8688125efc3	4	1	1	1
ma.tf.000001	677_YWMJBX_4	chr2R	CT	25227622	25227691	tfsite_fe4e33537603a437	tflocus_12957f2a47b825c9	1	1	1	1
ma.tf.000000	677_YWMJBX_4	chr2R	CT	25228310	25228323	tfsite_e8e49de843443c09	tflocus_2b5dbfe8c6f53edf	2	1	1	1
ma.tf.000001	678_YWMJBX_4	chr2R	CT	25229117	25229192	.	.	.	0	0	0
ma.tf.000000	678_YWMJBX_4	chr2R	CT	25229247	25229276	tfsite_f98771dd8177266a	tflocus_ca886e758e0cab05	2	1	1	1
ma.tf.000000	679_YWMJBX_4	chr2R	CT	25224047	25224113	tfsite_61e484f4ad82bbef	tflocus_8d2643625fcdf6a5	1	1	1	1
ma.tf.000001	679_YWMJBX_4	chr2R	CT	25225744	25225782	tfsite_e1ade7ca002a1aed	tflocus_15d9b46163006816	1	1	1	1
ma.tf.000002	679_YWMJBX_4	chr2R	CT	25225824	25225834	tfsite_72a93b62fd2fa774	tflocus_d03cddd1ab148bcd	9	1	1	1
ma.tf.000003	679_YWMJBX_4	chr2R	CT	25226424	25226434	tfsite_abbc081a234531af	tflocus_af57c3fb56082292	4	1	1	1
ma.tf.000004	679_YWMJBX_4	chr2R	CT	25226457	25226465	tfsite_b9919bd5564083cd	tflocus_e9722e8789069226	2	1	1	1
ma.tf.000005	679_YWMJBX_4	chr2R	CT	25227628	25227650	tfsite_50fc4012f056d16f	tflocus_380ac5ebf896acad	5	1	1	1
ma.tf.000006	679_YWMJBX_4	chr2R	CT	25228010	25228027	tfsite_63747bcf5443c74d	tflocus_e5e84dea66b04efc	4	1	1	1
ma.tf.000007	679_YWMJBX_4	chr2R	CT	25228647	25228667	tfsite_f7ac51c30e1bca0b	tflocus_2f8fa0ae7eebd8db	4	1	1	1
ma.tf.000008	679_YWMJBX_4	chr2R	CT	25228801	25228835	tfsite_a30894e7493f3c72	tflocus_5c9a6916e937657c	1	1	1	1
ma.tf.000005	67_YWMJBX_4	chr2R	CT	25221337	25221383	tfsite_d66c1db1a342404d	tflocus_c5da106ac1f9dbe3	3	1	1	1
ma.tf.000004	67_YWMJBX_4	chr2R	CT	25224582	25224599	tfsite_d26c020da00c2c4b	tflocus_7042eb52f241f1b3	3	1	1	1
ma.tf.000003	67_YWMJBX_4	chr2R	CT	25225338	25225357	tfsite_b20f4dda5a9148b3	tflocus_53dcffc525d0970f	3	1	1	1
ma.tf.000002	67_YWMJBX_4	chr2R	CT	25225521	25225532	tfsite_632ff0568ad70927	tflocus_8d735a9f30f22fdc	3	1	1	1
ma.tf.000001	67_YWMJBX_4	chr2R	CT	25226011	25226045	tfsite_dd760c2e7fe54768	tflocus_30290edcf07bb235	2	1	1	1
ma.tf.000000	67_YWMJBX_4	chr2R	CT	25226648	25226664	tfsite_854e9cdbfdb3d780	tflocus_d65d671fa5d23948	11	1	1	1
ma.tf.000000	681_YWMJBX_4	chr2R	CT	25223885	25223947	tfsite_46e2f042b4b78638	tflocus_fe62aac9cf8108ef	1	1	1	1
ma.tf.000001	681_YWMJBX_4	chr2R	CT	25224375	25224417	tfsite_145d196555878f7c	tflocus_4ebc2e168c511f2c	3	1	1	1
ma.tf.000002	681_YWMJBX_4	chr2R	CT	25224584	25224594	tfsite_d26c020da00c2c4b	tflocus_7042eb52f241f1b3	3	1	1	1
ma.tf.000003	681_YWMJBX_4	chr2R	CT	25225318	25225343	tfsite_e568806b648a41f1	tflocus_44c143aad583d3af	4	1	1	1
ma.tf.000004	681_YWMJBX_4	chr2R	CT	25226183	25226223	tfsite_a3be52a8ca871f01	tflocus_771476542912009d	2	1	1	1
ma.tf.000005	681_YWMJBX_4	chr2R	CT	25227222	25227276	tfsite_dcb2eae203674543	tflocus_6fffd5b34f293244	3	1	1	1
ma.tf.000006	681_YWMJBX_4	chr2R	CT	25227724	25227758	tfsite_7d53fc41e43810f1	tflocus_8ca65d190b918409	2	1	1	1
ma.tf.000007	681_YWMJBX_4	chr2R	CT	25227773	25227843	tfsite_5bf7161bf1d4dd72	tflocus_3caf086503cdaf3b	1	1	1	1
ma.tf.000008	681_YWMJBX_4	chr2R	CT	25231189	25231202	tfsite_e642bdc4fd70b284	tflocus_b2010d3aa2b12e4c	3	1	1	1
ma.tf.000000	682_YWMJBX_4	chr2R	CT	25221627	25221688	tfsite_9f891aa7e4cf801e	tflocus_4b2700cacea1997b	1	1	1	1
ma.tf.000001	682_YWMJBX_4	chr2R	CT	25225652	25225681	tfsite_eb98603559f75c20	tflocus_a60f307df5bc930b	2	1	1	1
ma.tf.000002	682_YWMJBX_4	chr2R	CT	25226492	25226522	tfsite_033f789d9a6b95e4	tflocus_dd2d1a79b93ae74c	3	1	1	1
ma.tf.000003	682_YWMJBX_4	chr2R	CT	25226532	25226565	tfsite_1b892ccd26ff8e57	tflocus_7020547dbf400262	2	1	1	1
ma.tf.000004	682_YWMJBX_4	chr2R	CT	25226581	25226597	tfsite_4061782599961bbe	tflocus_1b53b69855864508	6	1	1	1
ma.tf.000005	682_YWMJBX_4	chr2R	CT	25226630	25226665	tfsite_fc3e878fb713d864	tflocus_d65d671fa5d23948	5	1	1	1
ma.tf.000006	682_YWMJBX_4	chr2R	CT	25227481	25227510	tfsite_b6486d0df44bf6df	tflocus_9ed81f1c05f38fc0	3	1	1	1
ma.tf.000007	682_YWMJBX_4	chr2R	CT	25229156	25229192	tfsite_018963d8acd19c49	tflocus_320b74f92f7064cd	1	1	1	1
ma.tf.000004	687_YWMJBX_4	chr2R	CT	25225494	25225519	tfsite_7d74698e7241eff5	tflocus_240cde36d775e826	1	1	1	1
ma.tf.000003	687_YWMJBX_4	chr2R	CT	25226701	25226747	tfsite_17e44b5687d6ca65	tflocus_66ec4d1de6883c23	5	1	1	1
ma.tf.000002	687_YWMJBX_4	chr2R	CT	25228606	25228649	tfsite_46ea5e139b0c70ff	tflocus_50c8a96e2984e21f	2	1	1	1
ma.tf.000001	687_YWMJBX_4	chr2R	CT	25229934	25229951	tfsite_f1c75cc32e916eda	tflocus_50ec156a960db5cf	1	1	1	1
ma.tf.000000	687_YWMJBX_4	chr2R	CT	25230337	25230358	tfsite_ee64b6147d49cfa2	tflocus_834c516d699ad229	2	1	1	1
ma.tf.000006	689_YWMJBX_4	chr2R	CT	25221336	25221370	tfsite_e2b65fab52bee3ad	tflocus_55af339fd22dba74	14	1	1	1
ma.tf.000005	689_YWMJBX_4	chr2R	CT	25221419	25221442	tfsite_348eb7db0e0c9a8c	tflocus_063479e6bc6e23dd	3	1	1	1
ma.tf.000004	689_YWMJBX_4	chr2R	CT	25222940	25222983	tfsite_de90f5c29dc695c9	tflocus_3a5a288e26eb003e	2	1	1	1
ma.tf.000003	689_YWMJBX_4	chr2R	CT	25225050	25225099	tfsite_b3881577579819e1	tflocus_a1bbfc446d48d4ea	2	1	1	1
ma.tf.000002	689_YWMJBX_4	chr2R	CT	25225472	25225500	tfsite_74455a79012c709a	tflocus_3826fc83f2508c31	6	1	1	1
ma.tf.000001	689_YWMJBX_4	chr2R	CT	25226531	25226582	tfsite_7ff642c522dadcc7	tflocus_cf5baf0d125860a5	2	1	1	1
ma.tf.000000	689_YWMJBX_4	chr2R	CT	25228570	25228644	tfsite_47fb5f25e53ae9de	tflocus_2315c7f728ed0e83	1	1	1	1
ma.tf.000000	690_YWMJBX_4	chr2R	CT	25225905	25225928	tfsite_933923bfc0bca348	tflocus_1634ccad1c02e2de	5	1	1	1
ma.tf.000001	690_YWMJBX_4	chr2R	CT	25226332	25226390	tfsite_13ea78296ca83bf1	tflocus_e4b526e086f737cb	1	1	1	1
ma.tf.000002	690_YWMJBX_4	chr2R	CT	25226596	25226631	tfsite_173965d17eb4136b	tflocus_1b8c6a4efcd1e008	8	1	1	1
ma.tf.000003	690_YWMJBX_4	chr2R	CT	25227167	25227178	tfsite_8e5406fe99136a7f	tflocus_37d270c8c0ae4b58	3	1	1	1
ma.tf.000004	690_YWMJBX_4	chr2R	CT	25228109	25228126	tfsite_b7da54f3a39ef5fd	tflocus_e081f5d72fa8144d	3	1	1	1
ma.tf.000005	690_YWMJBX_4	chr2R	CT	25228131	25228173	tfsite_caaa7a68ee01c90a	tflocus_99ccf62115f69b08	6	1	1	1
ma.tf.000006	690_YWMJBX_4	chr2R	CT	25228817	25228841	tfsite_c50ed4b273c9d5ca	tflocus_2bd138dcdf059a76	2	1	1	1
ma.tf.000000	695_YWMJBX_4	chr2R	CT	25222289	25222305	tfsite_3f670027b9a269f7	tflocus_3331c26204c0d6d5	2	1	1	1
ma.tf.000000	697_YWMJBX_4	chr2R	CT	25225930	25225962	tfsite_03c044e6f1106c93	tflocus_8ecca17975fcc96b	3	1	1	1
ma.tf.000001	697_YWMJBX_4	chr2R	CT	25226576	25226597	tfsite_855d23b6e5ed509e	tflocus_1b53b69855864508	5	1	1	1
ma.tf.000002	697_YWMJBX_4	chr2R	CT	25226676	25226761	tfsite_208f587dfe471540	tflocus_537ebd2033506beb	2	1	1	0
ma.tf.000003	697_YWMJBX_4	chr2R	CT	25227231	25227261	tfsite_d22912b5336a75a2	tflocus_6fffd5b34f293244	5	1	1	1
ma.tf.000004	697_YWMJBX_4	chr2R	CT	25227902	25227920	tfsite_1e578c1c88b58466	tflocus_b500201c5365a630	3	0	0	0
ma.tf.000000	699_YWMJBX_4	chr2R	CT	25222588	25222607	tfsite_0aa1421d1053be94	tflocus_9bac81112e01df40	2	1	1	1
ma.tf.000001	699_YWMJBX_4	chr2R	CT	25226025	25226045	tfsite_5086e7bcb4c45dcb	tflocus_30290edcf07bb235	4	1	1	1
ma.tf.000002	699_YWMJBX_4	chr2R	CT	25227568	25227591	tfsite_f6e0c5deeaed5563	tflocus_20a707245b56bfff	2	1	1	1
ma.tf.000003	699_YWMJBX_4	chr2R	CT	25228817	25228842	tfsite_c50ed4b273c9d5ca	tflocus_2bd138dcdf059a76	2	1	1	1
ma.tf.000004	699_YWMJBX_4	chr2R	CT	25231885	25231934	tfsite_89237b1fa527c2b1	tflocus_50faaceac24643c1	5	1	1	1
ma.tf.000001	69_YWMJBX_4	chr2R	CT	25226667	25226688	tfsite_7fdd25333d7d2655	tflocus_a79ba565f52b91ee	2	1	1	1
ma.tf.000000	69_YWMJBX_4	chr2R	CT	25230267	25230285	tfsite_e5f36d6a00391bba	tflocus_e94644c68797a991	3	1	1	1
ma.tf.000014	700_YWMJBX_4	chr2R	CT	25224744	25224779	tfsite_c1540bfdd97da0dd	tflocus_0da386e6d5622793	3	1	1	1
ma.tf.000013	700_YWMJBX_4	chr2R	CT	25225059	25225089	tfsite_b3881577579819e1	tflocus_a1bbfc446d48d4ea	2	1	1	1
ma.tf.000012	700_YWMJBX_4	chr2R	CT	25225230	25225248	tfsite_8c23eacb6d3eb89e	tflocus_12ca5e6b03b69729	3	0	0	0
ma.tf.000011	700_YWMJBX_4	chr2R	CT	25225513	25225558	tfsite_35c70e1b51025c29	tflocus_8d735a9f30f22fdc	2	1	1	1
ma.tf.000010	700_YWMJBX_4	chr2R	CT	25225608	25225630	tfsite_a024f76d78287273	tflocus_b901a4a3168ceb69	4	1	1	1
ma.tf.000009	700_YWMJBX_4	chr2R	CT	25225769	25225844	tfsite_77e5e2b482942b37	tflocus_cc50716c053f987c	1	1	1	1
ma.tf.000008	700_YWMJBX_4	chr2R	CT	25225891	25225898	tfsite_ff3345b4c5499056	tflocus_0323e48dd5a246c2	1	1	1	1
ma.tf.000007	700_YWMJBX_4	chr2R	CT	25226763	25226776	tfsite_ec2989c3b9353ee1	tflocus_738da22b13c9f78d	10	1	1	1
ma.tf.000006	700_YWMJBX_4	chr2R	CT	25226883	25226929	tfsite_3d459d153ebe0ce6	tflocus_cf41391f40543c0c	3	1	1	1
ma.tf.000005	700_YWMJBX_4	chr2R	CT	25226976	25227023	tfsite_1f7f1f1f047e0ae6	tflocus_582ec01caf60b241	2	1	1	1
ma.tf.000004	700_YWMJBX_4	chr2R	CT	25227208	25227230	tfsite_b7bd139d8e061f76	tflocus_095993e4638a126c	7	1	1	1
ma.tf.000003	700_YWMJBX_4	chr2R	CT	25227318	25227342	tfsite_b326349c78c41560	tflocus_9001b8688125efc3	4	1	1	1
ma.tf.000002	700_YWMJBX_4	chr2R	CT	25227379	25227392	tfsite_8cf8620c7d019d03	tflocus_37975db974901dd5	15	1	1	1
ma.tf.000001	700_YWMJBX_4	chr2R	CT	25228205	25228241	tfsite_d943f8b18e5ae05f	tflocus_148ee2b88f8174c9	2	1	1	1
ma.tf.000000	700_YWMJBX_4	chr2R	CT	25231704	25231785	tfsite_a169f46f5dfe3886	tflocus_36ced677ca76a506	1	1	1	1
ma.tf.000000	702_YWMJBX_4	chr2R	CT	25221320	25221384	tfsite_28be6661203b7b5c	tflocus_55af339fd22dba74	3	1	1	1
ma.tf.000001	702_YWMJBX_4	chr2R	CT	25222389	25222435	tfsite_431a6da7bb47fc8d	tflocus_5fea56978e0e0087	2	1	1	1
ma.tf.000002	702_YWMJBX_4	chr2R	CT	25224477	25224509	tfsite_4a8e7f6f0cb14465	tflocus_cf20f3c0f857f366	3	1	1	1
ma.tf.000003	702_YWMJBX_4	chr2R	CT	25224543	25224577	tfsite_2ace19db5d6e50ab	tflocus_a214bdf7fff279f2	2	1	1	1
ma.tf.000004	702_YWMJBX_4	chr2R	CT	25225807	25225821	tfsite_1779d24c94ed37f7	tflocus_a7db007b8f168077	2	1	1	1
ma.tf.000005	702_YWMJBX_4	chr2R	CT	25226581	25226597	tfsite_4061782599961bbe	tflocus_1b53b69855864508	6	1	1	1
ma.tf.000006	702_YWMJBX_4	chr2R	CT	25226630	25226665	tfsite_fc3e878fb713d864	tflocus_d65d671fa5d23948	5	1	1	1
ma.tf.000007	702_YWMJBX_4	chr2R	CT	25227053	25227080	.	.	.	0	0	0
ma.tf.000008	702_YWMJBX_4	chr2R	CT	25227122	25227180	tfsite_56d405f4a66cb87d	tflocus_c094bd83466d009c	3	1	1	1
ma.tf.000009	702_YWMJBX_4	chr2R	CT	25227620	25227673	tfsite_c8fbf495f088ec2b	tflocus_380ac5ebf896acad	3	1	1	1
ma.tf.000010	702_YWMJBX_4	chr2R	CT	25228131	25228164	tfsite_2076c506bb62b56b	tflocus_99ccf62115f69b08	5	1	1	1
ma.tf.000011	702_YWMJBX_4	chr2R	CT	25228656	25228663	tfsite_f7ac51c30e1bca0b	tflocus_2f8fa0ae7eebd8db	4	1	1	1
ma.tf.000000	703_YWMJBX_4	chr2R	CT	25227491	25227528	tfsite_057cd2f74fad86ea	tflocus_418dd175f8ef7d8b	6	1	1	1
ma.tf.000001	703_YWMJBX_4	chr2R	CT	25227554	25227587	tfsite_b27b0406152b634b	tflocus_b2ec07a95edcaf09	4	1	1	1
ma.tf.000002	703_YWMJBX_4	chr2R	CT	25227628	25227650	tfsite_50fc4012f056d16f	tflocus_380ac5ebf896acad	5	1	1	1
ma.tf.000003	703_YWMJBX_4	chr2R	CT	25228109	25228126	tfsite_b7da54f3a39ef5fd	tflocus_e081f5d72fa8144d	3	1	1	1
ma.tf.000004	703_YWMJBX_4	chr2R	CT	25228131	25228164	tfsite_2076c506bb62b56b	tflocus_99ccf62115f69b08	5	1	1	1
ma.tf.000005	703_YWMJBX_4	chr2R	CT	25229083	25229139	tfsite_37dae91c379ab133	tflocus_54aab854a9f2e582	1	1	1	1
ma.tf.000006	703_YWMJBX_4	chr2R	CT	25231149	25231230	tfsite_62a72e36c974059d	tflocus_9b951a8d52a225fe	1	1	1	1
ma.tf.000005	704_YWMJBX_4	chr2R	CT	25229375	25229419	tfsite_20cfe0f07ffc294f	tflocus_c1a862395ca19d1b	1	1	1	1
ma.tf.000004	704_YWMJBX_4	chr2R	CT	25230611	25230646	tfsite_c3bbefcccc45d27f	tflocus_bca564b8e36e7946	1	1	1	1
ma.tf.000003	704_YWMJBX_4	chr2R	CT	25230754	25230784	tfsite_d2c1a0c58ff0c4b3	tflocus_2697c6210822c46a	1	1	1	1
ma.tf.000002	704_YWMJBX_4	chr2R	CT	25230787	25230816	tfsite_7454ddc6350c6b98	tflocus_c3cbd0c8d550eee6	3	1	1	1
ma.tf.000001	704_YWMJBX_4	chr2R	CT	25230843	25230862	tfsite_214980adac609900	tflocus_744c9a3d6652dada	1	0	1	1
ma.tf.000000	704_YWMJBX_4	chr2R	CT	25231247	25231258	tfsite_523bbd9b52766949	tflocus_853eed39da0d950c	2	1	1	1
ma.tf.000011	708_YWMJBX_4	chr2R	CT	25225836	25225878	tfsite_882d91f0871f4726	tflocus_9b554a83a97f3306	3	1	1	1
ma.tf.000010	708_YWMJBX_4	chr2R	CT	25226043	25226055	tfsite_68c268ee1c16d004	tflocus_83d4d73e2fcf524b	2	1	1	1
ma.tf.000009	708_YWMJBX_4	chr2R	CT	25226552	25226585	tfsite_6e85989a636964c6	tflocus_1eb3c76c06612bf7	4	1	1	1
ma.tf.000008	708_YWMJBX_4	chr2R	CT	25226624	25226651	tfsite_80a08476feb7f192	tflocus_6d95b6d5ea493574	9	1	1	1
ma.tf.000007	708_YWMJBX_4	chr2R	CT	25226699	25226729	tfsite_b58aa739ace8e8db	tflocus_537ebd2033506beb	10	1	1	1
ma.tf.000006	708_YWMJBX_4	chr2R	CT	25226756	25226766	tfsite_fd2219f519737c3b	tflocus_738da22b13c9f78d	7	1	1	1
ma.tf.000005	708_YWMJBX_4	chr2R	CT	25226861	25226889	tfsite_ab3e42955fb123ce	tflocus_89eb5bc729e0bcdf	1	1	1	1
ma.tf.000004	708_YWMJBX_4	chr2R	CT	25226906	25226954	tfsite_a411da57cd4a18a6	tflocus_7953289f8630a2e6	2	1	1	1
ma.tf.000003	708_YWMJBX_4	chr2R	CT	25227003	25227018	tfsite_49251ffb7f5c25de	tflocus_d48ac893d80deff1	3	1	1	1
ma.tf.000002	708_YWMJBX_4	chr2R	CT	25227967	25228022	tfsite_d2e3bfdc2f53b99e	tflocus_dec3207febe93365	2	1	1	1
ma.tf.000001	708_YWMJBX_4	chr2R	CT	25228324	25228354	tfsite_fff56bfc551d179d	tflocus_484a025efb50289e	2	1	1	1
ma.tf.000000	708_YWMJBX_4	chr2R	CT	25229818	25229839	tfsite_5f1360e5acab0fc9	tflocus_53d9d96a6fb149e2	2	1	1	1
ma.tf.000005	713_YWMJBX_4	chr2R	CT	25224391	25224429	tfsite_6478f6227d3f1aed	tflocus_e6206fdfa265ca38	2	1	1	1
ma.tf.000004	713_YWMJBX_4	chr2R	CT	25224996	25225073	tfsite_3e64dddf8e55be6d	tflocus_e1d4fbfb4e99152e	1	1	1	0
ma.tf.000003	713_YWMJBX_4	chr2R	CT	25225114	25225151	tfsite_bb389b52c251d643	tflocus_581ecbe22e4a139a	6	1	1	1
ma.tf.000002	713_YWMJBX_4	chr2R	CT	25225534	25225547	tfsite_9e4653615a4353e7	tflocus_f27456029e3ce898	3	1	1	0
ma.tf.000001	713_YWMJBX_4	chr2R	CT	25230046	25230067	tfsite_b6ad7b4b35400626	tflocus_41755cbe47e7b9da	1	1	1	1
ma.tf.000000	713_YWMJBX_4	chr2R	CT	25231872	25231938	tfsite_df343d5990bae0aa	tflocus_50faaceac24643c1	2	1	1	1
ma.tf.000000	715_YWMJBX_4	chr2R	CT	25222234	25222275	tfsite_fcae1ef938d12d4a	tflocus_f666406925a189b1	3	1	1	1
ma.tf.000001	715_YWMJBX_4	chr2R	CT	25225833	25225853	tfsite_dae0dda35d1b013f	tflocus_831f90563f6b7d37	1	1	1	1
ma.tf.000002	715_YWMJBX_4	chr2R	CT	25226492	25226522	tfsite_033f789d9a6b95e4	tflocus_dd2d1a79b93ae74c	3	1	1	1
ma.tf.000003	715_YWMJBX_4	chr2R	CT	25226570	25226597	tfsite_963c305b908b4614	tflocus_1b53b69855864508	3	1	1	1
ma.tf.000004	715_YWMJBX_4	chr2R	CT	25227120	25227151	tfsite_e7e10bc98f05a89e	tflocus_fce6edf1aaf8909a	2	1	1	1
ma.tf.000005	715_YWMJBX_4	chr2R	CT	25227166	25227178	tfsite_8e5406fe99136a7f	tflocus_37d270c8c0ae4b58	3	1	1	1
ma.tf.000006	715_YWMJBX_4	chr2R	CT	25227264	25227310	tfsite_3f3570e4353ab7f9	tflocus_88d366cb77669eb7	1	1	1	1
ma.tf.000007	715_YWMJBX_4	chr2R	CT	25228221	25228263	tfsite_9229abe08058c2d7	tflocus_9903c69394fb7963	2	1	1	1
ma.tf.000008	715_YWMJBX_4	chr2R	CT	25231153	25231187	tfsite_429225989fcb8b14	tflocus_e21b7e511cdff519	2	1	1	1
ma.tf.000009	715_YWMJBX_4	chr2R	CT	25231889	25231934	tfsite_89237b1fa527c2b1	tflocus_50faaceac24643c1	5	1	1	1
ma.tf.000010	71_YWMJBX_4	chr2R	CT	25224823	25224894	tfsite_8e88277de73c1a45	tflocus_c1bec3015aea9eae	3	1	1	1
ma.tf.000009	71_YWMJBX_4	chr2R	CT	25225015	25225069	tfsite_026678530445ae21	tflocus_e1d4fbfb4e99152e	3	1	1	1
ma.tf.000008	71_YWMJBX_4	chr2R	CT	25225209	25225226	tfsite_82aa18703dd7a04d	tflocus_3fc2370c78c63760	4	1	1	1
ma.tf.000007	71_YWMJBX_4	chr2R	CT	25225621	25225784	tfsite_615bc6a75db8ccee	tflocus_5e5b221c2e569587	1	1	1	0
ma.tf.000006	71_YWMJBX_4	chr2R	CT	25225860	25225892	tfsite_7721a74cbe8a5557	tflocus_9088a64faaf226b4	3	1	1	1
ma.tf.000005	71_YWMJBX_4	chr2R	CT	25226623	25226659	tfsite_38475ec37470c375	tflocus_6d95b6d5ea493574	16	1	1	0
ma.tf.000004	71_YWMJBX_4	chr2R	CT	25226775	25226783	tfsite_945191706af692f9	tflocus_12eade5d7ffe008e	10	1	1	1
ma.tf.000003	71_YWMJBX_4	chr2R	CT	25227325	25227341	tfsite_b326349c78c41560	tflocus_9001b8688125efc3	4	1	1	1
ma.tf.000002	71_YWMJBX_4	chr2R	CT	25229239	25229285	tfsite_f98771dd8177266a	tflocus_ca886e758e0cab05	2	1	1	1
ma.tf.000001	71_YWMJBX_4	chr2R	CT	25229343	25229417	tfsite_8c413f59b7453ca3	tflocus_a1087e266971a3f8	1	1	1	1
ma.tf.000000	71_YWMJBX_4	chr2R	CT	25230041	25230062	tfsite_5139c1b7532fcf26	tflocus_7e0291517b4e7463	2	1	1	1
ma.tf.000002	722_YWMJBX_4	chr2R	CT	25226838	25226848	tfsite_9bc1fe358bec06da	tflocus_5540b6bdaa3ec504	4	1	1	1
ma.tf.000001	722_YWMJBX_4	chr2R	CT	25229065	25229117	tfsite_b673634f73fba3a7	tflocus_30c93e016f46b8ae	2	1	1	1
ma.tf.000000	722_YWMJBX_4	chr2R	CT	25231152	25231164	tfsite_553b39e38c43d07b	tflocus_0807946c1c4ddafb	1	1	1	1
ma.tf.000000	723_YWMJBX_4	chr2R	CT	25225557	25225601	tfsite_c78beafd1075840b	tflocus_a310cc4438fc4ea9	5	1	1	1
ma.tf.000001	723_YWMJBX_4	chr2R	CT	25226235	25226262	tfsite_551b6864f3f86cf8	tflocus_cdcf86b4ec489a54	2	1	1	1
ma.tf.000002	723_YWMJBX_4	chr2R	CT	25226424	25226434	tfsite_abbc081a234531af	tflocus_af57c3fb56082292	4	1	1	1
ma.tf.000003	723_YWMJBX_4	chr2R	CT	25226455	25226465	tfsite_b9919bd5564083cd	tflocus_e9722e8789069226	2	1	1	1
ma.tf.000004	723_YWMJBX_4	chr2R	CT	25226492	25226505	tfsite_725b67b42e475f04	tflocus_dd2d1a79b93ae74c	2	1	1	1
ma.tf.000005	723_YWMJBX_4	chr2R	CT	25228236	25228244	tfsite_1a5b1549753a3713	tflocus_9903c69394fb7963	3	1	1	1
ma.tf.000000	725_YWMJBX_4	chr2R	CT	25222571	25222596	tfsite_5aaa39611ceefb7a	tflocus_cf80099718a8d15a	1	1	1	1
ma.tf.000001	725_YWMJBX_4	chr2R	CT	25224529	25224577	tfsite_009ee1d2a93bba59	tflocus_6e50d1312d19edab	2	1	1	1
ma.tf.000002	725_YWMJBX_4	chr2R	CT	25226313	25226327	tfsite_c6452c577b9c55f1	tflocus_fd995543799715a8	2	1	1	1
ma.tf.000003	725_YWMJBX_4	chr2R	CT	25226457	25226482	tfsite_3b582fae339c22a2	tflocus_c65895f4af8f195f	3	1	1	1
ma.tf.000004	725_YWMJBX_4	chr2R	CT	25228089	25228138	tfsite_5bf8036cbd5ea96a	tflocus_e081f5d72fa8144d	2	1	1	1
ma.tf.000005	725_YWMJBX_4	chr2R	CT	25228163	25228173	tfsite_d9618ffdd733a61b	tflocus_631d2ad9954d0bc4	3	1	1	1
ma.tf.000003	72_YWMJBX_4	chr2R	CT	25224950	25224966	tfsite_d38fd5121f7405e0	tflocus_7d1278b6d10dd173	6	1	1	1
ma.tf.000002	72_YWMJBX_4	chr2R	CT	25226711	25226724	tfsite_b58aa739ace8e8db	tflocus_537ebd2033506beb	10	1	1	1
ma.tf.000001	72_YWMJBX_4	chr2R	CT	25227362	25227378	tfsite_ee6cb36cf84955ef	tflocus_6492e5926c7d6b4b	4	1	1	1
ma.tf.000000	72_YWMJBX_4	chr2R	CT	25229849	25229874	tfsite_c8555081cd13727f	tflocus_4ad121a883138fcf	2	1	1	1
ma.tf.000000	730_YWMJBX_4	chr2R	CT	25222033	25222073	tfsite_b457cf35596b5e3e	tflocus_66e34e3fbb2c11f7	1	1	1	1
ma.tf.000001	730_YWMJBX_4	chr2R	CT	25222119	25222132	tfsite_d8c19904dfd322c9	tflocus_0bfe8d97f1a2108b	3	1	1	1
ma.tf.000000	731_YWMJBX_4	chr2R	CT	25222227	25222273	tfsite_8cd48858bd2d9a06	tflocus_f666406925a189b1	2	1	1	1
ma.tf.000001	731_YWMJBX_4	chr2R	CT	25222764	25222792	tfsite_6fe780d22baf87f4	tflocus_80f3deb4f51e38a5	4	1	1	1
ma.tf.000002	731_YWMJBX_4	chr2R	CT	25222845	25222851	tfsite_1eeff9b405dc723f	tflocus_8d33eacecbda7647	3	1	1	1
ma.tf.000003	731_YWMJBX_4	chr2R	CT	25225762	25225782	tfsite_acd03a24af77a3bf	tflocus_15d9b46163006816	4	1	1	1
ma.tf.000004	731_YWMJBX_4	chr2R	CT	25226492	25226522	tfsite_033f789d9a6b95e4	tflocus_dd2d1a79b93ae74c	3	1	1	1
ma.tf.000005	731_YWMJBX_4	chr2R	CT	25228131	25228154	tfsite_2076c506bb62b56b	tflocus_99ccf62115f69b08	5	1	1	1
ma.tf.000006	731_YWMJBX_4	chr2R	CT	25230982	25231009	tfsite_fd1d52d73263b634	tflocus_1e3fc24ee26d4785	1	1	1	1
ma.tf.000000	733_YWMJBX_4	chr2R	CT	25225759	25225775	tfsite_acd03a24af77a3bf	tflocus_15d9b46163006816	4	1	1	1
ma.tf.000001	733_YWMJBX_4	chr2R	CT	25226287	25226358	tfsite_fb94932b590799e1	tflocus_fd995543799715a8	1	1	1	1
ma.tf.000002	733_YWMJBX_4	chr2R	CT	25226463	25226521	tfsite_47bd4e4804fa0cc2	tflocus_77b9d07b9082d3ba	2	1	1	1
ma.tf.000003	733_YWMJBX_4	chr2R	CT	25226532	25226601	tfsite_abad9398d25aeade	tflocus_1eb3c76c06612bf7	2	1	1	1
ma.tf.000004	733_YWMJBX_4	chr2R	CT	25226648	25226690	tfsite_5b2fb62e188d2440	tflocus_3303cb5b8d07d733	4	1	1	1
ma.tf.000005	733_YWMJBX_4	chr2R	CT	25226730	25226799	tfsite_7eccb4b7c8a3d570	tflocus_738da22b13c9f78d	2	1	1	1
ma.tf.000006	733_YWMJBX_4	chr2R	CT	25226961	25226985	tfsite_14b9216f44c2ed61	tflocus_af44a3ce353adfef	3	1	1	1
ma.tf.000007	733_YWMJBX_4	chr2R	CT	25228091	25228138	tfsite_5bf8036cbd5ea96a	tflocus_e081f5d72fa8144d	2	1	1	1
ma.tf.000009	737_YWMJBX_4	chr2R	CT	25221325	25221370	tfsite_5c35c4e77912d956	tflocus_55af339fd22dba74	7	1	1	1
ma.tf.000008	737_YWMJBX_4	chr2R	CT	25221598	25221630	tfsite_3503fc947c8ba403	tflocus_25ff2bb55abb9c2e	2	1	1	1
ma.tf.000007	737_YWMJBX_4	chr2R	CT	25222275	25222301	tfsite_18d4178f5c98e271	tflocus_3331c26204c0d6d5	1	1	1	1
ma.tf.000006	737_YWMJBX_4	chr2R	CT	25224838	25224849	tfsite_5eefd9a6e8a421f6	tflocus_bcb111ea644044f3	7	1	1	1
ma.tf.000005	737_YWMJBX_4	chr2R	CT	25224929	25224970	tfsite_27f73267208655e2	tflocus_7d1278b6d10dd173	2	1	1	1
ma.tf.000004	737_YWMJBX_4	chr2R	CT	25225009	25225030	tfsite_d06354159fd7e33d	tflocus_f385f97c7d94b88a	2	1	1	1
ma.tf.000003	737_YWMJBX_4	chr2R	CT	25225237	25225254	tfsite_0d43ea698f114592	tflocus_12ca5e6b03b69729	4	1	1	1
ma.tf.000002	737_YWMJBX_4	chr2R	CT	25225621	25225637	tfsite_374bd01ba4498987	tflocus_e7ffd380457dae87	3	1	0	0
ma.tf.000001	737_YWMJBX_4	chr2R	CT	25226614	25226694	tfsite_b4e5378a09e1f606	tflocus_d65d671fa5d23948	1	1	1	1
ma.tf.000000	737_YWMJBX_4	chr2R	CT	25231854	25231887	tfsite_fc15944e93d3bf83	tflocus_969c2d638c42b32e	2	1	1	1
ma.tf.000000	738_YWMJBX_4	chr2R	CT	25221320	25221392	tfsite_c5d07e87d0434e81	tflocus_55af339fd22dba74	5	1	1	1
ma.tf.000001	738_YWMJBX_4	chr2R	CT	25223190	25223223	tfsite_ae1afeeee2833924	tflocus_06b82cb1dce3ebe4	1	0	1	0
ma.tf.000002	738_YWMJBX_4	chr2R	CT	25226025	25226042	tfsite_5086e7bcb4c45dcb	tflocus_30290edcf07bb235	4	1	1	1
ma.tf.000003	738_YWMJBX_4	chr2R	CT	25226457	25226465	tfsite_b9919bd5564083cd	tflocus_e9722e8789069226	2	1	1	1
ma.tf.000004	738_YWMJBX_4	chr2R	CT	25226476	25226486	tfsite_fa6428dd75652780	tflocus_c65895f4af8f195f	6	1	1	1
ma.tf.000005	738_YWMJBX_4	chr2R	CT	25226492	25226526	tfsite_033f789d9a6b95e4	tflocus_dd2d1a79b93ae74c	3	0	1	1
ma.tf.000006	738_YWMJBX_4	chr2R	CT	25226556	25226591	tfsite_b60276637ad0ef56	tflocus_1eb3c76c06612bf7	8	0	1	1
ma.tf.000007	738_YWMJBX_4	chr2R	CT	25227338	25227363	tfsite_648a2b759721c7eb	tflocus_f5919bf4d45620c3	4	1	1	1
ma.tf.000008	738_YWMJBX_4	chr2R	CT	25227628	25227654	tfsite_50fc4012f056d16f	tflocus_380ac5ebf896acad	5	1	1	1
ma.tf.000009	738_YWMJBX_4	chr2R	CT	25231885	25231892	tfsite_be0fcde86703955b	tflocus_f60f31dbdf8e1833	4	1	1	1
ma.tf.000000	740_YWMJBX_4	chr2R	CT	25224491	25224516	tfsite_81ef9965178c3fe4	tflocus_c166516dc97d234d	3	1	1	1
ma.tf.000001	740_YWMJBX_4	chr2R	CT	25226476	25226501	tfsite_a5d4c7c7f739681b	tflocus_77b9d07b9082d3ba	3	1	1	1
ma.tf.000002	740_YWMJBX_4	chr2R	CT	25227568	25227586	tfsite_dc7bc3635dd7b79b	tflocus_b2ec07a95edcaf09	5	1	1	1
ma.tf.000003	740_YWMJBX_4	chr2R	CT	25228388	25228405	tfsite_b1585c144a28baf1	tflocus_38f9d77e6d1c5fed	1	1	1	1
ma.tf.000004	740_YWMJBX_4	chr2R	CT	25228423	25228502	tfsite_5ec97b3612d37802	tflocus_81d3d616e9c56376	1	1	1	1
ma.tf.000005	740_YWMJBX_4	chr2R	CT	25231014	25231036	tfsite_96cca856a7bb47bf	tflocus_f8852b029e8a492b	4	1	1	1
ma.tf.000006	740_YWMJBX_4	chr2R	CT	25231355	25231413	tfsite_99cff6df8e33003d	tflocus_8c8c6d32958d6183	1	1	1	0
ma.tf.000007	740_YWMJBX_4	chr2R	CT	25231873	25231919	tfsite_0fd64695830386d1	tflocus_50faaceac24643c1	3	1	1	1
ma.tf.000002	743_YWMJBX_4	chr2R	CT	25226245	25226311	.	.	.	0	0	0
ma.tf.000001	743_YWMJBX_4	chr2R	CT	25226741	25226756	tfsite_b8cdaf13517ee579	tflocus_ad8619155b1ac63e	2	1	1	1
ma.tf.000000	743_YWMJBX_4	chr2R	CT	25229825	25229856	tfsite_5d38d5e33e14761e	tflocus_7107ce05ffd50634	1	1	1	1
ma.tf.000000	745_YWMJBX_4	chr2R	CT	25221320	25221350	tfsite_8ccdc060cd108c72	tflocus_6f6e3409440d7f5e	1	1	1	1
ma.tf.000001	745_YWMJBX_4	chr2R	CT	25224047	25224113	tfsite_61e484f4ad82bbef	tflocus_8d2643625fcdf6a5	1	1	1	1
ma.tf.000002	745_YWMJBX_4	chr2R	CT	25224895	25224914	tfsite_31e67ec2bc019b92	tflocus_4f2b5b54ba9bb8b5	2	0	0	0
ma.tf.000003	745_YWMJBX_4	chr2R	CT	25226073	25226151	tfsite_8590cb3078d90cee	tflocus_8c4fbdeefddb7a38	2	1	1	1
ma.tf.000004	745_YWMJBX_4	chr2R	CT	25226576	25226597	tfsite_855d23b6e5ed509e	tflocus_1b53b69855864508	5	1	1	1
ma.tf.000005	745_YWMJBX_4	chr2R	CT	25226600	25226631	tfsite_e6fd282a12b5bed5	tflocus_1b8c6a4efcd1e008	6	1	1	1
ma.tf.000006	745_YWMJBX_4	chr2R	CT	25227402	25227447	tfsite_1e183458a46d3ab4	tflocus_04b04c9f7a5c1de7	3	1	1	1
ma.tf.000000	746_YWMJBX_4	chr2R	CT	25225065	25225072	tfsite_c0ba42406ea9925c	tflocus_a1bbfc446d48d4ea	3	1	1	1
ma.tf.000001	746_YWMJBX_4	chr2R	CT	25225829	25225880	tfsite_d05b45ae0fbf15f8	tflocus_9b554a83a97f3306	1	1	1	1
ma.tf.000002	746_YWMJBX_4	chr2R	CT	25226044	25226097	tfsite_b895efc0bd0e59b8	tflocus_bf972de6af105872	2	1	1	1
ma.tf.000003	746_YWMJBX_4	chr2R	CT	25226704	25226718	tfsite_be9b77990e3d9878	tflocus_537ebd2033506beb	8	1	1	1
ma.tf.000007	747_YWMJBX_4	chr2R	CT	25222319	25222332	tfsite_ad73d14e003f1a8b	tflocus_30d0f1e1d271c23c	3	1	1	1
ma.tf.000006	747_YWMJBX_4	chr2R	CT	25224577	25224612	tfsite_0aea4a397d760540	tflocus_7042eb52f241f1b3	2	1	1	1
ma.tf.000005	747_YWMJBX_4	chr2R	CT	25225154	25225211	tfsite_b8eb02fd7e581dd6	tflocus_7062bfa7d6e05965	3	1	1	1
ma.tf.000004	747_YWMJBX_4	chr2R	CT	25225219	25225293	tfsite_10251f199493f759	tflocus_35d73f6414c2c5e2	1	1	1	1
ma.tf.000003	747_YWMJBX_4	chr2R	CT	25225331	25225356	tfsite_b20f4dda5a9148b3	tflocus_53dcffc525d0970f	3	1	1	1
ma.tf.000002	747_YWMJBX_4	chr2R	CT	25226717	25226730	tfsite_52e9b4969731016e	tflocus_66ec4d1de6883c23	6	1	1	1
ma.tf.000001	747_YWMJBX_4	chr2R	CT	25227520	25227536	tfsite_ece1680eda7bf7af	tflocus_92ae6bf282a791fd	5	1	1	1
ma.tf.000000	747_YWMJBX_4	chr2R	CT	25229385	25229408	tfsite_20cfe0f07ffc294f	tflocus_c1a862395ca19d1b	1	1	1	1
ma.tf.000006	749_YWMJBX_4	chr2R	CT	25223437	25223473	tfsite_5ec7ef3a04c321eb	tflocus_f43ee196c5e72569	3	1	1	1
ma.tf.000005	749_YWMJBX_4	chr2R	CT	25225060	25225101	tfsite_9f50deeea5d689d7	tflocus_4bbd925f168c866a	3	1	1	1
ma.tf.000004	749_YWMJBX_4	chr2R	CT	25225180	25225211	tfsite_579c8aa716c53ddc	tflocus_7062bfa7d6e05965	6	1	1	1
ma.tf.000003	749_YWMJBX_4	chr2R	CT	25226619	25226637	tfsite_24c86b2bbe9ca049	tflocus_ca40d66c809cbd24	9	1	1	1
ma.tf.000002	749_YWMJBX_4	chr2R	CT	25227266	25227291	tfsite_18848d09e7944b33	tflocus_df5eeb221ad6baff	7	1	1	1
ma.tf.000001	749_YWMJBX_4	chr2R	CT	25229255	25229270	tfsite_43b2fa29204bea8a	tflocus_ca886e758e0cab05	3	1	1	1
ma.tf.000000	749_YWMJBX_4	chr2R	CT	25231835	25231906	tfsite_5212fb953776406f	tflocus_969c2d638c42b32e	1	1	1	1
ma.tf.000000	752_YWMJBX_4	chr2R	CT	25225931	25225943	tfsite_dfe128b92b97e81c	tflocus_ccb744ebf8a765ae	4	1	1	1
ma.tf.000001	752_YWMJBX_4	chr2R	CT	25226455	25226465	tfsite_b9919bd5564083cd	tflocus_e9722e8789069226	2	1	1	1
ma.tf.000002	752_YWMJBX_4	chr2R	CT	25226492	25226544	tfsite_3e9a82dec6099f7f	tflocus_a8af8b18d5942620	1	1	1	1
ma.tf.000003	752_YWMJBX_4	chr2R	CT	25228163	25228173	tfsite_d9618ffdd733a61b	tflocus_631d2ad9954d0bc4	3	1	1	1
ma.tf.000000	754_YWMJBX_4	chr2R	CT	25221337	25221350	tfsite_7151f56beba22b06	tflocus_55af339fd22dba74	13	1	1	1
ma.tf.000001	754_YWMJBX_4	chr2R	CT	25225306	25225371	tfsite_573f6e97b2ce34eb	tflocus_44c143aad583d3af	3	1	1	1
ma.tf.000002	754_YWMJBX_4	chr2R	CT	25225381	25225419	tfsite_bb00f42fa8996b72	tflocus_296d9537eeda88ab	2	1	1	1
ma.tf.000003	754_YWMJBX_4	chr2R	CT	25225762	25225775	tfsite_acd03a24af77a3bf	tflocus_15d9b46163006816	4	1	1	1
ma.tf.000004	754_YWMJBX_4	chr2R	CT	25226492	25226522	tfsite_033f789d9a6b95e4	tflocus_dd2d1a79b93ae74c	3	1	1	1
ma.tf.000005	754_YWMJBX_4	chr2R	CT	25226581	25226597	tfsite_4061782599961bbe	tflocus_1b53b69855864508	6	1	1	1
ma.tf.000006	754_YWMJBX_4	chr2R	CT	25227017	25227076	tfsite_23a984aa49196114	tflocus_33ae4534c126367d	2	1	1	1
ma.tf.000007	754_YWMJBX_4	chr2R	CT	25227529	25227566	tfsite_294015f565d7db5d	tflocus_ea41d7d9d5214203	3	1	1	1
ma.tf.000008	754_YWMJBX_4	chr2R	CT	25227628	25227650	tfsite_50fc4012f056d16f	tflocus_380ac5ebf896acad	5	1	1	1
ma.tf.000000	756_YWMJBX_4	chr2R	CT	25225689	25225705	tfsite_ee78d651bb56debd	tflocus_e2a15e6fea276455	7	1	1	1
ma.tf.000001	756_YWMJBX_4	chr2R	CT	25226433	25226440	tfsite_7d6c1e759d72e4aa	tflocus_af57c3fb56082292	5	0	0	0
ma.tf.000002	756_YWMJBX_4	chr2R	CT	25226492	25226505	tfsite_725b67b42e475f04	tflocus_dd2d1a79b93ae74c	2	1	1	1
ma.tf.000000	758_YWMJBX_4	chr2R	CT	25221320	25221358	tfsite_c3b148c4a696bab2	tflocus_6f6e3409440d7f5e	2	1	1	1
ma.tf.000000	760_YWMJBX_4	chr2R	CT	25225786	25225819	tfsite_f9b0ac4c50571a18	tflocus_cc50716c053f987c	3	1	1	1
ma.tf.000001	760_YWMJBX_4	chr2R	CT	25225845	25225888	tfsite_ccac1e1434501b9c	tflocus_9088a64faaf226b4	2	1	1	1
ma.tf.000002	760_YWMJBX_4	chr2R	CT	25225893	25225933	tfsite_27389305d13d3f26	tflocus_1634ccad1c02e2de	4	1	1	1
ma.tf.000003	760_YWMJBX_4	chr2R	CT	25226020	25226042	tfsite_5086e7bcb4c45dcb	tflocus_30290edcf07bb235	4	1	1	1
ma.tf.000004	760_YWMJBX_4	chr2R	CT	25226457	25226465	tfsite_b9919bd5564083cd	tflocus_e9722e8789069226	2	1	1	1
ma.tf.000005	760_YWMJBX_4	chr2R	CT	25227481	25227506	tfsite_b6486d0df44bf6df	tflocus_9ed81f1c05f38fc0	3	1	1	1
ma.tf.000007	762_YWMJBX_4	chr2R	CT	25222086	25222104	tfsite_79d01366acf51b42	tflocus_26bf373052ead530	4	1	1	1
ma.tf.000006	762_YWMJBX_4	chr2R	CT	25222277	25222309	tfsite_18d4178f5c98e271	tflocus_3331c26204c0d6d5	1	1	1	1
ma.tf.000005	762_YWMJBX_4	chr2R	CT	25226044	25226056	tfsite_68c268ee1c16d004	tflocus_83d4d73e2fcf524b	2	1	1	1
ma.tf.000004	762_YWMJBX_4	chr2R	CT	25226636	25226658	tfsite_fc3e878fb713d864	tflocus_d65d671fa5d23948	5	1	1	1
ma.tf.000003	762_YWMJBX_4	chr2R	CT	25227388	25227398	tfsite_f2e54b48a744ea65	tflocus_ac10e6c9ce90faa5	5	1	1	1
ma.tf.000002	762_YWMJBX_4	chr2R	CT	25227466	25227499	tfsite_de1dc35c0cf36fbd	tflocus_dfc8579cb9d7f505	5	1	1	1
ma.tf.000001	762_YWMJBX_4	chr2R	CT	25227597	25227678	tfsite_aeae39fa1b090baf	tflocus_380ac5ebf896acad	1	1	1	0
ma.tf.000000	762_YWMJBX_4	chr2R	CT	25231872	25231938	tfsite_df343d5990bae0aa	tflocus_50faaceac24643c1	2	1	1	1
ma.tf.000000	766_YWMJBX_4	chr2R	CT	25224851	25224898	tfsite_5f1fdaad5d8544a8	tflocus_307d00acc9bd8954	3	1	1	1
ma.tf.000001	766_YWMJBX_4	chr2R	CT	25226457	25226478	tfsite_0f9f4ea3f0765e00	tflocus_e9722e8789069226	3	1	1	1
ma.tf.000002	766_YWMJBX_4	chr2R	CT	25226531	25226544	tfsite_91abca134caba08b	tflocus_c4674075fff878d5	2	1	1	1
ma.tf.000003	766_YWMJBX_4	chr2R	CT	25226576	25226597	tfsite_855d23b6e5ed509e	tflocus_1b53b69855864508	5	1	1	1
ma.tf.000004	766_YWMJBX_4	chr2R	CT	25226639	25226674	tfsite_8211409850302637	tflocus_d65d671fa5d23948	8	1	1	1
ma.tf.000009	767_YWMJBX_4	chr2R	CT	25222353	25222392	tfsite_933247e547b1f3da	tflocus_c878e79d13fd2df4	3	0	1	1
ma.tf.000008	767_YWMJBX_4	chr2R	CT	25222397	25222428	tfsite_431a6da7bb47fc8d	tflocus_5fea56978e0e0087	2	1	1	1
ma.tf.000007	767_YWMJBX_4	chr2R	CT	25225125	25225141	tfsite_bb389b52c251d643	tflocus_581ecbe22e4a139a	6	1	1	0
ma.tf.000006	767_YWMJBX_4	chr2R	CT	25225344	25225380	tfsite_ffb1d0922ebd60b9	tflocus_5ac7b3567ef8a3cb	2	1	1	1
ma.tf.000005	767_YWMJBX_4	chr2R	CT	25226670	25226686	tfsite_7fdd25333d7d2655	tflocus_a79ba565f52b91ee	2	1	1	1
ma.tf.000004	767_YWMJBX_4	chr2R	CT	25226723	25226736	tfsite_40e39f0f5f499796	tflocus_66ec4d1de6883c23	8	1	1	1
ma.tf.000003	767_YWMJBX_4	chr2R	CT	25226754	25226775	tfsite_deb8fc4c694c6f17	tflocus_738da22b13c9f78d	9	1	1	1
ma.tf.000002	767_YWMJBX_4	chr2R	CT	25227379	25227388	tfsite_6e22b25fb87e748f	tflocus_37975db974901dd5	13	1	1	1
ma.tf.000001	767_YWMJBX_4	chr2R	CT	25227404	25227419	tfsite_85c629cc4c7c5a6f	tflocus_fe55831af54644ee	5	1	1	1
ma.tf.000000	767_YWMJBX_4	chr2R	CT	25227576	25227593	tfsite_f60e1a7006362774	tflocus_20a707245b56bfff	3	1	1	0
ma.tf.000000	768_YWMJBX_4	chr2R	CT	25226570	25226597	tfsite_963c305b908b4614	tflocus_1b53b69855864508	3	0	1	1
ma.tf.000001	768_YWMJBX_4	chr2R	CT	25226630	25226665	tfsite_fc3e878fb713d864	tflocus_d65d671fa5d23948	5	1	1	1
ma.tf.000006	76_YWMJBX_4	chr2R	CT	25226673	25226699	tfsite_d4a7ced16aa3ed1d	tflocus_a79ba565f52b91ee	4	1	1	1
ma.tf.000005	76_YWMJBX_4	chr2R	CT	25226701	25226740	tfsite_c722e00a339a9335	tflocus_66ec4d1de6883c23	3	1	1	1
ma.tf.000004	76_YWMJBX_4	chr2R	CT	25226750	25226780	tfsite_deb8fc4c694c6f17	tflocus_738da22b13c9f78d	9	1	1	1
ma.tf.000003	76_YWMJBX_4	chr2R	CT	25226794	25226842	tfsite_36f06513a5b6a91e	tflocus_4be10a10c0050b75	1	1	1	1
ma.tf.000002	76_YWMJBX_4	chr2R	CT	25227348	25227431	tfsite_3374284ddb5f7849	tflocus_37975db974901dd5	2	1	1	0
ma.tf.000001	76_YWMJBX_4	chr2R	CT	25227445	25227521	tfsite_59aa16e5f5078f6f	tflocus_dfc8579cb9d7f505	1	1	1	1
ma.tf.000000	76_YWMJBX_4	chr2R	CT	25231109	25231145	tfsite_73d151258cc4085e	tflocus_548e7cf4d8292748	2	1	1	1
ma.tf.000000	771_YWMJBX_4	chr2R	CT	25226581	25226597	tfsite_4061782599961bbe	tflocus_1b53b69855864508	6	1	1	1
ma.tf.000000	775_YWMJBX_4	chr2R	CT	25221471	25221521	tfsite_a628bb8acfefc411	tflocus_a61e29c06ae42983	3	1	1	1
ma.tf.000001	775_YWMJBX_4	chr2R	CT	25227050	25227064	tfsite_02e23df83174b43c	tflocus_33ae4534c126367d	6	1	1	1
ma.tf.000002	775_YWMJBX_4	chr2R	CT	25228131	25228153	tfsite_2076c506bb62b56b	tflocus_99ccf62115f69b08	5	1	1	1
ma.tf.000000	777_YWMJBX_4	chr2R	CT	25223181	25223197	tfsite_308403b84c2bf530	tflocus_a308de599a726c3c	1	1	1	1
ma.tf.000001	777_YWMJBX_4	chr2R	CT	25223967	25223975	tfsite_b158c8cd42d61d73	tflocus_84fa65ce8e8e3af0	1	1	1	1
ma.tf.000002	777_YWMJBX_4	chr2R	CT	25226429	25226440	tfsite_7d6c1e759d72e4aa	tflocus_af57c3fb56082292	5	1	1	1
ma.tf.000003	777_YWMJBX_4	chr2R	CT	25226455	25226465	tfsite_b9919bd5564083cd	tflocus_e9722e8789069226	2	1	1	1
ma.tf.000004	777_YWMJBX_4	chr2R	CT	25226648	25226695	tfsite_3b2d996a7617feae	tflocus_3303cb5b8d07d733	3	1	1	1
ma.tf.000005	777_YWMJBX_4	chr2R	CT	25228124	25228164	tfsite_2076c506bb62b56b	tflocus_99ccf62115f69b08	5	1	1	1
ma.tf.000000	780_YWMJBX_4	chr2R	CT	25223090	25223140	tfsite_15b2b6410eaf6e59	tflocus_a69db023e9684730	1	1	1	1
ma.tf.000001	780_YWMJBX_4	chr2R	CT	25225824	25225848	tfsite_237321b97f9a9360	tflocus_831f90563f6b7d37	2	1	1	1
ma.tf.000002	780_YWMJBX_4	chr2R	CT	25226457	25226465	tfsite_b9919bd5564083cd	tflocus_e9722e8789069226	2	1	1	1
ma.tf.000003	780_YWMJBX_4	chr2R	CT	25226492	25226522	tfsite_033f789d9a6b95e4	tflocus_dd2d1a79b93ae74c	3	1	1	1
ma.tf.000004	780_YWMJBX_4	chr2R	CT	25226570	25226597	tfsite_963c305b908b4614	tflocus_1b53b69855864508	3	1	1	1
ma.tf.000000	783_YWMJBX_4	chr2R	CT	25223191	25223197	tfsite_308403b84c2bf530	tflocus_a308de599a726c3c	1	0	1	0
ma.tf.000001	783_YWMJBX_4	chr2R	CT	25224321	25224345	tfsite_e15cdbe8b337a06f	tflocus_3effc03904cb6a74	1	1	1	1
ma.tf.000002	783_YWMJBX_4	chr2R	CT	25226571	25226599	tfsite_855d23b6e5ed509e	tflocus_1b53b69855864508	5	1	1	1
ma.tf.000003	783_YWMJBX_4	chr2R	CT	25228475	25228506	tfsite_13efe261e85e4568	tflocus_6d2611572f170754	1	1	1	1
ma.tf.000004	783_YWMJBX_4	chr2R	CT	25229457	25229536	tfsite_c7d97d7339d46345	tflocus_fbdf5c7464bbd3c8	1	1	1	0
ma.tf.000000	788_YWMJBX_4	chr2R	CT	25221342	25221384	tfsite_d66c1db1a342404d	tflocus_c5da106ac1f9dbe3	3	1	1	1
ma.tf.000000	789_YWMJBX_4	chr2R	CT	25225766	25225808	tfsite_e0d60af05d05d01d	tflocus_4e8fef41fa66a806	1	1	1	1
ma.tf.000001	789_YWMJBX_4	chr2R	CT	25228115	25228164	tfsite_48db0ab6188de1b9	tflocus_99ccf62115f69b08	2	1	1	1
ma.tf.000005	78_YWMJBX_4	chr2R	CT	25222087	25222110	tfsite_1e009f710b57a4cb	tflocus_73e0e877437a1992	1	1	1	1
ma.tf.000004	78_YWMJBX_4	chr2R	CT	25223647	25223676	tfsite_2ef8ab7b2ba96a1d	tflocus_d0d539c362e60a13	1	1	1	1
ma.tf.000003	78_YWMJBX_4	chr2R	CT	25226629	25226696	tfsite_c84fb282c6e17dcd	tflocus_3303cb5b8d07d733	1	1	1	1
ma.tf.000002	78_YWMJBX_4	chr2R	CT	25227416	25227442	tfsite_4e13f1c6a78988fb	tflocus_04b04c9f7a5c1de7	7	1	1	1
ma.tf.000001	78_YWMJBX_4	chr2R	CT	25227446	25227466	tfsite_9ec22ee303c0eecd	tflocus_dce1feeda27a70b7	4	1	1	1
ma.tf.000000	78_YWMJBX_4	chr2R	CT	25227472	25227539	tfsite_d65b90557de2a8c3	tflocus_418dd175f8ef7d8b	1	1	1	1
ma.tf.000003	790_YWMJBX_4	chr2R	CT	25230024	25230054	tfsite_06c80d7e7b34d7de	tflocus_24664b386e7b64ef	1	1	1	1
ma.tf.000002	790_YWMJBX_4	chr2R	CT	25230103	25230121	tfsite_248e0545dab43d83	tflocus_d005b91ee665e08f	2	1	1	1
ma.tf.000001	790_YWMJBX_4	chr2R	CT	25230616	25230646	tfsite_c3bbefcccc45d27f	tflocus_bca564b8e36e7946	1	0	0	0
ma.tf.000000	790_YWMJBX_4	chr2R	CT	25230661	25230679	tfsite_83058e9dabb3000d	tflocus_e6f3176e7cf09b50	3	1	1	1
ma.tf.000000	791_YWMJBX_4	chr2R	CT	25226492	25226505	tfsite_725b67b42e475f04	tflocus_dd2d1a79b93ae74c	2	1	1	1
ma.tf.000001	791_YWMJBX_4	chr2R	CT	25226581	25226597	tfsite_4061782599961bbe	tflocus_1b53b69855864508	6	1	1	1
ma.tf.000002	791_YWMJBX_4	chr2R	CT	25227577	25227610	.	.	.	0	0	0
ma.tf.000003	791_YWMJBX_4	chr2R	CT	25227620	25227644	tfsite_0eabc0bf624c914b	tflocus_380ac5ebf896acad	4	1	1	1
ma.tf.000004	791_YWMJBX_4	chr2R	CT	25227714	25227725	tfsite_a547ffa0f97cbe95	tflocus_92ad56b434ffae35	3	1	1	1
ma.tf.000005	791_YWMJBX_4	chr2R	CT	25227878	25227896	tfsite_30f348fd93b3b031	tflocus_c61a03cb76d1ce4e	2	1	1	1
ma.tf.000006	791_YWMJBX_4	chr2R	CT	25228709	25228734	tfsite_7624155382278291	tflocus_c61467ed1a9e2c56	2	1	1	1
ma.tf.000005	792_YWMJBX_4	chr2R	CT	25222674	25222698	tfsite_6b34920309acb49f	tflocus_d17a4c6bd0c2237a	2	1	1	1
ma.tf.000004	792_YWMJBX_4	chr2R	CT	25226552	25226587	tfsite_e60c9b6ae2712b1d	tflocus_1eb3c76c06612bf7	7	1	1	1
ma.tf.000003	792_YWMJBX_4	chr2R	CT	25226629	25226650	tfsite_0e767c52ffcf3561	tflocus_6d95b6d5ea493574	15	1	1	1
ma.tf.000002	792_YWMJBX_4	chr2R	CT	25226761	25226771	tfsite_ec2989c3b9353ee1	tflocus_738da22b13c9f78d	10	1	1	1
ma.tf.000001	792_YWMJBX_4	chr2R	CT	25227408	25227421	tfsite_85c629cc4c7c5a6f	tflocus_fe55831af54644ee	5	0	0	0
ma.tf.000000	792_YWMJBX_4	chr2R	CT	25228639	25228694	tfsite_e8e9838c33f886d6	tflocus_2f8fa0ae7eebd8db	3	1	1	1
ma.tf.000000	793_YWMJBX_4	chr2R	CT	25222131	25222157	tfsite_f6f4baf5844e1a25	tflocus_babbe9c8a66a01d5	2	1	1	1
ma.tf.000001	793_YWMJBX_4	chr2R	CT	25222579	25222633	tfsite_27f97769ebb556e2	tflocus_9bac81112e01df40	1	1	1	1
ma.tf.000002	793_YWMJBX_4	chr2R	CT	25228088	25228125	tfsite_fd9f641ad825062e	tflocus_3a92c6cc4f6eaba1	1	1	1	1
ma.tf.000003	793_YWMJBX_4	chr2R	CT	25231257	25231308	tfsite_e0c812c3bcd71d62	tflocus_19c36bd46cf3414d	1	1	1	1
ma.tf.000000	796_YWMJBX_4	chr2R	CT	25223172	25223197	tfsite_f07e1d92328f7d0f	tflocus_685a53d7425fa6b7	2	0	1	0
ma.tf.000001	796_YWMJBX_4	chr2R	CT	25223429	25223490	tfsite_bb52307b190795a0	tflocus_f43ee196c5e72569	2	1	1	1
ma.tf.000002	796_YWMJBX_4	chr2R	CT	25225055	25225089	tfsite_b3881577579819e1	tflocus_a1bbfc446d48d4ea	2	1	1	1
ma.tf.000003	796_YWMJBX_4	chr2R	CT	25225201	25225213	tfsite_c16e79ebc362c507	tflocus_5d327f4f7c1fa1e3	4	1	1	1
ma.tf.000004	796_YWMJBX_4	chr2R	CT	25225616	25225681	tfsite_65c3ca774bc78a84	tflocus_8236840d9d30f798	1	1	1	1
ma.tf.000005	796_YWMJBX_4	chr2R	CT	25225689	25225703	tfsite_ee78d651bb56debd	tflocus_e2a15e6fea276455	7	1	1	1
ma.tf.000006	796_YWMJBX_4	chr2R	CT	25226025	25226051	tfsite_5086e7bcb4c45dcb	tflocus_30290edcf07bb235	4	1	1	1
ma.tf.000007	796_YWMJBX_4	chr2R	CT	25226414	25226465	tfsite_c3e7c5521fb734c0	tflocus_af57c3fb56082292	2	1	1	1
ma.tf.000008	796_YWMJBX_4	chr2R	CT	25226576	25226597	tfsite_855d23b6e5ed509e	tflocus_1b53b69855864508	5	1	1	1
ma.tf.000009	796_YWMJBX_4	chr2R	CT	25227491	25227506	tfsite_e6cc7271e95ebc6b	tflocus_9ed81f1c05f38fc0	4	1	1	1
ma.tf.000010	796_YWMJBX_4	chr2R	CT	25228131	25228164	tfsite_2076c506bb62b56b	tflocus_99ccf62115f69b08	5	1	1	1
ma.tf.000011	796_YWMJBX_4	chr2R	CT	25228398	25228414	tfsite_496c138f6d0f39d5	tflocus_b089284732afca36	3	1	1	1
ma.tf.000012	796_YWMJBX_4	chr2R	CT	25231871	25231934	tfsite_8bf1e79f70a873d7	tflocus_50faaceac24643c1	1	1	0	0
ma.tf.000000	79_YWMJBX_4	chr2R	CT	25230965	25230993	tfsite_05c2938130a409ce	tflocus_38cdfbb83759e62f	2	1	1	1
ma.tf.000008	801_YWMJBX_4	chr2R	CT	25221322	25221359	tfsite_c3b148c4a696bab2	tflocus_6f6e3409440d7f5e	2	1	1	1
ma.tf.000007	801_YWMJBX_4	chr2R	CT	25221748	25221771	tfsite_8986dab147e43786	tflocus_210087614ba3d355	2	1	1	1
ma.tf.000006	801_YWMJBX_4	chr2R	CT	25225552	25225574	tfsite_3c21b29ee4a3da35	tflocus_e4e7a931ff1bc47f	3	1	1	1
ma.tf.000005	801_YWMJBX_4	chr2R	CT	25225693	25225703	tfsite_ee78d651bb56debd	tflocus_e2a15e6fea276455	7	1	1	1
ma.tf.000004	801_YWMJBX_4	chr2R	CT	25226497	25226563	tfsite_ebca97059a4230ef	tflocus_a8af8b18d5942620	2	1	1	1
ma.tf.000003	801_YWMJBX_4	chr2R	CT	25226637	25226670	tfsite_3fa5fe214ae9583f	tflocus_d65d671fa5d23948	7	1	1	1
ma.tf.000002	801_YWMJBX_4	chr2R	CT	25226737	25226747	tfsite_5d6202789d17c522	tflocus_ad5c0990396e5f43	3	1	1	1
ma.tf.000001	801_YWMJBX_4	chr2R	CT	25227172	25227181	tfsite_979a9132dfeb2f82	tflocus_37d270c8c0ae4b58	4	1	1	1
ma.tf.000000	801_YWMJBX_4	chr2R	CT	25231872	25231938	tfsite_df343d5990bae0aa	tflocus_50faaceac24643c1	2	1	1	1
ma.tf.000000	802_YWMJBX_4	chr2R	CT	25221320	25221392	tfsite_c5d07e87d0434e81	tflocus_55af339fd22dba74	5	1	1	1
ma.tf.000001	802_YWMJBX_4	chr2R	CT	25224391	25224418	tfsite_6478f6227d3f1aed	tflocus_e6206fdfa265ca38	2	0	1	1
ma.tf.000002	802_YWMJBX_4	chr2R	CT	25224475	25224516	tfsite_4a8e7f6f0cb14465	tflocus_cf20f3c0f857f366	3	1	1	1
ma.tf.000003	803_YWMJBX_4	chr2R	CT	25221336	25221382	tfsite_cf974c85d21f005f	tflocus_55af339fd22dba74	12	1	1	1
ma.tf.000002	803_YWMJBX_4	chr2R	CT	25225620	25225638	tfsite_374bd01ba4498987	tflocus_e7ffd380457dae87	3	1	1	1
ma.tf.000001	803_YWMJBX_4	chr2R	CT	25225696	25225737	tfsite_848fb536de689c82	tflocus_d382a3659e9dcdb5	1	1	1	1
ma.tf.000000	803_YWMJBX_4	chr2R	CT	25227503	25227517	tfsite_057cd2f74fad86ea	tflocus_418dd175f8ef7d8b	6	1	1	1
ma.tf.000007	806_YWMJBX_4	chr2R	CT	25226481	25226520	tfsite_033f789d9a6b95e4	tflocus_dd2d1a79b93ae74c	3	1	1	1
ma.tf.000006	806_YWMJBX_4	chr2R	CT	25226653	25226680	tfsite_5b2fb62e188d2440	tflocus_3303cb5b8d07d733	4	1	1	1
ma.tf.000005	806_YWMJBX_4	chr2R	CT	25227205	25227219	tfsite_b7bd139d8e061f76	tflocus_095993e4638a126c	7	1	1	1
ma.tf.000004	806_YWMJBX_4	chr2R	CT	25227410	25227420	tfsite_85c629cc4c7c5a6f	tflocus_fe55831af54644ee	5	1	1	1
ma.tf.000003	806_YWMJBX_4	chr2R	CT	25227433	25227470	tfsite_cece8ba338ce6035	tflocus_dce1feeda27a70b7	2	1	1	1
ma.tf.000002	806_YWMJBX_4	chr2R	CT	25229824	25229841	tfsite_66f22e9675bae425	tflocus_53d9d96a6fb149e2	3	1	1	1
ma.tf.000001	806_YWMJBX_4	chr2R	CT	25230600	25230630	tfsite_433ab278f1ec20e4	tflocus_d3acc068d6bfd95b	2	1	1	1
ma.tf.000000	806_YWMJBX_4	chr2R	CT	25230957	25230979	tfsite_c00aa504102a1666	tflocus_3c99f546ee9fd041	3	1	1	1
ma.tf.000005	807_YWMJBX_4	chr2R	CT	25222595	25222656	tfsite_34b615e15ff9e9b2	tflocus_950ac5b5ee5ad43d	1	1	1	1
ma.tf.000004	807_YWMJBX_4	chr2R	CT	25224924	25224943	tfsite_0fa3692e7925872a	tflocus_7fdcce7f97c02f29	2	1	1	1
ma.tf.000003	807_YWMJBX_4	chr2R	CT	25225820	25225835	tfsite_bbbf9491ad60876f	tflocus_d03cddd1ab148bcd	7	1	1	1
ma.tf.000002	807_YWMJBX_4	chr2R	CT	25227915	25227937	tfsite_967fefdaba18a169	tflocus_9785493505be637f	3	1	1	1
ma.tf.000001	807_YWMJBX_4	chr2R	CT	25230544	25230556	tfsite_e171685d65af532a	tflocus_86095ffdcfc9f597	2	1	1	1
ma.tf.000000	807_YWMJBX_4	chr2R	CT	25231174	25231204	tfsite_09ffa3e800f19d05	tflocus_9b951a8d52a225fe	3	1	1	1
ma.tf.000005	808_YWMJBX_4	chr2R	CT	25222030	25222048	tfsite_8cac329ad0b6e813	tflocus_fec7388eb86cac0a	1	1	1	1
ma.tf.000004	808_YWMJBX_4	chr2R	CT	25226744	25226765	tfsite_137651e257a5214f	tflocus_ad8619155b1ac63e	3	1	1	1
ma.tf.000003	808_YWMJBX_4	chr2R	CT	25226827	25226851	tfsite_7663bf866ac73bd4	tflocus_3b2f442bbd8263cb	3	1	1	1
ma.tf.000002	808_YWMJBX_4	chr2R	CT	25227109	25227180	tfsite_ff2d28f8daad9436	tflocus_c094bd83466d009c	1	1	1	1
ma.tf.000001	808_YWMJBX_4	chr2R	CT	25231264	25231294	tfsite_06b889ca975fdce2	tflocus_19c36bd46cf3414d	2	1	1	1
ma.tf.000000	808_YWMJBX_4	chr2R	CT	25231405	25231466	tfsite_6d3b32a4fb6d4a4e	tflocus_c732cd973011c714	1	1	1	1
ma.tf.000011	80_YWMJBX_4	chr2R	CT	25222623	25222680	tfsite_3f1087fb04cd1456	tflocus_aa45e2988b7292e1	2	1	1	1
ma.tf.000010	80_YWMJBX_4	chr2R	CT	25222692	25222719	tfsite_2e7fcc66319828eb	tflocus_628583e61411291d	1	1	1	1
ma.tf.000009	80_YWMJBX_4	chr2R	CT	25224847	25224897	tfsite_1293b93416237499	tflocus_307d00acc9bd8954	1	1	1	1
ma.tf.000008	80_YWMJBX_4	chr2R	CT	25225094	25225127	tfsite_d658c7579fbe3c4e	tflocus_516f353e478d733b	2	1	1	1
ma.tf.000007	80_YWMJBX_4	chr2R	CT	25225553	25225568	tfsite_3c21b29ee4a3da35	tflocus_e4e7a931ff1bc47f	3	1	1	1
ma.tf.000006	80_YWMJBX_4	chr2R	CT	25225609	25225631	tfsite_a024f76d78287273	tflocus_b901a4a3168ceb69	4	1	1	1
ma.tf.000005	80_YWMJBX_4	chr2R	CT	25225703	25225750	tfsite_f9a2cbedca253910	tflocus_d382a3659e9dcdb5	3	1	1	1
ma.tf.000004	80_YWMJBX_4	chr2R	CT	25225759	25225799	tfsite_7fcc03f00f9aaf3d	tflocus_1bb1d2dfe7e79656	4	1	1	1
ma.tf.000003	80_YWMJBX_4	chr2R	CT	25226516	25226587	tfsite_933c3154940f52ae	tflocus_7020547dbf400262	1	1	1	0
ma.tf.000002	80_YWMJBX_4	chr2R	CT	25226629	25226658	tfsite_84cac00aed705c1f	tflocus_6d95b6d5ea493574	17	1	1	1
ma.tf.000001	80_YWMJBX_4	chr2R	CT	25228712	25228775	tfsite_966e0fd38462070d	tflocus_be52bc036a087ef5	1	1	1	1
ma.tf.000000	80_YWMJBX_4	chr2R	CT	25230846	25230918	tfsite_f4547a2b60061a24	tflocus_6dd5fa7a61a35798	1	1	1	0
ma.tf.000000	810_YWMJBX_4	chr2R	CT	25225879	25225888	tfsite_6f974d81adfe2ddd	tflocus_bfe45159ca5eed06	1	1	1	1
ma.tf.000001	810_YWMJBX_4	chr2R	CT	25226488	25226501	tfsite_84fe777d96799383	tflocus_77b9d07b9082d3ba	4	1	1	1
ma.tf.000002	810_YWMJBX_4	chr2R	CT	25226531	25226544	tfsite_91abca134caba08b	tflocus_c4674075fff878d5	2	1	1	1
ma.tf.000000	816_YWMJBX_4	chr2R	CT	25221320	25221392	tfsite_c5d07e87d0434e81	tflocus_55af339fd22dba74	5	1	1	1
ma.tf.000001	816_YWMJBX_4	chr2R	CT	25221569	25221592	tfsite_4f7f408625fd97b0	tflocus_9d109b26008cd714	3	1	1	1
ma.tf.000002	816_YWMJBX_4	chr2R	CT	25223181	25223205	tfsite_308403b84c2bf530	tflocus_a308de599a726c3c	1	1	1	1
ma.tf.000003	816_YWMJBX_4	chr2R	CT	25225668	25225724	tfsite_a2f436bc80a0deb3	tflocus_e2a15e6fea276455	3	1	1	1
ma.tf.000004	816_YWMJBX_4	chr2R	CT	25226576	25226597	tfsite_855d23b6e5ed509e	tflocus_1b53b69855864508	5	1	1	1
ma.tf.000005	816_YWMJBX_4	chr2R	CT	25226639	25226677	tfsite_8211409850302637	tflocus_d65d671fa5d23948	8	1	1	1
ma.tf.000006	816_YWMJBX_4	chr2R	CT	25227628	25227650	tfsite_50fc4012f056d16f	tflocus_380ac5ebf896acad	5	1	1	1
ma.tf.000007	816_YWMJBX_4	chr2R	CT	25227657	25227694	tfsite_01fe66321df28f4a	tflocus_1081133c8eca6b55	3	1	1	1
ma.tf.000008	816_YWMJBX_4	chr2R	CT	25228109	25228173	tfsite_48db0ab6188de1b9	tflocus_99ccf62115f69b08	2	1	1	1
ma.tf.000009	816_YWMJBX_4	chr2R	CT	25228353	25228406	tfsite_430a80e66d4f54a7	tflocus_d4fa58551aad1b91	3	1	1	1
ma.tf.000000	819_YWMJBX_4	chr2R	CT	25222277	25222305	tfsite_18d4178f5c98e271	tflocus_3331c26204c0d6d5	1	1	1	1
ma.tf.000001	819_YWMJBX_4	chr2R	CT	25225893	25225909	tfsite_52f5d3ad8393d61c	tflocus_0323e48dd5a246c2	2	1	1	1
ma.tf.000002	819_YWMJBX_4	chr2R	CT	25226396	25226425	tfsite_6ca4bf72a7fcca27	tflocus_aa03e25fe2603ea5	1	1	1	1
ma.tf.000003	819_YWMJBX_4	chr2R	CT	25226463	25226478	tfsite_3b582fae339c22a2	tflocus_c65895f4af8f195f	3	1	1	1
ma.tf.000004	819_YWMJBX_4	chr2R	CT	25226488	25226501	tfsite_84fe777d96799383	tflocus_77b9d07b9082d3ba	4	1	1	1
ma.tf.000005	819_YWMJBX_4	chr2R	CT	25227200	25227257	tfsite_dad93f7c5f4a3847	tflocus_12a4e42f45594db6	1	1	1	1
ma.tf.000005	820_YWMJBX_4	chr2R	CT	25221323	25221389	tfsite_c5d07e87d0434e81	tflocus_55af339fd22dba74	5	1	0	0
ma.tf.000004	820_YWMJBX_4	chr2R	CT	25224841	25224881	tfsite_b267c31d2913ea96	tflocus_c1bec3015aea9eae	6	1	1	1
ma.tf.000003	820_YWMJBX_4	chr2R	CT	25225130	25225147	tfsite_d4e272faf1ee01f7	tflocus_581ecbe22e4a139a	7	1	1	1
ma.tf.000002	820_YWMJBX_4	chr2R	CT	25225164	25225188	tfsite_c830a8f14fb61ec2	tflocus_413f524d4acc0a2f	3	1	1	1
ma.tf.000001	820_YWMJBX_4	chr2R	CT	25227365	25227391	tfsite_05c46419e8ab8b30	tflocus_37975db974901dd5	4	1	1	0
ma.tf.000000	820_YWMJBX_4	chr2R	CT	25230292	25230309	tfsite_71512a39ce751f5b	tflocus_ea8be74d09474978	2	1	1	1
ma.tf.000004	821_YWMJBX_4	chr2R	CT	25224202	25224241	tfsite_32b970d99149f9e6	tflocus_2b41921c753e36ac	2	1	1	0
ma.tf.000003	821_YWMJBX_4	chr2R	CT	25226514	25226585	tfsite_933c3154940f52ae	tflocus_7020547dbf400262	1	1	1	1
ma.tf.000002	821_YWMJBX_4	chr2R	CT	25226612	25226672	tfsite_83c79a3fecc3c83c	tflocus_6d95b6d5ea493574	4	1	1	1
ma.tf.000001	821_YWMJBX_4	chr2R	CT	25229950	25229993	tfsite_b4aa43234d03f675	tflocus_3e14b123ebcc1259	2	1	1	1
ma.tf.000000	821_YWMJBX_4	chr2R	CT	25231883	25231938	tfsite_89237b1fa527c2b1	tflocus_50faaceac24643c1	5	1	1	1
ma.tf.000005	82_YWMJBX_4	chr2R	CT	25222213	25222244	tfsite_7cec8c92122820fd	tflocus_afb9878b78079449	2	0	1	1
ma.tf.000004	82_YWMJBX_4	chr2R	CT	25225678	25225707	tfsite_556cf5f5ae7c3710	tflocus_e2a15e6fea276455	5	1	1	1
ma.tf.000003	82_YWMJBX_4	chr2R	CT	25225798	25225816	tfsite_ba5514156626285d	tflocus_cc50716c053f987c	5	1	1	1
ma.tf.000002	82_YWMJBX_4	chr2R	CT	25227395	25227414	tfsite_a0b0e5cdcac9a8f1	tflocus_ac10e6c9ce90faa5	9	1	1	1
ma.tf.000001	82_YWMJBX_4	chr2R	CT	25228960	25229000	tfsite_c4ea77de991e69ad	tflocus_1d349315dcf6f635	1	1	1	1
ma.tf.000000	82_YWMJBX_4	chr2R	CT	25230590	25230609	tfsite_c567afe338eabaa5	tflocus_3f50e534842329f2	2	1	1	1
ma.tf.000001	832_YWMJBX_4	chr2R	CT	25222164	25222222	tfsite_e7b46f028382cbb1	tflocus_82c290f13d983ab5	1	1	1	1
ma.tf.000000	832_YWMJBX_4	chr2R	CT	25223301	25223307	tfsite_c12ec5292195145a	tflocus_f513fc192c8eb2ff	2	1	1	1
ma.tf.000003	833_YWMJBX_4	chr2R	CT	25221322	25221384	tfsite_fb1e5c1c79ae8a17	tflocus_55af339fd22dba74	4	1	1	1
ma.tf.000002	833_YWMJBX_4	chr2R	CT	25225056	25225089	tfsite_b3881577579819e1	tflocus_a1bbfc446d48d4ea	2	1	1	1
ma.tf.000001	833_YWMJBX_4	chr2R	CT	25225514	25225527	tfsite_4f8f8b273eff11a7	tflocus_ced42cdc1a7d19fa	2	1	1	1
ma.tf.000000	833_YWMJBX_4	chr2R	CT	25225567	25225592	tfsite_c78beafd1075840b	tflocus_a310cc4438fc4ea9	5	1	1	1
ma.tf.000007	836_YWMJBX_4	chr2R	CT	25225165	25225181	tfsite_c830a8f14fb61ec2	tflocus_413f524d4acc0a2f	3	1	1	1
ma.tf.000006	836_YWMJBX_4	chr2R	CT	25226699	25226720	tfsite_463e0ea5cec5d52e	tflocus_537ebd2033506beb	9	1	1	1
ma.tf.000005	836_YWMJBX_4	chr2R	CT	25226836	25226862	tfsite_d9755f2ceda1f2e6	tflocus_5540b6bdaa3ec504	3	1	1	1
ma.tf.000004	836_YWMJBX_4	chr2R	CT	25227360	25227384	tfsite_cb300c4c4dec0d79	tflocus_37975db974901dd5	6	1	1	1
ma.tf.000003	836_YWMJBX_4	chr2R	CT	25228672	25228740	tfsite_eec272b4452d8917	tflocus_2d7095ef5920ad1d	1	1	1	1
ma.tf.000002	836_YWMJBX_4	chr2R	CT	25228765	25228805	tfsite_2095793afa6e4b7e	tflocus_efb7c969c8d32e8b	3	1	1	1
ma.tf.000001	836_YWMJBX_4	chr2R	CT	25229870	25229884	tfsite_67e912fa832211af	tflocus_3feaf9a66ca62b4c	2	1	1	1
ma.tf.000000	836_YWMJBX_4	chr2R	CT	25229890	25229915	tfsite_dd25b8834dc8b460	tflocus_65fede793ac3f51e	2	1	1	1
ma.tf.000000	837_YWMJBX_4	chr2R	CT	25223163	25223177	tfsite_5c8b47f404904ca8	tflocus_685a53d7425fa6b7	1	1	1	1
ma.tf.000001	837_YWMJBX_4	chr2R	CT	25225744	25225808	tfsite_88b6f4f30fb17ec3	tflocus_1bb1d2dfe7e79656	1	1	1	1
ma.tf.000002	837_YWMJBX_4	chr2R	CT	25225879	25225888	tfsite_6f974d81adfe2ddd	tflocus_bfe45159ca5eed06	1	1	1	1
ma.tf.000003	837_YWMJBX_4	chr2R	CT	25225893	25225962	.	.	.	0	0	0
ma.tf.000004	837_YWMJBX_4	chr2R	CT	25226492	25226522	tfsite_033f789d9a6b95e4	tflocus_dd2d1a79b93ae74c	3	1	1	1
ma.tf.000005	837_YWMJBX_4	chr2R	CT	25226581	25226597	tfsite_4061782599961bbe	tflocus_1b53b69855864508	6	1	1	1
ma.tf.000006	837_YWMJBX_4	chr2R	CT	25228475	25228506	tfsite_13efe261e85e4568	tflocus_6d2611572f170754	1	1	1	1
ma.tf.000007	837_YWMJBX_4	chr2R	CT	25231871	25231934	tfsite_8bf1e79f70a873d7	tflocus_50faaceac24643c1	1	1	1	1
ma.tf.000002	839_YWMJBX_4	chr2R	CT	25226842	25226852	tfsite_79e16da27f13dbbc	tflocus_5540b6bdaa3ec504	5	1	1	1
ma.tf.000001	839_YWMJBX_4	chr2R	CT	25227324	25227336	tfsite_b326349c78c41560	tflocus_9001b8688125efc3	4	1	1	1
ma.tf.000000	839_YWMJBX_4	chr2R	CT	25231516	25231560	tfsite_62716c6c5b78b790	tflocus_fa2ba8cd8190249a	1	1	1	1
ma.tf.000000	83_YWMJBX_4	chr2R	CT	25222845	25222851	tfsite_1eeff9b405dc723f	tflocus_8d33eacecbda7647	3	1	1	1
ma.tf.000001	83_YWMJBX_4	chr2R	CT	25224923	25224959	tfsite_9aca07df67cac9a4	tflocus_7fdcce7f97c02f29	3	1	1	1
ma.tf.000002	83_YWMJBX_4	chr2R	CT	25226439	25226478	tfsite_fa64dc5f0c4b5c14	tflocus_e9722e8789069226	1	1	1	1
ma.tf.000003	83_YWMJBX_4	chr2R	CT	25226492	25226522	tfsite_033f789d9a6b95e4	tflocus_dd2d1a79b93ae74c	3	1	1	1
ma.tf.000004	83_YWMJBX_4	chr2R	CT	25226570	25226597	tfsite_963c305b908b4614	tflocus_1b53b69855864508	3	1	1	1
ma.tf.000005	83_YWMJBX_4	chr2R	CT	25228223	25228285	tfsite_c13f1cb55dbedf53	tflocus_153d5e72c3af20ff	2	1	1	1
ma.tf.000006	83_YWMJBX_4	chr2R	CT	25231889	25231934	tfsite_89237b1fa527c2b1	tflocus_50faaceac24643c1	5	1	1	1
ma.tf.000000	844_YWMJBX_4	chr2R	CT	25224586	25224611	tfsite_ba4878ff90f20aa6	tflocus_2fb51b1ac82cdd67	3	0	0	0
ma.tf.000001	844_YWMJBX_4	chr2R	CT	25225334	25225343	tfsite_d091a656be532f16	tflocus_44c143aad583d3af	7	1	1	1
ma.tf.000002	844_YWMJBX_4	chr2R	CT	25225744	25225771	tfsite_73e68ac9f0990abb	tflocus_15d9b46163006816	2	1	1	1
ma.tf.000003	844_YWMJBX_4	chr2R	CT	25226153	25226223	tfsite_39b1f987ecfc6e10	tflocus_81b168e536eead51	1	1	1	1
ma.tf.000004	844_YWMJBX_4	chr2R	CT	25226330	25226360	tfsite_ac4fb509e6d5dc9a	tflocus_d8fa766e13acb650	3	1	1	1
ma.tf.000005	844_YWMJBX_4	chr2R	CT	25226581	25226597	tfsite_4061782599961bbe	tflocus_1b53b69855864508	6	1	1	1
ma.tf.000006	844_YWMJBX_4	chr2R	CT	25228655	25228664	tfsite_f7ac51c30e1bca0b	tflocus_2f8fa0ae7eebd8db	4	1	1	1
ma.tf.000007	844_YWMJBX_4	chr2R	CT	25228841	25228861	tfsite_f48125f46a5d0d19	tflocus_adf4b0dd85a0dfb0	2	1	1	1
ma.tf.000006	845_YWMJBX_4	chr2R	CT	25226541	25226578	tfsite_d8bed702ec1807d6	tflocus_cf5baf0d125860a5	3	1	1	1
ma.tf.000005	845_YWMJBX_4	chr2R	CT	25226586	25226619	tfsite_b6d5f858ca2a8d63	tflocus_bc6e8a03e3ac7a38	9	1	1	1
ma.tf.000004	845_YWMJBX_4	chr2R	CT	25226621	25226636	tfsite_24c86b2bbe9ca049	tflocus_ca40d66c809cbd24	9	0	1	1
ma.tf.000003	845_YWMJBX_4	chr2R	CT	25226751	25226759	tfsite_137651e257a5214f	tflocus_ad8619155b1ac63e	3	1	1	1
ma.tf.000002	845_YWMJBX_4	chr2R	CT	25228310	25228339	tfsite_1f23131b2e594110	tflocus_2b5dbfe8c6f53edf	3	1	1	1
ma.tf.000001	845_YWMJBX_4	chr2R	CT	25228982	25229019	tfsite_0d77c9efb130edf8	tflocus_3e4058a064cd5433	1	1	1	1
ma.tf.000000	845_YWMJBX_4	chr2R	CT	25230665	25230680	tfsite_83058e9dabb3000d	tflocus_e6f3176e7cf09b50	3	1	1	1
ma.tf.000006	848_YWMJBX_4	chr2R	CT	25222038	25222057	tfsite_ac7590df383761a9	tflocus_fec7388eb86cac0a	2	1	1	1
ma.tf.000005	848_YWMJBX_4	chr2R	CT	25225417	25225470	tfsite_eb65997223b4dc24	tflocus_8e6359e86526972a	1	1	1	1
ma.tf.000004	848_YWMJBX_4	chr2R	CT	25225718	25225733	tfsite_55ae702667d933fd	tflocus_d382a3659e9dcdb5	5	1	1	1
ma.tf.000003	848_YWMJBX_4	chr2R	CT	25226622	25226655	tfsite_0e767c52ffcf3561	tflocus_6d95b6d5ea493574	15	1	1	1
ma.tf.000002	848_YWMJBX_4	chr2R	CT	25226733	25226764	tfsite_b8cdaf13517ee579	tflocus_ad8619155b1ac63e	2	0	0	0
ma.tf.000001	848_YWMJBX_4	chr2R	CT	25227296	25227331	tfsite_2816cbd03b694228	tflocus_a3cd817247faf306	2	1	1	1
ma.tf.000000	848_YWMJBX_4	chr2R	CT	25227740	25227751	tfsite_d4e0280500fbfa00	tflocus_8ca65d190b918409	5	1	1	1
ma.tf.000000	850_YWMJBX_4	chr2R	CT	25221461	25221484	tfsite_e76e2a90bdfc0c57	tflocus_94468c8bd5285cc6	2	1	1	1
ma.tf.000001	850_YWMJBX_4	chr2R	CT	25221715	25221772	tfsite_1c6a00415e04eec9	tflocus_d1527b07b081a69e	2	1	1	1
ma.tf.000002	850_YWMJBX_4	chr2R	CT	25221789	25221850	tfsite_ad0e503b55cadfd6	tflocus_c9145c2b1ebf3c07	1	1	1	1
ma.tf.000003	850_YWMJBX_4	chr2R	CT	25224768	25224781	tfsite_f71cbd495a548fc3	tflocus_edc03c0010a868c0	2	1	1	1
ma.tf.000004	850_YWMJBX_4	chr2R	CT	25226570	25226597	tfsite_963c305b908b4614	tflocus_1b53b69855864508	3	1	1	1
ma.tf.000005	850_YWMJBX_4	chr2R	CT	25226639	25226677	tfsite_8211409850302637	tflocus_d65d671fa5d23948	8	1	1	1
ma.tf.000009	851_YWMJBX_4	chr2R	CT	25229091	25229098	tfsite_16e492654c2fdc53	tflocus_30c93e016f46b8ae	5	1	1	1
ma.tf.000008	851_YWMJBX_4	chr2R	CT	25229859	25229885	tfsite_3f098411083137a6	tflocus_3feaf9a66ca62b4c	1	1	1	1
ma.tf.000007	851_YWMJBX_4	chr2R	CT	25229987	25230004	tfsite_c049df3d80338964	tflocus_3a96c17582afa293	1	1	1	1
ma.tf.000006	851_YWMJBX_4	chr2R	CT	25230009	25230051	tfsite_868cbe5c8c84dbc5	tflocus_5587769eaed76937	1	1	1	1
ma.tf.000005	851_YWMJBX_4	chr2R	CT	25230894	25230925	tfsite_76c848b1655487af	tflocus_81d5715b392ba330	2	1	1	1
ma.tf.000004	851_YWMJBX_4	chr2R	CT	25230928	25230949	tfsite_9318f9bdcac81f2f	tflocus_eff5990842308665	3	1	1	1
ma.tf.000003	851_YWMJBX_4	chr2R	CT	25231182	25231212	tfsite_d7677170ed872108	tflocus_b2010d3aa2b12e4c	2	1	1	1
ma.tf.000002	851_YWMJBX_4	chr2R	CT	25231237	25231248	tfsite_78e520b99098c078	tflocus_1e23604aa8b4dcd0	1	1	1	1
ma.tf.000001	851_YWMJBX_4	chr2R	CT	25231301	25231314	tfsite_7ea090b96d74c8bc	tflocus_f1676e74122398c1	2	1	1	1
ma.tf.000000	851_YWMJBX_4	chr2R	CT	25231482	25231504	tfsite_38644c01f6b8d63e	tflocus_c38ef52cbb07f370	3	1	1	1
ma.tf.000006	861_YWMJBX_4	chr2R	CT	25221334	25221399	tfsite_c07939257977117a	tflocus_c5da106ac1f9dbe3	2	1	1	1
ma.tf.000005	861_YWMJBX_4	chr2R	CT	25222272	25222284	tfsite_07579081300c2005	tflocus_54a0a687924cc54f	2	1	1	1
ma.tf.000004	861_YWMJBX_4	chr2R	CT	25224727	25224789	tfsite_69384328448dc04f	tflocus_0da386e6d5622793	1	1	1	1
ma.tf.000003	861_YWMJBX_4	chr2R	CT	25226552	25226581	tfsite_9c3bdd5dbaf042b1	tflocus_1eb3c76c06612bf7	5	1	1	1
ma.tf.000002	861_YWMJBX_4	chr2R	CT	25226743	25226766	tfsite_137651e257a5214f	tflocus_ad8619155b1ac63e	3	1	1	1
ma.tf.000001	861_YWMJBX_4	chr2R	CT	25227198	25227208	tfsite_b18b23db1572f374	tflocus_095993e4638a126c	5	1	1	1
ma.tf.000000	861_YWMJBX_4	chr2R	CT	25228334	25228343	tfsite_fff56bfc551d179d	tflocus_484a025efb50289e	2	1	1	1
ma.tf.000000	862_YWMJBX_4	chr2R	CT	25224887	25224896	tfsite_eac0050c2ca5a03d	tflocus_fca60790f1e277ca	3	1	1	1
ma.tf.000001	862_YWMJBX_4	chr2R	CT	25227478	25227510	tfsite_b6486d0df44bf6df	tflocus_9ed81f1c05f38fc0	3	1	1	1
ma.tf.000009	865_YWMJBX_4	chr2R	CT	25224864	25224941	tfsite_fcaebc292f271c15	tflocus_4f2b5b54ba9bb8b5	1	1	1	1
ma.tf.000008	865_YWMJBX_4	chr2R	CT	25224971	25224994	tfsite_e64477c1108e3ae9	tflocus_200c8f7d8c16a216	4	1	1	1
ma.tf.000007	865_YWMJBX_4	chr2R	CT	25225776	25225788	tfsite_a83c215124abd7e8	tflocus_1bb1d2dfe7e79656	6	1	1	1
ma.tf.000006	865_YWMJBX_4	chr2R	CT	25226579	25226663	tfsite_82ee7b25624c83e2	tflocus_ca40d66c809cbd24	1	1	1	0
ma.tf.000005	865_YWMJBX_4	chr2R	CT	25226780	25226804	tfsite_324cfd1d3c1810b8	tflocus_12eade5d7ffe008e	9	1	1	1
ma.tf.000004	865_YWMJBX_4	chr2R	CT	25227323	25227349	tfsite_4d14e9d451e64e5d	tflocus_9001b8688125efc3	5	1	1	1
ma.tf.000003	865_YWMJBX_4	chr2R	CT	25227353	25227366	tfsite_a5d62b8b9508b68a	tflocus_6492e5926c7d6b4b	2	1	1	1
ma.tf.000002	865_YWMJBX_4	chr2R	CT	25227377	25227387	tfsite_6e22b25fb87e748f	tflocus_37975db974901dd5	13	1	1	1
ma.tf.000001	865_YWMJBX_4	chr2R	CT	25228388	25228413	tfsite_5f69c1b97953ab7e	tflocus_b089284732afca36	2	1	1	1
ma.tf.000000	865_YWMJBX_4	chr2R	CT	25231913	25231938	tfsite_08ca5a4ca98454e0	tflocus_f7c848c31b2bb827	2	1	1	1
ma.tf.000013	866_YWMJBX_4	chr2R	CT	25224762	25224842	tfsite_e5bcc3bc0cfd7de0	tflocus_6a72e3aec72f2dd9	2	1	1	1
ma.tf.000012	866_YWMJBX_4	chr2R	CT	25225162	25225216	tfsite_7d1574c47fca1918	tflocus_7062bfa7d6e05965	4	0	1	1
ma.tf.000011	866_YWMJBX_4	chr2R	CT	25225242	25225278	tfsite_5bece73d06e3ea23	tflocus_35d73f6414c2c5e2	3	1	1	1
ma.tf.000010	866_YWMJBX_4	chr2R	CT	25225325	25225373	tfsite_942de06a530ed038	tflocus_53dcffc525d0970f	2	1	1	1
ma.tf.000009	866_YWMJBX_4	chr2R	CT	25225376	25225391	tfsite_4dd5c7169bbc34b4	tflocus_8533a46a90d16472	2	1	1	1
ma.tf.000008	866_YWMJBX_4	chr2R	CT	25225467	25225502	tfsite_74455a79012c709a	tflocus_3826fc83f2508c31	6	1	1	1
ma.tf.000007	866_YWMJBX_4	chr2R	CT	25225759	25225769	tfsite_97964a83f69fa6b4	tflocus_15d9b46163006816	3	1	1	1
ma.tf.000006	866_YWMJBX_4	chr2R	CT	25226418	25226472	tfsite_ac6ad1e6e9140ebc	tflocus_c5a335d178b21c85	1	1	1	1
ma.tf.000005	866_YWMJBX_4	chr2R	CT	25226705	25226741	tfsite_c722e00a339a9335	tflocus_66ec4d1de6883c23	3	1	1	1
ma.tf.000004	866_YWMJBX_4	chr2R	CT	25227306	25227334	tfsite_ec9ee47e9485e607	tflocus_a3cd817247faf306	3	1	1	1
ma.tf.000003	866_YWMJBX_4	chr2R	CT	25227486	25227505	tfsite_b6486d0df44bf6df	tflocus_9ed81f1c05f38fc0	3	1	1	0
ma.tf.000002	866_YWMJBX_4	chr2R	CT	25227760	25227819	tfsite_d8f7e4cacb1ec43b	tflocus_1e991e59e00177ef	3	1	1	1
ma.tf.000001	866_YWMJBX_4	chr2R	CT	25229478	25229495	tfsite_a2fa14b0b94a5f34	tflocus_fbdf5c7464bbd3c8	2	1	1	1
ma.tf.000000	866_YWMJBX_4	chr2R	CT	25230058	25230099	tfsite_aa8a28d6737d3ee8	tflocus_a57816211f057797	2	1	1	1
ma.tf.000002	867_YWMJBX_4	chr2R	CT	25222072	25222084	tfsite_7dfa655c9efec1e2	tflocus_631c223da0e18ecb	5	1	1	1
ma.tf.000001	867_YWMJBX_4	chr2R	CT	25223752	25223804	.	.	.	0	0	0
ma.tf.000000	867_YWMJBX_4	chr2R	CT	25224821	25224832	tfsite_ab2c31ca7e2b189a	tflocus_bcb111ea644044f3	4	1	1	1
ma.tf.000000	868_YWMJBX_4	chr2R	CT	25224869	25224879	tfsite_d28cf08aafd7fdf5	tflocus_307d00acc9bd8954	5	1	1	1
ma.tf.000009	869_YWMJBX_4	chr2R	CT	25225070	25225118	tfsite_140d7675725db508	tflocus_2d627e6048094d25	1	1	1	1
ma.tf.000008	869_YWMJBX_4	chr2R	CT	25226636	25226657	tfsite_fc3e878fb713d864	tflocus_d65d671fa5d23948	5	1	1	1
ma.tf.000007	869_YWMJBX_4	chr2R	CT	25226711	25226741	tfsite_17e44b5687d6ca65	tflocus_66ec4d1de6883c23	5	1	1	1
ma.tf.000006	869_YWMJBX_4	chr2R	CT	25227300	25227340	tfsite_ec9ee47e9485e607	tflocus_a3cd817247faf306	3	1	0	0
ma.tf.000005	869_YWMJBX_4	chr2R	CT	25227399	25227409	tfsite_a0b0e5cdcac9a8f1	tflocus_ac10e6c9ce90faa5	9	1	1	1
ma.tf.000004	869_YWMJBX_4	chr2R	CT	25227458	25227471	tfsite_825a9e74558c7b75	tflocus_86cf58e1c8d2efd1	4	1	1	1
ma.tf.000003	869_YWMJBX_4	chr2R	CT	25227530	25227544	tfsite_ece1680eda7bf7af	tflocus_92ae6bf282a791fd	5	1	1	1
ma.tf.000002	869_YWMJBX_4	chr2R	CT	25229176	25229200	.	.	.	0	0	0
ma.tf.000001	869_YWMJBX_4	chr2R	CT	25229829	25229846	tfsite_9d8201899ef2f517	tflocus_7107ce05ffd50634	2	1	1	1
ma.tf.000000	869_YWMJBX_4	chr2R	CT	25230056	25230070	tfsite_ac33c2e394107b15	tflocus_41755cbe47e7b9da	3	1	1	1
ma.tf.000007	86_YWMJBX_4	chr2R	CT	25225219	25225244	tfsite_7873ac4ec02b1acc	tflocus_65fa17a3e1db5e8c	4	1	1	1
ma.tf.000006	86_YWMJBX_4	chr2R	CT	25225530	25225545	tfsite_9e4653615a4353e7	tflocus_f27456029e3ce898	3	1	1	1
ma.tf.000005	86_YWMJBX_4	chr2R	CT	25225601	25225623	tfsite_1c8352ac49cb2821	tflocus_b901a4a3168ceb69	3	1	1	1
ma.tf.000004	86_YWMJBX_4	chr2R	CT	25226036	25226086	tfsite_347d49eea7f1839b	tflocus_c7c84a8a550dc091	1	1	1	1
ma.tf.000003	86_YWMJBX_4	chr2R	CT	25226657	25226673	tfsite_4d02217bd3d9f900	tflocus_3303cb5b8d07d733	5	1	1	1
ma.tf.000002	86_YWMJBX_4	chr2R	CT	25226710	25226723	tfsite_b58aa739ace8e8db	tflocus_537ebd2033506beb	10	1	1	1
ma.tf.000001	86_YWMJBX_4	chr2R	CT	25229392	25229456	tfsite_363b6f17d5fd094e	tflocus_dd95874c8ca3b025	1	1	1	1
ma.tf.000000	86_YWMJBX_4	chr2R	CT	25231874	25231935	tfsite_df343d5990bae0aa	tflocus_50faaceac24643c1	2	1	1	1
ma.tf.000011	871_YWMJBX_4	chr2R	CT	25223411	25223437	tfsite_2bd6292069ea3a38	tflocus_bb41403b846bdd40	1	1	1	1
ma.tf.000010	871_YWMJBX_4	chr2R	CT	25223494	25223508	tfsite_270ad9ec4ee195be	tflocus_c2b9fc855470e8cc	3	1	1	1
ma.tf.000009	871_YWMJBX_4	chr2R	CT	25224937	25224964	tfsite_d499c046e4701968	tflocus_7d1278b6d10dd173	5	1	1	1
ma.tf.000008	871_YWMJBX_4	chr2R	CT	25224984	25225063	tfsite_901689cf4d2ccb96	tflocus_f385f97c7d94b88a	1	1	1	0
ma.tf.000007	871_YWMJBX_4	chr2R	CT	25225674	25225685	tfsite_10691cc9b01cc364	tflocus_87dc6ee34a0f25ff	4	1	1	1
ma.tf.000006	871_YWMJBX_4	chr2R	CT	25226525	25226566	tfsite_1b892ccd26ff8e57	tflocus_7020547dbf400262	2	1	1	1
ma.tf.000005	871_YWMJBX_4	chr2R	CT	25226680	25226739	tfsite_5aa9101f4ee7dd5f	tflocus_537ebd2033506beb	3	1	1	1
ma.tf.000004	871_YWMJBX_4	chr2R	CT	25227487	25227550	tfsite_2ade024607931fb6	tflocus_418dd175f8ef7d8b	3	1	1	1
ma.tf.000003	871_YWMJBX_4	chr2R	CT	25227725	25227736	tfsite_db71f685b5a4d264	tflocus_8ca65d190b918409	3	1	1	1
ma.tf.000002	871_YWMJBX_4	chr2R	CT	25227782	25227793	tfsite_4f6d1439a37c0d9d	tflocus_1e991e59e00177ef	4	1	1	1
ma.tf.000001	871_YWMJBX_4	chr2R	CT	25229149	25229164	tfsite_843dfc32cb9cee42	tflocus_07a5a0f35a291b74	2	1	1	1
ma.tf.000000	871_YWMJBX_4	chr2R	CT	25230003	25230046	tfsite_868cbe5c8c84dbc5	tflocus_5587769eaed76937	1	1	1	1
ma.tf.000003	872_YWMJBX_4	chr2R	CT	25221963	25221997	tfsite_99e2d1d53a764abb	tflocus_c99b06da8534fc77	1	0	0	0
ma.tf.000002	872_YWMJBX_4	chr2R	CT	25224068	25224097	tfsite_895240cc7a13557b	tflocus_8d2643625fcdf6a5	2	1	1	1
ma.tf.000001	872_YWMJBX_4	chr2R	CT	25226313	25226326	tfsite_c6452c577b9c55f1	tflocus_fd995543799715a8	2	1	1	1
ma.tf.000000	872_YWMJBX_4	chr2R	CT	25228117	25228178	tfsite_a50bb99a1a4ff7df	tflocus_99ccf62115f69b08	3	1	1	1
ma.tf.000000	876_YWMJBX_4	chr2R	CT	25226020	25226030	tfsite_193fa3d6e94eb5a3	tflocus_30290edcf07bb235	3	1	1	1
ma.tf.000001	876_YWMJBX_4	chr2R	CT	25226463	25226493	tfsite_b3e719f2fc82573a	tflocus_c65895f4af8f195f	4	1	1	1
ma.tf.000002	876_YWMJBX_4	chr2R	CT	25227842	25227911	tfsite_c6d74e79125c3c6b	tflocus_f7ae6409314f0ad5	1	1	1	1
ma.tf.000003	876_YWMJBX_4	chr2R	CT	25228341	25228366	tfsite_e1410f70532aab1c	tflocus_81555aa17e14e019	2	1	1	1
ma.tf.000004	876_YWMJBX_4	chr2R	CT	25231773	25231782	tfsite_b4201ea583f840de	tflocus_26f199c6a0617002	2	1	1	1
ma.tf.000005	876_YWMJBX_4	chr2R	CT	25231869	25231919	tfsite_5f8320f493a2de82	tflocus_f60f31dbdf8e1833	3	0	0	0
ma.tf.000005	878_YWMJBX_4	chr2R	CT	25222874	25222957	tfsite_37026ea6685dc2bb	tflocus_3338f2a6d7048a3b	1	1	1	0
ma.tf.000004	878_YWMJBX_4	chr2R	CT	25224605	25224658	tfsite_406cf7853f1bc628	tflocus_9ebdda41a1350bab	3	1	1	1
ma.tf.000003	878_YWMJBX_4	chr2R	CT	25224828	25224836	tfsite_9bbbe8a98bfd298f	tflocus_bcb111ea644044f3	5	1	1	1
ma.tf.000002	878_YWMJBX_4	chr2R	CT	25225050	25225121	tfsite_62dcbc5301fe9c0a	tflocus_4bbd925f168c866a	2	1	1	1
ma.tf.000001	878_YWMJBX_4	chr2R	CT	25227719	25227759	tfsite_7d53fc41e43810f1	tflocus_8ca65d190b918409	2	1	1	1
ma.tf.000000	878_YWMJBX_4	chr2R	CT	25228730	25228756	tfsite_1c895085b37234cf	tflocus_be52bc036a087ef5	2	0	1	0
ma.tf.000006	87_YWMJBX_4	chr2R	CT	25223481	25223560	tfsite_4e5f3bcba3b58cdd	tflocus_2372cb04a4482885	2	1	1	1
ma.tf.000005	87_YWMJBX_4	chr2R	CT	25228014	25228056	tfsite_9c1637091a9c3e72	tflocus_81c9861515ce4740	1	1	1	1
ma.tf.000004	87_YWMJBX_4	chr2R	CT	25228115	25228151	tfsite_33619f1414103f24	tflocus_2297717986177c88	4	1	1	1
ma.tf.000003	87_YWMJBX_4	chr2R	CT	25228200	25228240	tfsite_d943f8b18e5ae05f	tflocus_148ee2b88f8174c9	2	1	1	1
ma.tf.000002	87_YWMJBX_4	chr2R	CT	25229416	25229464	tfsite_60f0d63b0594cb74	tflocus_7c6cac5415e553ab	1	1	1	0
ma.tf.000001	87_YWMJBX_4	chr2R	CT	25229524	25229591	tfsite_1924da4ac705cc22	tflocus_c62672cb6e6966f6	1	1	1	1
ma.tf.000000	87_YWMJBX_4	chr2R	CT	25229875	25229885	tfsite_67e912fa832211af	tflocus_3feaf9a66ca62b4c	2	1	1	1
ma.tf.000000	880_YWMJBX_4	chr2R	CT	25223962	25223975	tfsite_b158c8cd42d61d73	tflocus_84fa65ce8e8e3af0	1	1	1	1
ma.tf.000001	880_YWMJBX_4	chr2R	CT	25224335	25224347	tfsite_76691b0c797fa4ea	tflocus_85df4ff2475750e7	2	1	1	1
ma.tf.000002	880_YWMJBX_4	chr2R	CT	25225689	25225703	tfsite_ee78d651bb56debd	tflocus_e2a15e6fea276455	7	1	1	1
ma.tf.000003	880_YWMJBX_4	chr2R	CT	25225807	25225819	tfsite_1779d24c94ed37f7	tflocus_a7db007b8f168077	2	0	0	0
ma.tf.000004	880_YWMJBX_4	chr2R	CT	25225893	25225909	tfsite_52f5d3ad8393d61c	tflocus_0323e48dd5a246c2	2	1	1	1
ma.tf.000005	880_YWMJBX_4	chr2R	CT	25225996	25226039	tfsite_d8e2c0ec9229ddf4	tflocus_2cb6599d22530200	3	1	1	1
ma.tf.000006	880_YWMJBX_4	chr2R	CT	25226455	25226465	tfsite_b9919bd5564083cd	tflocus_e9722e8789069226	2	0	0	0
ma.tf.000007	880_YWMJBX_4	chr2R	CT	25226492	25226522	tfsite_033f789d9a6b95e4	tflocus_dd2d1a79b93ae74c	3	1	1	1
ma.tf.000008	880_YWMJBX_4	chr2R	CT	25227166	25227180	tfsite_979a9132dfeb2f82	tflocus_37d270c8c0ae4b58	4	1	1	1
ma.tf.000000	881_YWMJBX_4	chr2R	CT	25222467	25222505	tfsite_d2185a947511feab	tflocus_a62c219bcf2953b1	1	1	1	1
ma.tf.000018	882_YWMJBX_4	chr2R	CT	25221337	25221402	tfsite_c07939257977117a	tflocus_c5da106ac1f9dbe3	2	1	1	1
ma.tf.000017	882_YWMJBX_4	chr2R	CT	25224154	25224213	tfsite_b7a7f290f3a76c5c	tflocus_99cec673b03408e4	1	1	1	1
ma.tf.000016	882_YWMJBX_4	chr2R	CT	25224793	25224834	tfsite_a9b6f566178815ce	tflocus_a8efe87a00e988fe	1	1	1	1
ma.tf.000015	882_YWMJBX_4	chr2R	CT	25224914	25224998	tfsite_4934379d0ddec263	tflocus_7d1278b6d10dd173	1	1	1	1
ma.tf.000014	882_YWMJBX_4	chr2R	CT	25225062	25225094	tfsite_b3881577579819e1	tflocus_a1bbfc446d48d4ea	2	1	1	1
ma.tf.000013	882_YWMJBX_4	chr2R	CT	25225139	25225203	tfsite_9aa63d78aa277f3c	tflocus_413f524d4acc0a2f	1	1	1	1
ma.tf.000012	882_YWMJBX_4	chr2R	CT	25225208	25225222	tfsite_45944540334ef555	tflocus_3fc2370c78c63760	3	1	1	1
ma.tf.000011	882_YWMJBX_4	chr2R	CT	25225247	25225325	tfsite_badce2e92df0304d	tflocus_7d86b0b8cafc19a9	1	1	1	1
ma.tf.000010	882_YWMJBX_4	chr2R	CT	25225690	25225702	tfsite_ee78d651bb56debd	tflocus_e2a15e6fea276455	7	1	1	1
ma.tf.000009	882_YWMJBX_4	chr2R	CT	25225797	25225809	tfsite_f9b0ac4c50571a18	tflocus_cc50716c053f987c	3	1	1	0
ma.tf.000008	882_YWMJBX_4	chr2R	CT	25226554	25226591	tfsite_e60c9b6ae2712b1d	tflocus_1eb3c76c06612bf7	7	1	1	1
ma.tf.000007	882_YWMJBX_4	chr2R	CT	25226633	25226648	tfsite_38475ec37470c375	tflocus_6d95b6d5ea493574	16	0	1	1
ma.tf.000006	882_YWMJBX_4	chr2R	CT	25227322	25227338	tfsite_b326349c78c41560	tflocus_9001b8688125efc3	4	1	1	1
ma.tf.000005	882_YWMJBX_4	chr2R	CT	25228264	25228312	tfsite_3c93c8836ffd67b1	tflocus_18118421f52dba73	1	1	1	1
ma.tf.000004	882_YWMJBX_4	chr2R	CT	25228330	25228348	tfsite_fff56bfc551d179d	tflocus_484a025efb50289e	2	1	1	1
ma.tf.000003	882_YWMJBX_4	chr2R	CT	25230906	25230977	tfsite_0e24a0ab7b1065e0	tflocus_eff5990842308665	1	1	1	1
ma.tf.000002	882_YWMJBX_4	chr2R	CT	25231000	25231039	tfsite_d43da8f8f231438a	tflocus_f8852b029e8a492b	1	1	1	1
ma.tf.000001	882_YWMJBX_4	chr2R	CT	25231613	25231682	tfsite_dfa275e8330036ef	tflocus_19e86c8d61d7fbe0	1	1	1	1
ma.tf.000000	882_YWMJBX_4	chr2R	CT	25231887	25231936	tfsite_89237b1fa527c2b1	tflocus_50faaceac24643c1	5	1	1	1
ma.tf.000000	883_YWMJBX_4	chr2R	CT	25221872	25221910	tfsite_748b6671f246f186	tflocus_4b41f722e8246325	3	1	1	1
ma.tf.000001	883_YWMJBX_4	chr2R	CT	25223514	25223573	tfsite_010c0326c73193db	tflocus_e65221281fbc078c	1	1	1	1
ma.tf.000002	883_YWMJBX_4	chr2R	CT	25224335	25224347	tfsite_76691b0c797fa4ea	tflocus_85df4ff2475750e7	2	1	1	1
ma.tf.000003	883_YWMJBX_4	chr2R	CT	25224869	25224884	tfsite_d550d62a2ac308ab	tflocus_307d00acc9bd8954	6	1	1	1
ma.tf.000004	883_YWMJBX_4	chr2R	CT	25224887	25224896	tfsite_eac0050c2ca5a03d	tflocus_fca60790f1e277ca	3	1	1	1
ma.tf.000000	887_YWMJBX_4	chr2R	CT	25221320	25221343	tfsite_8ccdc060cd108c72	tflocus_6f6e3409440d7f5e	1	1	1	1
ma.tf.000001	887_YWMJBX_4	chr2R	CT	25225811	25225834	tfsite_86b2e9da4334d658	tflocus_d03cddd1ab148bcd	5	1	1	1
ma.tf.000002	887_YWMJBX_4	chr2R	CT	25227367	25227380	tfsite_cb300c4c4dec0d79	tflocus_37975db974901dd5	6	1	1	1
ma.tf.000000	889_YWMJBX_4	chr2R	CT	25225930	25225943	tfsite_dfe128b92b97e81c	tflocus_ccb744ebf8a765ae	4	1	1	1
ma.tf.000001	889_YWMJBX_4	chr2R	CT	25226414	25226434	tfsite_1074b91f37421aac	tflocus_3f9a82d435ca2c23	2	1	1	1
ma.tf.000002	889_YWMJBX_4	chr2R	CT	25227714	25227727	tfsite_a547ffa0f97cbe95	tflocus_92ad56b434ffae35	3	1	1	1
ma.tf.000003	889_YWMJBX_4	chr2R	CT	25228656	25228667	tfsite_f7ac51c30e1bca0b	tflocus_2f8fa0ae7eebd8db	4	1	1	1
ma.tf.000000	88_YWMJBX_4	chr2R	CT	25221690	25221718	tfsite_f258812f819c0879	tflocus_84fc3c657f0eefa9	2	1	1	1
ma.tf.000001	88_YWMJBX_4	chr2R	CT	25222975	25222990	tfsite_d536d5b24af83cc7	tflocus_7d11293d9537e089	3	1	1	1
ma.tf.000002	88_YWMJBX_4	chr2R	CT	25226492	25226521	tfsite_033f789d9a6b95e4	tflocus_dd2d1a79b93ae74c	3	1	1	1
ma.tf.000003	88_YWMJBX_4	chr2R	CT	25226570	25226597	tfsite_963c305b908b4614	tflocus_1b53b69855864508	3	1	1	1
ma.tf.000004	88_YWMJBX_4	chr2R	CT	25228647	25228667	tfsite_f7ac51c30e1bca0b	tflocus_2f8fa0ae7eebd8db	4	1	1	1
ma.tf.000005	88_YWMJBX_4	chr2R	CT	25230965	25230993	tfsite_05c2938130a409ce	tflocus_38cdfbb83759e62f	2	1	1	1
ma.tf.000006	88_YWMJBX_4	chr2R	CT	25231869	25231934	tfsite_8bf1e79f70a873d7	tflocus_50faaceac24643c1	1	1	1	1
ma.tf.000000	893_YWMJBX_4	chr2R	CT	25221320	25221347	tfsite_8ccdc060cd108c72	tflocus_6f6e3409440d7f5e	1	1	1	1
ma.tf.000001	893_YWMJBX_4	chr2R	CT	25221357	25221392	tfsite_fd1a2cf2d07009ec	tflocus_9121ff87d507cb4f	1	1	1	1
ma.tf.000002	893_YWMJBX_4	chr2R	CT	25222975	25223003	tfsite_856d1b6f7eb30047	tflocus_7d11293d9537e089	4	1	1	1
ma.tf.000003	893_YWMJBX_4	chr2R	CT	25225879	25225888	tfsite_6f974d81adfe2ddd	tflocus_bfe45159ca5eed06	1	1	1	1
ma.tf.000004	893_YWMJBX_4	chr2R	CT	25226475	25226489	tfsite_fa6428dd75652780	tflocus_c65895f4af8f195f	6	1	1	1
ma.tf.000005	893_YWMJBX_4	chr2R	CT	25226492	25226505	tfsite_725b67b42e475f04	tflocus_dd2d1a79b93ae74c	2	1	1	1
ma.tf.000006	893_YWMJBX_4	chr2R	CT	25226576	25226597	tfsite_855d23b6e5ed509e	tflocus_1b53b69855864508	5	1	1	1
ma.tf.000007	893_YWMJBX_4	chr2R	CT	25227086	25227161	tfsite_f919952c2042de26	tflocus_ef25617014a37444	1	1	1	0
ma.tf.000008	893_YWMJBX_4	chr2R	CT	25227222	25227261	tfsite_4d65e47d592af265	tflocus_6fffd5b34f293244	2	1	1	1
ma.tf.000009	893_YWMJBX_4	chr2R	CT	25227878	25227906	tfsite_c2a28bc049d196ab	tflocus_c61a03cb76d1ce4e	3	1	1	1
ma.tf.000010	893_YWMJBX_4	chr2R	CT	25229156	25229200	tfsite_018963d8acd19c49	tflocus_320b74f92f7064cd	1	0	0	0
ma.tf.000011	893_YWMJBX_4	chr2R	CT	25230269	25230301	tfsite_6029d5bb5cccde91	tflocus_e94644c68797a991	4	1	1	1
ma.tf.000012	893_YWMJBX_4	chr2R	CT	25231147	25231163	tfsite_553b39e38c43d07b	tflocus_0807946c1c4ddafb	1	1	1	1
ma.tf.000000	896_YWMJBX_4	chr2R	CT	25226457	25226465	tfsite_b9919bd5564083cd	tflocus_e9722e8789069226	2	1	1	1
ma.tf.000001	896_YWMJBX_4	chr2R	CT	25230981	25231009	tfsite_fd1d52d73263b634	tflocus_1e3fc24ee26d4785	1	1	1	1
ma.tf.000001	897_YWMJBX_4	chr2R	CT	25221322	25221387	tfsite_20a4f6c39602200a	tflocus_55af339fd22dba74	6	1	1	1
ma.tf.000000	897_YWMJBX_4	chr2R	CT	25221420	25221452	tfsite_8390e22f1c0d09fe	tflocus_063479e6bc6e23dd	4	1	1	1
ma.tf.000000	898_YWMJBX_4	chr2R	CT	25223163	25223197	tfsite_f07e1d92328f7d0f	tflocus_685a53d7425fa6b7	2	1	1	1
ma.tf.000001	898_YWMJBX_4	chr2R	CT	25226020	25226039	tfsite_5086e7bcb4c45dcb	tflocus_30290edcf07bb235	4	1	1	1
ma.tf.000002	898_YWMJBX_4	chr2R	CT	25226406	25226430	tfsite_1074b91f37421aac	tflocus_3f9a82d435ca2c23	2	1	1	1
ma.tf.000003	898_YWMJBX_4	chr2R	CT	25228419	25228503	tfsite_5ec97b3612d37802	tflocus_81d3d616e9c56376	1	1	1	0
ma.tf.000004	898_YWMJBX_4	chr2R	CT	25230093	25230163	tfsite_a8c06ee008e23c59	tflocus_84ec777129a2029a	1	1	1	1
ma.tf.000005	898_YWMJBX_4	chr2R	CT	25230206	25230245	tfsite_3c5d5554c4651a45	tflocus_bd5a033162828b25	2	1	1	1
ma.tf.000006	898_YWMJBX_4	chr2R	CT	25231494	25231564	tfsite_02031eb9e236146a	tflocus_270dfb417d612a95	1	1	1	0
ma.tf.000007	898_YWMJBX_4	chr2R	CT	25231647	25231663	tfsite_fa9c6e13e4df1ed4	tflocus_19e86c8d61d7fbe0	2	1	1	0
ma.tf.000008	898_YWMJBX_4	chr2R	CT	25231806	25231818	tfsite_f77cd7c3999f703d	tflocus_b9d957c1b2c52424	3	1	1	1
ma.tf.000009	898_YWMJBX_4	chr2R	CT	25231897	25231934	tfsite_9c0fdb92beb34a73	tflocus_f7c848c31b2bb827	1	1	1	1
ma.tf.000005	899_YWMJBX_4	chr2R	CT	25226561	25226595	tfsite_757077ce20316159	tflocus_1eb3c76c06612bf7	9	1	1	1
ma.tf.000004	899_YWMJBX_4	chr2R	CT	25226628	25226655	tfsite_38475ec37470c375	tflocus_6d95b6d5ea493574	16	1	1	1
ma.tf.000003	899_YWMJBX_4	chr2R	CT	25226691	25226730	tfsite_03720ccd560a55a4	tflocus_537ebd2033506beb	6	1	1	1
ma.tf.000002	899_YWMJBX_4	chr2R	CT	25226740	25226765	tfsite_137651e257a5214f	tflocus_ad8619155b1ac63e	3	1	1	1
ma.tf.000001	899_YWMJBX_4	chr2R	CT	25227365	25227398	tfsite_d6ce85cddf994664	tflocus_37975db974901dd5	8	1	1	1
ma.tf.000000	899_YWMJBX_4	chr2R	CT	25227538	25227555	tfsite_294015f565d7db5d	tflocus_ea41d7d9d5214203	3	1	1	1
ma.tf.000001	8_YWMJBX_4	chr2R	CT	25224402	25224443	tfsite_b467c10c92d88cac	tflocus_96c16d3318903cdb	4	1	1	1
ma.tf.000000	8_YWMJBX_4	chr2R	CT	25228998	25229024	tfsite_77c249aa8a757dcf	tflocus_2a438dae63806f0b	2	1	1	1
ma.tf.000000	901_YWMJBX_4	chr2R	CT	25223190	25223197	tfsite_308403b84c2bf530	tflocus_a308de599a726c3c	1	0	1	0
ma.tf.000001	901_YWMJBX_4	chr2R	CT	25224564	25224632	tfsite_798a85d7790feea4	tflocus_2fb51b1ac82cdd67	1	1	1	1
ma.tf.000002	901_YWMJBX_4	chr2R	CT	25225857	25225880	tfsite_ccac1e1434501b9c	tflocus_9088a64faaf226b4	2	0	0	0
ma.tf.000003	901_YWMJBX_4	chr2R	CT	25226492	25226522	tfsite_033f789d9a6b95e4	tflocus_dd2d1a79b93ae74c	3	1	1	1
ma.tf.000004	901_YWMJBX_4	chr2R	CT	25226532	25226565	tfsite_1b892ccd26ff8e57	tflocus_7020547dbf400262	2	1	1	1
ma.tf.000005	901_YWMJBX_4	chr2R	CT	25226598	25226665	tfsite_3438708b9eb564c7	tflocus_6d95b6d5ea493574	1	1	1	1
ma.tf.000006	901_YWMJBX_4	chr2R	CT	25227429	25227465	tfsite_382e84f93e3e8525	tflocus_8482d66dc05a2c50	5	1	1	1
ma.tf.000007	901_YWMJBX_4	chr2R	CT	25227505	25227541	tfsite_b813c6ad241cc772	tflocus_92ae6bf282a791fd	2	1	1	1
ma.tf.000008	901_YWMJBX_4	chr2R	CT	25227628	25227653	tfsite_50fc4012f056d16f	tflocus_380ac5ebf896acad	5	1	1	1
ma.tf.000009	901_YWMJBX_4	chr2R	CT	25227714	25227800	tfsite_d0aaefde17d13645	tflocus_beb5a83f6ddc91df	2	1	1	0
ma.tf.000010	901_YWMJBX_4	chr2R	CT	25227891	25227908	tfsite_0f472af0358fd71b	tflocus_fe9420b4af12b011	2	1	1	1
ma.tf.000009	904_YWMJBX_4	chr2R	CT	25225620	25225637	tfsite_374bd01ba4498987	tflocus_e7ffd380457dae87	3	1	1	1
ma.tf.000008	904_YWMJBX_4	chr2R	CT	25226526	25226577	tfsite_e29f54b508258f3d	tflocus_7020547dbf400262	3	1	1	1
ma.tf.000007	904_YWMJBX_4	chr2R	CT	25226619	25226635	tfsite_99b39f40f2febc70	tflocus_ca40d66c809cbd24	10	1	1	1
ma.tf.000006	904_YWMJBX_4	chr2R	CT	25226694	25226724	tfsite_463e0ea5cec5d52e	tflocus_537ebd2033506beb	9	1	1	1
ma.tf.000005	904_YWMJBX_4	chr2R	CT	25227326	25227335	tfsite_b326349c78c41560	tflocus_9001b8688125efc3	4	1	1	1
ma.tf.000004	904_YWMJBX_4	chr2R	CT	25227439	25227452	tfsite_187261536714b62f	tflocus_8482d66dc05a2c50	6	1	1	1
ma.tf.000003	904_YWMJBX_4	chr2R	CT	25227511	25227525	tfsite_aa70f41a7366bcf5	tflocus_418dd175f8ef7d8b	7	1	1	1
ma.tf.000002	904_YWMJBX_4	chr2R	CT	25227792	25227806	tfsite_14c631b886a4edbe	tflocus_3caf086503cdaf3b	3	1	1	1
ma.tf.000001	904_YWMJBX_4	chr2R	CT	25228109	25228146	tfsite_6cf2c18ee6e4c93e	tflocus_2297717986177c88	3	1	1	1
ma.tf.000000	904_YWMJBX_4	chr2R	CT	25228634	25228668	tfsite_e56dcb004f546f66	tflocus_cf6d416d03eae4fb	1	1	1	1
ma.tf.000005	908_YWMJBX_4	chr2R	CT	25224661	25224703	tfsite_23ea868dac4bad15	tflocus_42db33e3a441d6d3	2	1	1	1
ma.tf.000004	908_YWMJBX_4	chr2R	CT	25225769	25225783	tfsite_03491598fb492ea5	tflocus_1bb1d2dfe7e79656	5	1	1	1
ma.tf.000003	908_YWMJBX_4	chr2R	CT	25227023	25227049	tfsite_762f372e771c1b95	tflocus_8a7d6029fa7dc13d	1	1	1	0
ma.tf.000002	908_YWMJBX_4	chr2R	CT	25227390	25227406	tfsite_dc995be820e32821	tflocus_ac10e6c9ce90faa5	7	1	1	1
ma.tf.000001	908_YWMJBX_4	chr2R	CT	25229278	25229328	tfsite_9f67de8042b9ae33	tflocus_de6cdf87d8fd0c8c	1	1	1	1
ma.tf.000000	908_YWMJBX_4	chr2R	CT	25231156	25231168	tfsite_553b39e38c43d07b	tflocus_0807946c1c4ddafb	1	1	1	1
ma.tf.000005	909_YWMJBX_4	chr2R	CT	25221364	25221383	tfsite_f2f60dfe2a2cb5cf	tflocus_9121ff87d507cb4f	2	1	1	1
ma.tf.000004	909_YWMJBX_4	chr2R	CT	25222127	25222159	tfsite_f6f4baf5844e1a25	tflocus_babbe9c8a66a01d5	2	1	1	1
ma.tf.000003	909_YWMJBX_4	chr2R	CT	25224843	25224875	tfsite_b267c31d2913ea96	tflocus_c1bec3015aea9eae	6	1	1	1
ma.tf.000002	909_YWMJBX_4	chr2R	CT	25225490	25225521	tfsite_7d74698e7241eff5	tflocus_240cde36d775e826	1	1	1	1
ma.tf.000001	909_YWMJBX_4	chr2R	CT	25225914	25225965	tfsite_cb56c13bc00840ee	tflocus_ccb744ebf8a765ae	2	1	1	1
ma.tf.000000	909_YWMJBX_4	chr2R	CT	25230044	25230070	tfsite_b6ad7b4b35400626	tflocus_41755cbe47e7b9da	1	1	1	1
ma.tf.000000	90_YWMJBX_4	chr2R	CT	25224142	25224206	tfsite_75cca0fbaf2bb334	tflocus_2c78ad4d47dc68ff	1	1	1	1
ma.tf.000001	90_YWMJBX_4	chr2R	CT	25226488	25226501	tfsite_84fe777d96799383	tflocus_77b9d07b9082d3ba	4	1	1	1
ma.tf.000002	90_YWMJBX_4	chr2R	CT	25227726	25227749	tfsite_22a4e8dee82bfca7	tflocus_8ca65d190b918409	4	1	1	1
ma.tf.000008	911_YWMJBX_4	chr2R	CT	25224195	25224220	tfsite_35348efe3e7e80e3	tflocus_a9f34694d5b0bbea	1	0	0	0
ma.tf.000007	911_YWMJBX_4	chr2R	CT	25224432	25224489	tfsite_53b4dccc8d76c5b9	tflocus_2035539ea405a256	1	1	1	1
ma.tf.000006	911_YWMJBX_4	chr2R	CT	25224917	25224982	tfsite_27f73267208655e2	tflocus_7d1278b6d10dd173	2	1	1	1
ma.tf.000005	911_YWMJBX_4	chr2R	CT	25224994	25225002	tfsite_19ce84aaf447b0da	tflocus_eb3cbd643c7250f4	2	1	1	1
ma.tf.000004	911_YWMJBX_4	chr2R	CT	25226632	25226648	tfsite_38475ec37470c375	tflocus_6d95b6d5ea493574	16	1	1	1
ma.tf.000003	911_YWMJBX_4	chr2R	CT	25226724	25226737	tfsite_5e3eb4a9c9cef3e9	tflocus_66ec4d1de6883c23	7	1	1	1
ma.tf.000002	911_YWMJBX_4	chr2R	CT	25227199	25227222	tfsite_ec207e62dbbff90c	tflocus_095993e4638a126c	6	1	1	1
ma.tf.000001	911_YWMJBX_4	chr2R	CT	25227295	25227306	tfsite_cc9021ea8081c8a0	tflocus_f655c66fa00ae2bc	3	1	1	1
ma.tf.000000	911_YWMJBX_4	chr2R	CT	25229271	25229279	tfsite_447618d8d71d0ce8	tflocus_3c629e8533171a33	2	1	1	1
ma.tf.000000	913_YWMJBX_4	chr2R	CT	25226715	25226745	tfsite_5e3eb4a9c9cef3e9	tflocus_66ec4d1de6883c23	7	1	1	1
ma.tf.000017	918_YWMJBX_4	chr2R	CT	25224131	25224166	tfsite_bc5b615eb241f217	tflocus_3c991d954f889c38	2	1	1	1
ma.tf.000016	918_YWMJBX_4	chr2R	CT	25224356	25224379	tfsite_f426a2238286e11d	tflocus_45176211c8f31112	2	1	1	1
ma.tf.000015	918_YWMJBX_4	chr2R	CT	25224520	25224553	tfsite_84f5d90368b10ebd	tflocus_2c2adfaa20521811	1	1	1	1
ma.tf.000014	918_YWMJBX_4	chr2R	CT	25224794	25224818	tfsite_a4290a426454581b	tflocus_a8efe87a00e988fe	2	1	1	1
ma.tf.000013	918_YWMJBX_4	chr2R	CT	25224830	25224878	tfsite_48e9938aefee3df8	tflocus_c1bec3015aea9eae	4	1	1	1
ma.tf.000012	918_YWMJBX_4	chr2R	CT	25225096	25225133	tfsite_3e37933c82cb6841	tflocus_516f353e478d733b	4	1	1	1
ma.tf.000011	918_YWMJBX_4	chr2R	CT	25225194	25225211	tfsite_c16e79ebc362c507	tflocus_5d327f4f7c1fa1e3	4	1	1	1
ma.tf.000010	918_YWMJBX_4	chr2R	CT	25225228	25225300	tfsite_a789b2e93c5f4601	tflocus_f1a129665fef234e	1	1	1	1
ma.tf.000009	918_YWMJBX_4	chr2R	CT	25225310	25225332	tfsite_9c2f563aab8a7e08	tflocus_1d91e0ae5159fedc	1	1	1	1
ma.tf.000008	918_YWMJBX_4	chr2R	CT	25225434	25225462	tfsite_b384edd700476459	tflocus_8e6359e86526972a	3	1	1	1
ma.tf.000007	918_YWMJBX_4	chr2R	CT	25225498	25225507	tfsite_f15df7b27bec1dc6	tflocus_240cde36d775e826	2	1	1	1
ma.tf.000006	918_YWMJBX_4	chr2R	CT	25225567	25225593	tfsite_c78beafd1075840b	tflocus_a310cc4438fc4ea9	5	1	1	1
ma.tf.000005	918_YWMJBX_4	chr2R	CT	25226049	25226094	tfsite_b895efc0bd0e59b8	tflocus_bf972de6af105872	2	1	1	1
ma.tf.000004	918_YWMJBX_4	chr2R	CT	25226508	25226553	tfsite_a0e4226922af6d02	tflocus_a8af8b18d5942620	5	1	1	1
ma.tf.000003	918_YWMJBX_4	chr2R	CT	25226629	25226654	tfsite_38475ec37470c375	tflocus_6d95b6d5ea493574	16	1	1	1
ma.tf.000002	918_YWMJBX_4	chr2R	CT	25227125	25227191	tfsite_a5cedb91662149ac	tflocus_c9ba799edf720aaf	1	1	1	1
ma.tf.000001	918_YWMJBX_4	chr2R	CT	25227328	25227343	tfsite_4d14e9d451e64e5d	tflocus_9001b8688125efc3	5	1	1	1
ma.tf.000000	918_YWMJBX_4	chr2R	CT	25229814	25229835	tfsite_5f1360e5acab0fc9	tflocus_53d9d96a6fb149e2	2	1	1	1
ma.tf.000000	921_YWMJBX_4	chr2R	CT	25223887	25223935	tfsite_b86ccbbae2305ebc	tflocus_fe62aac9cf8108ef	2	1	1	1
ma.tf.000001	921_YWMJBX_4	chr2R	CT	25225306	25225336	tfsite_9c2f563aab8a7e08	tflocus_1d91e0ae5159fedc	1	1	1	1
ma.tf.000002	921_YWMJBX_4	chr2R	CT	25226217	25226296	tfsite_189b606c9679a0ec	tflocus_cdcf86b4ec489a54	1	1	1	0
ma.tf.000003	921_YWMJBX_4	chr2R	CT	25226576	25226597	tfsite_855d23b6e5ed509e	tflocus_1b53b69855864508	5	1	1	1
ma.tf.000004	921_YWMJBX_4	chr2R	CT	25226648	25226674	tfsite_1cd3126c600e3dc1	tflocus_d65d671fa5d23948	12	1	1	1
ma.tf.000005	921_YWMJBX_4	chr2R	CT	25228010	25228020	tfsite_9c59924d5409cb7d	tflocus_e5e84dea66b04efc	3	1	1	1
ma.tf.000006	921_YWMJBX_4	chr2R	CT	25229564	25229583	tfsite_c3776735b5d0e121	tflocus_35add18fc65dcfd7	2	1	1	1
ma.tf.000007	921_YWMJBX_4	chr2R	CT	25231897	25231934	tfsite_9c0fdb92beb34a73	tflocus_f7c848c31b2bb827	1	1	1	1
ma.tf.000003	922_YWMJBX_4	chr2R	CT	25225036	25225100	tfsite_8a670b8a92fba523	tflocus_a1bbfc446d48d4ea	1	1	1	1
ma.tf.000002	922_YWMJBX_4	chr2R	CT	25225134	25225180	tfsite_abf86e8790e5e40d	tflocus_9eff9425b53a6035	3	1	1	1
ma.tf.000001	922_YWMJBX_4	chr2R	CT	25225683	25225707	tfsite_62ab5ad29a6b5cd4	tflocus_e2a15e6fea276455	6	1	1	1
ma.tf.000000	922_YWMJBX_4	chr2R	CT	25226061	25226115	tfsite_294b895648d37fea	tflocus_86e30af808a93ae9	2	0	1	1
ma.tf.000002	925_YWMJBX_4	chr2R	CT	25226643	25226676	tfsite_c04389dabc849776	tflocus_d65d671fa5d23948	10	1	1	1
ma.tf.000001	925_YWMJBX_4	chr2R	CT	25227310	25227331	tfsite_ec9ee47e9485e607	tflocus_a3cd817247faf306	3	1	1	1
ma.tf.000000	925_YWMJBX_4	chr2R	CT	25231077	25231143	tfsite_deff016ecb519518	tflocus_a33b30a4ba4d692b	1	1	1	1
ma.tf.000000	931_YWMJBX_4	chr2R	CT	25221471	25221492	tfsite_d39752e0f07b6916	tflocus_94468c8bd5285cc6	3	1	1	1
ma.tf.000001	931_YWMJBX_4	chr2R	CT	25225408	25225432	tfsite_f36f5970b6f53eb1	tflocus_673dfbaf60071af4	3	1	1	1
ma.tf.000002	931_YWMJBX_4	chr2R	CT	25225824	25225858	tfsite_dae0dda35d1b013f	tflocus_831f90563f6b7d37	1	1	1	1
ma.tf.000003	931_YWMJBX_4	chr2R	CT	25225907	25225924	tfsite_933923bfc0bca348	tflocus_1634ccad1c02e2de	5	0	1	1
ma.tf.000004	931_YWMJBX_4	chr2R	CT	25225934	25225992	tfsite_53ec6560eb0eb06e	tflocus_1544e62653173838	2	1	1	1
ma.tf.000005	931_YWMJBX_4	chr2R	CT	25226504	25226536	tfsite_583709a8b8b3f7ea	tflocus_a8af8b18d5942620	3	1	1	1
ma.tf.000006	931_YWMJBX_4	chr2R	CT	25228010	25228027	tfsite_63747bcf5443c74d	tflocus_e5e84dea66b04efc	4	1	1	1
ma.tf.000007	931_YWMJBX_4	chr2R	CT	25231873	25231934	tfsite_8bf1e79f70a873d7	tflocus_50faaceac24643c1	1	1	1	1
ma.tf.000002	933_YWMJBX_4	chr2R	CT	25226630	25226659	tfsite_84cac00aed705c1f	tflocus_6d95b6d5ea493574	17	1	1	1
ma.tf.000001	933_YWMJBX_4	chr2R	CT	25226664	25226680	tfsite_3a20e8c97f58fdd0	tflocus_3303cb5b8d07d733	6	1	1	1
ma.tf.000000	933_YWMJBX_4	chr2R	CT	25226739	25226769	tfsite_137651e257a5214f	tflocus_ad8619155b1ac63e	3	1	1	1
ma.tf.000000	935_YWMJBX_4	chr2R	CT	25225893	25225909	tfsite_52f5d3ad8393d61c	tflocus_0323e48dd5a246c2	2	1	1	1
ma.tf.000001	935_YWMJBX_4	chr2R	CT	25227166	25227180	tfsite_979a9132dfeb2f82	tflocus_37d270c8c0ae4b58	4	1	1	1
ma.tf.000000	938_YWMJBX_4	chr2R	CT	25225905	25225924	tfsite_933923bfc0bca348	tflocus_1634ccad1c02e2de	5	1	1	1
ma.tf.000001	938_YWMJBX_4	chr2R	CT	25225930	25225962	tfsite_03c044e6f1106c93	tflocus_8ecca17975fcc96b	3	1	1	1
ma.tf.000002	938_YWMJBX_4	chr2R	CT	25226492	25226522	tfsite_033f789d9a6b95e4	tflocus_dd2d1a79b93ae74c	3	1	1	1
ma.tf.000003	938_YWMJBX_4	chr2R	CT	25226581	25226597	tfsite_4061782599961bbe	tflocus_1b53b69855864508	6	1	1	1
ma.tf.000004	938_YWMJBX_4	chr2R	CT	25226602	25226631	tfsite_e6fd282a12b5bed5	tflocus_1b8c6a4efcd1e008	6	1	1	1
ma.tf.000000	942_YWMJBX_4	chr2R	CT	25222972	25223003	tfsite_856d1b6f7eb30047	tflocus_7d11293d9537e089	4	1	1	1
ma.tf.000001	942_YWMJBX_4	chr2R	CT	25223190	25223205	tfsite_308403b84c2bf530	tflocus_a308de599a726c3c	1	0	1	0
ma.tf.000002	942_YWMJBX_4	chr2R	CT	25225762	25225793	tfsite_7fcc03f00f9aaf3d	tflocus_1bb1d2dfe7e79656	4	1	1	1
ma.tf.000003	942_YWMJBX_4	chr2R	CT	25225917	25225941	tfsite_9e42be1e53c05c55	tflocus_ccb744ebf8a765ae	3	1	1	1
ma.tf.000004	942_YWMJBX_4	chr2R	CT	25226025	25226042	tfsite_5086e7bcb4c45dcb	tflocus_30290edcf07bb235	4	1	1	1
ma.tf.000005	942_YWMJBX_4	chr2R	CT	25227727	25227749	tfsite_22a4e8dee82bfca7	tflocus_8ca65d190b918409	4	1	1	1
ma.tf.000000	944_YWMJBX_4	chr2R	CT	25223641	25223676	tfsite_2ef8ab7b2ba96a1d	tflocus_d0d539c362e60a13	1	1	1	1
ma.tf.000000	947_YWMJBX_4	chr2R	CT	25224321	25224336	tfsite_e15cdbe8b337a06f	tflocus_3effc03904cb6a74	1	1	1	1
ma.tf.000001	947_YWMJBX_4	chr2R	CT	25224360	25224413	tfsite_89d49a57d2c9467d	tflocus_4ebc2e168c511f2c	1	1	1	1
ma.tf.000002	947_YWMJBX_4	chr2R	CT	25224887	25224897	tfsite_eac0050c2ca5a03d	tflocus_fca60790f1e277ca	3	1	1	1
ma.tf.000003	947_YWMJBX_4	chr2R	CT	25225543	25225593	tfsite_8a6d31132c37ca97	tflocus_e4e7a931ff1bc47f	2	1	1	1
ma.tf.000004	947_YWMJBX_4	chr2R	CT	25225824	25225858	tfsite_dae0dda35d1b013f	tflocus_831f90563f6b7d37	1	1	1	1
ma.tf.000005	947_YWMJBX_4	chr2R	CT	25226313	25226358	tfsite_3ca086f6ad2e9e6e	tflocus_9bfa09bfeca3540e	3	1	1	1
ma.tf.000006	947_YWMJBX_4	chr2R	CT	25226455	25226477	tfsite_0f9f4ea3f0765e00	tflocus_e9722e8789069226	3	1	1	1
ma.tf.000000	949_YWMJBX_4	chr2R	CT	25231864	25231931	tfsite_0fd64695830386d1	tflocus_50faaceac24643c1	3	1	1	0
ma.tf.000000	94_YWMJBX_4	chr2R	CT	25225887	25225900	tfsite_ff3345b4c5499056	tflocus_0323e48dd5a246c2	1	1	1	1
ma.tf.000001	94_YWMJBX_4	chr2R	CT	25226025	25226042	tfsite_5086e7bcb4c45dcb	tflocus_30290edcf07bb235	4	1	1	1
ma.tf.000002	94_YWMJBX_4	chr2R	CT	25227667	25227694	tfsite_8536f6ac718f75cd	tflocus_1081133c8eca6b55	4	1	1	1
ma.tf.000003	94_YWMJBX_4	chr2R	CT	25228274	25228294	tfsite_bd6d86b8f3d915df	tflocus_9daa7bd0bca64367	3	1	1	1
ma.tf.000000	950_YWMJBX_4	chr2R	CT	25224479	25224521	tfsite_a2accbbdd15a5e0c	tflocus_cf20f3c0f857f366	4	1	1	1
ma.tf.000001	950_YWMJBX_4	chr2R	CT	25225879	25225890	tfsite_6f974d81adfe2ddd	tflocus_bfe45159ca5eed06	1	1	1	1
ma.tf.000002	950_YWMJBX_4	chr2R	CT	25225917	25225943	tfsite_9e42be1e53c05c55	tflocus_ccb744ebf8a765ae	3	1	1	1
ma.tf.000003	950_YWMJBX_4	chr2R	CT	25226492	25226522	tfsite_033f789d9a6b95e4	tflocus_dd2d1a79b93ae74c	3	1	1	1
ma.tf.000004	950_YWMJBX_4	chr2R	CT	25226564	25226597	tfsite_bace613d9cf19347	tflocus_1b53b69855864508	1	1	1	1
ma.tf.000005	950_YWMJBX_4	chr2R	CT	25226636	25226677	tfsite_694daeb023271f8b	tflocus_d65d671fa5d23948	6	1	1	1
ma.tf.000003	951_YWMJBX_4	chr2R	CT	25224544	25224566	tfsite_6054eb0c49a6fd2a	tflocus_6e50d1312d19edab	5	1	1	1
ma.tf.000002	951_YWMJBX_4	chr2R	CT	25226621	25226641	tfsite_ee13e7c6a9d64f0d	tflocus_ca40d66c809cbd24	11	0	1	1
ma.tf.000001	951_YWMJBX_4	chr2R	CT	25226687	25226726	tfsite_476651c4eb6b5fb3	tflocus_537ebd2033506beb	4	1	1	1
ma.tf.000000	951_YWMJBX_4	chr2R	CT	25226741	25226762	tfsite_b8cdaf13517ee579	tflocus_ad8619155b1ac63e	2	1	1	1
ma.tf.000000	952_YWMJBX_4	chr2R	CT	25221320	25221363	tfsite_c3b148c4a696bab2	tflocus_6f6e3409440d7f5e	2	1	1	1
ma.tf.000001	952_YWMJBX_4	chr2R	CT	25222975	25223027	tfsite_6dceafafd6b052e2	tflocus_08b6beec2e18033e	1	1	1	1
ma.tf.000002	952_YWMJBX_4	chr2R	CT	25223163	25223182	tfsite_5c8b47f404904ca8	tflocus_685a53d7425fa6b7	1	1	1	1
ma.tf.000003	952_YWMJBX_4	chr2R	CT	25225408	25225419	tfsite_cc25e79a2659b812	tflocus_673dfbaf60071af4	4	1	1	1
ma.tf.000004	952_YWMJBX_4	chr2R	CT	25225466	25225487	tfsite_2171f4bc49ab86f8	tflocus_3826fc83f2508c31	5	1	1	1
ma.tf.000005	952_YWMJBX_4	chr2R	CT	25225893	25225932	tfsite_27389305d13d3f26	tflocus_1634ccad1c02e2de	4	1	1	1
ma.tf.000006	952_YWMJBX_4	chr2R	CT	25226457	25226465	tfsite_b9919bd5564083cd	tflocus_e9722e8789069226	2	1	1	1
ma.tf.000007	952_YWMJBX_4	chr2R	CT	25226576	25226597	tfsite_855d23b6e5ed509e	tflocus_1b53b69855864508	5	1	1	1
ma.tf.000008	952_YWMJBX_4	chr2R	CT	25226648	25226674	tfsite_1cd3126c600e3dc1	tflocus_d65d671fa5d23948	12	1	1	1
ma.tf.000009	952_YWMJBX_4	chr2R	CT	25228125	25228153	tfsite_e37729a57873da10	tflocus_99ccf62115f69b08	4	1	1	1
ma.tf.000010	952_YWMJBX_4	chr2R	CT	25228221	25228285	tfsite_c13f1cb55dbedf53	tflocus_153d5e72c3af20ff	2	1	1	1
ma.tf.000011	952_YWMJBX_4	chr2R	CT	25228546	25228627	tfsite_873148a4300e81fa	tflocus_2a5ca6d65e0a1113	1	1	1	1
ma.tf.000012	952_YWMJBX_4	chr2R	CT	25228778	25228836	tfsite_e913dfc7a396285a	tflocus_6f125628fd2cadc6	3	1	1	1
ma.tf.000013	952_YWMJBX_4	chr2R	CT	25231786	25231818	tfsite_8427c64217a3dafa	tflocus_b9d957c1b2c52424	2	1	1	1
ma.tf.000014	952_YWMJBX_4	chr2R	CT	25231869	25231934	tfsite_8bf1e79f70a873d7	tflocus_50faaceac24643c1	1	1	1	1
ma.tf.000002	953_YWMJBX_4	chr2R	CT	25226656	25226683	tfsite_d23ca6f9eaadc7cd	tflocus_3303cb5b8d07d733	7	1	1	1
ma.tf.000001	953_YWMJBX_4	chr2R	CT	25226731	25226764	tfsite_b8cdaf13517ee579	tflocus_ad8619155b1ac63e	2	0	1	1
ma.tf.000000	953_YWMJBX_4	chr2R	CT	25227287	25227319	tfsite_533047fd84f7794a	tflocus_f655c66fa00ae2bc	1	1	1	1
ma.tf.000005	955_YWMJBX_4	chr2R	CT	25222095	25222112	tfsite_1e009f710b57a4cb	tflocus_73e0e877437a1992	1	1	1	1
ma.tf.000004	955_YWMJBX_4	chr2R	CT	25225679	25225708	tfsite_556cf5f5ae7c3710	tflocus_e2a15e6fea276455	5	1	1	1
ma.tf.000003	955_YWMJBX_4	chr2R	CT	25227194	25227211	tfsite_b18b23db1572f374	tflocus_095993e4638a126c	5	1	1	1
ma.tf.000002	955_YWMJBX_4	chr2R	CT	25227418	25227446	tfsite_3877834ba65c6c29	tflocus_04b04c9f7a5c1de7	5	1	1	1
ma.tf.000001	955_YWMJBX_4	chr2R	CT	25230047	25230076	tfsite_ac33c2e394107b15	tflocus_41755cbe47e7b9da	3	1	1	1
ma.tf.000000	955_YWMJBX_4	chr2R	CT	25231872	25231938	tfsite_df343d5990bae0aa	tflocus_50faaceac24643c1	2	1	1	1
ma.tf.000000	956_YWMJBX_4	chr2R	CT	25224887	25224896	tfsite_eac0050c2ca5a03d	tflocus_fca60790f1e277ca	3	1	1	1
ma.tf.000001	956_YWMJBX_4	chr2R	CT	25227478	25227510	tfsite_b6486d0df44bf6df	tflocus_9ed81f1c05f38fc0	3	1	1	1
ma.tf.000000	959_YWMJBX_4	chr2R	CT	25223819	25223838	tfsite_ffe66ed199b4a490	tflocus_fa4e34a8096d88ff	2	1	1	1
ma.tf.000001	959_YWMJBX_4	chr2R	CT	25226492	25226522	tfsite_033f789d9a6b95e4	tflocus_dd2d1a79b93ae74c	3	0	1	1
ma.tf.000002	959_YWMJBX_4	chr2R	CT	25226532	25226565	tfsite_1b892ccd26ff8e57	tflocus_7020547dbf400262	2	1	1	1
ma.tf.000003	959_YWMJBX_4	chr2R	CT	25226581	25226597	tfsite_4061782599961bbe	tflocus_1b53b69855864508	6	1	1	1
ma.tf.000004	959_YWMJBX_4	chr2R	CT	25227454	25227503	tfsite_107a2634f16d217b	tflocus_dfc8579cb9d7f505	2	1	1	1
ma.tf.000005	959_YWMJBX_4	chr2R	CT	25229564	25229583	tfsite_c3776735b5d0e121	tflocus_35add18fc65dcfd7	2	1	1	1
ma.tf.000005	962_YWMJBX_4	chr2R	CT	25221337	25221383	tfsite_d66c1db1a342404d	tflocus_c5da106ac1f9dbe3	3	1	1	1
ma.tf.000004	962_YWMJBX_4	chr2R	CT	25224174	25224190	tfsite_640aed5f422dc8ba	tflocus_99cec673b03408e4	2	1	1	1
ma.tf.000003	962_YWMJBX_4	chr2R	CT	25224978	25224986	tfsite_e64477c1108e3ae9	tflocus_200c8f7d8c16a216	4	1	1	0
ma.tf.000002	962_YWMJBX_4	chr2R	CT	25225217	25225231	tfsite_82aa18703dd7a04d	tflocus_3fc2370c78c63760	4	1	1	1
ma.tf.000001	962_YWMJBX_4	chr2R	CT	25225712	25225720	tfsite_ec7f1c2fd4393c2a	tflocus_5e5b221c2e569587	7	1	1	1
ma.tf.000000	962_YWMJBX_4	chr2R	CT	25225838	25225911	tfsite_4c98eeb37f558541	tflocus_9088a64faaf226b4	1	1	1	1
ma.tf.000003	963_YWMJBX_4	chr2R	CT	25222045	25222066	tfsite_db65f4602c7293ad	tflocus_66e34e3fbb2c11f7	3	1	1	1
ma.tf.000002	963_YWMJBX_4	chr2R	CT	25225582	25225650	tfsite_8057a3713c42f12c	tflocus_b901a4a3168ceb69	1	1	1	1
ma.tf.000001	963_YWMJBX_4	chr2R	CT	25226690	25226746	tfsite_4dfb68aa12cb3787	tflocus_537ebd2033506beb	5	1	1	1
ma.tf.000000	963_YWMJBX_4	chr2R	CT	25227388	25227417	tfsite_27231411f64778bb	tflocus_ac10e6c9ce90faa5	8	1	1	1
ma.tf.000000	965_YWMJBX_4	chr2R	CT	25226639	25226655	tfsite_fc3e878fb713d864	tflocus_d65d671fa5d23948	5	1	1	1
ma.tf.000000	968_YWMJBX_4	chr2R	CT	25225824	25225853	tfsite_dae0dda35d1b013f	tflocus_831f90563f6b7d37	1	1	1	1
ma.tf.000001	968_YWMJBX_4	chr2R	CT	25226492	25226548	tfsite_583709a8b8b3f7ea	tflocus_a8af8b18d5942620	3	1	1	1
ma.tf.000002	968_YWMJBX_4	chr2R	CT	25231189	25231210	tfsite_d7677170ed872108	tflocus_b2010d3aa2b12e4c	2	1	1	1
ma.tf.000000	970_YWMJBX_4	chr2R	CT	25224515	25224544	tfsite_b19f71148c585d0b	tflocus_ccc9f41ab85c5c22	2	1	1	1
ma.tf.000001	970_YWMJBX_4	chr2R	CT	25224569	25224587	tfsite_e1a1d165b703487a	tflocus_6f9d1f5207f28332	2	1	1	1
ma.tf.000002	970_YWMJBX_4	chr2R	CT	25224887	25224898	tfsite_eac0050c2ca5a03d	tflocus_fca60790f1e277ca	3	1	1	1
ma.tf.000005	971_YWMJBX_4	chr2R	CT	25221743	25221764	tfsite_81196b4a2401e76f	tflocus_d1527b07b081a69e	4	1	1	1
ma.tf.000004	971_YWMJBX_4	chr2R	CT	25221775	25221809	tfsite_67d6902f2611c9b2	tflocus_8b1575a99eab2e5a	1	1	1	1
ma.tf.000003	971_YWMJBX_4	chr2R	CT	25221835	25221848	tfsite_5f9540adb04848f5	tflocus_4e5ddfe27e02cdc2	2	1	1	1
ma.tf.000002	971_YWMJBX_4	chr2R	CT	25221851	25221864	tfsite_14544424896f4932	tflocus_443c7e5d6766cad5	2	1	1	1
ma.tf.000001	971_YWMJBX_4	chr2R	CT	25221875	25221883	tfsite_96211b6fffc8f3f0	tflocus_334fdccfa68f1031	4	1	1	1
ma.tf.000000	971_YWMJBX_4	chr2R	CT	25221906	25221916	tfsite_66cd5774aa4ae660	tflocus_38c96a7a9ec9c81b	1	1	1	1
ma.tf.000006	972_YWMJBX_4	chr2R	CT	25222292	25222347	tfsite_8ceb73a7187283ba	tflocus_30d0f1e1d271c23c	1	1	1	1
ma.tf.000005	972_YWMJBX_4	chr2R	CT	25224413	25224485	tfsite_9ca344079f2d94f5	tflocus_6bbd3faa2c470c74	2	1	1	1
ma.tf.000004	972_YWMJBX_4	chr2R	CT	25225072	25225127	tfsite_c94d86a043f0fb3f	tflocus_2d627e6048094d25	2	1	1	1
ma.tf.000003	972_YWMJBX_4	chr2R	CT	25225704	25225745	tfsite_3ce69439d381cd5b	tflocus_d382a3659e9dcdb5	2	1	1	1
ma.tf.000002	972_YWMJBX_4	chr2R	CT	25226718	25226748	tfsite_5e3eb4a9c9cef3e9	tflocus_66ec4d1de6883c23	7	1	1	1
ma.tf.000001	972_YWMJBX_4	chr2R	CT	25226751	25226764	tfsite_146adde7e985460b	tflocus_ad8619155b1ac63e	4	1	1	1
ma.tf.000000	972_YWMJBX_4	chr2R	CT	25230071	25230085	tfsite_c0d33328f0681e3e	tflocus_a57816211f057797	3	1	1	1
ma.tf.000007	974_YWMJBX_4	chr2R	CT	25221317	25221382	tfsite_8d69c24b26029c79	tflocus_55af339fd22dba74	1	1	1	1
ma.tf.000006	974_YWMJBX_4	chr2R	CT	25224128	25224191	tfsite_20d10db287be8a38	tflocus_3c991d954f889c38	1	1	1	1
ma.tf.000005	974_YWMJBX_4	chr2R	CT	25226744	25226752	tfsite_b8cdaf13517ee579	tflocus_ad8619155b1ac63e	2	1	1	1
ma.tf.000004	974_YWMJBX_4	chr2R	CT	25226893	25226941	tfsite_c5013a3e9b69669f	tflocus_364e6810066c108a	1	1	1	1
ma.tf.000003	974_YWMJBX_4	chr2R	CT	25229256	25229268	tfsite_43b2fa29204bea8a	tflocus_ca886e758e0cab05	3	1	1	1
ma.tf.000002	974_YWMJBX_4	chr2R	CT	25230175	25230196	tfsite_a940c2519afc96ff	tflocus_653c9acce240c2f5	3	1	1	1
ma.tf.000001	974_YWMJBX_4	chr2R	CT	25230446	25230493	tfsite_78cf0beb01a7f176	tflocus_0cef38b4b9c29859	2	1	1	1
ma.tf.000000	974_YWMJBX_4	chr2R	CT	25230527	25230594	tfsite_e32c733519ea66fd	tflocus_aa6d6a4985294566	1	1	1	1
ma.tf.000003	975_YWMJBX_4	chr2R	CT	25222064	25222084	tfsite_7dfa655c9efec1e2	tflocus_631c223da0e18ecb	5	1	1	1
ma.tf.000002	975_YWMJBX_4	chr2R	CT	25223661	25223684	tfsite_6d6b75dc40df1165	tflocus_4074070ad895a8b5	2	0	0	0
ma.tf.000001	975_YWMJBX_4	chr2R	CT	25224599	25224677	tfsite_cdc86e41bb69d33c	tflocus_9ebdda41a1350bab	2	1	1	0
ma.tf.000000	975_YWMJBX_4	chr2R	CT	25225517	25225532	tfsite_632ff0568ad70927	tflocus_8d735a9f30f22fdc	3	1	1	1
ma.tf.000007	978_YWMJBX_4	chr2R	CT	25225507	25225516	tfsite_4f8f8b273eff11a7	tflocus_ced42cdc1a7d19fa	2	1	1	1
ma.tf.000006	978_YWMJBX_4	chr2R	CT	25226629	25226650	tfsite_0e767c52ffcf3561	tflocus_6d95b6d5ea493574	15	1	1	1
ma.tf.000005	978_YWMJBX_4	chr2R	CT	25226661	25226695	tfsite_7fdd25333d7d2655	tflocus_a79ba565f52b91ee	2	1	1	1
ma.tf.000004	978_YWMJBX_4	chr2R	CT	25226721	25226734	tfsite_40e39f0f5f499796	tflocus_66ec4d1de6883c23	8	1	1	1
ma.tf.000003	978_YWMJBX_4	chr2R	CT	25226737	25226750	tfsite_5d6202789d17c522	tflocus_ad5c0990396e5f43	3	1	1	1
ma.tf.000002	978_YWMJBX_4	chr2R	CT	25226761	25226769	tfsite_deb8fc4c694c6f17	tflocus_738da22b13c9f78d	9	1	1	1
ma.tf.000001	978_YWMJBX_4	chr2R	CT	25226792	25226802	tfsite_a92677da9c1c9f60	tflocus_5b543f794fbc327b	7	1	1	1
ma.tf.000000	978_YWMJBX_4	chr2R	CT	25230052	25230081	tfsite_2eda5ef1875f9060	tflocus_41755cbe47e7b9da	2	1	1	1
ma.tf.000003	97_YWMJBX_4	chr2R	CT	25226663	25226684	tfsite_68df5aa69654c177	tflocus_3303cb5b8d07d733	8	1	1	1
ma.tf.000002	97_YWMJBX_4	chr2R	CT	25226795	25226805	tfsite_c2e8d30f57319c8a	tflocus_5b543f794fbc327b	8	1	1	1
ma.tf.000001	97_YWMJBX_4	chr2R	CT	25227320	25227387	tfsite_dce4571d80c6b0bf	tflocus_f5919bf4d45620c3	1	1	1	1
ma.tf.000000	97_YWMJBX_4	chr2R	CT	25231863	25231938	tfsite_8bf1e79f70a873d7	tflocus_50faaceac24643c1	1	1	1	0
ma.tf.000000	980_YWMJBX_4	chr2R	CT	25224851	25224865	tfsite_52fc9a1f710f7ae2	tflocus_c1bec3015aea9eae	7	1	1	1
ma.tf.000001	980_YWMJBX_4	chr2R	CT	25224923	25224945	tfsite_0fa3692e7925872a	tflocus_7fdcce7f97c02f29	2	1	1	1
ma.tf.000002	980_YWMJBX_4	chr2R	CT	25231189	25231205	tfsite_d7677170ed872108	tflocus_b2010d3aa2b12e4c	2	1	1	1
ma.tf.000000	981_YWMJBX_4	chr2R	CT	25225824	25225834	tfsite_72a93b62fd2fa774	tflocus_d03cddd1ab148bcd	9	1	1	1
ma.tf.000001	981_YWMJBX_4	chr2R	CT	25225862	25225888	tfsite_564a813d8f57ceb8	tflocus_9088a64faaf226b4	5	1	1	1
ma.tf.000002	981_YWMJBX_4	chr2R	CT	25225996	25226032	tfsite_d8e2c0ec9229ddf4	tflocus_2cb6599d22530200	3	1	1	1
ma.tf.000003	981_YWMJBX_4	chr2R	CT	25226267	25226302	tfsite_b2d765f7faeeca3b	tflocus_ad3d92ff0e707391	1	1	1	1
ma.tf.000004	981_YWMJBX_4	chr2R	CT	25226457	25226465	tfsite_b9919bd5564083cd	tflocus_e9722e8789069226	2	1	1	1
ma.tf.000005	981_YWMJBX_4	chr2R	CT	25226581	25226597	tfsite_4061782599961bbe	tflocus_1b53b69855864508	6	1	1	1
ma.tf.000006	981_YWMJBX_4	chr2R	CT	25226639	25226675	tfsite_8211409850302637	tflocus_d65d671fa5d23948	8	1	1	1
ma.tf.000007	981_YWMJBX_4	chr2R	CT	25227185	25227234	tfsite_8bb71db24c391de2	tflocus_095993e4638a126c	2	1	1	1
ma.tf.000008	981_YWMJBX_4	chr2R	CT	25227499	25227526	tfsite_eecd4f1df3c7d7cf	tflocus_418dd175f8ef7d8b	5	1	1	1
ma.tf.000009	981_YWMJBX_4	chr2R	CT	25227540	25227594	tfsite_207e8645a7cf2e77	tflocus_b2ec07a95edcaf09	1	1	1	1
ma.tf.000010	981_YWMJBX_4	chr2R	CT	25228341	25228406	tfsite_feed7a8c96fae7be	tflocus_d4fa58551aad1b91	1	1	1	1
ma.tf.000011	981_YWMJBX_4	chr2R	CT	25231885	25231897	tfsite_be0fcde86703955b	tflocus_f60f31dbdf8e1833	4	1	1	1
ma.tf.000012	981_YWMJBX_4	chr2R	CT	25231906	25231934	tfsite_9c0fdb92beb34a73	tflocus_f7c848c31b2bb827	1	1	1	1
ma.tf.000002	982_YWMJBX_4	chr2R	CT	25228267	25228290	tfsite_708bdc0feb4d8f15	tflocus_9daa7bd0bca64367	2	1	1	1
ma.tf.000001	982_YWMJBX_4	chr2R	CT	25228291	25228328	tfsite_e649e736e4bd5339	tflocus_54400bcdac618b86	4	1	1	1
ma.tf.000000	982_YWMJBX_4	chr2R	CT	25231738	25231780	tfsite_b42a1de7f9255305	tflocus_84c38c8f83598b1e	2	1	1	1
ma.tf.000000	983_YWMJBX_4	chr2R	CT	25222142	25222155	tfsite_868f4049a208db25	tflocus_babbe9c8a66a01d5	3	1	1	1
ma.tf.000001	983_YWMJBX_4	chr2R	CT	25225786	25225819	tfsite_f9b0ac4c50571a18	tflocus_cc50716c053f987c	3	1	1	1
ma.tf.000002	983_YWMJBX_4	chr2R	CT	25225872	25225888	tfsite_6f974d81adfe2ddd	tflocus_bfe45159ca5eed06	1	1	1	1
ma.tf.000003	983_YWMJBX_4	chr2R	CT	25226481	25226501	tfsite_a5d4c7c7f739681b	tflocus_77b9d07b9082d3ba	3	1	1	1
ma.tf.000004	983_YWMJBX_4	chr2R	CT	25226576	25226597	tfsite_855d23b6e5ed509e	tflocus_1b53b69855864508	5	1	1	1
ma.tf.000005	983_YWMJBX_4	chr2R	CT	25227631	25227650	tfsite_50fc4012f056d16f	tflocus_380ac5ebf896acad	5	1	1	1
ma.tf.000006	983_YWMJBX_4	chr2R	CT	25227962	25228036	tfsite_d6d01dde8e72daa9	tflocus_dec3207febe93365	3	1	1	1
ma.tf.000000	98_YWMJBX_4	chr2R	CT	25224159	25224212	tfsite_b7a7f290f3a76c5c	tflocus_99cec673b03408e4	1	1	1	1
ma.tf.000000	9_YWMJBX_4	chr2R	CT	25224205	25224231	tfsite_f4672ec8c3934bcd	tflocus_2b41921c753e36ac	3	1	1	1
ma.tf.000001	9_YWMJBX_4	chr2R	CT	25228778	25228835	tfsite_e913dfc7a396285a	tflocus_6f125628fd2cadc6	3	1	1	1
ma.tf.000002	0_YWMJBX_4	chr2R	GA	25231204	25231255	tfsite_c35476011d0ba0be	tflocus_e4dda19e78561662	3	0	0	0
ma.tf.000001	0_YWMJBX_4	chr2R	GA	25231278	25231292	tfsite_25183557c488cc77	tflocus_19c36bd46cf3414d	3	1	1	1
ma.tf.000000	0_YWMJBX_4	chr2R	GA	25231909	25231938	tfsite_9c0fdb92beb34a73	tflocus_f7c848c31b2bb827	1	1	1	1
ma.tf.000004	103_YWMJBX_4	chr2R	GA	25225314	25225392	tfsite_cb18d4e9b9e6e209	tflocus_53dcffc525d0970f	1	1	1	1
ma.tf.000003	103_YWMJBX_4	chr2R	GA	25226596	25226629	tfsite_4c695901eea498ac	tflocus_1b8c6a4efcd1e008	4	1	1	1
ma.tf.000002	103_YWMJBX_4	chr2R	GA	25227259	25227299	tfsite_236dfb6312013d29	tflocus_df5eeb221ad6baff	4	1	1	1
ma.tf.000001	103_YWMJBX_4	chr2R	GA	25227383	25227440	tfsite_b75fafe958b6252b	tflocus_fe55831af54644ee	2	1	1	1
ma.tf.000000	103_YWMJBX_4	chr2R	GA	25231048	25231123	tfsite_14638e4620b7c395	tflocus_024391e6f4fe0928	1	1	1	1
ma.tf.000003	104_YWMJBX_4	chr2R	GA	25226658	25226672	tfsite_4d02217bd3d9f900	tflocus_3303cb5b8d07d733	5	1	1	1
ma.tf.000002	104_YWMJBX_4	chr2R	GA	25226693	25226715	tfsite_239fe7849fee42e0	tflocus_537ebd2033506beb	7	1	1	1
ma.tf.000001	104_YWMJBX_4	chr2R	GA	25226728	25226756	tfsite_5d6202789d17c522	tflocus_ad5c0990396e5f43	3	1	1	1
ma.tf.000000	104_YWMJBX_4	chr2R	GA	25226800	25226846	tfsite_36f06513a5b6a91e	tflocus_4be10a10c0050b75	1	1	1	1
ma.tf.000000	105_YWMJBX_4	chr2R	GA	25225710	25225741	tfsite_55ae702667d933fd	tflocus_d382a3659e9dcdb5	5	0	1	0
ma.tf.000000	111_YWMJBX_4	chr2R	GA	25224204	25224216	tfsite_5b0084384ee7c153	tflocus_a9f34694d5b0bbea	3	1	1	1
ma.tf.000001	111_YWMJBX_4	chr2R	GA	25225312	25225322	tfsite_86fc638a2667e40a	tflocus_1d91e0ae5159fedc	2	1	1	1
ma.tf.000002	111_YWMJBX_4	chr2R	GA	25225333	25225396	tfsite_7c2c35eb135468d7	tflocus_5ac7b3567ef8a3cb	1	1	1	1
ma.tf.000003	111_YWMJBX_4	chr2R	GA	25225983	25226001	tfsite_740195e01fd25499	tflocus_ad4cc2b950cd92bd	2	1	1	1
ma.tf.000004	111_YWMJBX_4	chr2R	GA	25226591	25226605	tfsite_fa4389b4d31b0a06	tflocus_bc6e8a03e3ac7a38	8	1	1	1
ma.tf.000005	111_YWMJBX_4	chr2R	GA	25226629	25226676	tfsite_1ec2fb65f22c24ba	tflocus_d65d671fa5d23948	4	1	1	1
ma.tf.000006	111_YWMJBX_4	chr2R	GA	25227860	25227891	tfsite_da2932fbf2c81549	tflocus_f7ae6409314f0ad5	3	1	1	1
ma.tf.000007	111_YWMJBX_4	chr2R	GA	25231017	25231030	tfsite_69cee13117524e69	tflocus_f8852b029e8a492b	3	1	1	1
ma.tf.000008	111_YWMJBX_4	chr2R	GA	25231062	25231076	tfsite_d28b2c7ece4e3110	tflocus_d00e7fa21d2c5a0d	3	1	1	1
ma.tf.000009	111_YWMJBX_4	chr2R	GA	25231106	25231186	tfsite_23fd9c6cde1614f5	tflocus_36e757f218715768	1	1	1	1
ma.tf.000010	111_YWMJBX_4	chr2R	GA	25231596	25231662	tfsite_44766563565c6581	tflocus_cc723c2567a4d717	2	1	1	1
ma.tf.000011	111_YWMJBX_4	chr2R	GA	25231868	25231939	tfsite_8bf1e79f70a873d7	tflocus_50faaceac24643c1	1	1	1	0
ma.tf.000003	116_YWMJBX_4	chr2R	GA	25221318	25221353	tfsite_c3b148c4a696bab2	tflocus_6f6e3409440d7f5e	2	1	1	1
ma.tf.000002	116_YWMJBX_4	chr2R	GA	25221369	25221448	tfsite_c07ab14df989d7da	tflocus_d90799da176ca42d	1	1	1	1
ma.tf.000001	116_YWMJBX_4	chr2R	GA	25225756	25225785	tfsite_acd03a24af77a3bf	tflocus_15d9b46163006816	4	1	1	1
ma.tf.000000	116_YWMJBX_4	chr2R	GA	25228979	25229000	.	.	.	0	0	0
ma.tf.000000	119_YWMJBX_4	chr2R	GA	25226591	25226605	tfsite_fa4389b4d31b0a06	tflocus_bc6e8a03e3ac7a38	8	1	1	1
ma.tf.000001	119_YWMJBX_4	chr2R	GA	25228283	25228312	tfsite_a6ddce0e32bf84c0	tflocus_54400bcdac618b86	3	1	1	1
ma.tf.000003	121_YWMJBX_4	chr2R	GA	25228730	25228754	tfsite_1c895085b37234cf	tflocus_be52bc036a087ef5	2	1	1	1
ma.tf.000002	121_YWMJBX_4	chr2R	GA	25228787	25228807	tfsite_5630a59f284b8c2f	tflocus_6f125628fd2cadc6	4	1	1	1
ma.tf.000001	121_YWMJBX_4	chr2R	GA	25229357	25229364	tfsite_4b994fd2079a49bf	tflocus_e447c13ef0ce57f7	2	1	1	1
ma.tf.000000	121_YWMJBX_4	chr2R	GA	25231794	25231813	tfsite_8427c64217a3dafa	tflocus_b9d957c1b2c52424	2	1	1	0
ma.tf.000001	127_YWMJBX_4	chr2R	GA	25226622	25226651	tfsite_80a08476feb7f192	tflocus_6d95b6d5ea493574	9	0	1	1
ma.tf.000000	127_YWMJBX_4	chr2R	GA	25226690	25226708	tfsite_c7b2f49f93e6aa95	tflocus_8105c482b668d661	6	1	1	1
ma.tf.000005	130_YWMJBX_4	chr2R	GA	25224926	25224964	tfsite_b9c7d4f512f5b957	tflocus_7d1278b6d10dd173	3	1	1	1
ma.tf.000004	130_YWMJBX_4	chr2R	GA	25226606	25226621	tfsite_173965d17eb4136b	tflocus_1b8c6a4efcd1e008	8	1	1	1
ma.tf.000003	130_YWMJBX_4	chr2R	GA	25226762	25226844	tfsite_f62c7a5f2505658a	tflocus_5b543f794fbc327b	1	1	1	0
ma.tf.000002	130_YWMJBX_4	chr2R	GA	25227249	25227289	tfsite_13ef74fb466a7436	tflocus_9cda4ee2b3e687c1	4	1	1	1
ma.tf.000001	130_YWMJBX_4	chr2R	GA	25227394	25227406	tfsite_27231411f64778bb	tflocus_ac10e6c9ce90faa5	8	1	1	1
ma.tf.000000	130_YWMJBX_4	chr2R	GA	25230044	25230101	tfsite_596600434c500b74	tflocus_a57816211f057797	1	1	1	1
ma.tf.000000	131_YWMJBX_4	chr2R	GA	25225314	25225357	tfsite_4cd7a517d362660a	tflocus_44c143aad583d3af	5	1	1	1
ma.tf.000005	134_YWMJBX_4	chr2R	GA	25225745	25225767	tfsite_6e396b18ba67a0f6	tflocus_484339668a665e8f	1	1	1	1
ma.tf.000004	134_YWMJBX_4	chr2R	GA	25225797	25225869	tfsite_11132650642dc625	tflocus_d03cddd1ab148bcd	2	1	1	0
ma.tf.000003	134_YWMJBX_4	chr2R	GA	25225951	25225971	tfsite_aa58d9aec284274a	tflocus_1544e62653173838	5	1	1	1
ma.tf.000002	134_YWMJBX_4	chr2R	GA	25226689	25226703	tfsite_c7b2f49f93e6aa95	tflocus_8105c482b668d661	6	1	1	1
ma.tf.000001	134_YWMJBX_4	chr2R	GA	25230068	25230099	tfsite_653da6fbe3887f9d	tflocus_8f33560ae043287c	2	1	1	1
ma.tf.000000	134_YWMJBX_4	chr2R	GA	25230982	25231018	tfsite_fd1d52d73263b634	tflocus_1e3fc24ee26d4785	1	1	1	1
ma.tf.000000	135_YWMJBX_4	chr2R	GA	25225826	25225833	tfsite_72a93b62fd2fa774	tflocus_d03cddd1ab148bcd	9	1	1	1
ma.tf.000001	135_YWMJBX_4	chr2R	GA	25228087	25228098	tfsite_14b73041d545e115	tflocus_65bafa30bcd4afff	5	1	1	1
ma.tf.000000	136_YWMJBX_4	chr2R	GA	25224718	25224743	tfsite_df73232b38da3098	tflocus_1c0ce62047cda5b1	2	1	1	1
ma.tf.000001	136_YWMJBX_4	chr2R	GA	25225802	25225833	tfsite_1b5c22026837606d	tflocus_a7db007b8f168077	1	1	1	1
ma.tf.000002	136_YWMJBX_4	chr2R	GA	25226965	25227022	tfsite_739013c3fc1a1fc6	tflocus_582ec01caf60b241	1	1	1	1
ma.tf.000001	139_YWMJBX_4	chr2R	GA	25224977	25225020	tfsite_d384831e9a41b29e	tflocus_eb3cbd643c7250f4	1	1	1	1
ma.tf.000000	139_YWMJBX_4	chr2R	GA	25226667	25226693	tfsite_7fdd25333d7d2655	tflocus_a79ba565f52b91ee	2	1	1	1
ma.tf.000003	143_YWMJBX_4	chr2R	GA	25223228	25223292	tfsite_5fff0bc169d79edc	tflocus_623de8961ec9822f	1	1	1	1
ma.tf.000002	143_YWMJBX_4	chr2R	GA	25226593	25226614	tfsite_b6d5f858ca2a8d63	tflocus_bc6e8a03e3ac7a38	9	1	1	1
ma.tf.000001	143_YWMJBX_4	chr2R	GA	25226627	25226658	tfsite_07937fb023ffcdba	tflocus_6d95b6d5ea493574	10	1	1	1
ma.tf.000000	143_YWMJBX_4	chr2R	GA	25230735	25230787	.	.	.	0	0	0
ma.tf.000000	145_YWMJBX_4	chr2R	GA	25228491	25228510	tfsite_45bad6d7f20d1780	tflocus_6d2611572f170754	3	1	1	1
ma.tf.000000	147_YWMJBX_4	chr2R	GA	25223106	25223112	tfsite_040913ea95c54dc2	tflocus_a69db023e9684730	2	1	1	1
ma.tf.000001	147_YWMJBX_4	chr2R	GA	25225693	25225719	tfsite_77b3776a8ccd6065	tflocus_5e5b221c2e569587	5	1	1	1
ma.tf.000002	147_YWMJBX_4	chr2R	GA	25225802	25225833	tfsite_1b5c22026837606d	tflocus_a7db007b8f168077	1	1	1	1
ma.tf.000003	147_YWMJBX_4	chr2R	GA	25225960	25225979	tfsite_6664a5db3a8804e4	tflocus_438410026335f5cc	2	1	1	1
ma.tf.000003	148_YWMJBX_4	chr2R	GA	25221320	25221339	tfsite_8ccdc060cd108c72	tflocus_6f6e3409440d7f5e	1	1	1	1
ma.tf.000002	148_YWMJBX_4	chr2R	GA	25221950	25221976	tfsite_6c183a2a41a34114	tflocus_8a4523238c2d995a	2	1	1	1
ma.tf.000001	148_YWMJBX_4	chr2R	GA	25222165	25222194	tfsite_0710373b9fbcad72	tflocus_a028dd71badd415d	1	1	1	1
ma.tf.000000	148_YWMJBX_4	chr2R	GA	25225404	25225420	tfsite_7744a674fb73eec8	tflocus_673dfbaf60071af4	2	1	1	1
ma.tf.000000	149_YWMJBX_4	chr2R	GA	25226117	25226160	tfsite_92e1a1d93810831e	tflocus_e85889f0ed9e0662	1	1	1	1
ma.tf.000001	149_YWMJBX_4	chr2R	GA	25226519	25226535	tfsite_8e2bffc29e7279c0	tflocus_a8af8b18d5942620	6	1	1	1
ma.tf.000000	14_YWMJBX_4	chr2R	GA	25225983	25226005	tfsite_0c9a29e487b1dc1a	tflocus_ad4cc2b950cd92bd	4	1	1	1
ma.tf.000001	14_YWMJBX_4	chr2R	GA	25226548	25226570	tfsite_32ca15d079ca6ebe	tflocus_cf5baf0d125860a5	4	1	1	1
ma.tf.000002	14_YWMJBX_4	chr2R	GA	25226591	25226605	tfsite_fa4389b4d31b0a06	tflocus_bc6e8a03e3ac7a38	8	1	1	1
ma.tf.000003	14_YWMJBX_4	chr2R	GA	25226629	25226676	tfsite_1ec2fb65f22c24ba	tflocus_d65d671fa5d23948	4	1	1	1
ma.tf.000000	154_YWMJBX_4	chr2R	GA	25223209	25223268	tfsite_e3620cbd456076f8	tflocus_b8c5f97e84e83862	1	1	1	1
ma.tf.000001	154_YWMJBX_4	chr2R	GA	25225701	25225718	tfsite_77b3776a8ccd6065	tflocus_5e5b221c2e569587	5	1	1	1
ma.tf.000002	154_YWMJBX_4	chr2R	GA	25225826	25225833	tfsite_72a93b62fd2fa774	tflocus_d03cddd1ab148bcd	9	1	1	1
ma.tf.000003	154_YWMJBX_4	chr2R	GA	25226519	25226537	tfsite_8e2bffc29e7279c0	tflocus_a8af8b18d5942620	6	1	1	1
ma.tf.000002	156_YWMJBX_4	chr2R	GA	25225340	25225378	tfsite_ffb1d0922ebd60b9	tflocus_5ac7b3567ef8a3cb	2	1	1	1
ma.tf.000001	156_YWMJBX_4	chr2R	GA	25226281	25226313	tfsite_90dbe0527cad6719	tflocus_ca7cd4f8f7dbff64	2	1	1	1
ma.tf.000000	156_YWMJBX_4	chr2R	GA	25226767	25226793	tfsite_bdcdbc5fe59f76c0	tflocus_12eade5d7ffe008e	6	1	1	1
ma.tf.000000	163_YWMJBX_4	chr2R	GA	25223644	25223677	tfsite_2ef8ab7b2ba96a1d	tflocus_d0d539c362e60a13	1	1	1	1
ma.tf.000001	163_YWMJBX_4	chr2R	GA	25226341	25226377	tfsite_c9df05a7f9a8dbdc	tflocus_e4b526e086f737cb	2	1	1	1
ma.tf.000002	163_YWMJBX_4	chr2R	GA	25227441	25227466	tfsite_9ec22ee303c0eecd	tflocus_dce1feeda27a70b7	4	1	1	1
ma.tf.000003	163_YWMJBX_4	chr2R	GA	25228283	25228299	tfsite_37971dfcfa7c37c3	tflocus_18118421f52dba73	3	1	1	1
ma.tf.000004	163_YWMJBX_4	chr2R	GA	25230919	25230947	tfsite_42f0e90f9822e807	tflocus_eff5990842308665	2	1	1	1
ma.tf.000005	163_YWMJBX_4	chr2R	GA	25231180	25231191	tfsite_3c6f8ac308adfe27	tflocus_9b951a8d52a225fe	4	1	1	1
ma.tf.000001	168_YWMJBX_4	chr2R	GA	25227504	25227524	tfsite_aa70f41a7366bcf5	tflocus_418dd175f8ef7d8b	7	1	1	1
ma.tf.000000	168_YWMJBX_4	chr2R	GA	25227932	25227945	tfsite_6ceccbd4cfdd36de	tflocus_9785493505be637f	5	1	1	1
ma.tf.000008	16_YWMJBX_4	chr2R	GA	25221594	25221618	tfsite_a949eaf768f2cd74	tflocus_e5f2e073f48bf9c5	1	1	1	1
ma.tf.000007	16_YWMJBX_4	chr2R	GA	25222229	25222236	tfsite_7cec8c92122820fd	tflocus_afb9878b78079449	2	1	1	1
ma.tf.000006	16_YWMJBX_4	chr2R	GA	25224787	25224821	tfsite_1601a6329b4da3d2	tflocus_6a72e3aec72f2dd9	5	1	1	1
ma.tf.000005	16_YWMJBX_4	chr2R	GA	25225786	25225828	tfsite_1f88854a8386966d	tflocus_cc50716c053f987c	2	1	1	1
ma.tf.000004	16_YWMJBX_4	chr2R	GA	25230576	25230604	tfsite_b22affc7b997a3fa	tflocus_3d3c54e2f8988aaa	3	1	1	1
ma.tf.000003	16_YWMJBX_4	chr2R	GA	25230656	25230692	tfsite_812fe8e97d779ae1	tflocus_e6f3176e7cf09b50	2	1	1	1
ma.tf.000002	16_YWMJBX_4	chr2R	GA	25231350	25231386	tfsite_ebc36ef3b813b116	tflocus_1bda3e04b886e550	3	1	1	1
ma.tf.000001	16_YWMJBX_4	chr2R	GA	25231458	25231519	tfsite_c8697d66432e83c8	tflocus_c38ef52cbb07f370	1	1	1	1
ma.tf.000000	16_YWMJBX_4	chr2R	GA	25231756	25231780	tfsite_4b5bfe95f3110f90	tflocus_84c38c8f83598b1e	3	1	1	1
ma.tf.000003	170_YWMJBX_4	chr2R	GA	25227084	25227133	tfsite_6cfd6ac309ae84e8	tflocus_44e678d16053e88c	1	1	1	1
ma.tf.000002	170_YWMJBX_4	chr2R	GA	25229255	25229271	tfsite_43b2fa29204bea8a	tflocus_ca886e758e0cab05	3	1	1	1
ma.tf.000001	170_YWMJBX_4	chr2R	GA	25229351	25229380	tfsite_3c33fa8bc00797f9	tflocus_e447c13ef0ce57f7	1	1	1	1
ma.tf.000000	170_YWMJBX_4	chr2R	GA	25229448	25229491	tfsite_cb67ffa0f52d6419	tflocus_00ea254ff99ddc5f	1	1	1	1
ma.tf.000000	171_YWMJBX_4	chr2R	GA	25222219	25222266	tfsite_366e7a9fb1ac1d49	tflocus_f666406925a189b1	1	1	1	1
ma.tf.000001	171_YWMJBX_4	chr2R	GA	25222302	25222383	tfsite_1a4f29d8800e25ff	tflocus_c7920aa320ac115f	1	1	1	0
ma.tf.000002	171_YWMJBX_4	chr2R	GA	25222643	25222681	tfsite_cd715ff2625b20a0	tflocus_509217fe24f7381d	1	1	1	1
ma.tf.000003	171_YWMJBX_4	chr2R	GA	25222685	25222710	tfsite_cab560c8018258ba	tflocus_3b661a51272b9d86	2	1	1	1
ma.tf.000004	171_YWMJBX_4	chr2R	GA	25225701	25225719	tfsite_ec7f1c2fd4393c2a	tflocus_5e5b221c2e569587	7	1	1	1
ma.tf.000005	171_YWMJBX_4	chr2R	GA	25226410	25226463	tfsite_71b686ea3cbf7281	tflocus_af57c3fb56082292	1	1	1	1
ma.tf.000006	171_YWMJBX_4	chr2R	GA	25226591	25226605	tfsite_fa4389b4d31b0a06	tflocus_bc6e8a03e3ac7a38	8	1	1	1
ma.tf.000007	171_YWMJBX_4	chr2R	GA	25226628	25226663	tfsite_55eb3aeb1c27954e	tflocus_d65d671fa5d23948	3	1	1	1
ma.tf.000008	171_YWMJBX_4	chr2R	GA	25228377	25228385	tfsite_effec90c796ae445	tflocus_d4fa58551aad1b91	5	0	0	0
ma.tf.000000	174_YWMJBX_4	chr2R	GA	25221860	25221878	tfsite_10dd3cedfeb1b0d2	tflocus_334fdccfa68f1031	3	1	1	1
ma.tf.000000	179_YWMJBX_4	chr2R	GA	25222655	25222710	tfsite_94a26cfb4b655a8e	tflocus_d17a4c6bd0c2237a	1	1	1	1
ma.tf.000001	179_YWMJBX_4	chr2R	GA	25225989	25226005	tfsite_0c9a29e487b1dc1a	tflocus_ad4cc2b950cd92bd	4	1	1	1
ma.tf.000002	179_YWMJBX_4	chr2R	GA	25226432	25226446	tfsite_960976c47545bc31	tflocus_af57c3fb56082292	6	1	1	1
ma.tf.000003	179_YWMJBX_4	chr2R	GA	25226519	25226535	tfsite_8e2bffc29e7279c0	tflocus_a8af8b18d5942620	6	1	1	1
ma.tf.000004	179_YWMJBX_4	chr2R	GA	25226591	25226605	tfsite_fa4389b4d31b0a06	tflocus_bc6e8a03e3ac7a38	8	1	1	1
ma.tf.000005	179_YWMJBX_4	chr2R	GA	25228483	25228518	tfsite_2edcce726018326f	tflocus_6d2611572f170754	2	1	1	1
ma.tf.000002	182_YWMJBX_4	chr2R	GA	25224584	25224619	tfsite_ba4878ff90f20aa6	tflocus_2fb51b1ac82cdd67	3	1	1	1
ma.tf.000001	182_YWMJBX_4	chr2R	GA	25226575	25226593	tfsite_855d23b6e5ed509e	tflocus_1b53b69855864508	5	1	1	1
ma.tf.000000	182_YWMJBX_4	chr2R	GA	25230077	25230120	tfsite_07168688010133f1	tflocus_8f33560ae043287c	3	1	1	1
ma.tf.000000	188_YWMJBX_4	chr2R	GA	25224243	25224255	.	.	.	0	0	0
ma.tf.000000	189_YWMJBX_4	chr2R	GA	25222044	25222100	tfsite_8ed0d0e47406e03f	tflocus_631c223da0e18ecb	2	1	1	1
ma.tf.000001	189_YWMJBX_4	chr2R	GA	25223006	25223050	tfsite_706f2c1e89413069	tflocus_570a4bafcd52b9c9	3	1	1	1
ma.tf.000002	189_YWMJBX_4	chr2R	GA	25224042	25224073	tfsite_0c178c676f68167e	tflocus_a8b3c1cd484460e0	1	1	1	1
ma.tf.000003	189_YWMJBX_4	chr2R	GA	25226591	25226605	tfsite_fa4389b4d31b0a06	tflocus_bc6e8a03e3ac7a38	8	1	1	1
ma.tf.000004	189_YWMJBX_4	chr2R	GA	25227955	25228032	tfsite_d2e3bfdc2f53b99e	tflocus_dec3207febe93365	2	1	1	1
ma.tf.000005	189_YWMJBX_4	chr2R	GA	25228060	25228084	tfsite_ac8fb5b09a371702	tflocus_bb605d951820f11b	4	1	1	1
ma.tf.000006	189_YWMJBX_4	chr2R	GA	25230159	25230228	tfsite_6a0ce7f80b97ea7c	tflocus_653c9acce240c2f5	2	1	1	1
ma.tf.000007	189_YWMJBX_4	chr2R	GA	25230233	25230283	tfsite_673dfaaa94d3a9b7	tflocus_5c809b7b307bde20	2	1	1	1
ma.tf.000008	189_YWMJBX_4	chr2R	GA	25231887	25231929	tfsite_89237b1fa527c2b1	tflocus_50faaceac24643c1	5	1	1	1
ma.tf.000001	192_YWMJBX_4	chr2R	GA	25230762	25230835	tfsite_8c4c38eb81f44058	tflocus_c3cbd0c8d550eee6	1	1	1	1
ma.tf.000000	192_YWMJBX_4	chr2R	GA	25230857	25230926	tfsite_f4547a2b60061a24	tflocus_6dd5fa7a61a35798	1	1	1	1
ma.tf.000000	193_YWMJBX_4	chr2R	GA	25226200	25226222	tfsite_78604adea1cebc6a	tflocus_771476542912009d	3	1	1	1
ma.tf.000001	193_YWMJBX_4	chr2R	GA	25226628	25226676	tfsite_1ec2fb65f22c24ba	tflocus_d65d671fa5d23948	4	1	1	1
ma.tf.000005	194_YWMJBX_4	chr2R	GA	25221329	25221400	tfsite_faaa6f4092bc742c	tflocus_c5da106ac1f9dbe3	1	1	1	0
ma.tf.000004	194_YWMJBX_4	chr2R	GA	25221478	25221534	tfsite_408a8f15883f7027	tflocus_a61e29c06ae42983	4	1	1	1
ma.tf.000003	194_YWMJBX_4	chr2R	GA	25226602	25226660	tfsite_ffa232d6855e7c21	tflocus_ca40d66c809cbd24	4	1	1	1
ma.tf.000002	194_YWMJBX_4	chr2R	GA	25226673	25226700	tfsite_d4a7ced16aa3ed1d	tflocus_a79ba565f52b91ee	4	1	1	1
ma.tf.000001	194_YWMJBX_4	chr2R	GA	25231516	25231595	tfsite_1967c4effd741551	tflocus_f3e123ecc69ebaac	1	1	1	0
ma.tf.000000	194_YWMJBX_4	chr2R	GA	25231885	25231932	tfsite_89237b1fa527c2b1	tflocus_50faaceac24643c1	5	1	1	1
ma.tf.000000	196_YWMJBX_4	chr2R	GA	25228491	25228510	tfsite_45bad6d7f20d1780	tflocus_6d2611572f170754	3	1	1	1
ma.tf.000001	196_YWMJBX_4	chr2R	GA	25231017	25231027	tfsite_9fa0b3b56a2e68dd	tflocus_f8852b029e8a492b	2	1	1	1
ma.tf.000006	197_YWMJBX_4	chr2R	GA	25222215	25222222	tfsite_492bfec19309554d	tflocus_ce4c13e382f3c0d8	3	1	1	1
ma.tf.000005	197_YWMJBX_4	chr2R	GA	25224326	25224411	tfsite_28179b6abcc3393d	tflocus_45176211c8f31112	1	1	1	0
ma.tf.000004	197_YWMJBX_4	chr2R	GA	25225736	25225764	tfsite_6e396b18ba67a0f6	tflocus_484339668a665e8f	1	1	1	1
ma.tf.000003	197_YWMJBX_4	chr2R	GA	25226612	25226622	tfsite_e6fd282a12b5bed5	tflocus_1b8c6a4efcd1e008	6	1	1	1
ma.tf.000002	197_YWMJBX_4	chr2R	GA	25226784	25226814	tfsite_c2e8d30f57319c8a	tflocus_5b543f794fbc327b	8	1	1	1
ma.tf.000001	197_YWMJBX_4	chr2R	GA	25227372	25227414	tfsite_d443b03d02349028	tflocus_ac10e6c9ce90faa5	2	1	1	1
ma.tf.000000	197_YWMJBX_4	chr2R	GA	25230949	25230975	tfsite_c00aa504102a1666	tflocus_3c99f546ee9fd041	3	1	1	1
ma.tf.000000	198_YWMJBX_4	chr2R	GA	25223194	25223218	tfsite_ae1afeeee2833924	tflocus_06b82cb1dce3ebe4	1	1	1	1
ma.tf.000000	200_YWMJBX_4	chr2R	GA	25224906	25224950	tfsite_8ab87682ad1f244c	tflocus_7fdcce7f97c02f29	1	1	1	1
ma.tf.000001	204_YWMJBX_4	chr2R	GA	25221584	25221616	tfsite_a949eaf768f2cd74	tflocus_e5f2e073f48bf9c5	1	1	1	1
ma.tf.000000	204_YWMJBX_4	chr2R	GA	25223186	25223202	tfsite_308403b84c2bf530	tflocus_a308de599a726c3c	1	1	1	1
ma.tf.000006	221_YWMJBX_4	chr2R	GA	25221335	25221354	tfsite_06b801ad970408c8	tflocus_55af339fd22dba74	9	1	1	1
ma.tf.000005	221_YWMJBX_4	chr2R	GA	25221412	25221466	tfsite_5fc67077ec46293e	tflocus_063479e6bc6e23dd	2	1	1	1
ma.tf.000004	221_YWMJBX_4	chr2R	GA	25221500	25221539	tfsite_a146acc0f5841946	tflocus_b739d2d01af11c13	3	1	1	1
ma.tf.000003	221_YWMJBX_4	chr2R	GA	25224534	25224549	tfsite_dc708aecf3efd61d	tflocus_2c2adfaa20521811	2	1	1	1
ma.tf.000002	221_YWMJBX_4	chr2R	GA	25227292	25227329	tfsite_2816cbd03b694228	tflocus_a3cd817247faf306	2	1	1	1
ma.tf.000001	221_YWMJBX_4	chr2R	GA	25230773	25230787	tfsite_52fbcd4fa65d87bf	tflocus_12d03bb409a5aaa7	3	1	1	1
ma.tf.000000	221_YWMJBX_4	chr2R	GA	25230961	25230970	tfsite_c00aa504102a1666	tflocus_3c99f546ee9fd041	3	1	1	1
ma.tf.000000	222_YWMJBX_4	chr2R	GA	25221555	25221623	tfsite_5ff360c07e1f34dd	tflocus_9d109b26008cd714	2	1	1	1
ma.tf.000001	222_YWMJBX_4	chr2R	GA	25222831	25222910	tfsite_f030965db0c919f6	tflocus_f03ce8a60905859c	1	1	1	0
ma.tf.000002	222_YWMJBX_4	chr2R	GA	25223938	25223970	tfsite_9af7b98e89efed78	tflocus_7b2a1d3bdf3836cb	1	1	1	1
ma.tf.000003	222_YWMJBX_4	chr2R	GA	25223976	25223991	.	.	.	0	0	0
ma.tf.000004	222_YWMJBX_4	chr2R	GA	25224046	25224108	tfsite_61e484f4ad82bbef	tflocus_8d2643625fcdf6a5	1	1	1	1
ma.tf.000005	222_YWMJBX_4	chr2R	GA	25225149	25225233	tfsite_09bacc21b1fcf972	tflocus_7062bfa7d6e05965	1	1	1	0
ma.tf.000006	222_YWMJBX_4	chr2R	GA	25226578	25226605	tfsite_5894bd0ad3dda0dc	tflocus_1b53b69855864508	7	1	1	1
ma.tf.000007	222_YWMJBX_4	chr2R	GA	25228470	25228555	tfsite_27e6588a4205c75f	tflocus_23bdea833be92684	1	1	1	0
ma.tf.000008	222_YWMJBX_4	chr2R	GA	25230211	25230290	tfsite_e4440b288352b309	tflocus_5c809b7b307bde20	1	1	1	0
ma.tf.000009	222_YWMJBX_4	chr2R	GA	25230420	25230503	tfsite_01eed92947e041cb	tflocus_0cef38b4b9c29859	1	1	1	0
ma.tf.000006	224_YWMJBX_4	chr2R	GA	25221320	25221339	tfsite_8ccdc060cd108c72	tflocus_6f6e3409440d7f5e	1	1	1	1
ma.tf.000005	224_YWMJBX_4	chr2R	GA	25225514	25225523	tfsite_4f8f8b273eff11a7	tflocus_ced42cdc1a7d19fa	2	1	1	1
ma.tf.000004	224_YWMJBX_4	chr2R	GA	25226536	25226568	tfsite_e29f54b508258f3d	tflocus_7020547dbf400262	3	1	1	1
ma.tf.000003	224_YWMJBX_4	chr2R	GA	25226677	25226693	tfsite_d4a7ced16aa3ed1d	tflocus_a79ba565f52b91ee	4	1	1	1
ma.tf.000002	224_YWMJBX_4	chr2R	GA	25226990	25227012	tfsite_8cc449ec3e550a04	tflocus_582ec01caf60b241	4	1	1	1
ma.tf.000001	224_YWMJBX_4	chr2R	GA	25230969	25230990	tfsite_05c2938130a409ce	tflocus_38cdfbb83759e62f	2	1	1	1
ma.tf.000000	224_YWMJBX_4	chr2R	GA	25231422	25231482	tfsite_d3c7811975bb91e4	tflocus_8a9db50ccd295757	1	1	1	1
ma.tf.000000	227_YWMJBX_4	chr2R	GA	25226638	25226680	tfsite_c04389dabc849776	tflocus_d65d671fa5d23948	10	1	1	1
ma.tf.000001	227_YWMJBX_4	chr2R	GA	25226918	25226939	tfsite_b61909fe615c994e	tflocus_7953289f8630a2e6	3	1	1	1
ma.tf.000002	227_YWMJBX_4	chr2R	GA	25228283	25228299	tfsite_37971dfcfa7c37c3	tflocus_18118421f52dba73	3	1	1	1
ma.tf.000007	228_YWMJBX_4	chr2R	GA	25222226	25222233	tfsite_7cec8c92122820fd	tflocus_afb9878b78079449	2	1	1	1
ma.tf.000006	228_YWMJBX_4	chr2R	GA	25224602	25224609	tfsite_bc32fab03046a0af	tflocus_2fb51b1ac82cdd67	6	1	1	1
ma.tf.000005	228_YWMJBX_4	chr2R	GA	25226266	25226290	tfsite_b2d765f7faeeca3b	tflocus_ad3d92ff0e707391	1	1	1	1
ma.tf.000004	228_YWMJBX_4	chr2R	GA	25226316	25226367	tfsite_f2272d65f0805873	tflocus_d8fa766e13acb650	2	1	1	1
ma.tf.000003	228_YWMJBX_4	chr2R	GA	25226579	25226611	tfsite_26b52d891ce6c1df	tflocus_bc6e8a03e3ac7a38	4	1	1	1
ma.tf.000002	228_YWMJBX_4	chr2R	GA	25226642	25226664	tfsite_3fa5fe214ae9583f	tflocus_d65d671fa5d23948	7	1	1	1
ma.tf.000001	228_YWMJBX_4	chr2R	GA	25227287	25227342	tfsite_f996960856a4e699	tflocus_a3cd817247faf306	1	1	1	1
ma.tf.000000	228_YWMJBX_4	chr2R	GA	25229020	25229055	tfsite_80725a778857e179	tflocus_a0be8440978f3e70	1	1	1	1
ma.tf.000004	229_YWMJBX_4	chr2R	GA	25228907	25228928	tfsite_c7089261cdfa7f67	tflocus_d7074876b548676f	3	1	1	1
ma.tf.000003	229_YWMJBX_4	chr2R	GA	25230340	25230393	tfsite_8059c1659de75a38	tflocus_51d54e8c8feec3ba	1	1	1	1
ma.tf.000002	229_YWMJBX_4	chr2R	GA	25230548	25230584	tfsite_50083ff75637fef5	tflocus_aa6d6a4985294566	3	1	1	1
ma.tf.000001	229_YWMJBX_4	chr2R	GA	25231038	25231082	tfsite_d45279db99c7fe4f	tflocus_d00e7fa21d2c5a0d	2	1	1	1
ma.tf.000000	229_YWMJBX_4	chr2R	GA	25231196	25231208	tfsite_18b3627442f28127	tflocus_b2010d3aa2b12e4c	4	1	1	1
ma.tf.000003	22_YWMJBX_4	chr2R	GA	25221318	25221393	tfsite_c5d07e87d0434e81	tflocus_55af339fd22dba74	5	0	0	0
ma.tf.000002	22_YWMJBX_4	chr2R	GA	25222814	25222840	tfsite_ee4efdf8559e53f9	tflocus_cce748349e928e5f	1	1	1	1
ma.tf.000001	22_YWMJBX_4	chr2R	GA	25226624	25226638	tfsite_ee13e7c6a9d64f0d	tflocus_ca40d66c809cbd24	11	1	1	1
ma.tf.000000	22_YWMJBX_4	chr2R	GA	25226761	25226792	tfsite_b24f37a1272f599f	tflocus_12eade5d7ffe008e	5	1	1	1
ma.tf.000000	232_YWMJBX_4	chr2R	GA	25222270	25222296	tfsite_e2ea22c5d1d348f8	tflocus_54a0a687924cc54f	1	1	1	1
ma.tf.000015	238_YWMJBX_4	chr2R	GA	25221706	25221791	tfsite_e9fc6b7820d3b6cd	tflocus_d1527b07b081a69e	1	1	1	0
ma.tf.000014	238_YWMJBX_4	chr2R	GA	25222444	25222489	tfsite_7ae041d2e7a3ebec	tflocus_5f37fe2210f716df	1	1	1	1
ma.tf.000013	238_YWMJBX_4	chr2R	GA	25224409	25224444	tfsite_b467c10c92d88cac	tflocus_96c16d3318903cdb	4	1	1	1
ma.tf.000012	238_YWMJBX_4	chr2R	GA	25224609	25224616	tfsite_760c15cd3b42388d	tflocus_521e1da7ee9cf902	3	1	1	1
ma.tf.000011	238_YWMJBX_4	chr2R	GA	25226405	25226436	tfsite_1074b91f37421aac	tflocus_3f9a82d435ca2c23	2	1	1	1
ma.tf.000010	238_YWMJBX_4	chr2R	GA	25226643	25226657	tfsite_6d22a0923819678a	tflocus_d65d671fa5d23948	9	1	1	1
ma.tf.000009	238_YWMJBX_4	chr2R	GA	25227413	25227444	tfsite_4e13f1c6a78988fb	tflocus_04b04c9f7a5c1de7	7	1	1	1
ma.tf.000008	238_YWMJBX_4	chr2R	GA	25227544	25227602	tfsite_3993897bc7129e6d	tflocus_b2ec07a95edcaf09	2	1	1	1
ma.tf.000007	238_YWMJBX_4	chr2R	GA	25228167	25228213	tfsite_fe393095d0df2878	tflocus_b7dfbd4fcb36c37e	1	1	1	1
ma.tf.000006	238_YWMJBX_4	chr2R	GA	25229571	25229589	tfsite_c3776735b5d0e121	tflocus_35add18fc65dcfd7	2	1	1	1
ma.tf.000005	238_YWMJBX_4	chr2R	GA	25229619	25229672	tfsite_a3b90cd59943e3e7	tflocus_f716988eff1457c7	1	1	1	1
ma.tf.000004	238_YWMJBX_4	chr2R	GA	25229722	25229779	tfsite_07bc6f1ab38e80d9	tflocus_68fb0417abdf8315	1	1	1	1
ma.tf.000003	238_YWMJBX_4	chr2R	GA	25230414	25230428	tfsite_ff2a62c9261ee69e	tflocus_2c029697f81e479f	2	1	1	1
ma.tf.000002	238_YWMJBX_4	chr2R	GA	25230444	25230496	tfsite_78cf0beb01a7f176	tflocus_0cef38b4b9c29859	2	1	1	1
ma.tf.000001	238_YWMJBX_4	chr2R	GA	25230961	25230969	tfsite_c00aa504102a1666	tflocus_3c99f546ee9fd041	3	1	1	1
ma.tf.000000	238_YWMJBX_4	chr2R	GA	25230975	25230995	tfsite_8b172eaa65cfe4d7	tflocus_38cdfbb83759e62f	4	1	1	1
ma.tf.000002	240_YWMJBX_4	chr2R	GA	25226837	25226872	tfsite_d9c5d04518ee0cdb	tflocus_4acf4b785c1938ca	2	1	1	1
ma.tf.000001	240_YWMJBX_4	chr2R	GA	25227375	25227412	tfsite_d443b03d02349028	tflocus_ac10e6c9ce90faa5	2	1	1	1
ma.tf.000000	240_YWMJBX_4	chr2R	GA	25229869	25229909	tfsite_6b4e2761454e6e12	tflocus_e506f28ab45d04ea	1	1	1	1
ma.tf.000000	242_YWMJBX_4	chr2R	GA	25227383	25227390	tfsite_8cf8620c7d019d03	tflocus_37975db974901dd5	15	1	1	1
ma.tf.000000	244_YWMJBX_4	chr2R	GA	25225312	25225322	tfsite_86fc638a2667e40a	tflocus_1d91e0ae5159fedc	2	1	1	1
ma.tf.000001	244_YWMJBX_4	chr2R	GA	25226578	25226619	tfsite_cb6f127a8c4a391b	tflocus_bc6e8a03e3ac7a38	5	1	1	1
ma.tf.000000	246_YWMJBX_4	chr2R	GA	25221336	25221349	tfsite_8828c2c7ce19be43	tflocus_6f6e3409440d7f5e	4	1	1	1
ma.tf.000001	246_YWMJBX_4	chr2R	GA	25222974	25222999	tfsite_1de7d5c6f86d65a1	tflocus_7d11293d9537e089	5	1	1	1
ma.tf.000001	24_YWMJBX_4	chr2R	GA	25226699	25226715	tfsite_463e0ea5cec5d52e	tflocus_537ebd2033506beb	9	1	1	1
ma.tf.000000	24_YWMJBX_4	chr2R	GA	25226789	25226824	tfsite_adfc37b60af20ff1	tflocus_5b543f794fbc327b	6	1	1	1
ma.tf.000000	254_YWMJBX_4	chr2R	GA	25221336	25221349	tfsite_8828c2c7ce19be43	tflocus_6f6e3409440d7f5e	4	1	1	1
ma.tf.000012	255_YWMJBX_4	chr2R	GA	25222990	25223033	tfsite_40f4e9bec68d1a5b	tflocus_3bbe37320fdf246f	1	1	1	1
ma.tf.000011	255_YWMJBX_4	chr2R	GA	25224384	25224405	tfsite_61c3898175da73b1	tflocus_4ebc2e168c511f2c	2	1	1	1
ma.tf.000010	255_YWMJBX_4	chr2R	GA	25224456	25224461	tfsite_1e7a0f386a02d43d	tflocus_2035539ea405a256	3	1	1	1
ma.tf.000009	255_YWMJBX_4	chr2R	GA	25224583	25224619	tfsite_ba4878ff90f20aa6	tflocus_2fb51b1ac82cdd67	3	1	1	1
ma.tf.000008	255_YWMJBX_4	chr2R	GA	25224670	25224747	tfsite_d2cbb48ae0cd0929	tflocus_c373edcf70b8b285	1	1	1	1
ma.tf.000007	255_YWMJBX_4	chr2R	GA	25226324	25226353	tfsite_3ca086f6ad2e9e6e	tflocus_9bfa09bfeca3540e	3	1	1	1
ma.tf.000006	255_YWMJBX_4	chr2R	GA	25226369	25226414	tfsite_53bb8fd9deef9100	tflocus_091832bdcb1d1071	1	1	1	1
ma.tf.000005	255_YWMJBX_4	chr2R	GA	25226442	25226453	tfsite_622ca5e7086aa10e	tflocus_c5a335d178b21c85	3	1	1	1
ma.tf.000004	255_YWMJBX_4	chr2R	GA	25226565	25226645	tfsite_c6bc6e00b4ab46a9	tflocus_bc6e8a03e3ac7a38	3	1	1	1
ma.tf.000003	255_YWMJBX_4	chr2R	GA	25226692	25226708	tfsite_c7b2f49f93e6aa95	tflocus_8105c482b668d661	6	1	1	1
ma.tf.000002	255_YWMJBX_4	chr2R	GA	25227113	25227164	tfsite_dc1e3f105d18d183	tflocus_fce6edf1aaf8909a	1	1	1	1
ma.tf.000001	255_YWMJBX_4	chr2R	GA	25227828	25227892	tfsite_75c808e535902b4a	tflocus_204c0758a0bab128	2	1	1	1
ma.tf.000000	255_YWMJBX_4	chr2R	GA	25229742	25229760	tfsite_713a6c6a693e6c9b	tflocus_68fb0417abdf8315	3	1	1	1
ma.tf.000010	256_YWMJBX_4	chr2R	GA	25221588	25221652	tfsite_bc70b9d892863562	tflocus_25ff2bb55abb9c2e	1	1	1	1
ma.tf.000009	256_YWMJBX_4	chr2R	GA	25222223	25222291	tfsite_ed7f5f9fd1ca2deb	tflocus_0c04f21faaaa3612	2	1	1	1
ma.tf.000008	256_YWMJBX_4	chr2R	GA	25224449	25224487	tfsite_a417409f83db6875	tflocus_2035539ea405a256	2	1	1	1
ma.tf.000007	256_YWMJBX_4	chr2R	GA	25224846	25224926	.	.	.	0	0	0
ma.tf.000006	256_YWMJBX_4	chr2R	GA	25225123	25225169	tfsite_2a96d9d785fad196	tflocus_5e58a69377d49dd8	1	1	1	1
ma.tf.000005	256_YWMJBX_4	chr2R	GA	25225191	25225269	tfsite_f1e0417711cd0927	tflocus_65fa17a3e1db5e8c	1	1	1	0
ma.tf.000004	256_YWMJBX_4	chr2R	GA	25226648	25226662	tfsite_854e9cdbfdb3d780	tflocus_d65d671fa5d23948	11	1	1	1
ma.tf.000003	256_YWMJBX_4	chr2R	GA	25227984	25228047	tfsite_014e660fea4abcde	tflocus_e5e84dea66b04efc	1	1	1	1
ma.tf.000002	256_YWMJBX_4	chr2R	GA	25228095	25228127	tfsite_5bf8036cbd5ea96a	tflocus_e081f5d72fa8144d	2	1	1	1
ma.tf.000001	256_YWMJBX_4	chr2R	GA	25230357	25230369	tfsite_0cd7f2d388da0e6b	tflocus_51d54e8c8feec3ba	2	1	1	1
ma.tf.000000	256_YWMJBX_4	chr2R	GA	25230397	25230421	tfsite_ffb2ad06a4ebcb8a	tflocus_86c86f2b3f339915	3	1	1	1
ma.tf.000005	257_YWMJBX_4	chr2R	GA	25221332	25221381	tfsite_c5d07e87d0434e81	tflocus_55af339fd22dba74	5	1	1	1
ma.tf.000004	257_YWMJBX_4	chr2R	GA	25224388	25224410	tfsite_1126b39c9fe9bc4b	tflocus_4ebc2e168c511f2c	4	1	1	1
ma.tf.000003	257_YWMJBX_4	chr2R	GA	25224444	25224514	tfsite_296eb41f3a4154ec	tflocus_93a1a51f258f428d	1	1	1	1
ma.tf.000002	257_YWMJBX_4	chr2R	GA	25226552	25226600	tfsite_5d103a70ddd4e83b	tflocus_1eb3c76c06612bf7	6	1	1	1
ma.tf.000001	257_YWMJBX_4	chr2R	GA	25227006	25227029	tfsite_49251ffb7f5c25de	tflocus_d48ac893d80deff1	3	1	1	1
ma.tf.000000	257_YWMJBX_4	chr2R	GA	25227896	25227963	tfsite_73a731d45b2a00dc	tflocus_9785493505be637f	1	1	1	1
ma.tf.000000	258_YWMJBX_4	chr2R	GA	25226517	25226535	tfsite_8e2bffc29e7279c0	tflocus_a8af8b18d5942620	6	1	1	1
ma.tf.000001	258_YWMJBX_4	chr2R	GA	25226623	25226676	tfsite_9d1d3c5fa107861e	tflocus_d65d671fa5d23948	2	1	1	1
ma.tf.000002	258_YWMJBX_4	chr2R	GA	25227794	25227807	tfsite_14c631b886a4edbe	tflocus_3caf086503cdaf3b	3	1	1	1
ma.tf.000003	258_YWMJBX_4	chr2R	GA	25231904	25231939	tfsite_9c0fdb92beb34a73	tflocus_f7c848c31b2bb827	1	1	1	1
ma.tf.000000	261_YWMJBX_4	chr2R	GA	25226519	25226535	tfsite_8e2bffc29e7279c0	tflocus_a8af8b18d5942620	6	1	1	1
ma.tf.000001	261_YWMJBX_4	chr2R	GA	25226591	25226605	tfsite_fa4389b4d31b0a06	tflocus_bc6e8a03e3ac7a38	8	1	1	1
ma.tf.000002	261_YWMJBX_4	chr2R	GA	25227119	25227170	tfsite_4ee14b10af5ef09b	tflocus_c094bd83466d009c	2	1	1	1
ma.tf.000000	266_YWMJBX_4	chr2R	GA	25221336	25221349	tfsite_8828c2c7ce19be43	tflocus_6f6e3409440d7f5e	4	1	1	1
ma.tf.000001	266_YWMJBX_4	chr2R	GA	25221732	25221773	tfsite_81196b4a2401e76f	tflocus_d1527b07b081a69e	4	0	1	1
ma.tf.000002	266_YWMJBX_4	chr2R	GA	25225989	25226011	tfsite_0c9a29e487b1dc1a	tflocus_ad4cc2b950cd92bd	4	1	1	1
ma.tf.000003	266_YWMJBX_4	chr2R	GA	25226410	25226463	tfsite_71b686ea3cbf7281	tflocus_af57c3fb56082292	1	1	1	1
ma.tf.000004	266_YWMJBX_4	chr2R	GA	25226515	25226545	tfsite_a0e4226922af6d02	tflocus_a8af8b18d5942620	5	1	1	1
ma.tf.000005	266_YWMJBX_4	chr2R	GA	25226604	25226619	tfsite_53823d1f3806d270	tflocus_1b8c6a4efcd1e008	7	1	1	1
ma.tf.000006	266_YWMJBX_4	chr2R	GA	25226623	25226676	tfsite_9d1d3c5fa107861e	tflocus_d65d671fa5d23948	2	1	1	1
ma.tf.000007	266_YWMJBX_4	chr2R	GA	25226918	25226938	tfsite_b61909fe615c994e	tflocus_7953289f8630a2e6	3	1	1	1
ma.tf.000008	266_YWMJBX_4	chr2R	GA	25228358	25228385	tfsite_6ce78f34f8301166	tflocus_d4fa58551aad1b91	2	0	0	0
ma.tf.000009	266_YWMJBX_4	chr2R	GA	25228602	25228621	tfsite_f1e8920a7f1e98de	tflocus_2315c7f728ed0e83	5	1	1	1
ma.tf.000010	266_YWMJBX_4	chr2R	GA	25231023	25231030	tfsite_96cca856a7bb47bf	tflocus_f8852b029e8a492b	4	1	1	0
ma.tf.000011	266_YWMJBX_4	chr2R	GA	25231576	25231597	tfsite_e7ee6a72328cc76d	tflocus_19f38e935b0e48be	1	1	1	0
ma.tf.000003	268_YWMJBX_4	chr2R	GA	25226310	25226354	tfsite_687786863aae90ad	tflocus_9bfa09bfeca3540e	2	1	1	1
ma.tf.000002	268_YWMJBX_4	chr2R	GA	25226591	25226619	tfsite_1a2f2904811d65d2	tflocus_bc6e8a03e3ac7a38	10	1	1	1
ma.tf.000001	268_YWMJBX_4	chr2R	GA	25226675	25226693	tfsite_d4a7ced16aa3ed1d	tflocus_a79ba565f52b91ee	4	1	1	1
ma.tf.000000	268_YWMJBX_4	chr2R	GA	25228953	25228972	tfsite_e2ca6c3e22c753e7	tflocus_73e3035c0261f0db	1	1	1	1
ma.tf.000002	269_YWMJBX_4	chr2R	GA	25229871	25229889	tfsite_67e912fa832211af	tflocus_3feaf9a66ca62b4c	2	1	1	1
ma.tf.000001	269_YWMJBX_4	chr2R	GA	25230223	25230237	tfsite_cac03a4447588d01	tflocus_bd5a033162828b25	4	1	1	1
ma.tf.000000	269_YWMJBX_4	chr2R	GA	25230715	25230767	.	.	.	0	0	0
ma.tf.000004	26_YWMJBX_4	chr2R	GA	25222020	25222043	tfsite_f2ae2c95b7a42440	tflocus_13dabd944ed40207	1	1	1	1
ma.tf.000003	26_YWMJBX_4	chr2R	GA	25225520	25225532	tfsite_632ff0568ad70927	tflocus_8d735a9f30f22fdc	3	1	1	1
ma.tf.000002	26_YWMJBX_4	chr2R	GA	25226560	25226595	tfsite_757077ce20316159	tflocus_1eb3c76c06612bf7	9	1	1	1
ma.tf.000001	26_YWMJBX_4	chr2R	GA	25227894	25227907	tfsite_0f472af0358fd71b	tflocus_fe9420b4af12b011	2	1	1	1
ma.tf.000000	26_YWMJBX_4	chr2R	GA	25230400	25230419	tfsite_ffb2ad06a4ebcb8a	tflocus_86c86f2b3f339915	3	1	1	1
ma.tf.000000	270_YWMJBX_4	chr2R	GA	25221336	25221349	tfsite_8828c2c7ce19be43	tflocus_6f6e3409440d7f5e	4	1	1	1
ma.tf.000001	270_YWMJBX_4	chr2R	GA	25223006	25223050	tfsite_706f2c1e89413069	tflocus_570a4bafcd52b9c9	3	1	1	1
ma.tf.000002	270_YWMJBX_4	chr2R	GA	25224135	25224218	tfsite_75cca0fbaf2bb334	tflocus_2c78ad4d47dc68ff	1	1	1	1
ma.tf.000003	270_YWMJBX_4	chr2R	GA	25225906	25225961	tfsite_ab444a4791baab7e	tflocus_ccb744ebf8a765ae	1	1	1	1
ma.tf.000004	270_YWMJBX_4	chr2R	GA	25225983	25226001	tfsite_740195e01fd25499	tflocus_ad4cc2b950cd92bd	2	1	1	1
ma.tf.000005	270_YWMJBX_4	chr2R	GA	25226591	25226605	tfsite_fa4389b4d31b0a06	tflocus_bc6e8a03e3ac7a38	8	1	1	1
ma.tf.000010	271_YWMJBX_4	chr2R	GA	25221905	25221935	tfsite_fc24a809d56e6bce	tflocus_38c96a7a9ec9c81b	2	1	1	1
ma.tf.000009	271_YWMJBX_4	chr2R	GA	25222988	25223037	tfsite_40f4e9bec68d1a5b	tflocus_3bbe37320fdf246f	1	1	1	1
ma.tf.000008	271_YWMJBX_4	chr2R	GA	25224395	25224444	tfsite_011f6f12019b6ea6	tflocus_96c16d3318903cdb	2	1	1	1
ma.tf.000007	271_YWMJBX_4	chr2R	GA	25225534	25225568	tfsite_ff50ec68a0cfb19b	tflocus_f27456029e3ce898	4	1	1	1
ma.tf.000006	271_YWMJBX_4	chr2R	GA	25225726	25225745	tfsite_1ee902e3168b5519	tflocus_5c4e175b04940cab	5	1	1	1
ma.tf.000005	271_YWMJBX_4	chr2R	GA	25226574	25226595	tfsite_855d23b6e5ed509e	tflocus_1b53b69855864508	5	1	1	1
ma.tf.000004	271_YWMJBX_4	chr2R	GA	25226608	25226635	tfsite_96c8997d79bbcec6	tflocus_ca40d66c809cbd24	7	1	1	1
ma.tf.000003	271_YWMJBX_4	chr2R	GA	25229547	25229594	tfsite_804cca98d55fa9ba	tflocus_35add18fc65dcfd7	1	1	1	1
ma.tf.000002	271_YWMJBX_4	chr2R	GA	25229636	25229673	tfsite_a06474a96a04373a	tflocus_f716988eff1457c7	2	1	1	1
ma.tf.000001	271_YWMJBX_4	chr2R	GA	25230565	25230579	tfsite_708b00cc9ed69221	tflocus_aa6d6a4985294566	4	1	1	1
ma.tf.000000	271_YWMJBX_4	chr2R	GA	25231887	25231934	tfsite_89237b1fa527c2b1	tflocus_50faaceac24643c1	5	1	1	1
ma.tf.000002	279_YWMJBX_4	chr2R	GA	25224794	25224827	tfsite_a4290a426454581b	tflocus_a8efe87a00e988fe	2	1	1	1
ma.tf.000001	279_YWMJBX_4	chr2R	GA	25225559	25225571	tfsite_3c21b29ee4a3da35	tflocus_e4e7a931ff1bc47f	3	1	1	1
ma.tf.000000	279_YWMJBX_4	chr2R	GA	25226663	25226677	tfsite_d23ca6f9eaadc7cd	tflocus_3303cb5b8d07d733	7	1	1	1
ma.tf.000005	27_YWMJBX_4	chr2R	GA	25222065	25222077	tfsite_06de5b99921c6ea8	tflocus_631c223da0e18ecb	4	1	1	1
ma.tf.000004	27_YWMJBX_4	chr2R	GA	25224528	25224543	tfsite_84f5d90368b10ebd	tflocus_2c2adfaa20521811	1	1	1	1
ma.tf.000003	27_YWMJBX_4	chr2R	GA	25226388	25226418	tfsite_576bfc7f7ad42f94	tflocus_aa03e25fe2603ea5	2	1	1	1
ma.tf.000002	27_YWMJBX_4	chr2R	GA	25226627	25226649	tfsite_0e767c52ffcf3561	tflocus_6d95b6d5ea493574	15	1	1	1
ma.tf.000001	27_YWMJBX_4	chr2R	GA	25226667	25226686	tfsite_7fdd25333d7d2655	tflocus_a79ba565f52b91ee	2	1	1	1
ma.tf.000000	27_YWMJBX_4	chr2R	GA	25226771	25226833	tfsite_804b9a19d8c7885b	tflocus_5b543f794fbc327b	3	1	1	1
ma.tf.000000	281_YWMJBX_4	chr2R	GA	25223477	25223493	tfsite_6cc7c1174e5e6178	tflocus_e75a8f9b2cadbd7c	2	1	1	1
ma.tf.000001	281_YWMJBX_4	chr2R	GA	25224998	25225018	tfsite_2acab993a8123372	tflocus_eb3cbd643c7250f4	3	1	1	1
ma.tf.000002	281_YWMJBX_4	chr2R	GA	25225064	25225080	tfsite_c0ba42406ea9925c	tflocus_a1bbfc446d48d4ea	3	1	1	1
ma.tf.000003	281_YWMJBX_4	chr2R	GA	25231196	25231272	tfsite_fc208a8923ce4ebc	tflocus_e4dda19e78561662	2	1	1	1
ma.tf.000000	284_YWMJBX_4	chr2R	GA	25221860	25221887	tfsite_285036c662b4f10d	tflocus_334fdccfa68f1031	2	1	1	1
ma.tf.000001	284_YWMJBX_4	chr2R	GA	25225187	25225233	tfsite_19ffbec94f51a88b	tflocus_5d327f4f7c1fa1e3	3	1	1	1
ma.tf.000002	284_YWMJBX_4	chr2R	GA	25225983	25226016	tfsite_0c9a29e487b1dc1a	tflocus_ad4cc2b950cd92bd	4	1	1	1
ma.tf.000003	284_YWMJBX_4	chr2R	GA	25226200	25226222	tfsite_78604adea1cebc6a	tflocus_771476542912009d	3	1	1	1
ma.tf.000004	284_YWMJBX_4	chr2R	GA	25226511	25226527	tfsite_6a14f9dee8d847cb	tflocus_a8af8b18d5942620	4	1	1	1
ma.tf.000005	284_YWMJBX_4	chr2R	GA	25226533	25226575	tfsite_e29f54b508258f3d	tflocus_7020547dbf400262	3	1	1	1
ma.tf.000006	284_YWMJBX_4	chr2R	GA	25226591	25226619	tfsite_1a2f2904811d65d2	tflocus_bc6e8a03e3ac7a38	10	1	1	1
ma.tf.000007	284_YWMJBX_4	chr2R	GA	25226638	25226676	tfsite_8211409850302637	tflocus_d65d671fa5d23948	8	1	1	1
ma.tf.000008	284_YWMJBX_4	chr2R	GA	25226918	25226939	tfsite_b61909fe615c994e	tflocus_7953289f8630a2e6	3	1	1	1
ma.tf.000009	284_YWMJBX_4	chr2R	GA	25231180	25231191	tfsite_3c6f8ac308adfe27	tflocus_9b951a8d52a225fe	4	1	1	1
ma.tf.000010	284_YWMJBX_4	chr2R	GA	25231215	25231239	tfsite_4c24378efe33c87c	tflocus_e4dda19e78561662	4	1	1	1
ma.tf.000003	291_YWMJBX_4	chr2R	GA	25221885	25221895	tfsite_7f9ed4cd1dd24164	tflocus_4b41f722e8246325	4	1	1	1
ma.tf.000002	291_YWMJBX_4	chr2R	GA	25223451	25223512	tfsite_4d9608d6eb9d911c	tflocus_e75a8f9b2cadbd7c	1	1	1	1
ma.tf.000001	291_YWMJBX_4	chr2R	GA	25225088	25225100	tfsite_fe9b6b4aaf143826	tflocus_2d627e6048094d25	3	1	1	1
ma.tf.000000	291_YWMJBX_4	chr2R	GA	25227937	25227945	tfsite_6ceccbd4cfdd36de	tflocus_9785493505be637f	5	1	1	0
ma.tf.000000	295_YWMJBX_4	chr2R	GA	25225921	25225978	tfsite_3475c73ab860a07c	tflocus_8ecca17975fcc96b	2	1	1	1
ma.tf.000001	295_YWMJBX_4	chr2R	GA	25226200	25226222	tfsite_78604adea1cebc6a	tflocus_771476542912009d	3	1	1	1
ma.tf.000002	295_YWMJBX_4	chr2R	GA	25226591	25226619	tfsite_1a2f2904811d65d2	tflocus_bc6e8a03e3ac7a38	10	1	1	1
ma.tf.000000	296_YWMJBX_4	chr2R	GA	25223006	25223065	tfsite_9092eee0b33170ba	tflocus_570a4bafcd52b9c9	5	1	1	1
ma.tf.000001	296_YWMJBX_4	chr2R	GA	25226580	25226605	tfsite_5894bd0ad3dda0dc	tflocus_1b53b69855864508	7	1	1	1
ma.tf.000002	296_YWMJBX_4	chr2R	GA	25227985	25228026	tfsite_513ca77ec0c99407	tflocus_e10c36ebcede5a09	1	1	1	1
ma.tf.000003	296_YWMJBX_4	chr2R	GA	25231585	25231667	tfsite_911edabf2fc62340	tflocus_cc723c2567a4d717	1	1	0	0
ma.tf.000000	297_YWMJBX_4	chr2R	GA	25223179	25223195	tfsite_308403b84c2bf530	tflocus_a308de599a726c3c	1	1	1	1
ma.tf.000001	297_YWMJBX_4	chr2R	GA	25225193	25225233	tfsite_9450bc830b0d0fd9	tflocus_3fc2370c78c63760	1	1	1	1
ma.tf.000002	297_YWMJBX_4	chr2R	GA	25226604	25226619	tfsite_53823d1f3806d270	tflocus_1b8c6a4efcd1e008	7	1	1	1
ma.tf.000003	297_YWMJBX_4	chr2R	GA	25230644	25230702	tfsite_812fe8e97d779ae1	tflocus_e6f3176e7cf09b50	2	1	1	1
ma.tf.000000	299_YWMJBX_4	chr2R	GA	25222974	25222999	tfsite_1de7d5c6f86d65a1	tflocus_7d11293d9537e089	5	1	1	1
ma.tf.000001	299_YWMJBX_4	chr2R	GA	25228261	25228331	tfsite_54d49c05990c556d	tflocus_18118421f52dba73	2	1	1	1
ma.tf.000006	29_YWMJBX_4	chr2R	GA	25221332	25221401	tfsite_c07939257977117a	tflocus_c5da106ac1f9dbe3	2	1	1	0
ma.tf.000005	29_YWMJBX_4	chr2R	GA	25224061	25224128	tfsite_0764b0847b423579	tflocus_6d4b8193caebe65f	1	1	1	1
ma.tf.000004	29_YWMJBX_4	chr2R	GA	25226722	25226742	tfsite_5e3eb4a9c9cef3e9	tflocus_66ec4d1de6883c23	7	1	1	1
ma.tf.000003	29_YWMJBX_4	chr2R	GA	25227249	25227265	tfsite_1a3d3d93273f7a2c	tflocus_9cda4ee2b3e687c1	5	1	1	1
ma.tf.000002	29_YWMJBX_4	chr2R	GA	25227311	25227359	tfsite_c7c2813d485e79e8	tflocus_9001b8688125efc3	3	1	1	1
ma.tf.000001	29_YWMJBX_4	chr2R	GA	25227927	25227940	tfsite_bacfb722e797014b	tflocus_9785493505be637f	4	1	1	1
ma.tf.000000	29_YWMJBX_4	chr2R	GA	25229044	25229056	tfsite_440788d8eba5f085	tflocus_a0be8440978f3e70	5	1	1	1
ma.tf.000004	300_YWMJBX_4	chr2R	GA	25224909	25224939	tfsite_8ab87682ad1f244c	tflocus_7fdcce7f97c02f29	1	1	1	1
ma.tf.000003	300_YWMJBX_4	chr2R	GA	25226620	25226642	tfsite_ee13e7c6a9d64f0d	tflocus_ca40d66c809cbd24	11	1	1	1
ma.tf.000002	300_YWMJBX_4	chr2R	GA	25226687	25226703	tfsite_c7b2f49f93e6aa95	tflocus_8105c482b668d661	6	1	1	1
ma.tf.000001	300_YWMJBX_4	chr2R	GA	25227242	25227283	tfsite_13ef74fb466a7436	tflocus_9cda4ee2b3e687c1	4	1	1	1
ma.tf.000000	300_YWMJBX_4	chr2R	GA	25231150	25231167	tfsite_553b39e38c43d07b	tflocus_0807946c1c4ddafb	1	1	1	1
ma.tf.000006	301_YWMJBX_4	chr2R	GA	25221487	25221546	tfsite_cfebe24c6acff103	tflocus_b739d2d01af11c13	1	1	1	1
ma.tf.000005	301_YWMJBX_4	chr2R	GA	25224613	25224621	tfsite_2a8492bbeeafeb66	tflocus_521e1da7ee9cf902	5	1	1	1
ma.tf.000004	301_YWMJBX_4	chr2R	GA	25224625	25224649	tfsite_2add485202122f1e	tflocus_9ebdda41a1350bab	4	1	1	1
ma.tf.000003	301_YWMJBX_4	chr2R	GA	25224725	25224807	tfsite_824be5d2fd36f963	tflocus_edc03c0010a868c0	1	1	1	1
ma.tf.000002	301_YWMJBX_4	chr2R	GA	25225876	25225943	tfsite_d945f157d4b03bd6	tflocus_1634ccad1c02e2de	1	1	1	1
ma.tf.000001	301_YWMJBX_4	chr2R	GA	25226353	25226383	tfsite_3a51f92a581edfe3	tflocus_e4b526e086f737cb	3	1	1	1
ma.tf.000000	301_YWMJBX_4	chr2R	GA	25227409	25227457	tfsite_3877834ba65c6c29	tflocus_04b04c9f7a5c1de7	5	1	1	1
ma.tf.000000	303_YWMJBX_4	chr2R	GA	25227221	25227249	tfsite_64ae807c85c671de	tflocus_12a4e42f45594db6	3	1	1	1
ma.tf.000001	303_YWMJBX_4	chr2R	GA	25231023	25231030	tfsite_96cca856a7bb47bf	tflocus_f8852b029e8a492b	4	1	1	0
ma.tf.000002	303_YWMJBX_4	chr2R	GA	25231868	25231939	tfsite_8bf1e79f70a873d7	tflocus_50faaceac24643c1	1	1	1	0
ma.tf.000000	30_YWMJBX_4	chr2R	GA	25225312	25225322	tfsite_86fc638a2667e40a	tflocus_1d91e0ae5159fedc	2	1	1	1
ma.tf.000001	30_YWMJBX_4	chr2R	GA	25225821	25225856	tfsite_dae0dda35d1b013f	tflocus_831f90563f6b7d37	1	1	1	1
ma.tf.000002	30_YWMJBX_4	chr2R	GA	25225938	25225978	tfsite_e1c86f46479a905e	tflocus_1544e62653173838	3	1	1	1
ma.tf.000003	30_YWMJBX_4	chr2R	GA	25226578	25226605	tfsite_5894bd0ad3dda0dc	tflocus_1b53b69855864508	7	1	1	1
ma.tf.000004	30_YWMJBX_4	chr2R	GA	25226618	25226639	tfsite_24c86b2bbe9ca049	tflocus_ca40d66c809cbd24	9	1	1	1
ma.tf.000005	30_YWMJBX_4	chr2R	GA	25227378	25227397	tfsite_8cf8620c7d019d03	tflocus_37975db974901dd5	15	1	1	1
ma.tf.000006	30_YWMJBX_4	chr2R	GA	25227408	25227463	tfsite_edd34bee38586aad	tflocus_8482d66dc05a2c50	1	1	1	1
ma.tf.000007	30_YWMJBX_4	chr2R	GA	25228048	25228131	tfsite_3a9ba8516ce612bd	tflocus_65bafa30bcd4afff	1	1	1	0
ma.tf.000008	30_YWMJBX_4	chr2R	GA	25228283	25228323	tfsite_45ebbf7244b2ece2	tflocus_54400bcdac618b86	2	1	1	1
ma.tf.000009	30_YWMJBX_4	chr2R	GA	25228913	25228959	tfsite_5f66aa980e501cc7	tflocus_3dab6c38a563ced6	1	1	1	1
ma.tf.000010	30_YWMJBX_4	chr2R	GA	25231706	25231744	tfsite_461abd94de179f49	tflocus_8ac16267b48bf93b	2	1	1	1
ma.tf.000000	317_YWMJBX_4	chr2R	GA	25225821	25225833	tfsite_bbbf9491ad60876f	tflocus_d03cddd1ab148bcd	7	1	1	1
ma.tf.000001	317_YWMJBX_4	chr2R	GA	25225977	25225991	tfsite_0d902b8e0f339337	tflocus_438410026335f5cc	3	1	1	0
ma.tf.000002	317_YWMJBX_4	chr2R	GA	25226853	25226889	tfsite_ab3e42955fb123ce	tflocus_89eb5bc729e0bcdf	1	1	1	1
ma.tf.000003	317_YWMJBX_4	chr2R	GA	25228283	25228303	tfsite_37971dfcfa7c37c3	tflocus_18118421f52dba73	3	1	1	1
ma.tf.000000	318_YWMJBX_4	chr2R	GA	25221871	25221900	tfsite_1eb4d582b2bb7d31	tflocus_4b41f722e8246325	2	1	1	1
ma.tf.000001	318_YWMJBX_4	chr2R	GA	25224735	25224743	tfsite_aa0dc2b289f19af1	tflocus_1c0ce62047cda5b1	4	1	1	1
ma.tf.000002	318_YWMJBX_4	chr2R	GA	25225171	25225194	tfsite_6c06b5a5a2f77fb3	tflocus_7062bfa7d6e05965	5	1	1	1
ma.tf.000003	318_YWMJBX_4	chr2R	GA	25228085	25228163	tfsite_bfe5d2c225a2afb5	tflocus_2297717986177c88	1	1	1	1
ma.tf.000004	318_YWMJBX_4	chr2R	GA	25228791	25228833	tfsite_a30894e7493f3c72	tflocus_5c9a6916e937657c	1	1	1	1
ma.tf.000005	318_YWMJBX_4	chr2R	GA	25231023	25231030	tfsite_96cca856a7bb47bf	tflocus_f8852b029e8a492b	4	1	1	0
ma.tf.000006	318_YWMJBX_4	chr2R	GA	25231758	25231786	tfsite_96c930f368fdfc00	tflocus_26f199c6a0617002	1	1	1	1
ma.tf.000000	319_YWMJBX_4	chr2R	GA	25221336	25221352	tfsite_7151f56beba22b06	tflocus_55af339fd22dba74	13	1	1	1
ma.tf.000001	319_YWMJBX_4	chr2R	GA	25221801	25221878	tfsite_9bbb12bd2473046d	tflocus_4e5ddfe27e02cdc2	1	1	1	1
ma.tf.000002	319_YWMJBX_4	chr2R	GA	25225564	25225645	tfsite_8c35736dacaf8c98	tflocus_9f223147bb723030	1	1	1	0
ma.tf.000003	319_YWMJBX_4	chr2R	GA	25225826	25225833	tfsite_72a93b62fd2fa774	tflocus_d03cddd1ab148bcd	9	1	1	1
ma.tf.000004	319_YWMJBX_4	chr2R	GA	25226947	25226984	tfsite_c089488af7f76ad6	tflocus_af44a3ce353adfef	2	1	1	1
ma.tf.000005	319_YWMJBX_4	chr2R	GA	25228724	25228798	tfsite_dd1a456eb92631e4	tflocus_7d20221cad69ec6f	1	1	1	1
ma.tf.000006	319_YWMJBX_4	chr2R	GA	25228814	25228860	tfsite_101b9691329f533c	tflocus_2bd138dcdf059a76	1	1	1	1
ma.tf.000000	323_YWMJBX_4	chr2R	GA	25231017	25231030	tfsite_69cee13117524e69	tflocus_f8852b029e8a492b	3	1	1	1
ma.tf.000006	325_YWMJBX_4	chr2R	GA	25226604	25226651	tfsite_f38dc2eef5defdd9	tflocus_ca40d66c809cbd24	5	1	1	1
ma.tf.000005	325_YWMJBX_4	chr2R	GA	25226675	25226689	tfsite_d4a7ced16aa3ed1d	tflocus_a79ba565f52b91ee	4	1	1	1
ma.tf.000004	325_YWMJBX_4	chr2R	GA	25226699	25226724	tfsite_be9b77990e3d9878	tflocus_537ebd2033506beb	8	1	1	1
ma.tf.000003	325_YWMJBX_4	chr2R	GA	25226835	25226870	tfsite_d9755f2ceda1f2e6	tflocus_5540b6bdaa3ec504	3	1	1	1
ma.tf.000002	325_YWMJBX_4	chr2R	GA	25226874	25226906	tfsite_a5f233eaab6f0df0	tflocus_79fe151d6beb8197	3	1	1	1
ma.tf.000001	325_YWMJBX_4	chr2R	GA	25227295	25227313	tfsite_578aa920ae31b764	tflocus_f655c66fa00ae2bc	2	1	1	1
ma.tf.000000	325_YWMJBX_4	chr2R	GA	25230788	25230801	tfsite_2d261dbfd52e343b	tflocus_c3cbd0c8d550eee6	2	1	1	1
ma.tf.000000	32_YWMJBX_4	chr2R	GA	25221336	25221351	tfsite_7151f56beba22b06	tflocus_55af339fd22dba74	13	1	1	1
ma.tf.000001	32_YWMJBX_4	chr2R	GA	25228314	25228331	tfsite_1f23131b2e594110	tflocus_2b5dbfe8c6f53edf	3	1	1	1
ma.tf.000002	335_YWMJBX_4	chr2R	GA	25222407	25222422	tfsite_07cb7a6e306a6e78	tflocus_5fea56978e0e0087	3	1	1	1
ma.tf.000001	335_YWMJBX_4	chr2R	GA	25223089	25223100	tfsite_affebf8574fff3a2	tflocus_22ecc1ead0da804e	1	1	1	1
ma.tf.000000	335_YWMJBX_4	chr2R	GA	25224004	25224051	tfsite_739e4c8df6ae24e5	tflocus_3114de1f9bde636e	1	1	1	0
ma.tf.000008	337_YWMJBX_4	chr2R	GA	25222232	25222242	tfsite_d2ba498196ada329	tflocus_afb9878b78079449	3	1	1	1
ma.tf.000007	337_YWMJBX_4	chr2R	GA	25224708	25224727	tfsite_b7135422c1bfab0a	tflocus_2f62a88affe6ed4f	2	1	1	1
ma.tf.000006	337_YWMJBX_4	chr2R	GA	25225082	25225134	tfsite_d658c7579fbe3c4e	tflocus_516f353e478d733b	2	1	1	1
ma.tf.000005	337_YWMJBX_4	chr2R	GA	25225515	25225527	tfsite_4f8f8b273eff11a7	tflocus_ced42cdc1a7d19fa	2	1	1	1
ma.tf.000004	337_YWMJBX_4	chr2R	GA	25226544	25226592	tfsite_6e85989a636964c6	tflocus_1eb3c76c06612bf7	4	1	1	1
ma.tf.000003	337_YWMJBX_4	chr2R	GA	25226615	25226629	tfsite_96c8997d79bbcec6	tflocus_ca40d66c809cbd24	7	1	1	1
ma.tf.000002	337_YWMJBX_4	chr2R	GA	25226683	25226701	tfsite_81c9f457252f5292	tflocus_8105c482b668d661	5	1	1	1
ma.tf.000001	337_YWMJBX_4	chr2R	GA	25226997	25227029	tfsite_49251ffb7f5c25de	tflocus_d48ac893d80deff1	3	1	1	1
ma.tf.000000	337_YWMJBX_4	chr2R	GA	25227241	25227281	tfsite_c639b3f47c0c535d	tflocus_9cda4ee2b3e687c1	3	1	1	1
ma.tf.000002	338_YWMJBX_4	chr2R	GA	25226617	25226631	tfsite_0d1fbba83a439671	tflocus_ca40d66c809cbd24	8	1	1	1
ma.tf.000001	338_YWMJBX_4	chr2R	GA	25226678	25226710	tfsite_e02e2e23afb9ee9e	tflocus_8105c482b668d661	3	1	1	1
ma.tf.000000	338_YWMJBX_4	chr2R	GA	25227385	25227396	tfsite_fa86fd68ecf3f6a0	tflocus_ac10e6c9ce90faa5	3	1	1	1
ma.tf.000007	339_YWMJBX_4	chr2R	GA	25221321	25221357	tfsite_c3b148c4a696bab2	tflocus_6f6e3409440d7f5e	2	1	1	1
ma.tf.000006	339_YWMJBX_4	chr2R	GA	25221398	25221452	tfsite_df3506dce6c34fd2	tflocus_8580fee0e01b8450	1	1	1	1
ma.tf.000005	339_YWMJBX_4	chr2R	GA	25221486	25221525	tfsite_7c9a1e1ce362a057	tflocus_a61e29c06ae42983	5	1	1	1
ma.tf.000004	339_YWMJBX_4	chr2R	GA	25224958	25224987	tfsite_ea9c1d2ce6ba46b7	tflocus_6a75f8daf3876004	1	1	1	1
ma.tf.000003	339_YWMJBX_4	chr2R	GA	25225085	25225165	tfsite_144f4e372a665bdd	tflocus_581ecbe22e4a139a	1	1	1	1
ma.tf.000002	339_YWMJBX_4	chr2R	GA	25225222	25225236	tfsite_dbedff7b33eebf31	tflocus_65fa17a3e1db5e8c	5	1	1	1
ma.tf.000001	339_YWMJBX_4	chr2R	GA	25227032	25227054	tfsite_dd91547221f73db8	tflocus_33ae4534c126367d	4	1	1	1
ma.tf.000000	339_YWMJBX_4	chr2R	GA	25228498	25228506	tfsite_45bad6d7f20d1780	tflocus_6d2611572f170754	3	1	1	0
ma.tf.000002	341_YWMJBX_4	chr2R	GA	25225699	25225714	tfsite_77b3776a8ccd6065	tflocus_5e5b221c2e569587	5	1	1	1
ma.tf.000001	341_YWMJBX_4	chr2R	GA	25228128	25228161	tfsite_2076c506bb62b56b	tflocus_99ccf62115f69b08	5	1	1	1
ma.tf.000000	341_YWMJBX_4	chr2R	GA	25228471	25228497	tfsite_bb02c7905dcd192f	tflocus_ed0a1b88803f41d1	3	1	1	1
ma.tf.000000	345_YWMJBX_4	chr2R	GA	25228085	25228120	tfsite_fd9f641ad825062e	tflocus_3a92c6cc4f6eaba1	1	1	1	1
ma.tf.000001	345_YWMJBX_4	chr2R	GA	25231180	25231192	tfsite_3c6f8ac308adfe27	tflocus_9b951a8d52a225fe	4	1	1	1
ma.tf.000009	346_YWMJBX_4	chr2R	GA	25221592	25221616	tfsite_a949eaf768f2cd74	tflocus_e5f2e073f48bf9c5	1	1	1	1
ma.tf.000008	346_YWMJBX_4	chr2R	GA	25221851	25221920	tfsite_3e208c969e12806f	tflocus_4b41f722e8246325	1	1	1	1
ma.tf.000007	346_YWMJBX_4	chr2R	GA	25222309	25222355	tfsite_52742301dd9ad619	tflocus_c7920aa320ac115f	3	1	1	1
ma.tf.000006	346_YWMJBX_4	chr2R	GA	25224488	25224526	tfsite_b0dfc2e891744a0c	tflocus_c166516dc97d234d	4	1	1	1
ma.tf.000005	346_YWMJBX_4	chr2R	GA	25224934	25224974	tfsite_846ea60d5083275c	tflocus_7d1278b6d10dd173	4	1	1	1
ma.tf.000004	346_YWMJBX_4	chr2R	GA	25225148	25225159	tfsite_cc353d973e897a31	tflocus_9eff9425b53a6035	6	1	1	1
ma.tf.000003	346_YWMJBX_4	chr2R	GA	25225542	25225554	tfsite_68bd354a0c4df0ad	tflocus_f27456029e3ce898	5	1	1	1
ma.tf.000002	346_YWMJBX_4	chr2R	GA	25225778	25225806	tfsite_1ead4cc668fe8350	tflocus_4e8fef41fa66a806	2	1	1	1
ma.tf.000001	346_YWMJBX_4	chr2R	GA	25230954	25230974	tfsite_c00aa504102a1666	tflocus_3c99f546ee9fd041	3	1	1	1
ma.tf.000000	346_YWMJBX_4	chr2R	GA	25231141	25231158	tfsite_f4c96e68ceead369	tflocus_36e757f218715768	3	1	1	1
ma.tf.000002	347_YWMJBX_4	chr2R	GA	25222070	25222091	tfsite_5dacbe561511a6c5	tflocus_26bf373052ead530	1	1	1	1
ma.tf.000001	347_YWMJBX_4	chr2R	GA	25226547	25226593	tfsite_e60c9b6ae2712b1d	tflocus_1eb3c76c06612bf7	7	1	1	1
ma.tf.000000	347_YWMJBX_4	chr2R	GA	25229475	25229505	tfsite_a2fa14b0b94a5f34	tflocus_fbdf5c7464bbd3c8	2	1	1	1
ma.tf.000006	353_YWMJBX_4	chr2R	GA	25224608	25224654	tfsite_406cf7853f1bc628	tflocus_9ebdda41a1350bab	3	1	1	1
ma.tf.000005	353_YWMJBX_4	chr2R	GA	25225210	25225245	tfsite_048d9d63153694f4	tflocus_65fa17a3e1db5e8c	3	1	1	1
ma.tf.000004	353_YWMJBX_4	chr2R	GA	25226630	25226644	tfsite_80a08476feb7f192	tflocus_6d95b6d5ea493574	9	1	1	1
ma.tf.000003	353_YWMJBX_4	chr2R	GA	25226700	25226716	tfsite_463e0ea5cec5d52e	tflocus_537ebd2033506beb	9	1	1	1
ma.tf.000002	353_YWMJBX_4	chr2R	GA	25226735	25226797	tfsite_06b4d807da4f7bf6	tflocus_738da22b13c9f78d	4	1	1	1
ma.tf.000001	353_YWMJBX_4	chr2R	GA	25227410	25227421	tfsite_85c629cc4c7c5a6f	tflocus_fe55831af54644ee	5	1	1	1
ma.tf.000000	353_YWMJBX_4	chr2R	GA	25230136	25230164	tfsite_84e00676bc3cb510	tflocus_f3a943ff6f4178b6	2	1	1	1
ma.tf.000004	354_YWMJBX_4	chr2R	GA	25222073	25222103	tfsite_0a668d4d0b3ff706	tflocus_26bf373052ead530	2	1	1	1
ma.tf.000003	354_YWMJBX_4	chr2R	GA	25223391	25223404	tfsite_2c85a232eae1e368	tflocus_0bb1dd3c0b70e328	1	1	1	1
ma.tf.000002	354_YWMJBX_4	chr2R	GA	25225565	25225590	tfsite_434115be3115b555	tflocus_a310cc4438fc4ea9	4	1	1	1
ma.tf.000001	354_YWMJBX_4	chr2R	GA	25225736	25225744	tfsite_438d1e50ba6c0165	tflocus_5c4e175b04940cab	6	1	1	1
ma.tf.000000	354_YWMJBX_4	chr2R	GA	25227344	25227394	tfsite_e7a519f7824a10ad	tflocus_6492e5926c7d6b4b	1	1	1	0
ma.tf.000000	355_YWMJBX_4	chr2R	GA	25225121	25225194	tfsite_6e93b295c787a53b	tflocus_9eff9425b53a6035	2	1	1	0
ma.tf.000001	355_YWMJBX_4	chr2R	GA	25226200	25226224	tfsite_78604adea1cebc6a	tflocus_771476542912009d	3	1	1	1
ma.tf.000002	355_YWMJBX_4	chr2R	GA	25226300	25226366	tfsite_8fa4258b83875b70	tflocus_9bfa09bfeca3540e	1	1	1	1
ma.tf.000003	355_YWMJBX_4	chr2R	GA	25226384	25226433	tfsite_6ca4bf72a7fcca27	tflocus_aa03e25fe2603ea5	1	1	1	1
ma.tf.000004	355_YWMJBX_4	chr2R	GA	25226897	25226939	tfsite_c5013a3e9b69669f	tflocus_364e6810066c108a	1	1	1	0
ma.tf.000006	356_YWMJBX_4	chr2R	GA	25222977	25222984	tfsite_8d6cbcb9a4de8e2a	tflocus_7d11293d9537e089	2	1	1	1
ma.tf.000005	356_YWMJBX_4	chr2R	GA	25224383	25224414	tfsite_145d196555878f7c	tflocus_4ebc2e168c511f2c	3	1	1	1
ma.tf.000004	356_YWMJBX_4	chr2R	GA	25224466	25224527	tfsite_6277fdc2033854b3	tflocus_cf20f3c0f857f366	2	1	1	1
ma.tf.000003	356_YWMJBX_4	chr2R	GA	25224579	25224586	tfsite_e1a1d165b703487a	tflocus_6f9d1f5207f28332	2	1	1	1
ma.tf.000002	356_YWMJBX_4	chr2R	GA	25226535	25226583	tfsite_7ff642c522dadcc7	tflocus_cf5baf0d125860a5	2	1	1	1
ma.tf.000001	356_YWMJBX_4	chr2R	GA	25227050	25227121	tfsite_6de53e9bf7266b21	tflocus_4eab179507485a79	1	1	1	1
ma.tf.000000	356_YWMJBX_4	chr2R	GA	25230165	25230222	tfsite_6a0ce7f80b97ea7c	tflocus_653c9acce240c2f5	2	1	1	1
ma.tf.000000	362_YWMJBX_4	chr2R	GA	25223107	25223116	tfsite_040913ea95c54dc2	tflocus_a69db023e9684730	2	1	1	0
ma.tf.000001	362_YWMJBX_4	chr2R	GA	25223134	25223202	.	.	.	0	0	0
ma.tf.000002	362_YWMJBX_4	chr2R	GA	25223813	25223893	tfsite_8d21a0023c935242	tflocus_fa45799247e5fbb1	1	1	1	0
ma.tf.000003	362_YWMJBX_4	chr2R	GA	25224204	25224216	tfsite_5b0084384ee7c153	tflocus_a9f34694d5b0bbea	3	1	1	0
ma.tf.000004	362_YWMJBX_4	chr2R	GA	25225701	25225719	tfsite_ec7f1c2fd4393c2a	tflocus_5e5b221c2e569587	7	1	1	1
ma.tf.000005	362_YWMJBX_4	chr2R	GA	25226772	25226783	tfsite_b0763babbef49260	tflocus_12eade5d7ffe008e	8	1	1	1
ma.tf.000006	362_YWMJBX_4	chr2R	GA	25226965	25226984	tfsite_14b9216f44c2ed61	tflocus_af44a3ce353adfef	3	1	1	1
ma.tf.000007	362_YWMJBX_4	chr2R	GA	25227695	25227704	tfsite_a14cb5c850c54b51	tflocus_c1137f670cdf1473	5	1	1	1
ma.tf.000008	362_YWMJBX_4	chr2R	GA	25227739	25227822	tfsite_7b8901ce9a8ca694	tflocus_1e991e59e00177ef	1	1	1	1
ma.tf.000009	362_YWMJBX_4	chr2R	GA	25231275	25231298	tfsite_25183557c488cc77	tflocus_19c36bd46cf3414d	3	1	1	1
ma.tf.000007	363_YWMJBX_4	chr2R	GA	25221594	25221618	tfsite_a949eaf768f2cd74	tflocus_e5f2e073f48bf9c5	1	1	1	1
ma.tf.000006	363_YWMJBX_4	chr2R	GA	25222123	25222188	tfsite_24508039f62ef49e	tflocus_420667e4084be59e	1	1	1	1
ma.tf.000005	363_YWMJBX_4	chr2R	GA	25222223	25222230	tfsite_7cec8c92122820fd	tflocus_afb9878b78079449	2	1	1	1
ma.tf.000004	363_YWMJBX_4	chr2R	GA	25224938	25225022	tfsite_69671c7c4088b70b	tflocus_200c8f7d8c16a216	1	1	1	0
ma.tf.000003	363_YWMJBX_4	chr2R	GA	25226645	25226670	tfsite_8211409850302637	tflocus_d65d671fa5d23948	8	1	1	1
ma.tf.000002	363_YWMJBX_4	chr2R	GA	25227263	25227303	tfsite_30575e924288d3ba	tflocus_df5eeb221ad6baff	5	1	1	1
ma.tf.000001	363_YWMJBX_4	chr2R	GA	25227404	25227415	tfsite_41df1578a68f3a2a	tflocus_fe55831af54644ee	4	1	1	1
ma.tf.000000	363_YWMJBX_4	chr2R	GA	25228519	25228542	tfsite_28ee4bc8d02d8600	tflocus_b36a75a91b1da128	1	1	1	1
ma.tf.000003	364_YWMJBX_4	chr2R	GA	25222232	25222239	tfsite_d2ba498196ada329	tflocus_afb9878b78079449	3	1	1	0
ma.tf.000002	364_YWMJBX_4	chr2R	GA	25224900	25224921	tfsite_31e67ec2bc019b92	tflocus_4f2b5b54ba9bb8b5	2	1	1	1
ma.tf.000001	364_YWMJBX_4	chr2R	GA	25225392	25225417	tfsite_bb00f42fa8996b72	tflocus_296d9537eeda88ab	2	1	1	1
ma.tf.000000	364_YWMJBX_4	chr2R	GA	25225433	25225447	tfsite_0a6ab48ac6932045	tflocus_8e6359e86526972a	2	1	1	1
ma.tf.000000	369_YWMJBX_4	chr2R	GA	25226483	25226506	tfsite_84fe777d96799383	tflocus_77b9d07b9082d3ba	4	1	1	1
ma.tf.000001	369_YWMJBX_4	chr2R	GA	25227642	25227714	tfsite_4b145646b318b86b	tflocus_1081133c8eca6b55	2	1	1	1
ma.tf.000002	369_YWMJBX_4	chr2R	GA	25228082	25228095	tfsite_58104177d5d44826	tflocus_65bafa30bcd4afff	4	1	1	1
ma.tf.000003	369_YWMJBX_4	chr2R	GA	25228283	25228299	tfsite_37971dfcfa7c37c3	tflocus_18118421f52dba73	3	1	1	1
ma.tf.000004	369_YWMJBX_4	chr2R	GA	25231883	25231939	tfsite_89237b1fa527c2b1	tflocus_50faaceac24643c1	5	1	1	1
ma.tf.000000	370_YWMJBX_4	chr2R	GA	25231148	25231197	tfsite_81865c92a93eecde	tflocus_e21b7e511cdff519	1	1	1	1
ma.tf.000001	370_YWMJBX_4	chr2R	GA	25231228	25231294	tfsite_8a6efd27bb482a18	tflocus_853eed39da0d950c	1	1	1	1
ma.tf.000002	370_YWMJBX_4	chr2R	GA	25231917	25231939	tfsite_08ca5a4ca98454e0	tflocus_f7c848c31b2bb827	2	1	1	1
ma.tf.000001	375_YWMJBX_4	chr2R	GA	25226771	25226801	tfsite_93807cb592c63b44	tflocus_12eade5d7ffe008e	11	1	1	1
ma.tf.000000	375_YWMJBX_4	chr2R	GA	25227245	25227261	tfsite_6ac85d9610c23f70	tflocus_6fffd5b34f293244	6	1	1	1
ma.tf.000003	378_YWMJBX_4	chr2R	GA	25221320	25221339	tfsite_8ccdc060cd108c72	tflocus_6f6e3409440d7f5e	1	1	1	1
ma.tf.000002	378_YWMJBX_4	chr2R	GA	25221396	25221451	tfsite_df3506dce6c34fd2	tflocus_8580fee0e01b8450	1	1	1	1
ma.tf.000001	378_YWMJBX_4	chr2R	GA	25221485	25221552	tfsite_cfebe24c6acff103	tflocus_b739d2d01af11c13	1	1	1	0
ma.tf.000000	378_YWMJBX_4	chr2R	GA	25222203	25222216	tfsite_b7fceb494226a35f	tflocus_463f45d998740e25	4	1	1	1
ma.tf.000005	379_YWMJBX_4	chr2R	GA	25225121	25225142	tfsite_bb389b52c251d643	tflocus_581ecbe22e4a139a	6	1	1	1
ma.tf.000004	379_YWMJBX_4	chr2R	GA	25226695	25226721	tfsite_463e0ea5cec5d52e	tflocus_537ebd2033506beb	9	1	1	1
ma.tf.000003	379_YWMJBX_4	chr2R	GA	25226769	25226800	tfsite_3fd6ea1e745950ed	tflocus_12eade5d7ffe008e	7	1	1	1
ma.tf.000002	379_YWMJBX_4	chr2R	GA	25227378	25227406	tfsite_fa86fd68ecf3f6a0	tflocus_ac10e6c9ce90faa5	3	1	1	1
ma.tf.000001	379_YWMJBX_4	chr2R	GA	25227440	25227490	tfsite_9decb4fa0279ce72	tflocus_86cf58e1c8d2efd1	2	1	1	1
ma.tf.000000	379_YWMJBX_4	chr2R	GA	25229273	25229321	tfsite_9f67de8042b9ae33	tflocus_de6cdf87d8fd0c8c	1	1	1	1
ma.tf.000008	37_YWMJBX_4	chr2R	GA	25221332	25221351	tfsite_8828c2c7ce19be43	tflocus_6f6e3409440d7f5e	4	1	1	1
ma.tf.000007	37_YWMJBX_4	chr2R	GA	25221665	25221694	tfsite_992a69be14fa3ed8	tflocus_91f7dcca6f698644	3	1	1	1
ma.tf.000006	37_YWMJBX_4	chr2R	GA	25224992	25225021	tfsite_2acab993a8123372	tflocus_eb3cbd643c7250f4	3	1	1	1
ma.tf.000005	37_YWMJBX_4	chr2R	GA	25226666	25226745	tfsite_d3a3450bed630e44	tflocus_537ebd2033506beb	1	1	1	1
ma.tf.000004	37_YWMJBX_4	chr2R	GA	25229650	25229686	tfsite_00d3caff4185920a	tflocus_07515d6e051acccb	3	1	1	1
ma.tf.000003	37_YWMJBX_4	chr2R	GA	25230107	25230149	tfsite_7f3c19df0b86a440	tflocus_84ec777129a2029a	2	1	1	1
ma.tf.000002	37_YWMJBX_4	chr2R	GA	25231773	25231823	tfsite_1b3e91847a33c23a	tflocus_b9d957c1b2c52424	1	1	1	1
ma.tf.000001	37_YWMJBX_4	chr2R	GA	25231833	25231843	tfsite_3a16844322316686	tflocus_d5ace8d9070a7d31	2	1	1	1
ma.tf.000000	37_YWMJBX_4	chr2R	GA	25231886	25231932	tfsite_89237b1fa527c2b1	tflocus_50faaceac24643c1	5	1	1	1
ma.tf.000008	387_YWMJBX_4	chr2R	GA	25222243	25222250	tfsite_afe8139728c4b5aa	tflocus_f666406925a189b1	4	1	1	1
ma.tf.000007	387_YWMJBX_4	chr2R	GA	25226630	25226640	tfsite_c58ff603f223ed7a	tflocus_6d95b6d5ea493574	12	1	1	1
ma.tf.000006	387_YWMJBX_4	chr2R	GA	25226729	25226754	tfsite_6dae512ed0c82332	tflocus_ad5c0990396e5f43	2	1	1	1
ma.tf.000005	387_YWMJBX_4	chr2R	GA	25227099	25227122	tfsite_344c7cc7578548cf	tflocus_44e678d16053e88c	4	1	1	1
ma.tf.000004	387_YWMJBX_4	chr2R	GA	25227125	25227145	tfsite_e7e10bc98f05a89e	tflocus_fce6edf1aaf8909a	2	1	1	1
ma.tf.000003	387_YWMJBX_4	chr2R	GA	25227226	25227248	tfsite_64ae807c85c671de	tflocus_12a4e42f45594db6	3	1	1	1
ma.tf.000002	387_YWMJBX_4	chr2R	GA	25227404	25227411	tfsite_41df1578a68f3a2a	tflocus_fe55831af54644ee	4	1	1	1
ma.tf.000001	387_YWMJBX_4	chr2R	GA	25227519	25227536	tfsite_ece1680eda7bf7af	tflocus_92ae6bf282a791fd	5	1	1	1
ma.tf.000000	387_YWMJBX_4	chr2R	GA	25230147	25230153	tfsite_47a528dd3e98cc6e	tflocus_f3a943ff6f4178b6	4	1	1	1
ma.tf.000007	389_YWMJBX_4	chr2R	GA	25223009	25223017	tfsite_939eec3fdfdba5fc	tflocus_08b6beec2e18033e	3	0	1	1
ma.tf.000006	389_YWMJBX_4	chr2R	GA	25224547	25224626	tfsite_b195aff7c812a6a0	tflocus_7042eb52f241f1b3	1	1	1	0
ma.tf.000005	389_YWMJBX_4	chr2R	GA	25224863	25224902	tfsite_f8e39669251e4931	tflocus_307d00acc9bd8954	4	1	1	1
ma.tf.000004	389_YWMJBX_4	chr2R	GA	25226642	25226660	tfsite_6d22a0923819678a	tflocus_d65d671fa5d23948	9	1	1	1
ma.tf.000003	389_YWMJBX_4	chr2R	GA	25226676	25226712	tfsite_e02e2e23afb9ee9e	tflocus_8105c482b668d661	3	1	1	1
ma.tf.000002	389_YWMJBX_4	chr2R	GA	25227546	25227577	tfsite_7fd5a70c8fbf0eb5	tflocus_b2ec07a95edcaf09	3	1	1	1
ma.tf.000001	389_YWMJBX_4	chr2R	GA	25227601	25227651	.	.	.	0	0	0
ma.tf.000000	389_YWMJBX_4	chr2R	GA	25228965	25229018	.	.	.	0	0	0
ma.tf.000009	390_YWMJBX_4	chr2R	GA	25221593	25221664	tfsite_036f65cdec59b35f	tflocus_67d864c8fa08e7f4	1	1	1	1
ma.tf.000008	390_YWMJBX_4	chr2R	GA	25221963	25222008	tfsite_99e2d1d53a764abb	tflocus_c99b06da8534fc77	1	1	1	1
ma.tf.000007	390_YWMJBX_4	chr2R	GA	25222068	25222109	tfsite_0a668d4d0b3ff706	tflocus_26bf373052ead530	2	1	1	1
ma.tf.000006	390_YWMJBX_4	chr2R	GA	25222146	25222192	tfsite_86aefef2db727f91	tflocus_de04cd298ee96493	1	1	1	1
ma.tf.000005	390_YWMJBX_4	chr2R	GA	25222227	25222244	tfsite_d2ba498196ada329	tflocus_afb9878b78079449	3	1	1	1
ma.tf.000004	390_YWMJBX_4	chr2R	GA	25222316	25222354	tfsite_52742301dd9ad619	tflocus_c7920aa320ac115f	3	1	1	1
ma.tf.000003	390_YWMJBX_4	chr2R	GA	25225129	25225180	tfsite_abf86e8790e5e40d	tflocus_9eff9425b53a6035	3	1	1	1
ma.tf.000002	390_YWMJBX_4	chr2R	GA	25225198	25225221	tfsite_19ffbec94f51a88b	tflocus_5d327f4f7c1fa1e3	3	1	1	1
ma.tf.000001	390_YWMJBX_4	chr2R	GA	25230194	25230229	tfsite_59189fbbdbd8cb58	tflocus_e0a4ebd5fd17bb33	2	1	1	1
ma.tf.000000	390_YWMJBX_4	chr2R	GA	25230383	25230407	tfsite_ee7f095f8f56ee6a	tflocus_9fcdda0ac938942f	2	1	1	1
ma.tf.000000	391_YWMJBX_4	chr2R	GA	25231047	25231070	tfsite_d45279db99c7fe4f	tflocus_d00e7fa21d2c5a0d	2	1	1	1
ma.tf.000001	393_YWMJBX_4	chr2R	GA	25227483	25227503	tfsite_b6486d0df44bf6df	tflocus_9ed81f1c05f38fc0	3	1	1	1
ma.tf.000000	393_YWMJBX_4	chr2R	GA	25227911	25227924	tfsite_d06eb6b4d452a95c	tflocus_b500201c5365a630	4	1	1	1
ma.tf.000002	396_YWMJBX_4	chr2R	GA	25221493	25221553	tfsite_3974a2d5717d1a8f	tflocus_b739d2d01af11c13	2	1	1	1
ma.tf.000001	396_YWMJBX_4	chr2R	GA	25227244	25227282	tfsite_13ef74fb466a7436	tflocus_9cda4ee2b3e687c1	4	1	1	1
ma.tf.000000	396_YWMJBX_4	chr2R	GA	25227370	25227394	tfsite_6e22b25fb87e748f	tflocus_37975db974901dd5	13	1	1	1
ma.tf.000004	398_YWMJBX_4	chr2R	GA	25226610	25226641	tfsite_0d1fbba83a439671	tflocus_ca40d66c809cbd24	8	1	1	1
ma.tf.000003	398_YWMJBX_4	chr2R	GA	25227510	25227525	tfsite_aa70f41a7366bcf5	tflocus_418dd175f8ef7d8b	7	1	1	1
ma.tf.000002	398_YWMJBX_4	chr2R	GA	25229938	25229972	tfsite_d48021df1ce06fdb	tflocus_0ba6caaf9d94b724	1	1	1	1
ma.tf.000001	398_YWMJBX_4	chr2R	GA	25230355	25230380	tfsite_ea9aebe9d5ec91c9	tflocus_51d54e8c8feec3ba	3	1	1	1
ma.tf.000000	398_YWMJBX_4	chr2R	GA	25231905	25231920	tfsite_74ab0a4bc2f42fb8	tflocus_50faaceac24643c1	8	1	1	0
ma.tf.000002	3_YWMJBX_4	chr2R	GA	25226679	25226697	tfsite_d4a7ced16aa3ed1d	tflocus_a79ba565f52b91ee	4	1	1	1
ma.tf.000001	3_YWMJBX_4	chr2R	GA	25227252	25227308	tfsite_236dfb6312013d29	tflocus_df5eeb221ad6baff	4	1	1	1
ma.tf.000000	3_YWMJBX_4	chr2R	GA	25227375	25227408	tfsite_fa86fd68ecf3f6a0	tflocus_ac10e6c9ce90faa5	3	1	1	1
ma.tf.000002	402_YWMJBX_4	chr2R	GA	25224476	25224514	tfsite_4a8e7f6f0cb14465	tflocus_cf20f3c0f857f366	3	1	1	1
ma.tf.000001	402_YWMJBX_4	chr2R	GA	25224725	25224757	tfsite_ad014ef01518ccb2	tflocus_1c0ce62047cda5b1	3	1	1	1
ma.tf.000000	402_YWMJBX_4	chr2R	GA	25229837	25229861	tfsite_5d38d5e33e14761e	tflocus_7107ce05ffd50634	1	1	1	1
ma.tf.000000	404_YWMJBX_4	chr2R	GA	25225701	25225722	tfsite_ec7f1c2fd4393c2a	tflocus_5e5b221c2e569587	7	1	1	1
ma.tf.000001	404_YWMJBX_4	chr2R	GA	25225797	25225850	tfsite_19c02a96c633cf8a	tflocus_d03cddd1ab148bcd	1	1	1	1
ma.tf.000002	404_YWMJBX_4	chr2R	GA	25225906	25225978	tfsite_4f6ef5d47ae5a6d2	tflocus_8ecca17975fcc96b	1	1	1	1
ma.tf.000003	404_YWMJBX_4	chr2R	GA	25226591	25226605	tfsite_fa4389b4d31b0a06	tflocus_bc6e8a03e3ac7a38	8	1	1	1
ma.tf.000004	404_YWMJBX_4	chr2R	GA	25228491	25228510	tfsite_45bad6d7f20d1780	tflocus_6d2611572f170754	3	1	1	1
ma.tf.000005	404_YWMJBX_4	chr2R	GA	25230895	25230941	tfsite_da84d119cb3605ce	tflocus_81d5715b392ba330	1	1	1	0
ma.tf.000006	404_YWMJBX_4	chr2R	GA	25231065	25231105	tfsite_66fdb5f298fdbd57	tflocus_024391e6f4fe0928	2	1	1	1
ma.tf.000007	404_YWMJBX_4	chr2R	GA	25231110	25231130	tfsite_5e3819d62b5561a7	tflocus_a33b30a4ba4d692b	4	1	1	1
ma.tf.000008	404_YWMJBX_4	chr2R	GA	25231334	25231353	tfsite_27e78eb13efa0120	tflocus_d9fc2db1d8df233d	2	1	1	1
ma.tf.000009	404_YWMJBX_4	chr2R	GA	25231384	25231408	tfsite_8d0c7881ad81b743	tflocus_8c8c6d32958d6183	2	1	1	1
ma.tf.000002	40_YWMJBX_4	chr2R	GA	25222068	25222089	tfsite_7dfa655c9efec1e2	tflocus_631c223da0e18ecb	5	1	1	1
ma.tf.000001	40_YWMJBX_4	chr2R	GA	25225987	25226009	tfsite_0c9a29e487b1dc1a	tflocus_ad4cc2b950cd92bd	4	1	1	1
ma.tf.000000	40_YWMJBX_4	chr2R	GA	25226543	25226590	tfsite_9c3bdd5dbaf042b1	tflocus_1eb3c76c06612bf7	5	0	1	1
ma.tf.000000	410_YWMJBX_4	chr2R	GA	25221336	25221349	tfsite_8828c2c7ce19be43	tflocus_6f6e3409440d7f5e	4	1	1	1
ma.tf.000001	410_YWMJBX_4	chr2R	GA	25222942	25222984	tfsite_de90f5c29dc695c9	tflocus_3a5a288e26eb003e	2	1	1	1
ma.tf.000002	410_YWMJBX_4	chr2R	GA	25224204	25224216	tfsite_5b0084384ee7c153	tflocus_a9f34694d5b0bbea	3	1	1	1
ma.tf.000003	410_YWMJBX_4	chr2R	GA	25227441	25227463	tfsite_9ec22ee303c0eecd	tflocus_dce1feeda27a70b7	4	1	1	1
ma.tf.000004	410_YWMJBX_4	chr2R	GA	25227561	25227585	tfsite_b27b0406152b634b	tflocus_b2ec07a95edcaf09	4	1	1	1
ma.tf.000005	410_YWMJBX_4	chr2R	GA	25231868	25231939	tfsite_8bf1e79f70a873d7	tflocus_50faaceac24643c1	1	1	1	0
ma.tf.000000	413_YWMJBX_4	chr2R	GA	25226056	25226082	tfsite_6d7dc15fc9fd1b68	tflocus_bf972de6af105872	4	1	1	1
ma.tf.000001	413_YWMJBX_4	chr2R	GA	25231023	25231030	tfsite_96cca856a7bb47bf	tflocus_f8852b029e8a492b	4	1	1	1
ma.tf.000002	413_YWMJBX_4	chr2R	GA	25231065	25231082	tfsite_d28b2c7ece4e3110	tflocus_d00e7fa21d2c5a0d	3	1	1	1
ma.tf.000006	423_YWMJBX_4	chr2R	GA	25225329	25225353	tfsite_d091a656be532f16	tflocus_44c143aad583d3af	7	1	1	1
ma.tf.000005	423_YWMJBX_4	chr2R	GA	25225455	25225518	tfsite_bed1282025d27bbf	tflocus_3826fc83f2508c31	3	1	1	1
ma.tf.000004	423_YWMJBX_4	chr2R	GA	25225550	25225607	tfsite_b1eb63e488d0231f	tflocus_a310cc4438fc4ea9	2	1	1	1
ma.tf.000003	423_YWMJBX_4	chr2R	GA	25226586	25226624	tfsite_1a2f2904811d65d2	tflocus_bc6e8a03e3ac7a38	10	1	1	1
ma.tf.000002	423_YWMJBX_4	chr2R	GA	25226643	25226671	tfsite_8211409850302637	tflocus_d65d671fa5d23948	8	1	1	1
ma.tf.000001	423_YWMJBX_4	chr2R	GA	25227400	25227428	tfsite_85c629cc4c7c5a6f	tflocus_fe55831af54644ee	5	1	1	1
ma.tf.000000	423_YWMJBX_4	chr2R	GA	25229040	25229052	tfsite_440788d8eba5f085	tflocus_a0be8440978f3e70	5	1	1	1
ma.tf.000000	426_YWMJBX_4	chr2R	GA	25221644	25221668	tfsite_10703cbcf851b0cc	tflocus_4b2700cacea1997b	2	1	1	1
ma.tf.000000	429_YWMJBX_4	chr2R	GA	25225802	25225850	tfsite_3419411fed4b4a4f	tflocus_d03cddd1ab148bcd	3	1	1	1
ma.tf.000001	429_YWMJBX_4	chr2R	GA	25225947	25225979	tfsite_9bc5ffe1d386cb2a	tflocus_1544e62653173838	4	1	1	1
ma.tf.000002	429_YWMJBX_4	chr2R	GA	25226356	25226376	tfsite_3a51f92a581edfe3	tflocus_e4b526e086f737cb	3	1	1	1
ma.tf.000003	429_YWMJBX_4	chr2R	GA	25227501	25227525	tfsite_eecd4f1df3c7d7cf	tflocus_418dd175f8ef7d8b	5	1	1	1
ma.tf.000004	429_YWMJBX_4	chr2R	GA	25231017	25231030	tfsite_69cee13117524e69	tflocus_f8852b029e8a492b	3	1	1	1
ma.tf.000000	433_YWMJBX_4	chr2R	GA	25222983	25223121	tfsite_7d9e4ec6302ffa9d	tflocus_04dc910e220e4ee1	1	1	1	1
ma.tf.000005	435_YWMJBX_4	chr2R	GA	25224130	25224178	tfsite_bc5b615eb241f217	tflocus_3c991d954f889c38	2	1	1	0
ma.tf.000004	435_YWMJBX_4	chr2R	GA	25227274	25227329	.	.	.	0	0	0
ma.tf.000003	435_YWMJBX_4	chr2R	GA	25227959	25227971	tfsite_9c3e8a031c00b041	tflocus_b7ec6497266ca078	3	1	1	1
ma.tf.000002	435_YWMJBX_4	chr2R	GA	25228386	25228408	tfsite_b1585c144a28baf1	tflocus_38f9d77e6d1c5fed	1	1	1	1
ma.tf.000001	435_YWMJBX_4	chr2R	GA	25230022	25230081	tfsite_1cbc49c72f06e540	tflocus_7e0291517b4e7463	1	1	1	1
ma.tf.000000	435_YWMJBX_4	chr2R	GA	25230092	25230129	tfsite_02f53c3cbe63752e	tflocus_d005b91ee665e08f	1	1	1	1
ma.tf.000003	437_YWMJBX_4	chr2R	GA	25224481	25224486	tfsite_41519874f3cee3b5	tflocus_93a1a51f258f428d	4	1	1	1
ma.tf.000002	437_YWMJBX_4	chr2R	GA	25226576	25226624	tfsite_cb6f127a8c4a391b	tflocus_bc6e8a03e3ac7a38	5	1	1	1
ma.tf.000001	437_YWMJBX_4	chr2R	GA	25230963	25230981	tfsite_f7a11c8cb2a093a4	tflocus_3c99f546ee9fd041	4	1	1	1
ma.tf.000000	437_YWMJBX_4	chr2R	GA	25231011	25231029	tfsite_9fa0b3b56a2e68dd	tflocus_f8852b029e8a492b	2	1	1	1
ma.tf.000009	43_YWMJBX_4	chr2R	GA	25221491	25221550	tfsite_3974a2d5717d1a8f	tflocus_b739d2d01af11c13	2	1	1	1
ma.tf.000008	43_YWMJBX_4	chr2R	GA	25224953	25224969	tfsite_d38fd5121f7405e0	tflocus_7d1278b6d10dd173	6	1	1	1
ma.tf.000007	43_YWMJBX_4	chr2R	GA	25225017	25225034	tfsite_45398a22f0248eff	tflocus_f385f97c7d94b88a	3	1	1	1
ma.tf.000006	43_YWMJBX_4	chr2R	GA	25225047	25225120	tfsite_4b708b490bba09dc	tflocus_4bbd925f168c866a	1	1	1	1
ma.tf.000005	43_YWMJBX_4	chr2R	GA	25225750	25225765	tfsite_73e68ac9f0990abb	tflocus_15d9b46163006816	2	1	1	0
ma.tf.000004	43_YWMJBX_4	chr2R	GA	25226620	25226679	tfsite_9d1d3c5fa107861e	tflocus_d65d671fa5d23948	2	1	1	1
ma.tf.000003	43_YWMJBX_4	chr2R	GA	25226723	25226739	tfsite_5e3eb4a9c9cef3e9	tflocus_66ec4d1de6883c23	7	1	1	1
ma.tf.000002	43_YWMJBX_4	chr2R	GA	25230543	25230575	tfsite_1aa16116e4cd0754	tflocus_aa6d6a4985294566	2	1	1	1
ma.tf.000001	43_YWMJBX_4	chr2R	GA	25230579	25230617	tfsite_8d4640fd1862b8f1	tflocus_3f50e534842329f2	1	1	1	1
ma.tf.000000	43_YWMJBX_4	chr2R	GA	25231820	25231830	tfsite_975ae0ac242e12de	tflocus_ddf5d4db31eeee35	2	1	1	0
ma.tf.000000	443_YWMJBX_4	chr2R	GA	25226200	25226222	tfsite_78604adea1cebc6a	tflocus_771476542912009d	3	1	1	1
ma.tf.000001	443_YWMJBX_4	chr2R	GA	25227440	25227469	tfsite_9ec22ee303c0eecd	tflocus_dce1feeda27a70b7	4	1	1	1
ma.tf.000002	443_YWMJBX_4	chr2R	GA	25227600	25227643	tfsite_77209c1c53d0014b	tflocus_c63742e94e8cd5b9	1	1	1	1
ma.tf.000003	443_YWMJBX_4	chr2R	GA	25227647	25227669	tfsite_9e12b5a8d340b00f	tflocus_12957f2a47b825c9	7	1	1	1
ma.tf.000004	443_YWMJBX_4	chr2R	GA	25228354	25228387	tfsite_6ce78f34f8301166	tflocus_d4fa58551aad1b91	2	1	1	1
ma.tf.000004	445_YWMJBX_4	chr2R	GA	25225223	25225236	tfsite_dbedff7b33eebf31	tflocus_65fa17a3e1db5e8c	5	1	1	1
ma.tf.000003	445_YWMJBX_4	chr2R	GA	25229955	25229982	tfsite_b4aa43234d03f675	tflocus_3e14b123ebcc1259	2	1	1	1
ma.tf.000002	445_YWMJBX_4	chr2R	GA	25230339	25230371	tfsite_7b10ce8664eaff7a	tflocus_834c516d699ad229	1	1	1	1
ma.tf.000001	445_YWMJBX_4	chr2R	GA	25230435	25230469	tfsite_ac4a663a4158f1a3	tflocus_d613149d2cd8458b	1	1	1	1
ma.tf.000000	445_YWMJBX_4	chr2R	GA	25230580	25230637	tfsite_7d88d4b7940645df	tflocus_d3acc068d6bfd95b	1	1	1	1
ma.tf.000006	448_YWMJBX_4	chr2R	GA	25222707	25222763	tfsite_870b024aafc44e7d	tflocus_53b54923d1be01d1	1	1	1	1
ma.tf.000005	448_YWMJBX_4	chr2R	GA	25224572	25224585	tfsite_e1a1d165b703487a	tflocus_6f9d1f5207f28332	2	1	1	1
ma.tf.000004	448_YWMJBX_4	chr2R	GA	25224944	25224974	tfsite_d38fd5121f7405e0	tflocus_7d1278b6d10dd173	6	1	1	1
ma.tf.000003	448_YWMJBX_4	chr2R	GA	25225527	25225557	tfsite_9e4653615a4353e7	tflocus_f27456029e3ce898	3	1	1	1
ma.tf.000002	448_YWMJBX_4	chr2R	GA	25226571	25226595	tfsite_963c305b908b4614	tflocus_1b53b69855864508	3	1	1	1
ma.tf.000001	448_YWMJBX_4	chr2R	GA	25226848	25226896	tfsite_ab3e42955fb123ce	tflocus_89eb5bc729e0bcdf	1	0	0	0
ma.tf.000000	448_YWMJBX_4	chr2R	GA	25227242	25227298	tfsite_44722b3691876250	tflocus_9cda4ee2b3e687c1	2	0	1	1
ma.tf.000002	452_YWMJBX_4	chr2R	GA	25221335	25221383	tfsite_cf974c85d21f005f	tflocus_55af339fd22dba74	12	1	1	1
ma.tf.000001	452_YWMJBX_4	chr2R	GA	25222571	25222585	tfsite_5aaa39611ceefb7a	tflocus_cf80099718a8d15a	1	1	1	1
ma.tf.000000	452_YWMJBX_4	chr2R	GA	25222708	25222759	tfsite_870b024aafc44e7d	tflocus_53b54923d1be01d1	1	1	1	1
ma.tf.000005	454_YWMJBX_4	chr2R	GA	25223403	25223470	tfsite_702bbf0ea90192fd	tflocus_e66a758ff5a022e2	1	1	1	1
ma.tf.000004	454_YWMJBX_4	chr2R	GA	25223485	25223508	tfsite_236603e30116fdc3	tflocus_c2b9fc855470e8cc	2	1	1	1
ma.tf.000003	454_YWMJBX_4	chr2R	GA	25226377	25226382	tfsite_95f8a3923c4fd901	tflocus_24a9e7621f8ba915	1	1	1	1
ma.tf.000002	454_YWMJBX_4	chr2R	GA	25226822	25226896	tfsite_6601be9b0d8d0c11	tflocus_4acf4b785c1938ca	1	1	1	0
ma.tf.000001	454_YWMJBX_4	chr2R	GA	25227007	25227076	tfsite_23a984aa49196114	tflocus_33ae4534c126367d	2	0	1	1
ma.tf.000000	454_YWMJBX_4	chr2R	GA	25228537	25228621	tfsite_5f2db422a3c4c7a4	tflocus_d2f6effb2e4210a2	1	1	1	0
ma.tf.000003	455_YWMJBX_4	chr2R	GA	25225559	25225629	tfsite_e8c4a4dbd466aee8	tflocus_3d84af153abd64a1	1	1	1	1
ma.tf.000002	455_YWMJBX_4	chr2R	GA	25226615	25226642	tfsite_24c86b2bbe9ca049	tflocus_ca40d66c809cbd24	9	1	1	1
ma.tf.000001	455_YWMJBX_4	chr2R	GA	25226650	25226670	tfsite_1cd3126c600e3dc1	tflocus_d65d671fa5d23948	12	1	1	1
ma.tf.000000	455_YWMJBX_4	chr2R	GA	25226700	25226715	tfsite_463e0ea5cec5d52e	tflocus_537ebd2033506beb	9	1	1	1
ma.tf.000003	457_YWMJBX_4	chr2R	GA	25229649	25229701	tfsite_321297dd73411b07	tflocus_07515d6e051acccb	2	1	1	1
ma.tf.000002	457_YWMJBX_4	chr2R	GA	25230554	25230572	tfsite_50083ff75637fef5	tflocus_aa6d6a4985294566	3	1	1	1
ma.tf.000001	457_YWMJBX_4	chr2R	GA	25230777	25230806	tfsite_2d261dbfd52e343b	tflocus_c3cbd0c8d550eee6	2	1	1	1
ma.tf.000000	457_YWMJBX_4	chr2R	GA	25231328	25231355	tfsite_27e78eb13efa0120	tflocus_d9fc2db1d8df233d	2	1	1	1
ma.tf.000000	459_YWMJBX_4	chr2R	GA	25224190	25224225	tfsite_35348efe3e7e80e3	tflocus_a9f34694d5b0bbea	1	1	1	1
ma.tf.000001	459_YWMJBX_4	chr2R	GA	25225906	25225961	tfsite_ab444a4791baab7e	tflocus_ccb744ebf8a765ae	1	1	1	1
ma.tf.000002	459_YWMJBX_4	chr2R	GA	25226591	25226613	tfsite_91eb42e3cb4d1fbe	tflocus_bc6e8a03e3ac7a38	11	1	1	1
ma.tf.000003	459_YWMJBX_4	chr2R	GA	25226644	25226676	tfsite_1cd3126c600e3dc1	tflocus_d65d671fa5d23948	12	1	1	1
ma.tf.000004	459_YWMJBX_4	chr2R	GA	25226888	25226939	tfsite_c5013a3e9b69669f	tflocus_364e6810066c108a	1	1	1	1
ma.tf.000005	459_YWMJBX_4	chr2R	GA	25226965	25226989	tfsite_14b9216f44c2ed61	tflocus_af44a3ce353adfef	3	1	1	1
ma.tf.000006	459_YWMJBX_4	chr2R	GA	25227647	25227669	tfsite_9e12b5a8d340b00f	tflocus_12957f2a47b825c9	7	1	1	1
ma.tf.000000	460_YWMJBX_4	chr2R	GA	25225906	25225961	tfsite_ab444a4791baab7e	tflocus_ccb744ebf8a765ae	1	1	1	1
ma.tf.000001	460_YWMJBX_4	chr2R	GA	25226058	25226082	tfsite_6d7dc15fc9fd1b68	tflocus_bf972de6af105872	4	1	1	1
ma.tf.000002	460_YWMJBX_4	chr2R	GA	25226092	25226112	tfsite_5f1522750483a78f	tflocus_8c4fbdeefddb7a38	6	1	1	1
ma.tf.000003	460_YWMJBX_4	chr2R	GA	25226580	25226596	tfsite_4061782599961bbe	tflocus_1b53b69855864508	6	1	1	1
ma.tf.000004	460_YWMJBX_4	chr2R	GA	25228631	25228638	tfsite_9600cb01bb55481b	tflocus_50c8a96e2984e21f	3	1	1	1
ma.tf.000003	467_YWMJBX_4	chr2R	GA	25221334	25221366	tfsite_d7b395896f8119e4	tflocus_55af339fd22dba74	10	1	1	1
ma.tf.000002	467_YWMJBX_4	chr2R	GA	25222244	25222251	tfsite_afe8139728c4b5aa	tflocus_f666406925a189b1	4	1	1	1
ma.tf.000001	467_YWMJBX_4	chr2R	GA	25230064	25230091	tfsite_c0d33328f0681e3e	tflocus_a57816211f057797	3	1	1	1
ma.tf.000000	467_YWMJBX_4	chr2R	GA	25231160	25231177	tfsite_429225989fcb8b14	tflocus_e21b7e511cdff519	2	1	1	1
ma.tf.000007	468_YWMJBX_4	chr2R	GA	25221895	25221908	tfsite_66cd5774aa4ae660	tflocus_38c96a7a9ec9c81b	1	1	1	1
ma.tf.000006	468_YWMJBX_4	chr2R	GA	25222978	25222983	tfsite_8d6cbcb9a4de8e2a	tflocus_7d11293d9537e089	2	0	1	0
ma.tf.000005	468_YWMJBX_4	chr2R	GA	25225581	25225603	tfsite_6faf84cec4d8167e	tflocus_3d84af153abd64a1	3	1	1	1
ma.tf.000004	468_YWMJBX_4	chr2R	GA	25225700	25225749	tfsite_3ce69439d381cd5b	tflocus_d382a3659e9dcdb5	2	1	1	1
ma.tf.000003	468_YWMJBX_4	chr2R	GA	25225786	25225808	tfsite_1ead4cc668fe8350	tflocus_4e8fef41fa66a806	2	1	1	1
ma.tf.000002	468_YWMJBX_4	chr2R	GA	25225870	25225889	tfsite_6f974d81adfe2ddd	tflocus_bfe45159ca5eed06	1	1	1	1
ma.tf.000001	468_YWMJBX_4	chr2R	GA	25230066	25230132	tfsite_07168688010133f1	tflocus_8f33560ae043287c	3	1	1	1
ma.tf.000000	468_YWMJBX_4	chr2R	GA	25230400	25230414	tfsite_1ed274108c6e6f06	tflocus_86c86f2b3f339915	4	1	1	1
ma.tf.000000	46_YWMJBX_4	chr2R	GA	25224243	25224255	.	.	.	0	0	0
ma.tf.000001	46_YWMJBX_4	chr2R	GA	25226628	25226676	tfsite_1ec2fb65f22c24ba	tflocus_d65d671fa5d23948	4	1	1	1
ma.tf.000002	46_YWMJBX_4	chr2R	GA	25228085	25228131	tfsite_fd9f641ad825062e	tflocus_3a92c6cc4f6eaba1	1	1	1	1
ma.tf.000003	46_YWMJBX_4	chr2R	GA	25228760	25228798	tfsite_e2093b98a1210e4b	tflocus_efb7c969c8d32e8b	2	1	1	0
ma.tf.000004	46_YWMJBX_4	chr2R	GA	25228803	25228838	tfsite_a30894e7493f3c72	tflocus_5c9a6916e937657c	1	1	1	0
ma.tf.000002	472_YWMJBX_4	chr2R	GA	25225184	25225219	tfsite_9be1cc106e75f1fe	tflocus_5d327f4f7c1fa1e3	2	1	1	1
ma.tf.000001	472_YWMJBX_4	chr2R	GA	25226625	25226639	tfsite_b289bbe913d6f2f3	tflocus_6d95b6d5ea493574	11	1	1	1
ma.tf.000000	472_YWMJBX_4	chr2R	GA	25230076	25230101	tfsite_4fbad15fdddcddc9	tflocus_8f33560ae043287c	4	1	1	1
ma.tf.000000	473_YWMJBX_4	chr2R	GA	25226595	25226605	tfsite_91eb42e3cb4d1fbe	tflocus_bc6e8a03e3ac7a38	11	1	1	1
ma.tf.000001	473_YWMJBX_4	chr2R	GA	25227203	25227225	tfsite_b7bd139d8e061f76	tflocus_095993e4638a126c	7	1	1	1
ma.tf.000004	474_YWMJBX_4	chr2R	GA	25222222	25222304	tfsite_feacc40ca93ae179	tflocus_0c04f21faaaa3612	1	1	1	0
ma.tf.000003	474_YWMJBX_4	chr2R	GA	25225086	25225132	tfsite_d658c7579fbe3c4e	tflocus_516f353e478d733b	2	1	1	1
ma.tf.000002	474_YWMJBX_4	chr2R	GA	25225441	25225475	tfsite_b31b785ad7ae2cf2	tflocus_f858b5c8db0ba904	3	1	1	1
ma.tf.000001	474_YWMJBX_4	chr2R	GA	25226997	25227019	tfsite_8cc449ec3e550a04	tflocus_582ec01caf60b241	4	1	1	1
ma.tf.000000	474_YWMJBX_4	chr2R	GA	25230248	25230256	tfsite_87cd5959c027f7d1	tflocus_5c809b7b307bde20	4	1	1	1
ma.tf.000000	477_YWMJBX_4	chr2R	GA	25223138	25223163	tfsite_471430908b91ec83	tflocus_d60f934083e4436d	2	1	1	1
ma.tf.000001	477_YWMJBX_4	chr2R	GA	25224485	25224491	tfsite_41519874f3cee3b5	tflocus_93a1a51f258f428d	4	0	1	0
ma.tf.000002	477_YWMJBX_4	chr2R	GA	25226591	25226605	tfsite_fa4389b4d31b0a06	tflocus_bc6e8a03e3ac7a38	8	1	1	1
ma.tf.000003	477_YWMJBX_4	chr2R	GA	25228003	25228038	tfsite_46b8ddce60633c13	tflocus_e5e84dea66b04efc	2	1	1	1
ma.tf.000004	477_YWMJBX_4	chr2R	GA	25229082	25229119	tfsite_1dc6ee2c6fcfa1bd	tflocus_30c93e016f46b8ae	4	1	1	1
ma.tf.000005	477_YWMJBX_4	chr2R	GA	25231582	25231662	tfsite_911edabf2fc62340	tflocus_cc723c2567a4d717	1	1	1	0
ma.tf.000000	478_YWMJBX_4	chr2R	GA	25226591	25226622	tfsite_1a2f2904811d65d2	tflocus_bc6e8a03e3ac7a38	10	1	1	1
ma.tf.000001	478_YWMJBX_4	chr2R	GA	25228703	25228719	tfsite_b1734ee79202db1c	tflocus_2d7095ef5920ad1d	4	1	1	1
ma.tf.000002	478_YWMJBX_4	chr2R	GA	25228760	25228798	tfsite_e2093b98a1210e4b	tflocus_efb7c969c8d32e8b	2	1	1	1
ma.tf.000003	478_YWMJBX_4	chr2R	GA	25228803	25228834	tfsite_a30894e7493f3c72	tflocus_5c9a6916e937657c	1	1	1	1
ma.tf.000000	481_YWMJBX_4	chr2R	GA	25227419	25227469	tfsite_24e7bb8e848876b8	tflocus_8482d66dc05a2c50	2	1	1	1
ma.tf.000001	481_YWMJBX_4	chr2R	GA	25227699	25227734	tfsite_0ddf009ba1f05c35	tflocus_92ad56b434ffae35	2	1	1	1
ma.tf.000002	481_YWMJBX_4	chr2R	GA	25228289	25228312	tfsite_a6ddce0e32bf84c0	tflocus_54400bcdac618b86	3	1	1	1
ma.tf.000003	481_YWMJBX_4	chr2R	GA	25228357	25228398	tfsite_430a80e66d4f54a7	tflocus_d4fa58551aad1b91	3	1	1	1
ma.tf.000001	482_YWMJBX_4	chr2R	GA	25226657	25226671	tfsite_4d02217bd3d9f900	tflocus_3303cb5b8d07d733	5	1	1	1
ma.tf.000000	482_YWMJBX_4	chr2R	GA	25226727	25226743	tfsite_7af9068ff407dad7	tflocus_66ec4d1de6883c23	9	1	1	1
ma.tf.000011	483_YWMJBX_4	chr2R	GA	25222195	25222206	tfsite_697eddd72722fcb7	tflocus_463f45d998740e25	3	1	1	1
ma.tf.000010	483_YWMJBX_4	chr2R	GA	25223022	25223069	tfsite_d6a4f6f14360e618	tflocus_04dc910e220e4ee1	3	1	1	1
ma.tf.000009	483_YWMJBX_4	chr2R	GA	25224678	25224748	tfsite_6bc2b2a8a90ead69	tflocus_2f62a88affe6ed4f	1	1	1	1
ma.tf.000008	483_YWMJBX_4	chr2R	GA	25224820	25224903	tfsite_7d3e09070bdd8aa8	tflocus_c1bec3015aea9eae	2	1	1	1
ma.tf.000007	483_YWMJBX_4	chr2R	GA	25225982	25226032	tfsite_7671638dacc81d32	tflocus_ad4cc2b950cd92bd	3	1	1	1
ma.tf.000006	483_YWMJBX_4	chr2R	GA	25226306	25226380	tfsite_ff40ff58972d8d81	tflocus_d8fa766e13acb650	1	1	1	1
ma.tf.000005	483_YWMJBX_4	chr2R	GA	25227013	25227034	tfsite_807c7e5c2be726a2	tflocus_d48ac893d80deff1	5	1	1	1
ma.tf.000004	483_YWMJBX_4	chr2R	GA	25227386	25227457	tfsite_ac8481112272c5f9	tflocus_04b04c9f7a5c1de7	2	1	1	0
ma.tf.000003	483_YWMJBX_4	chr2R	GA	25229075	25229101	tfsite_2ee2430bad0ecc71	tflocus_30c93e016f46b8ae	3	1	1	1
ma.tf.000002	483_YWMJBX_4	chr2R	GA	25230763	25230773	tfsite_b8aa8896260d9f3b	tflocus_2697c6210822c46a	2	1	1	1
ma.tf.000001	483_YWMJBX_4	chr2R	GA	25231647	25231725	tfsite_7fae91721e08391a	tflocus_44b0f087dc1026d9	1	1	1	0
ma.tf.000000	483_YWMJBX_4	chr2R	GA	25231772	25231789	tfsite_b4201ea583f840de	tflocus_26f199c6a0617002	2	1	1	1
ma.tf.000000	484_YWMJBX_4	chr2R	GA	25221336	25221383	tfsite_d66c1db1a342404d	tflocus_c5da106ac1f9dbe3	3	1	1	0
ma.tf.000001	484_YWMJBX_4	chr2R	GA	25221589	25221661	tfsite_bc70b9d892863562	tflocus_25ff2bb55abb9c2e	1	1	1	1
ma.tf.000002	484_YWMJBX_4	chr2R	GA	25223134	25223163	tfsite_471430908b91ec83	tflocus_d60f934083e4436d	2	1	1	1
ma.tf.000003	484_YWMJBX_4	chr2R	GA	25223415	25223487	tfsite_21fb4eb2cadfde94	tflocus_f43ee196c5e72569	1	1	1	0
ma.tf.000004	484_YWMJBX_4	chr2R	GA	25225064	25225080	tfsite_c0ba42406ea9925c	tflocus_a1bbfc446d48d4ea	3	1	1	1
ma.tf.000005	484_YWMJBX_4	chr2R	GA	25227928	25227943	tfsite_6ceccbd4cfdd36de	tflocus_9785493505be637f	5	1	1	1
ma.tf.000006	484_YWMJBX_4	chr2R	GA	25229825	25229862	tfsite_5d38d5e33e14761e	tflocus_7107ce05ffd50634	1	1	1	1
ma.tf.000007	484_YWMJBX_4	chr2R	GA	25230211	25230260	tfsite_f8bca37fcc77131f	tflocus_97e770742d58a4f3	1	1	1	1
ma.tf.000000	485_YWMJBX_4	chr2R	GA	25226772	25226808	tfsite_324cfd1d3c1810b8	tflocus_12eade5d7ffe008e	9	1	1	1
ma.tf.000001	485_YWMJBX_4	chr2R	GA	25226885	25226915	tfsite_6743db2c7027c055	tflocus_cf41391f40543c0c	4	1	1	1
ma.tf.000002	485_YWMJBX_4	chr2R	GA	25227237	25227303	tfsite_44722b3691876250	tflocus_9cda4ee2b3e687c1	2	1	1	1
ma.tf.000003	485_YWMJBX_4	chr2R	GA	25227419	25227499	tfsite_7feb701a10a786e2	tflocus_dce1feeda27a70b7	1	1	1	0
ma.tf.000004	485_YWMJBX_4	chr2R	GA	25227732	25227790	tfsite_36f3857fa898f8d4	tflocus_beb5a83f6ddc91df	3	1	1	1
ma.tf.000005	485_YWMJBX_4	chr2R	GA	25227942	25227977	tfsite_e71358c0258ce34a	tflocus_b7ec6497266ca078	2	1	1	1
ma.tf.000006	485_YWMJBX_4	chr2R	GA	25228003	25228038	tfsite_46b8ddce60633c13	tflocus_e5e84dea66b04efc	2	1	1	1
ma.tf.000007	485_YWMJBX_4	chr2R	GA	25228422	25228462	tfsite_887d984b65ca1836	tflocus_4d1996154b7aeb5b	2	1	1	1
ma.tf.000008	485_YWMJBX_4	chr2R	GA	25228542	25228570	tfsite_0cb556877cce4d3b	tflocus_e228dc6ced927cc4	2	1	1	1
ma.tf.000009	485_YWMJBX_4	chr2R	GA	25228703	25228719	tfsite_b1734ee79202db1c	tflocus_2d7095ef5920ad1d	4	1	1	1
ma.tf.000010	485_YWMJBX_4	chr2R	GA	25231062	25231076	tfsite_d28b2c7ece4e3110	tflocus_d00e7fa21d2c5a0d	3	1	1	1
ma.tf.000007	487_YWMJBX_4	chr2R	GA	25221320	25221339	tfsite_8ccdc060cd108c72	tflocus_6f6e3409440d7f5e	1	1	1	1
ma.tf.000006	487_YWMJBX_4	chr2R	GA	25222067	25222078	tfsite_7dfa655c9efec1e2	tflocus_631c223da0e18ecb	5	1	1	1
ma.tf.000005	487_YWMJBX_4	chr2R	GA	25222900	25222953	tfsite_f6fbd619be55de7d	tflocus_218cf5a34288ee35	2	1	1	1
ma.tf.000004	487_YWMJBX_4	chr2R	GA	25224757	25224825	tfsite_acb08427beea0963	tflocus_6a72e3aec72f2dd9	1	1	1	1
ma.tf.000003	487_YWMJBX_4	chr2R	GA	25225750	25225778	tfsite_e1ade7ca002a1aed	tflocus_15d9b46163006816	1	1	1	1
ma.tf.000002	487_YWMJBX_4	chr2R	GA	25226541	25226579	tfsite_d8bed702ec1807d6	tflocus_cf5baf0d125860a5	3	1	1	1
ma.tf.000001	487_YWMJBX_4	chr2R	GA	25227390	25227422	tfsite_135e3360f25459da	tflocus_ac10e6c9ce90faa5	6	1	1	1
ma.tf.000000	487_YWMJBX_4	chr2R	GA	25231324	25231398	tfsite_11899ba973c2c3d8	tflocus_1bda3e04b886e550	1	1	1	0
ma.tf.000006	488_YWMJBX_4	chr2R	GA	25224966	25224995	tfsite_e64477c1108e3ae9	tflocus_200c8f7d8c16a216	4	1	1	1
ma.tf.000005	488_YWMJBX_4	chr2R	GA	25225070	25225156	tfsite_9cd482164a9fea6a	tflocus_516f353e478d733b	1	1	1	1
ma.tf.000004	488_YWMJBX_4	chr2R	GA	25226533	25226601	tfsite_abad9398d25aeade	tflocus_1eb3c76c06612bf7	2	1	1	1
ma.tf.000003	488_YWMJBX_4	chr2R	GA	25226770	25226796	tfsite_3fd6ea1e745950ed	tflocus_12eade5d7ffe008e	7	1	1	1
ma.tf.000002	488_YWMJBX_4	chr2R	GA	25228057	25228068	tfsite_174094b8aa587705	tflocus_bb605d951820f11b	2	1	1	1
ma.tf.000001	488_YWMJBX_4	chr2R	GA	25229733	25229760	tfsite_699e3c8bbd763ebb	tflocus_68fb0417abdf8315	2	1	1	1
ma.tf.000000	488_YWMJBX_4	chr2R	GA	25231314	25231385	tfsite_092880d32442ee62	tflocus_d9fc2db1d8df233d	1	1	1	1
ma.tf.000003	491_YWMJBX_4	chr2R	GA	25222248	25222255	tfsite_2241749d5c73f1fa	tflocus_f666406925a189b1	5	1	1	1
ma.tf.000002	491_YWMJBX_4	chr2R	GA	25224938	25224952	tfsite_b9c7d4f512f5b957	tflocus_7d1278b6d10dd173	3	1	1	0
ma.tf.000001	491_YWMJBX_4	chr2R	GA	25226599	25226631	tfsite_39a346bcf608f250	tflocus_1b8c6a4efcd1e008	5	1	1	1
ma.tf.000000	491_YWMJBX_4	chr2R	GA	25231890	25231937	tfsite_7e1b678815be6a89	tflocus_50faaceac24643c1	6	1	1	1
ma.tf.000002	492_YWMJBX_4	chr2R	GA	25224951	25224967	tfsite_d38fd5121f7405e0	tflocus_7d1278b6d10dd173	6	1	1	1
ma.tf.000001	492_YWMJBX_4	chr2R	GA	25225511	25225585	tfsite_9527fe0b2dd615f9	tflocus_f27456029e3ce898	2	1	1	1
ma.tf.000000	492_YWMJBX_4	chr2R	GA	25230963	25230994	tfsite_05c2938130a409ce	tflocus_38cdfbb83759e62f	2	1	1	1
ma.tf.000004	493_YWMJBX_4	chr2R	GA	25221893	25221933	tfsite_fc24a809d56e6bce	tflocus_38c96a7a9ec9c81b	2	1	1	1
ma.tf.000003	493_YWMJBX_4	chr2R	GA	25226626	25226640	tfsite_d14e423e048ec8d1	tflocus_6d95b6d5ea493574	13	1	1	1
ma.tf.000002	493_YWMJBX_4	chr2R	GA	25226692	25226712	tfsite_239fe7849fee42e0	tflocus_537ebd2033506beb	7	1	1	1
ma.tf.000001	493_YWMJBX_4	chr2R	GA	25230959	25231002	tfsite_ec3672d79ecf8a0f	tflocus_38cdfbb83759e62f	1	1	1	1
ma.tf.000000	493_YWMJBX_4	chr2R	GA	25231008	25231029	tfsite_22c5d73d0a6c6028	tflocus_80bca5c6e18c3836	2	1	1	1
ma.tf.000000	494_YWMJBX_4	chr2R	GA	25221449	25221496	tfsite_2aff3d15f9eda949	tflocus_94468c8bd5285cc6	1	1	1	1
ma.tf.000000	4_YWMJBX_4	chr2R	GA	25222889	25222901	tfsite_f2ddf6b0da5afd5a	tflocus_62924a14655031f3	1	1	1	1
ma.tf.000001	4_YWMJBX_4	chr2R	GA	25226591	25226605	tfsite_fa4389b4d31b0a06	tflocus_bc6e8a03e3ac7a38	8	1	1	1
ma.tf.000002	4_YWMJBX_4	chr2R	GA	25226618	25226639	tfsite_24c86b2bbe9ca049	tflocus_ca40d66c809cbd24	9	1	1	1
ma.tf.000003	4_YWMJBX_4	chr2R	GA	25226965	25226984	tfsite_14b9216f44c2ed61	tflocus_af44a3ce353adfef	3	1	1	1
ma.tf.000004	4_YWMJBX_4	chr2R	GA	25227382	25227469	tfsite_881b9b88c34670ff	tflocus_04b04c9f7a5c1de7	1	1	1	0
ma.tf.000005	4_YWMJBX_4	chr2R	GA	25228410	25228435	tfsite_3f74ac6c03be2658	tflocus_3a1de01d249bc769	3	1	1	1
ma.tf.000006	4_YWMJBX_4	chr2R	GA	25231110	25231130	tfsite_5e3819d62b5561a7	tflocus_a33b30a4ba4d692b	4	1	1	1
ma.tf.000007	4_YWMJBX_4	chr2R	GA	25231677	25231748	tfsite_286b43dbb1edb79d	tflocus_725eed1f192f4f3b	1	1	1	0
ma.tf.000008	4_YWMJBX_4	chr2R	GA	25231778	25231800	tfsite_9eb7443268e0ab10	tflocus_26f199c6a0617002	3	1	1	1
ma.tf.000000	500_YWMJBX_4	chr2R	GA	25224204	25224218	tfsite_5b0084384ee7c153	tflocus_a9f34694d5b0bbea	3	1	1	1
ma.tf.000001	500_YWMJBX_4	chr2R	GA	25226417	25226468	tfsite_ac6ad1e6e9140ebc	tflocus_c5a335d178b21c85	1	0	1	1
ma.tf.000002	500_YWMJBX_4	chr2R	GA	25226503	25226535	tfsite_6a14f9dee8d847cb	tflocus_a8af8b18d5942620	4	1	1	1
ma.tf.000003	500_YWMJBX_4	chr2R	GA	25230994	25231030	tfsite_09023eab1c25fb94	tflocus_80bca5c6e18c3836	1	1	1	1
ma.tf.000009	502_YWMJBX_4	chr2R	GA	25224213	25224279	.	.	.	0	0	0
ma.tf.000008	502_YWMJBX_4	chr2R	GA	25225168	25225248	tfsite_5be2cdc368c18924	tflocus_5d327f4f7c1fa1e3	1	1	1	0
ma.tf.000007	502_YWMJBX_4	chr2R	GA	25225274	25225318	tfsite_b9f704cf93a9d9c4	tflocus_2e90a56646e98bd2	1	1	1	1
ma.tf.000006	502_YWMJBX_4	chr2R	GA	25225323	25225350	tfsite_725830411fdd895a	tflocus_44c143aad583d3af	6	1	1	1
ma.tf.000005	502_YWMJBX_4	chr2R	GA	25225574	25225596	tfsite_c8b65fb08db4eaa4	tflocus_a310cc4438fc4ea9	6	1	1	1
ma.tf.000004	502_YWMJBX_4	chr2R	GA	25225619	25225672	tfsite_34963f1390f55723	tflocus_8236840d9d30f798	2	1	1	1
ma.tf.000003	502_YWMJBX_4	chr2R	GA	25226084	25226113	tfsite_83d3f611154288be	tflocus_8c4fbdeefddb7a38	4	1	1	1
ma.tf.000002	502_YWMJBX_4	chr2R	GA	25226462	25226473	tfsite_0f9f4ea3f0765e00	tflocus_e9722e8789069226	3	1	1	1
ma.tf.000001	502_YWMJBX_4	chr2R	GA	25227269	25227286	tfsite_18848d09e7944b33	tflocus_df5eeb221ad6baff	7	1	1	1
ma.tf.000000	502_YWMJBX_4	chr2R	GA	25228173	25228206	tfsite_fe393095d0df2878	tflocus_b7dfbd4fcb36c37e	1	1	1	1
ma.tf.000008	503_YWMJBX_4	chr2R	GA	25221320	25221368	tfsite_43f3ac1ed38b1c60	tflocus_55af339fd22dba74	2	1	1	1
ma.tf.000007	503_YWMJBX_4	chr2R	GA	25221485	25221552	tfsite_cfebe24c6acff103	tflocus_b739d2d01af11c13	1	1	1	0
ma.tf.000006	503_YWMJBX_4	chr2R	GA	25221594	25221670	tfsite_036f65cdec59b35f	tflocus_67d864c8fa08e7f4	1	1	1	1
ma.tf.000005	503_YWMJBX_4	chr2R	GA	25224651	25224667	tfsite_cf2bfaede0f326de	tflocus_e6e27f223e4c8f71	1	1	1	1
ma.tf.000004	503_YWMJBX_4	chr2R	GA	25226590	25226638	tfsite_39a346bcf608f250	tflocus_1b8c6a4efcd1e008	5	1	1	1
ma.tf.000003	503_YWMJBX_4	chr2R	GA	25227423	25227458	tfsite_1ab9f4b489931805	tflocus_8482d66dc05a2c50	3	1	1	1
ma.tf.000002	503_YWMJBX_4	chr2R	GA	25230059	25230071	tfsite_ac33c2e394107b15	tflocus_41755cbe47e7b9da	3	1	1	1
ma.tf.000001	503_YWMJBX_4	chr2R	GA	25230589	25230618	tfsite_c567afe338eabaa5	tflocus_3f50e534842329f2	2	1	1	1
ma.tf.000000	503_YWMJBX_4	chr2R	GA	25231873	25231920	tfsite_0fd64695830386d1	tflocus_50faaceac24643c1	3	1	1	0
ma.tf.000000	504_YWMJBX_4	chr2R	GA	25225064	25225103	tfsite_d8e1cc9912ce3ab7	tflocus_4bbd925f168c866a	4	1	1	1
ma.tf.000001	504_YWMJBX_4	chr2R	GA	25226873	25226939	tfsite_3066e1b9f66db4ae	tflocus_cf41391f40543c0c	2	1	1	1
ma.tf.000001	505_YWMJBX_4	chr2R	GA	25226618	25226632	tfsite_0d1fbba83a439671	tflocus_ca40d66c809cbd24	8	1	1	1
ma.tf.000000	505_YWMJBX_4	chr2R	GA	25226847	25226867	tfsite_d9c5d04518ee0cdb	tflocus_4acf4b785c1938ca	2	1	1	1
ma.tf.000009	509_YWMJBX_4	chr2R	GA	25221319	25221339	tfsite_8ccdc060cd108c72	tflocus_6f6e3409440d7f5e	1	1	1	0
ma.tf.000008	509_YWMJBX_4	chr2R	GA	25222072	25222120	tfsite_b521ed82b03b849f	tflocus_26bf373052ead530	3	1	1	1
ma.tf.000007	509_YWMJBX_4	chr2R	GA	25224408	25224446	tfsite_b467c10c92d88cac	tflocus_96c16d3318903cdb	4	0	1	1
ma.tf.000006	509_YWMJBX_4	chr2R	GA	25224473	25224478	tfsite_42e3c6a31733c5b2	tflocus_93a1a51f258f428d	3	1	1	1
ma.tf.000005	509_YWMJBX_4	chr2R	GA	25224587	25224642	tfsite_264ed86c6c994c01	tflocus_521e1da7ee9cf902	1	1	1	1
ma.tf.000004	509_YWMJBX_4	chr2R	GA	25225623	25225655	tfsite_2c14420ffeeb7a83	tflocus_8236840d9d30f798	3	1	1	1
ma.tf.000003	509_YWMJBX_4	chr2R	GA	25226320	25226347	tfsite_260c2af1da3769ff	tflocus_9bfa09bfeca3540e	4	1	1	1
ma.tf.000002	509_YWMJBX_4	chr2R	GA	25227035	25227057	tfsite_dd91547221f73db8	tflocus_33ae4534c126367d	4	1	1	1
ma.tf.000001	509_YWMJBX_4	chr2R	GA	25227416	25227423	tfsite_c96f3a7d12149c87	tflocus_fe55831af54644ee	6	1	1	1
ma.tf.000000	509_YWMJBX_4	chr2R	GA	25230260	25230268	tfsite_639f2f31cd9e4576	tflocus_cfb110a653ae3aa0	2	1	1	1
ma.tf.000000	510_YWMJBX_4	chr2R	GA	25226591	25226605	tfsite_fa4389b4d31b0a06	tflocus_bc6e8a03e3ac7a38	8	1	1	1
ma.tf.000001	510_YWMJBX_4	chr2R	GA	25226644	25226717	tfsite_a472d7b97926b4fd	tflocus_a79ba565f52b91ee	1	1	1	1
ma.tf.000002	510_YWMJBX_4	chr2R	GA	25226753	25226832	tfsite_f62c7a5f2505658a	tflocus_5b543f794fbc327b	1	0	1	0
ma.tf.000003	510_YWMJBX_4	chr2R	GA	25229146	25229159	tfsite_843dfc32cb9cee42	tflocus_07a5a0f35a291b74	2	1	1	1
ma.tf.000004	510_YWMJBX_4	chr2R	GA	25231376	25231408	tfsite_8d0c7881ad81b743	tflocus_8c8c6d32958d6183	2	1	1	1
ma.tf.000005	510_YWMJBX_4	chr2R	GA	25231585	25231605	tfsite_e7ee6a72328cc76d	tflocus_19f38e935b0e48be	1	1	1	1
ma.tf.000006	510_YWMJBX_4	chr2R	GA	25231638	25231667	tfsite_fa9c6e13e4df1ed4	tflocus_19e86c8d61d7fbe0	2	1	1	1
ma.tf.000007	510_YWMJBX_4	chr2R	GA	25231712	25231771	tfsite_f18abe04d4f5eaa2	tflocus_36ced677ca76a506	2	1	1	1
ma.tf.000000	511_YWMJBX_4	chr2R	GA	25223477	25223495	tfsite_6cc7c1174e5e6178	tflocus_e75a8f9b2cadbd7c	2	1	1	1
ma.tf.000001	511_YWMJBX_4	chr2R	GA	25225333	25225397	tfsite_7c2c35eb135468d7	tflocus_5ac7b3567ef8a3cb	1	1	1	1
ma.tf.000002	511_YWMJBX_4	chr2R	GA	25226061	25226112	tfsite_294b895648d37fea	tflocus_86e30af808a93ae9	2	1	1	1
ma.tf.000003	511_YWMJBX_4	chr2R	GA	25226578	25226658	tfsite_1bafb8d0b3601525	tflocus_1b8c6a4efcd1e008	1	1	1	0
ma.tf.000004	511_YWMJBX_4	chr2R	GA	25226772	25226783	tfsite_b0763babbef49260	tflocus_12eade5d7ffe008e	8	1	1	1
ma.tf.000005	511_YWMJBX_4	chr2R	GA	25226811	25226842	tfsite_361dd42a99eef4d1	tflocus_4be10a10c0050b75	2	1	1	1
ma.tf.000006	511_YWMJBX_4	chr2R	GA	25226873	25226902	tfsite_a5f233eaab6f0df0	tflocus_79fe151d6beb8197	3	1	1	1
ma.tf.000007	511_YWMJBX_4	chr2R	GA	25228469	25228551	tfsite_27e6588a4205c75f	tflocus_23bdea833be92684	1	1	1	1
ma.tf.000008	511_YWMJBX_4	chr2R	GA	25228602	25228638	tfsite_c79ebc7668c5e395	tflocus_2315c7f728ed0e83	4	1	1	1
ma.tf.000009	511_YWMJBX_4	chr2R	GA	25228760	25228765	tfsite_c33f9d21c39a80e4	tflocus_7d20221cad69ec6f	3	1	1	1
ma.tf.000010	511_YWMJBX_4	chr2R	GA	25228816	25228838	tfsite_2f861f7213a3f504	tflocus_5c9a6916e937657c	2	1	1	1
ma.tf.000011	511_YWMJBX_4	chr2R	GA	25230211	25230254	tfsite_749abd95ce214858	tflocus_bd5a033162828b25	3	1	1	1
ma.tf.000012	511_YWMJBX_4	chr2R	GA	25231638	25231662	tfsite_fa9c6e13e4df1ed4	tflocus_19e86c8d61d7fbe0	2	1	1	1
ma.tf.000000	514_YWMJBX_4	chr2R	GA	25226591	25226605	tfsite_fa4389b4d31b0a06	tflocus_bc6e8a03e3ac7a38	8	1	1	1
ma.tf.000001	514_YWMJBX_4	chr2R	GA	25231575	25231622	tfsite_1fcbc5bd58f096c7	tflocus_7321099dca9a222a	1	1	1	1
ma.tf.000001	518_YWMJBX_4	chr2R	GA	25221332	25221400	tfsite_c07939257977117a	tflocus_c5da106ac1f9dbe3	2	1	1	0
ma.tf.000000	518_YWMJBX_4	chr2R	GA	25226662	25226676	tfsite_d23ca6f9eaadc7cd	tflocus_3303cb5b8d07d733	7	1	1	1
ma.tf.000008	521_YWMJBX_4	chr2R	GA	25221330	25221378	tfsite_84f58fcf26431e12	tflocus_55af339fd22dba74	8	1	1	1
ma.tf.000007	521_YWMJBX_4	chr2R	GA	25221407	25221461	tfsite_048e2935c3e19470	tflocus_063479e6bc6e23dd	1	1	1	1
ma.tf.000006	521_YWMJBX_4	chr2R	GA	25221495	25221562	tfsite_7190d8fec650af62	tflocus_be53d7571043799c	1	1	1	0
ma.tf.000005	521_YWMJBX_4	chr2R	GA	25226596	25226628	tfsite_4c695901eea498ac	tflocus_1b8c6a4efcd1e008	4	1	1	1
ma.tf.000004	521_YWMJBX_4	chr2R	GA	25226667	25226677	tfsite_3a20e8c97f58fdd0	tflocus_3303cb5b8d07d733	6	1	1	1
ma.tf.000003	521_YWMJBX_4	chr2R	GA	25228514	25228522	tfsite_7625c2cdaa417587	tflocus_23bdea833be92684	4	1	1	1
ma.tf.000002	521_YWMJBX_4	chr2R	GA	25230553	25230615	tfsite_a218e6126a839df7	tflocus_3d3c54e2f8988aaa	1	1	1	1
ma.tf.000001	521_YWMJBX_4	chr2R	GA	25231529	25231597	tfsite_2458354bb147d159	tflocus_f3e123ecc69ebaac	2	1	1	1
ma.tf.000000	521_YWMJBX_4	chr2R	GA	25231883	25231930	tfsite_89237b1fa527c2b1	tflocus_50faaceac24643c1	5	1	1	1
ma.tf.000011	522_YWMJBX_4	chr2R	GA	25222244	25222251	tfsite_afe8139728c4b5aa	tflocus_f666406925a189b1	4	1	1	1
ma.tf.000010	522_YWMJBX_4	chr2R	GA	25223037	25223065	tfsite_3ce4357afbf25fa6	tflocus_04dc910e220e4ee1	4	1	1	1
ma.tf.000009	522_YWMJBX_4	chr2R	GA	25224254	25224283	.	.	.	0	0	0
ma.tf.000008	522_YWMJBX_4	chr2R	GA	25224672	25224711	tfsite_d02a67e4190ddcf9	tflocus_42db33e3a441d6d3	3	1	1	1
ma.tf.000007	522_YWMJBX_4	chr2R	GA	25224724	25224743	tfsite_df73232b38da3098	tflocus_1c0ce62047cda5b1	2	1	1	1
ma.tf.000006	522_YWMJBX_4	chr2R	GA	25224879	25224904	tfsite_eac0050c2ca5a03d	tflocus_fca60790f1e277ca	3	1	1	1
ma.tf.000005	522_YWMJBX_4	chr2R	GA	25225199	25225254	tfsite_f1e0417711cd0927	tflocus_65fa17a3e1db5e8c	1	0	0	0
ma.tf.000004	522_YWMJBX_4	chr2R	GA	25226593	25226614	tfsite_b6d5f858ca2a8d63	tflocus_bc6e8a03e3ac7a38	9	1	1	1
ma.tf.000003	522_YWMJBX_4	chr2R	GA	25226630	25226652	tfsite_38475ec37470c375	tflocus_6d95b6d5ea493574	16	1	1	1
ma.tf.000002	522_YWMJBX_4	chr2R	GA	25226697	25226713	tfsite_239fe7849fee42e0	tflocus_537ebd2033506beb	7	1	1	1
ma.tf.000001	522_YWMJBX_4	chr2R	GA	25227421	25227475	tfsite_cece8ba338ce6035	tflocus_dce1feeda27a70b7	2	1	1	1
ma.tf.000000	522_YWMJBX_4	chr2R	GA	25230137	25230143	tfsite_c1230053dd61518e	tflocus_f3a943ff6f4178b6	3	1	1	1
ma.tf.000000	523_YWMJBX_4	chr2R	GA	25231141	25231158	tfsite_f4c96e68ceead369	tflocus_36e757f218715768	3	1	1	1
ma.tf.000000	531_YWMJBX_4	chr2R	GA	25227406	25227455	tfsite_ed4ac23ec2ab4042	tflocus_04b04c9f7a5c1de7	4	1	1	1
ma.tf.000003	534_YWMJBX_4	chr2R	GA	25225750	25225784	tfsite_acd03a24af77a3bf	tflocus_15d9b46163006816	4	1	1	1
ma.tf.000002	534_YWMJBX_4	chr2R	GA	25225792	25225828	tfsite_1f88854a8386966d	tflocus_cc50716c053f987c	2	0	1	1
ma.tf.000001	534_YWMJBX_4	chr2R	GA	25230052	25230072	tfsite_ac33c2e394107b15	tflocus_41755cbe47e7b9da	3	1	1	1
ma.tf.000000	534_YWMJBX_4	chr2R	GA	25230569	25230584	tfsite_302c2e11d4154a7e	tflocus_3d3c54e2f8988aaa	2	1	1	1
ma.tf.000007	542_YWMJBX_4	chr2R	GA	25221319	25221367	tfsite_268eea6750ef4342	tflocus_6f6e3409440d7f5e	3	1	1	1
ma.tf.000006	542_YWMJBX_4	chr2R	GA	25222226	25222233	tfsite_7cec8c92122820fd	tflocus_afb9878b78079449	2	1	1	1
ma.tf.000005	542_YWMJBX_4	chr2R	GA	25226566	25226601	tfsite_963c305b908b4614	tflocus_1b53b69855864508	3	1	1	1
ma.tf.000004	542_YWMJBX_4	chr2R	GA	25226633	25226655	tfsite_84cac00aed705c1f	tflocus_6d95b6d5ea493574	17	1	1	1
ma.tf.000003	542_YWMJBX_4	chr2R	GA	25226787	25226820	tfsite_adfc37b60af20ff1	tflocus_5b543f794fbc327b	6	1	1	1
ma.tf.000002	542_YWMJBX_4	chr2R	GA	25226848	25226920	tfsite_e379590806802c9b	tflocus_79fe151d6beb8197	1	1	1	1
ma.tf.000001	542_YWMJBX_4	chr2R	GA	25227395	25227402	tfsite_dc995be820e32821	tflocus_ac10e6c9ce90faa5	7	1	1	1
ma.tf.000000	542_YWMJBX_4	chr2R	GA	25231872	25231919	tfsite_0fd64695830386d1	tflocus_50faaceac24643c1	3	1	1	0
ma.tf.000000	546_YWMJBX_4	chr2R	GA	25225701	25225722	tfsite_ec7f1c2fd4393c2a	tflocus_5e5b221c2e569587	7	1	1	1
ma.tf.000001	546_YWMJBX_4	chr2R	GA	25225797	25225850	tfsite_19c02a96c633cf8a	tflocus_d03cddd1ab148bcd	1	1	1	1
ma.tf.000002	546_YWMJBX_4	chr2R	GA	25226856	25226939	tfsite_16db00edca01d33b	tflocus_cf41391f40543c0c	1	1	1	0
ma.tf.000003	547_YWMJBX_4	chr2R	GA	25222081	25222158	tfsite_bfbb48f5f4d6ea8e	tflocus_0bfe8d97f1a2108b	1	1	1	1
ma.tf.000002	547_YWMJBX_4	chr2R	GA	25226706	25226734	tfsite_c722e00a339a9335	tflocus_66ec4d1de6883c23	3	1	1	1
ma.tf.000001	547_YWMJBX_4	chr2R	GA	25226741	25226785	tfsite_e4a17b0c8b7c42af	tflocus_738da22b13c9f78d	6	1	1	1
ma.tf.000000	547_YWMJBX_4	chr2R	GA	25226795	25226809	tfsite_216feb2d6c1005a0	tflocus_5b543f794fbc327b	9	1	1	1
ma.tf.000008	548_YWMJBX_4	chr2R	GA	25224401	25224432	tfsite_2f46e5053ec5213a	tflocus_96c16d3318903cdb	3	1	1	1
ma.tf.000007	548_YWMJBX_4	chr2R	GA	25224484	25224538	tfsite_06927246c3a0cc86	tflocus_c166516dc97d234d	5	1	1	1
ma.tf.000006	548_YWMJBX_4	chr2R	GA	25226571	25226619	tfsite_26b52d891ce6c1df	tflocus_bc6e8a03e3ac7a38	4	1	1	1
ma.tf.000005	548_YWMJBX_4	chr2R	GA	25227709	25227766	tfsite_c26916e2583a47fc	tflocus_8ca65d190b918409	1	1	1	1
ma.tf.000004	548_YWMJBX_4	chr2R	GA	25229751	25229810	tfsite_5192c18b95be62a7	tflocus_1d81ce4a0071896c	2	1	1	1
ma.tf.000003	548_YWMJBX_4	chr2R	GA	25230192	25230267	tfsite_8ec6c9105b226e34	tflocus_bd5a033162828b25	1	1	1	1
ma.tf.000002	548_YWMJBX_4	chr2R	GA	25230951	25230959	tfsite_7eb0151e335b64cd	tflocus_50681a3eb8917c42	3	1	1	1
ma.tf.000001	548_YWMJBX_4	chr2R	GA	25230965	25230991	tfsite_05c2938130a409ce	tflocus_38cdfbb83759e62f	2	1	1	1
ma.tf.000000	548_YWMJBX_4	chr2R	GA	25231356	25231396	tfsite_c56e147cd56e36b9	tflocus_45deffc7b608331c	1	1	1	1
ma.tf.000000	54_YWMJBX_4	chr2R	GA	25222270	25222296	tfsite_e2ea22c5d1d348f8	tflocus_54a0a687924cc54f	1	1	1	1
ma.tf.000001	54_YWMJBX_4	chr2R	GA	25226578	25226605	tfsite_5894bd0ad3dda0dc	tflocus_1b53b69855864508	7	1	1	1
ma.tf.000002	54_YWMJBX_4	chr2R	GA	25227695	25227704	tfsite_a14cb5c850c54b51	tflocus_c1137f670cdf1473	5	1	1	1
ma.tf.000003	54_YWMJBX_4	chr2R	GA	25228048	25228079	tfsite_174094b8aa587705	tflocus_bb605d951820f11b	2	1	1	1
ma.tf.000004	54_YWMJBX_4	chr2R	GA	25228615	25228751	tfsite_1b7f0cb669e4d618	tflocus_4e46e164e75d32a1	1	1	1	0
ma.tf.000005	54_YWMJBX_4	chr2R	GA	25230253	25230260	tfsite_87cd5959c027f7d1	tflocus_5c809b7b307bde20	4	1	1	1
ma.tf.000006	54_YWMJBX_4	chr2R	GA	25230282	25230315	tfsite_446079160d050afd	tflocus_ea8be74d09474978	1	1	1	1
ma.tf.000007	54_YWMJBX_4	chr2R	GA	25230744	25230807	tfsite_d5f705a73f6e4ebb	tflocus_12d03bb409a5aaa7	1	1	1	0
ma.tf.000008	54_YWMJBX_4	chr2R	GA	25231112	25231143	tfsite_73d151258cc4085e	tflocus_548e7cf4d8292748	2	1	1	1
ma.tf.000009	54_YWMJBX_4	chr2R	GA	25231585	25231662	tfsite_911edabf2fc62340	tflocus_cc723c2567a4d717	1	1	1	1
ma.tf.000010	54_YWMJBX_4	chr2R	GA	25231704	25231760	tfsite_64e17b98e7c3c89b	tflocus_8ac16267b48bf93b	1	1	1	1
ma.tf.000003	550_YWMJBX_4	chr2R	GA	25225630	25225687	tfsite_076e0ea20a394e8a	tflocus_a60f307df5bc930b	1	1	1	1
ma.tf.000002	550_YWMJBX_4	chr2R	GA	25226114	25226123	tfsite_a4ffa5cabc5f3a15	tflocus_8be49a8d7aa5449e	4	1	1	1
ma.tf.000001	550_YWMJBX_4	chr2R	GA	25229751	25229766	tfsite_713a6c6a693e6c9b	tflocus_68fb0417abdf8315	3	1	1	1
ma.tf.000000	550_YWMJBX_4	chr2R	GA	25229774	25229792	tfsite_afed4c245a87910c	tflocus_1d81ce4a0071896c	3	1	1	1
ma.tf.000000	554_YWMJBX_4	chr2R	GA	25226200	25226222	tfsite_78604adea1cebc6a	tflocus_771476542912009d	3	1	1	1
ma.tf.000000	562_YWMJBX_4	chr2R	GA	25223653	25223702	tfsite_00b2b4d7120ebfc2	tflocus_4074070ad895a8b5	1	1	1	1
ma.tf.000001	562_YWMJBX_4	chr2R	GA	25227575	25227601	tfsite_f60e1a7006362774	tflocus_20a707245b56bfff	3	1	1	1
ma.tf.000002	562_YWMJBX_4	chr2R	GA	25227692	25227717	tfsite_8c8539d5b4239e1a	tflocus_c1137f670cdf1473	4	1	1	1
ma.tf.000000	565_YWMJBX_4	chr2R	GA	25222108	25222147	tfsite_42022c93fbcd26c2	tflocus_0bfe8d97f1a2108b	2	1	1	1
ma.tf.000002	567_YWMJBX_4	chr2R	GA	25225854	25225873	tfsite_2fc8fceff793211a	tflocus_9b554a83a97f3306	5	1	1	1
ma.tf.000001	567_YWMJBX_4	chr2R	GA	25226732	25226791	tfsite_87be481265f54523	tflocus_738da22b13c9f78d	3	1	1	1
ma.tf.000000	567_YWMJBX_4	chr2R	GA	25228032	25228112	tfsite_c777eed24023aa5d	tflocus_bb605d951820f11b	1	1	1	0
ma.tf.000000	569_YWMJBX_4	chr2R	GA	25227282	25227324	tfsite_533047fd84f7794a	tflocus_f655c66fa00ae2bc	1	1	1	1
ma.tf.000002	572_YWMJBX_4	chr2R	GA	25221332	25221380	tfsite_3ef454333646f9ab	tflocus_55af339fd22dba74	11	1	1	1
ma.tf.000001	572_YWMJBX_4	chr2R	GA	25226568	25226608	tfsite_93d79206883ea579	tflocus_1b53b69855864508	4	1	1	1
ma.tf.000000	572_YWMJBX_4	chr2R	GA	25226621	25226648	tfsite_c58ff603f223ed7a	tflocus_6d95b6d5ea493574	12	1	1	1
ma.tf.000002	576_YWMJBX_4	chr2R	GA	25226593	25226609	tfsite_91eb42e3cb4d1fbe	tflocus_bc6e8a03e3ac7a38	11	1	1	1
ma.tf.000001	576_YWMJBX_4	chr2R	GA	25228045	25228056	tfsite_3021c123bb48bf90	tflocus_4207ba3329766782	1	1	1	1
ma.tf.000000	576_YWMJBX_4	chr2R	GA	25228186	25228206	tfsite_b2dc23e703ce8674	tflocus_b7dfbd4fcb36c37e	3	1	1	1
ma.tf.000000	577_YWMJBX_4	chr2R	GA	25221336	25221349	tfsite_8828c2c7ce19be43	tflocus_6f6e3409440d7f5e	4	1	1	1
ma.tf.000001	577_YWMJBX_4	chr2R	GA	25222113	25222136	tfsite_d8c19904dfd322c9	tflocus_0bfe8d97f1a2108b	3	1	1	1
ma.tf.000002	577_YWMJBX_4	chr2R	GA	25228602	25228625	tfsite_f1e8920a7f1e98de	tflocus_2315c7f728ed0e83	5	1	1	1
ma.tf.000004	578_YWMJBX_4	chr2R	GA	25222224	25222231	tfsite_7cec8c92122820fd	tflocus_afb9878b78079449	2	1	1	1
ma.tf.000003	578_YWMJBX_4	chr2R	GA	25224965	25225003	tfsite_e0492637e0736ca1	tflocus_200c8f7d8c16a216	3	1	1	1
ma.tf.000002	578_YWMJBX_4	chr2R	GA	25226626	25226644	tfsite_c58ff603f223ed7a	tflocus_6d95b6d5ea493574	12	1	1	1
ma.tf.000001	578_YWMJBX_4	chr2R	GA	25226683	25226711	tfsite_c7b2f49f93e6aa95	tflocus_8105c482b668d661	6	1	1	1
ma.tf.000000	578_YWMJBX_4	chr2R	GA	25231481	25231522	tfsite_eebadb3b7b0df683	tflocus_c38ef52cbb07f370	2	1	1	1
ma.tf.000002	57_YWMJBX_4	chr2R	GA	25221922	25221975	tfsite_3fa3546e79a9dc95	tflocus_b3961e25721bcb79	1	0	0	0
ma.tf.000001	57_YWMJBX_4	chr2R	GA	25224610	25224639	tfsite_25de51befb9ab772	tflocus_521e1da7ee9cf902	4	1	1	1
ma.tf.000000	57_YWMJBX_4	chr2R	GA	25226150	25226196	tfsite_c45c33fa6577220d	tflocus_d6e469947eb1d2c1	1	1	1	1
ma.tf.000000	584_YWMJBX_4	chr2R	GA	25223990	25224014	tfsite_00e95674f77f1d39	tflocus_30c7f62a0865bfd5	1	1	1	1
ma.tf.000001	584_YWMJBX_4	chr2R	GA	25226356	25226376	tfsite_3a51f92a581edfe3	tflocus_e4b526e086f737cb	3	1	1	1
ma.tf.000002	584_YWMJBX_4	chr2R	GA	25226618	25226658	tfsite_0e767c52ffcf3561	tflocus_6d95b6d5ea493574	15	1	1	1
ma.tf.000004	587_YWMJBX_4	chr2R	GA	25222418	25222449	tfsite_077087de922ec34f	tflocus_d1ddda997e3b9505	1	1	1	1
ma.tf.000003	587_YWMJBX_4	chr2R	GA	25226556	25226597	tfsite_5d103a70ddd4e83b	tflocus_1eb3c76c06612bf7	6	1	1	1
ma.tf.000002	587_YWMJBX_4	chr2R	GA	25226840	25226860	tfsite_d9755f2ceda1f2e6	tflocus_5540b6bdaa3ec504	3	1	1	1
ma.tf.000001	587_YWMJBX_4	chr2R	GA	25227207	25227228	tfsite_b7bd139d8e061f76	tflocus_095993e4638a126c	7	1	1	1
ma.tf.000000	587_YWMJBX_4	chr2R	GA	25229216	25229240	tfsite_e490e0156159a140	tflocus_d2861448b9c7218d	1	1	1	1
ma.tf.000000	588_YWMJBX_4	chr2R	GA	25227974	25228007	tfsite_61acbca8f1d09126	tflocus_dec3207febe93365	4	1	1	1
ma.tf.000000	589_YWMJBX_4	chr2R	GA	25224691	25224714	tfsite_277ce025a8aa002b	tflocus_c373edcf70b8b285	3	1	1	1
ma.tf.000001	589_YWMJBX_4	chr2R	GA	25225207	25225278	tfsite_8a0738875796eb1e	tflocus_12ca5e6b03b69729	1	1	1	1
ma.tf.000002	589_YWMJBX_4	chr2R	GA	25226591	25226605	tfsite_fa4389b4d31b0a06	tflocus_bc6e8a03e3ac7a38	8	1	1	1
ma.tf.000003	589_YWMJBX_4	chr2R	GA	25226628	25226676	tfsite_1ec2fb65f22c24ba	tflocus_d65d671fa5d23948	4	1	1	1
ma.tf.000004	589_YWMJBX_4	chr2R	GA	25231180	25231191	tfsite_3c6f8ac308adfe27	tflocus_9b951a8d52a225fe	4	1	1	1
ma.tf.000002	596_YWMJBX_4	chr2R	GA	25225195	25225236	tfsite_08e611e76c68b7fd	tflocus_3fc2370c78c63760	2	1	1	1
ma.tf.000001	596_YWMJBX_4	chr2R	GA	25225244	25225272	tfsite_5bece73d06e3ea23	tflocus_35d73f6414c2c5e2	3	1	1	1
ma.tf.000000	596_YWMJBX_4	chr2R	GA	25227096	25227150	tfsite_7f32ffa3ede0f698	tflocus_ef25617014a37444	2	1	1	1
ma.tf.000000	599_YWMJBX_4	chr2R	GA	25227957	25228032	tfsite_d2e3bfdc2f53b99e	tflocus_dec3207febe93365	2	1	1	1
ma.tf.000000	59_YWMJBX_4	chr2R	GA	25225906	25225961	tfsite_ab444a4791baab7e	tflocus_ccb744ebf8a765ae	1	1	1	1
ma.tf.000001	59_YWMJBX_4	chr2R	GA	25227647	25227676	tfsite_c6a4d7281bcf6644	tflocus_12957f2a47b825c9	6	1	1	1
ma.tf.000002	59_YWMJBX_4	chr2R	GA	25228631	25228639	tfsite_9600cb01bb55481b	tflocus_50c8a96e2984e21f	3	1	1	1
ma.tf.000003	59_YWMJBX_4	chr2R	GA	25228803	25228834	tfsite_a30894e7493f3c72	tflocus_5c9a6916e937657c	1	1	1	1
ma.tf.000004	59_YWMJBX_4	chr2R	GA	25231346	25231361	tfsite_e668571fa9dc2a06	tflocus_1bda3e04b886e550	2	1	1	1
ma.tf.000005	59_YWMJBX_4	chr2R	GA	25231576	25231597	tfsite_e7ee6a72328cc76d	tflocus_19f38e935b0e48be	1	1	1	1
ma.tf.000000	600_YWMJBX_4	chr2R	GA	25223103	25223121	tfsite_040913ea95c54dc2	tflocus_a69db023e9684730	2	1	1	1
ma.tf.000004	601_YWMJBX_4	chr2R	GA	25223492	25223559	tfsite_4e5f3bcba3b58cdd	tflocus_2372cb04a4482885	2	1	1	1
ma.tf.000003	601_YWMJBX_4	chr2R	GA	25224765	25224825	tfsite_acb08427beea0963	tflocus_6a72e3aec72f2dd9	1	1	1	1
ma.tf.000002	601_YWMJBX_4	chr2R	GA	25225485	25225523	tfsite_7d74698e7241eff5	tflocus_240cde36d775e826	1	1	1	1
ma.tf.000001	601_YWMJBX_4	chr2R	GA	25225800	25225820	tfsite_1779d24c94ed37f7	tflocus_a7db007b8f168077	2	1	1	1
ma.tf.000000	601_YWMJBX_4	chr2R	GA	25227428	25227435	tfsite_5ef0eb5e58530972	tflocus_04b04c9f7a5c1de7	8	1	1	1
ma.tf.000000	604_YWMJBX_4	chr2R	GA	25224735	25224743	tfsite_aa0dc2b289f19af1	tflocus_1c0ce62047cda5b1	4	1	1	1
ma.tf.000007	608_YWMJBX_4	chr2R	GA	25222717	25222724	tfsite_56b9275e3b4b09af	tflocus_6ddbe2afa5fa7ab9	4	1	1	1
ma.tf.000006	608_YWMJBX_4	chr2R	GA	25225308	25225350	tfsite_e568806b648a41f1	tflocus_44c143aad583d3af	4	1	1	1
ma.tf.000005	608_YWMJBX_4	chr2R	GA	25225453	25225481	tfsite_03826bde8fc87c36	tflocus_8506e3d22f21f3e7	1	1	1	1
ma.tf.000004	608_YWMJBX_4	chr2R	GA	25225863	25225887	tfsite_564a813d8f57ceb8	tflocus_9088a64faaf226b4	5	1	0	0
ma.tf.000003	608_YWMJBX_4	chr2R	GA	25225890	25225899	tfsite_ff3345b4c5499056	tflocus_0323e48dd5a246c2	1	0	0	0
ma.tf.000002	608_YWMJBX_4	chr2R	GA	25227109	25227123	tfsite_03d4947dea8df487	tflocus_ef25617014a37444	4	1	1	1
ma.tf.000001	608_YWMJBX_4	chr2R	GA	25227868	25227884	tfsite_da2932fbf2c81549	tflocus_f7ae6409314f0ad5	3	1	1	1
ma.tf.000000	608_YWMJBX_4	chr2R	GA	25229511	25229582	tfsite_35b13c4300056347	tflocus_059a94fd61d3e716	1	1	1	1
ma.tf.000020	609_YWMJBX_4	chr2R	GA	25221594	25221672	tfsite_036f65cdec59b35f	tflocus_67d864c8fa08e7f4	1	1	1	1
ma.tf.000019	609_YWMJBX_4	chr2R	GA	25224248	25224277	.	.	.	0	0	0
ma.tf.000018	609_YWMJBX_4	chr2R	GA	25224297	25224328	tfsite_c749d9cd888a5ee7	tflocus_78f1d860714ba0fd	1	1	1	0
ma.tf.000017	609_YWMJBX_4	chr2R	GA	25224553	25224593	tfsite_c6d7b47ea59bd5c4	tflocus_6f9d1f5207f28332	1	1	1	1
ma.tf.000016	609_YWMJBX_4	chr2R	GA	25224613	25224620	tfsite_2a8492bbeeafeb66	tflocus_521e1da7ee9cf902	5	1	1	1
ma.tf.000015	609_YWMJBX_4	chr2R	GA	25224630	25224648	tfsite_556cea3d7f5dba52	tflocus_9ebdda41a1350bab	5	1	1	1
ma.tf.000014	609_YWMJBX_4	chr2R	GA	25225225	25225239	tfsite_90faad8e16ec1aaa	tflocus_65fa17a3e1db5e8c	6	1	1	1
ma.tf.000013	609_YWMJBX_4	chr2R	GA	25225295	25225378	tfsite_8edb3d0f3e8ecc4e	tflocus_44c143aad583d3af	2	1	1	1
ma.tf.000012	609_YWMJBX_4	chr2R	GA	25225535	25225553	tfsite_9e4653615a4353e7	tflocus_f27456029e3ce898	3	1	1	1
ma.tf.000011	609_YWMJBX_4	chr2R	GA	25225563	25225588	tfsite_434115be3115b555	tflocus_a310cc4438fc4ea9	4	1	1	1
ma.tf.000010	609_YWMJBX_4	chr2R	GA	25225777	25225805	tfsite_1ead4cc668fe8350	tflocus_4e8fef41fa66a806	2	1	1	1
ma.tf.000009	609_YWMJBX_4	chr2R	GA	25226151	25226176	tfsite_f0de9b05042d6377	tflocus_a7e281197e577128	1	1	1	1
ma.tf.000008	609_YWMJBX_4	chr2R	GA	25226316	25226343	tfsite_687786863aae90ad	tflocus_9bfa09bfeca3540e	2	1	1	1
ma.tf.000007	609_YWMJBX_4	chr2R	GA	25226381	25226419	tfsite_a3b83aed084d4777	tflocus_091832bdcb1d1071	2	1	1	1
ma.tf.000006	609_YWMJBX_4	chr2R	GA	25226472	25226485	tfsite_412ead55f152ad97	tflocus_c65895f4af8f195f	5	1	1	1
ma.tf.000005	609_YWMJBX_4	chr2R	GA	25226651	25226686	tfsite_5b2fb62e188d2440	tflocus_3303cb5b8d07d733	4	0	0	0
ma.tf.000004	609_YWMJBX_4	chr2R	GA	25227033	25227055	tfsite_dd91547221f73db8	tflocus_33ae4534c126367d	4	1	1	1
ma.tf.000003	609_YWMJBX_4	chr2R	GA	25227691	25227729	tfsite_8c8539d5b4239e1a	tflocus_c1137f670cdf1473	4	0	0	0
ma.tf.000002	609_YWMJBX_4	chr2R	GA	25229183	25229245	tfsite_08becc2ae2f3fec6	tflocus_834b47bf9b332381	1	1	1	1
ma.tf.000001	609_YWMJBX_4	chr2R	GA	25229561	25229598	.	.	.	0	0	0
ma.tf.000000	609_YWMJBX_4	chr2R	GA	25229624	25229675	tfsite_a06474a96a04373a	tflocus_f716988eff1457c7	2	1	1	1
ma.tf.000010	610_YWMJBX_4	chr2R	GA	25222984	25222991	tfsite_1de7d5c6f86d65a1	tflocus_7d11293d9537e089	5	1	1	1
ma.tf.000009	610_YWMJBX_4	chr2R	GA	25224228	25224254	.	.	.	0	0	0
ma.tf.000008	610_YWMJBX_4	chr2R	GA	25224854	25224879	tfsite_2619a19e3f0e52e5	tflocus_307d00acc9bd8954	2	1	1	1
ma.tf.000007	610_YWMJBX_4	chr2R	GA	25225151	25225227	tfsite_09bacc21b1fcf972	tflocus_7062bfa7d6e05965	1	1	1	0
ma.tf.000006	610_YWMJBX_4	chr2R	GA	25226557	25226593	tfsite_b60276637ad0ef56	tflocus_1eb3c76c06612bf7	8	1	1	1
ma.tf.000005	610_YWMJBX_4	chr2R	GA	25226614	25226629	tfsite_96c8997d79bbcec6	tflocus_ca40d66c809cbd24	7	1	1	1
ma.tf.000004	610_YWMJBX_4	chr2R	GA	25227008	25227030	tfsite_37205dad9d5fd683	tflocus_d48ac893d80deff1	4	1	1	1
ma.tf.000003	610_YWMJBX_4	chr2R	GA	25230103	25230133	tfsite_248e0545dab43d83	tflocus_d005b91ee665e08f	2	1	1	1
ma.tf.000002	610_YWMJBX_4	chr2R	GA	25231318	25231373	tfsite_092880d32442ee62	tflocus_d9fc2db1d8df233d	1	1	1	1
ma.tf.000001	610_YWMJBX_4	chr2R	GA	25231521	25231589	tfsite_1967c4effd741551	tflocus_f3e123ecc69ebaac	1	1	1	1
ma.tf.000000	610_YWMJBX_4	chr2R	GA	25231876	25231923	tfsite_0fd64695830386d1	tflocus_50faaceac24643c1	3	1	1	1
ma.tf.000000	613_YWMJBX_4	chr2R	GA	25221336	25221383	tfsite_d66c1db1a342404d	tflocus_c5da106ac1f9dbe3	3	1	1	0
ma.tf.000001	613_YWMJBX_4	chr2R	GA	25224149	25224219	tfsite_b7a7f290f3a76c5c	tflocus_99cec673b03408e4	1	1	1	1
ma.tf.000002	613_YWMJBX_4	chr2R	GA	25225520	25225543	tfsite_754385ef8fdecfe2	tflocus_8d735a9f30f22fdc	4	1	1	1
ma.tf.000003	613_YWMJBX_4	chr2R	GA	25225826	25225837	tfsite_72a93b62fd2fa774	tflocus_d03cddd1ab148bcd	9	1	1	1
ma.tf.000004	613_YWMJBX_4	chr2R	GA	25226591	25226605	tfsite_fa4389b4d31b0a06	tflocus_bc6e8a03e3ac7a38	8	1	1	1
ma.tf.000005	613_YWMJBX_4	chr2R	GA	25227824	25227848	tfsite_bd85d700f73cc529	tflocus_18161598ea79d772	2	1	1	1
ma.tf.000006	613_YWMJBX_4	chr2R	GA	25228230	25228258	tfsite_9229abe08058c2d7	tflocus_9903c69394fb7963	2	1	1	1
ma.tf.000007	613_YWMJBX_4	chr2R	GA	25228360	25228401	tfsite_430a80e66d4f54a7	tflocus_d4fa58551aad1b91	3	1	1	1
ma.tf.000008	613_YWMJBX_4	chr2R	GA	25231023	25231030	tfsite_96cca856a7bb47bf	tflocus_f8852b029e8a492b	4	1	1	0
ma.tf.000010	619_YWMJBX_4	chr2R	GA	25221320	25221386	tfsite_fb1e5c1c79ae8a17	tflocus_55af339fd22dba74	4	1	1	1
ma.tf.000009	619_YWMJBX_4	chr2R	GA	25221899	25221918	tfsite_66cd5774aa4ae660	tflocus_38c96a7a9ec9c81b	1	1	1	1
ma.tf.000008	619_YWMJBX_4	chr2R	GA	25224075	25224100	tfsite_6b78c3205f376229	tflocus_6d4b8193caebe65f	2	1	1	1
ma.tf.000007	619_YWMJBX_4	chr2R	GA	25224406	25224429	tfsite_2f46e5053ec5213a	tflocus_96c16d3318903cdb	3	1	1	1
ma.tf.000006	619_YWMJBX_4	chr2R	GA	25225553	25225565	tfsite_5240db838c76da6d	tflocus_e4e7a931ff1bc47f	4	1	1	1
ma.tf.000005	619_YWMJBX_4	chr2R	GA	25225582	25225606	tfsite_6faf84cec4d8167e	tflocus_3d84af153abd64a1	3	1	1	1
ma.tf.000004	619_YWMJBX_4	chr2R	GA	25225669	25225735	tfsite_b1e22143b55ab620	tflocus_5e5b221c2e569587	2	1	1	1
ma.tf.000003	619_YWMJBX_4	chr2R	GA	25226582	25226614	tfsite_fa4389b4d31b0a06	tflocus_bc6e8a03e3ac7a38	8	1	1	1
ma.tf.000002	619_YWMJBX_4	chr2R	GA	25229792	25229869	tfsite_83049f6b79857820	tflocus_53d9d96a6fb149e2	1	1	1	1
ma.tf.000001	619_YWMJBX_4	chr2R	GA	25230194	25230216	tfsite_6e44908baf785a43	tflocus_58638375d36f0d9b	4	1	1	1
ma.tf.000000	619_YWMJBX_4	chr2R	GA	25231374	25231451	tfsite_c413fd66e00cbbaa	tflocus_b025b22ac2a4b31d	1	1	1	1
ma.tf.000003	621_YWMJBX_4	chr2R	GA	25221319	25221387	tfsite_fb1e5c1c79ae8a17	tflocus_55af339fd22dba74	4	1	1	0
ma.tf.000002	621_YWMJBX_4	chr2R	GA	25221433	25221468	tfsite_926b703be9300817	tflocus_723df5fafacb12d2	1	1	1	1
ma.tf.000001	621_YWMJBX_4	chr2R	GA	25222229	25222236	tfsite_7cec8c92122820fd	tflocus_afb9878b78079449	2	1	1	1
ma.tf.000000	621_YWMJBX_4	chr2R	GA	25224397	25224428	tfsite_6478f6227d3f1aed	tflocus_e6206fdfa265ca38	2	1	1	1
ma.tf.000000	625_YWMJBX_4	chr2R	GA	25224805	25224836	tfsite_dd089d1af0ee3274	tflocus_a8efe87a00e988fe	3	1	1	1
ma.tf.000000	626_YWMJBX_4	chr2R	GA	25226517	25226543	tfsite_a0e4226922af6d02	tflocus_a8af8b18d5942620	5	1	1	1
ma.tf.000001	626_YWMJBX_4	chr2R	GA	25226591	25226605	tfsite_fa4389b4d31b0a06	tflocus_bc6e8a03e3ac7a38	8	1	1	1
ma.tf.000002	626_YWMJBX_4	chr2R	GA	25226623	25226676	tfsite_9d1d3c5fa107861e	tflocus_d65d671fa5d23948	2	1	1	1
ma.tf.000003	626_YWMJBX_4	chr2R	GA	25227692	25227704	tfsite_a14cb5c850c54b51	tflocus_c1137f670cdf1473	5	1	1	1
ma.tf.000005	62_YWMJBX_4	chr2R	GA	25224692	25224709	tfsite_277ce025a8aa002b	tflocus_c373edcf70b8b285	3	1	1	1
ma.tf.000004	62_YWMJBX_4	chr2R	GA	25226676	25226691	tfsite_d4a7ced16aa3ed1d	tflocus_a79ba565f52b91ee	4	1	1	1
ma.tf.000003	62_YWMJBX_4	chr2R	GA	25226694	25226710	tfsite_239fe7849fee42e0	tflocus_537ebd2033506beb	7	1	1	1
ma.tf.000002	62_YWMJBX_4	chr2R	GA	25226761	25226791	tfsite_b24f37a1272f599f	tflocus_12eade5d7ffe008e	5	1	1	1
ma.tf.000001	62_YWMJBX_4	chr2R	GA	25227007	25227029	tfsite_49251ffb7f5c25de	tflocus_d48ac893d80deff1	3	1	1	1
ma.tf.000000	62_YWMJBX_4	chr2R	GA	25227251	25227308	tfsite_236dfb6312013d29	tflocus_df5eeb221ad6baff	4	1	1	1
ma.tf.000000	630_YWMJBX_4	chr2R	GA	25221336	25221349	tfsite_8828c2c7ce19be43	tflocus_6f6e3409440d7f5e	4	1	1	1
ma.tf.000003	632_YWMJBX_4	chr2R	GA	25226809	25226843	tfsite_361dd42a99eef4d1	tflocus_4be10a10c0050b75	2	1	1	1
ma.tf.000002	632_YWMJBX_4	chr2R	GA	25227135	25227175	tfsite_a6d11469f2ba758d	tflocus_c9ba799edf720aaf	2	1	1	1
ma.tf.000001	632_YWMJBX_4	chr2R	GA	25227236	25227258	tfsite_d22912b5336a75a2	tflocus_6fffd5b34f293244	5	1	1	1
ma.tf.000000	632_YWMJBX_4	chr2R	GA	25231075	25231125	tfsite_6f64f319fd9719f3	tflocus_f3c890ddb0d5b687	2	1	1	1
ma.tf.000008	633_YWMJBX_4	chr2R	GA	25221528	25221566	tfsite_b3c7ef9ac413e756	tflocus_9ba9f402d6c98039	2	1	1	1
ma.tf.000007	633_YWMJBX_4	chr2R	GA	25222916	25222975	tfsite_9b87c85cb1c179bb	tflocus_c758c08273c4b46b	1	1	1	0
ma.tf.000006	633_YWMJBX_4	chr2R	GA	25222997	25223008	tfsite_939eec3fdfdba5fc	tflocus_08b6beec2e18033e	3	1	1	1
ma.tf.000005	633_YWMJBX_4	chr2R	GA	25226588	25226623	tfsite_1a2f2904811d65d2	tflocus_bc6e8a03e3ac7a38	10	1	1	1
ma.tf.000004	633_YWMJBX_4	chr2R	GA	25226646	25226671	tfsite_c04389dabc849776	tflocus_d65d671fa5d23948	10	1	1	1
ma.tf.000003	633_YWMJBX_4	chr2R	GA	25226781	25226838	tfsite_fe29392fa2d83081	tflocus_5b543f794fbc327b	4	1	1	1
ma.tf.000002	633_YWMJBX_4	chr2R	GA	25227073	25227126	tfsite_6cfd6ac309ae84e8	tflocus_44e678d16053e88c	1	0	1	1
ma.tf.000001	633_YWMJBX_4	chr2R	GA	25227131	25227149	tfsite_b75bc6dccf9129da	tflocus_fce6edf1aaf8909a	3	1	1	1
ma.tf.000000	633_YWMJBX_4	chr2R	GA	25227387	25227415	tfsite_27231411f64778bb	tflocus_ac10e6c9ce90faa5	8	1	1	1
ma.tf.000001	641_YWMJBX_4	chr2R	GA	25226589	25226616	tfsite_b6d5f858ca2a8d63	tflocus_bc6e8a03e3ac7a38	9	1	1	1
ma.tf.000000	641_YWMJBX_4	chr2R	GA	25226974	25226996	tfsite_5c725a383cf888fc	tflocus_1f59e55fbb5a7ae6	2	1	1	1
ma.tf.000000	642_YWMJBX_4	chr2R	GA	25223028	25223065	tfsite_d6a4f6f14360e618	tflocus_04dc910e220e4ee1	3	1	1	1
ma.tf.000001	642_YWMJBX_4	chr2R	GA	25223106	25223112	tfsite_040913ea95c54dc2	tflocus_a69db023e9684730	2	1	1	1
ma.tf.000002	642_YWMJBX_4	chr2R	GA	25223134	25223180	tfsite_3992d33f2ac18c56	tflocus_d60f934083e4436d	1	1	1	1
ma.tf.000003	642_YWMJBX_4	chr2R	GA	25225938	25225978	tfsite_e1c86f46479a905e	tflocus_1544e62653173838	3	1	1	1
ma.tf.000004	642_YWMJBX_4	chr2R	GA	25226410	25226439	tfsite_1074b91f37421aac	tflocus_3f9a82d435ca2c23	2	1	1	1
ma.tf.000005	642_YWMJBX_4	chr2R	GA	25226807	25226842	tfsite_361dd42a99eef4d1	tflocus_4be10a10c0050b75	2	1	1	1
ma.tf.000006	642_YWMJBX_4	chr2R	GA	25228003	25228026	tfsite_9c59924d5409cb7d	tflocus_e5e84dea66b04efc	3	1	1	1
ma.tf.000007	642_YWMJBX_4	chr2R	GA	25228496	25228514	tfsite_45bad6d7f20d1780	tflocus_6d2611572f170754	3	1	1	1
ma.tf.000008	642_YWMJBX_4	chr2R	GA	25228718	25228742	tfsite_515c7bd5e39e1a09	tflocus_c61467ed1a9e2c56	4	1	1	1
ma.tf.000009	642_YWMJBX_4	chr2R	GA	25231180	25231191	tfsite_3c6f8ac308adfe27	tflocus_9b951a8d52a225fe	4	1	1	1
ma.tf.000000	644_YWMJBX_4	chr2R	GA	25222219	25222259	tfsite_5273e17c74537ce9	tflocus_afb9878b78079449	1	1	1	1
ma.tf.000001	644_YWMJBX_4	chr2R	GA	25222383	25222422	tfsite_d134a1dd2ffcdd4c	tflocus_5fea56978e0e0087	1	0	1	1
ma.tf.000002	644_YWMJBX_4	chr2R	GA	25225039	25225080	tfsite_5ba722fb1c971ae0	tflocus_fa02124cec8dd4d6	1	1	1	1
ma.tf.000003	644_YWMJBX_4	chr2R	GA	25228085	25228131	tfsite_fd9f641ad825062e	tflocus_3a92c6cc4f6eaba1	1	1	1	1
ma.tf.000004	644_YWMJBX_4	chr2R	GA	25228760	25228768	tfsite_c33f9d21c39a80e4	tflocus_7d20221cad69ec6f	3	1	1	1
ma.tf.000005	644_YWMJBX_4	chr2R	GA	25229146	25229177	tfsite_72536e85632940df	tflocus_07a5a0f35a291b74	1	1	1	1
ma.tf.000006	644_YWMJBX_4	chr2R	GA	25231706	25231771	tfsite_f18abe04d4f5eaa2	tflocus_36ced677ca76a506	2	1	1	1
ma.tf.000007	644_YWMJBX_4	chr2R	GA	25231805	25231859	tfsite_f512ff144e1e53fb	tflocus_ddf5d4db31eeee35	1	1	1	1
ma.tf.000008	644_YWMJBX_4	chr2R	GA	25231888	25231939	tfsite_7e1b678815be6a89	tflocus_50faaceac24643c1	6	1	1	1
ma.tf.000009	645_YWMJBX_4	chr2R	GA	25221652	25221667	tfsite_3ed8fec36b0fa943	tflocus_4b2700cacea1997b	3	1	1	1
ma.tf.000008	645_YWMJBX_4	chr2R	GA	25224718	25224737	tfsite_64e23fafbe413737	tflocus_2f62a88affe6ed4f	3	1	1	1
ma.tf.000007	645_YWMJBX_4	chr2R	GA	25225521	25225533	tfsite_754385ef8fdecfe2	tflocus_8d735a9f30f22fdc	4	1	1	1
ma.tf.000006	645_YWMJBX_4	chr2R	GA	25225556	25225596	tfsite_434115be3115b555	tflocus_a310cc4438fc4ea9	4	1	1	1
ma.tf.000005	645_YWMJBX_4	chr2R	GA	25225766	25225789	tfsite_7fcc03f00f9aaf3d	tflocus_1bb1d2dfe7e79656	4	1	1	1
ma.tf.000004	645_YWMJBX_4	chr2R	GA	25227058	25227126	tfsite_a0a7d48dde440065	tflocus_4eab179507485a79	2	1	1	1
ma.tf.000003	645_YWMJBX_4	chr2R	GA	25227395	25227407	tfsite_27231411f64778bb	tflocus_ac10e6c9ce90faa5	8	1	1	1
ma.tf.000002	645_YWMJBX_4	chr2R	GA	25227958	25228035	tfsite_f7f3756a18e72940	tflocus_dec3207febe93365	1	1	1	1
ma.tf.000001	645_YWMJBX_4	chr2R	GA	25228067	25228078	tfsite_ac8fb5b09a371702	tflocus_bb605d951820f11b	4	1	1	1
ma.tf.000000	645_YWMJBX_4	chr2R	GA	25229021	25229033	tfsite_8fd820734935daa9	tflocus_7c3a77da8e767969	2	1	1	1
ma.tf.000000	649_YWMJBX_4	chr2R	GA	25226660	25226679	tfsite_d23ca6f9eaadc7cd	tflocus_3303cb5b8d07d733	7	1	1	1
ma.tf.000000	655_YWMJBX_4	chr2R	GA	25226200	25226222	tfsite_78604adea1cebc6a	tflocus_771476542912009d	3	1	1	1
ma.tf.000001	655_YWMJBX_4	chr2R	GA	25226449	25226500	tfsite_4410a8d8fc87d0b0	tflocus_c65895f4af8f195f	2	1	1	1
ma.tf.000002	655_YWMJBX_4	chr2R	GA	25226753	25226783	tfsite_ec2989c3b9353ee1	tflocus_738da22b13c9f78d	10	1	1	1
ma.tf.000003	655_YWMJBX_4	chr2R	GA	25226807	25226842	tfsite_361dd42a99eef4d1	tflocus_4be10a10c0050b75	2	1	1	1
ma.tf.000004	655_YWMJBX_4	chr2R	GA	25228791	25228834	tfsite_a30894e7493f3c72	tflocus_5c9a6916e937657c	1	1	1	1
ma.tf.000006	656_YWMJBX_4	chr2R	GA	25222975	25222998	tfsite_1de7d5c6f86d65a1	tflocus_7d11293d9537e089	5	1	1	1
ma.tf.000005	656_YWMJBX_4	chr2R	GA	25226323	25226344	tfsite_260c2af1da3769ff	tflocus_9bfa09bfeca3540e	4	1	1	1
ma.tf.000004	656_YWMJBX_4	chr2R	GA	25226603	25226624	tfsite_173965d17eb4136b	tflocus_1b8c6a4efcd1e008	8	1	1	1
ma.tf.000003	656_YWMJBX_4	chr2R	GA	25226656	25226666	tfsite_1cd3126c600e3dc1	tflocus_d65d671fa5d23948	12	1	1	1
ma.tf.000002	656_YWMJBX_4	chr2R	GA	25227040	25227062	tfsite_dfaf148b83be3dbb	tflocus_33ae4534c126367d	3	1	1	0
ma.tf.000001	656_YWMJBX_4	chr2R	GA	25230204	25230277	tfsite_96cee4e0057c64ad	tflocus_97e770742d58a4f3	2	1	1	1
ma.tf.000000	656_YWMJBX_4	chr2R	GA	25231386	25231463	tfsite_6098fc54f49c13dd	tflocus_0f18ee4d3affde65	1	1	1	1
ma.tf.000001	658_YWMJBX_4	chr2R	GA	25227309	25227340	tfsite_455dc5d910c82d30	tflocus_9001b8688125efc3	2	1	1	1
ma.tf.000000	658_YWMJBX_4	chr2R	GA	25231159	25231182	tfsite_429225989fcb8b14	tflocus_e21b7e511cdff519	2	1	1	1
ma.tf.000000	659_YWMJBX_4	chr2R	GA	25225826	25225833	tfsite_72a93b62fd2fa774	tflocus_d03cddd1ab148bcd	9	1	1	1
ma.tf.000001	659_YWMJBX_4	chr2R	GA	25226072	25226082	tfsite_c9fb1d493c4bd80c	tflocus_bf972de6af105872	6	1	1	1
ma.tf.000002	659_YWMJBX_4	chr2R	GA	25226092	25226112	tfsite_5f1522750483a78f	tflocus_8c4fbdeefddb7a38	6	1	1	1
ma.tf.000003	659_YWMJBX_4	chr2R	GA	25226509	25226545	tfsite_8e2bffc29e7279c0	tflocus_a8af8b18d5942620	6	1	1	1
ma.tf.000004	659_YWMJBX_4	chr2R	GA	25227930	25227966	tfsite_6cf4afc224b75139	tflocus_3f42af835a207ecc	1	1	1	1
ma.tf.000005	659_YWMJBX_4	chr2R	GA	25228598	25228638	tfsite_c79ebc7668c5e395	tflocus_2315c7f728ed0e83	4	1	1	1
ma.tf.000001	65_YWMJBX_4	chr2R	GA	25221859	25221890	tfsite_285036c662b4f10d	tflocus_334fdccfa68f1031	2	1	1	1
ma.tf.000000	65_YWMJBX_4	chr2R	GA	25222440	25222478	tfsite_74a11d9cf4bc6145	tflocus_1830eddde77aa2a7	1	1	1	1
ma.tf.000000	665_YWMJBX_4	chr2R	GA	25222963	25222984	tfsite_c19a956c6e9fd2db	tflocus_e9e75d7d048f76bf	1	1	1	1
ma.tf.000001	665_YWMJBX_4	chr2R	GA	25225821	25225833	tfsite_bbbf9491ad60876f	tflocus_d03cddd1ab148bcd	7	1	1	1
ma.tf.000002	665_YWMJBX_4	chr2R	GA	25225938	25225979	tfsite_e1c86f46479a905e	tflocus_1544e62653173838	3	1	1	1
ma.tf.000003	665_YWMJBX_4	chr2R	GA	25226072	25226138	tfsite_5d531b899aa9998b	tflocus_8c4fbdeefddb7a38	1	1	1	0
ma.tf.000004	665_YWMJBX_4	chr2R	GA	25226200	25226222	tfsite_78604adea1cebc6a	tflocus_771476542912009d	3	1	1	1
ma.tf.000005	665_YWMJBX_4	chr2R	GA	25226511	25226535	tfsite_8e2bffc29e7279c0	tflocus_a8af8b18d5942620	6	1	1	1
ma.tf.000001	66_YWMJBX_4	chr2R	GA	25221322	25221375	tfsite_5c35c4e77912d956	tflocus_55af339fd22dba74	7	1	1	1
ma.tf.000000	66_YWMJBX_4	chr2R	GA	25221596	25221663	tfsite_036f65cdec59b35f	tflocus_67d864c8fa08e7f4	1	1	1	1
ma.tf.000000	670_YWMJBX_4	chr2R	GA	25221860	25221887	tfsite_285036c662b4f10d	tflocus_334fdccfa68f1031	2	1	1	1
ma.tf.000001	670_YWMJBX_4	chr2R	GA	25226578	25226596	tfsite_855d23b6e5ed509e	tflocus_1b53b69855864508	5	1	1	1
ma.tf.000002	670_YWMJBX_4	chr2R	GA	25226604	25226619	tfsite_53823d1f3806d270	tflocus_1b8c6a4efcd1e008	7	1	1	1
ma.tf.000003	670_YWMJBX_4	chr2R	GA	25230249	25230258	tfsite_87cd5959c027f7d1	tflocus_5c809b7b307bde20	4	1	1	1
ma.tf.000000	672_YWMJBX_4	chr2R	GA	25226591	25226605	tfsite_fa4389b4d31b0a06	tflocus_bc6e8a03e3ac7a38	8	1	1	1
ma.tf.000001	672_YWMJBX_4	chr2R	GA	25226638	25226663	tfsite_6d22a0923819678a	tflocus_d65d671fa5d23948	9	1	1	1
ma.tf.000002	672_YWMJBX_4	chr2R	GA	25228085	25228097	tfsite_14b73041d545e115	tflocus_65bafa30bcd4afff	5	1	1	1
ma.tf.000003	672_YWMJBX_4	chr2R	GA	25228218	25228235	tfsite_587dea8ed6db316a	tflocus_148ee2b88f8174c9	3	1	1	1
ma.tf.000000	673_YWMJBX_4	chr2R	GA	25225148	25225159	tfsite_cc353d973e897a31	tflocus_9eff9425b53a6035	6	1	1	1
ma.tf.000001	673_YWMJBX_4	chr2R	GA	25225826	25225833	tfsite_72a93b62fd2fa774	tflocus_d03cddd1ab148bcd	9	1	1	1
ma.tf.000002	673_YWMJBX_4	chr2R	GA	25226628	25226663	tfsite_55eb3aeb1c27954e	tflocus_d65d671fa5d23948	3	1	1	1
ma.tf.000003	673_YWMJBX_4	chr2R	GA	25227794	25227807	tfsite_14c631b886a4edbe	tflocus_3caf086503cdaf3b	3	1	1	1
ma.tf.000004	673_YWMJBX_4	chr2R	GA	25228631	25228638	tfsite_9600cb01bb55481b	tflocus_50c8a96e2984e21f	3	1	1	1
ma.tf.000005	674_YWMJBX_4	chr2R	GA	25225702	25225716	tfsite_77b3776a8ccd6065	tflocus_5e5b221c2e569587	5	1	1	1
ma.tf.000004	674_YWMJBX_4	chr2R	GA	25226528	25226560	tfsite_1b892ccd26ff8e57	tflocus_7020547dbf400262	2	1	1	1
ma.tf.000003	674_YWMJBX_4	chr2R	GA	25226599	25226626	tfsite_173965d17eb4136b	tflocus_1b8c6a4efcd1e008	8	1	1	1
ma.tf.000002	674_YWMJBX_4	chr2R	GA	25226675	25226693	tfsite_d4a7ced16aa3ed1d	tflocus_a79ba565f52b91ee	4	1	1	1
ma.tf.000001	674_YWMJBX_4	chr2R	GA	25227354	25227379	tfsite_77a7c55060f57446	tflocus_6492e5926c7d6b4b	3	1	1	1
ma.tf.000000	674_YWMJBX_4	chr2R	GA	25227443	25227463	tfsite_9ec22ee303c0eecd	tflocus_dce1feeda27a70b7	4	1	1	1
ma.tf.000000	676_YWMJBX_4	chr2R	GA	25222988	25223060	tfsite_dbf9e437e7cb50a6	tflocus_570a4bafcd52b9c9	1	1	1	1
ma.tf.000001	676_YWMJBX_4	chr2R	GA	25225989	25226011	tfsite_0c9a29e487b1dc1a	tflocus_ad4cc2b950cd92bd	4	1	1	1
ma.tf.000002	676_YWMJBX_4	chr2R	GA	25226356	25226376	tfsite_3a51f92a581edfe3	tflocus_e4b526e086f737cb	3	1	1	1
ma.tf.000003	676_YWMJBX_4	chr2R	GA	25226657	25226725	tfsite_6e1a526108a484d1	tflocus_8105c482b668d661	1	1	1	1
ma.tf.000000	680_YWMJBX_4	chr2R	GA	25227647	25227669	tfsite_9e12b5a8d340b00f	tflocus_12957f2a47b825c9	7	1	1	1
ma.tf.000001	680_YWMJBX_4	chr2R	GA	25228760	25228765	tfsite_c33f9d21c39a80e4	tflocus_7d20221cad69ec6f	3	1	1	1
ma.tf.000002	680_YWMJBX_4	chr2R	GA	25229022	25229032	tfsite_8fd820734935daa9	tflocus_7c3a77da8e767969	2	1	1	1
ma.tf.000000	685_YWMJBX_4	chr2R	GA	25226456	25226500	tfsite_b3e719f2fc82573a	tflocus_c65895f4af8f195f	4	1	1	1
ma.tf.000000	686_YWMJBX_4	chr2R	GA	25228631	25228639	tfsite_9600cb01bb55481b	tflocus_50c8a96e2984e21f	3	1	1	1
ma.tf.000001	686_YWMJBX_4	chr2R	GA	25228658	25228704	tfsite_15fcfacdcdc9d481	tflocus_7459327ad6700ca1	4	1	1	1
ma.tf.000002	686_YWMJBX_4	chr2R	GA	25230390	25230433	tfsite_50df63e06dc644e6	tflocus_86c86f2b3f339915	2	1	1	1
ma.tf.000000	688_YWMJBX_4	chr2R	GA	25221530	25221623	.	.	.	0	0	0
ma.tf.000001	688_YWMJBX_4	chr2R	GA	25221748	25221798	tfsite_1297e210c8c107a8	tflocus_210087614ba3d355	1	1	1	1
ma.tf.000002	688_YWMJBX_4	chr2R	GA	25222748	25222822	tfsite_d4d7aba61f58cba2	tflocus_80f3deb4f51e38a5	1	1	1	1
ma.tf.000009	692_YWMJBX_4	chr2R	GA	25221320	25221388	tfsite_20a4f6c39602200a	tflocus_55af339fd22dba74	6	1	1	0
ma.tf.000008	692_YWMJBX_4	chr2R	GA	25221496	25221551	tfsite_3974a2d5717d1a8f	tflocus_b739d2d01af11c13	2	1	1	1
ma.tf.000007	692_YWMJBX_4	chr2R	GA	25221590	25221611	tfsite_a949eaf768f2cd74	tflocus_e5f2e073f48bf9c5	1	1	1	1
ma.tf.000006	692_YWMJBX_4	chr2R	GA	25222683	25222700	tfsite_cab560c8018258ba	tflocus_3b661a51272b9d86	2	1	1	1
ma.tf.000005	692_YWMJBX_4	chr2R	GA	25226604	25226681	tfsite_83c79a3fecc3c83c	tflocus_6d95b6d5ea493574	4	1	1	1
ma.tf.000004	692_YWMJBX_4	chr2R	GA	25228128	25228144	tfsite_14ff81b35cefc8a8	tflocus_2297717986177c88	5	1	1	1
ma.tf.000003	692_YWMJBX_4	chr2R	GA	25228472	25228480	tfsite_f7c2409289f013b5	tflocus_ed0a1b88803f41d1	4	1	1	1
ma.tf.000002	692_YWMJBX_4	chr2R	GA	25230128	25230134	tfsite_502de9bb6ad63296	tflocus_84ec777129a2029a	3	1	1	1
ma.tf.000001	692_YWMJBX_4	chr2R	GA	25230190	25230242	tfsite_a5db526c92a44bd3	tflocus_e0a4ebd5fd17bb33	1	1	1	1
ma.tf.000000	692_YWMJBX_4	chr2R	GA	25230251	25230259	tfsite_87cd5959c027f7d1	tflocus_5c809b7b307bde20	4	1	1	1
ma.tf.000002	693_YWMJBX_4	chr2R	GA	25227034	25227098	.	.	.	0	0	0
ma.tf.000001	693_YWMJBX_4	chr2R	GA	25229943	25229974	tfsite_d48021df1ce06fdb	tflocus_0ba6caaf9d94b724	1	1	1	1
ma.tf.000000	693_YWMJBX_4	chr2R	GA	25231527	25231555	tfsite_62716c6c5b78b790	tflocus_fa2ba8cd8190249a	1	1	1	1
ma.tf.000001	694_YWMJBX_4	chr2R	GA	25230761	25230772	tfsite_b8aa8896260d9f3b	tflocus_2697c6210822c46a	2	1	1	1
ma.tf.000000	694_YWMJBX_4	chr2R	GA	25230809	25230840	tfsite_4e804d65dcef6b1d	tflocus_275948304ffcfee9	2	1	1	1
ma.tf.000000	696_YWMJBX_4	chr2R	GA	25221336	25221383	tfsite_d66c1db1a342404d	tflocus_c5da106ac1f9dbe3	3	1	1	0
ma.tf.000001	696_YWMJBX_4	chr2R	GA	25222437	25222497	tfsite_7ae041d2e7a3ebec	tflocus_5f37fe2210f716df	1	1	1	1
ma.tf.000002	696_YWMJBX_4	chr2R	GA	25222602	25222683	tfsite_45a4eb6d6af07bfd	tflocus_aa45e2988b7292e1	1	1	1	1
ma.tf.000003	696_YWMJBX_4	chr2R	GA	25222763	25222808	tfsite_7d2e4f01205a0f61	tflocus_80f3deb4f51e38a5	2	1	1	1
ma.tf.000004	696_YWMJBX_4	chr2R	GA	25224204	25224216	tfsite_5b0084384ee7c153	tflocus_a9f34694d5b0bbea	3	1	1	1
ma.tf.000005	696_YWMJBX_4	chr2R	GA	25225329	25225397	tfsite_7c2c35eb135468d7	tflocus_5ac7b3567ef8a3cb	1	1	1	1
ma.tf.000006	696_YWMJBX_4	chr2R	GA	25226089	25226160	tfsite_a120729e4314d036	tflocus_8be49a8d7aa5449e	2	1	1	1
ma.tf.000007	696_YWMJBX_4	chr2R	GA	25226507	25226545	tfsite_8e2bffc29e7279c0	tflocus_a8af8b18d5942620	6	1	1	1
ma.tf.000008	696_YWMJBX_4	chr2R	GA	25226580	25226605	tfsite_5894bd0ad3dda0dc	tflocus_1b53b69855864508	7	1	1	1
ma.tf.000009	696_YWMJBX_4	chr2R	GA	25226856	25226896	tfsite_ab3e42955fb123ce	tflocus_89eb5bc729e0bcdf	1	1	1	1
ma.tf.000010	696_YWMJBX_4	chr2R	GA	25227841	25227875	tfsite_714e0f353574cd89	tflocus_204c0758a0bab128	4	1	1	1
ma.tf.000011	696_YWMJBX_4	chr2R	GA	25230517	25230544	tfsite_f454e0bacbfe2a04	tflocus_b9f762b81051844d	2	1	1	1
ma.tf.000012	696_YWMJBX_4	chr2R	GA	25230754	25230813	tfsite_ba218e677fb6187b	tflocus_12d03bb409a5aaa7	2	1	1	0
ma.tf.000000	698_YWMJBX_4	chr2R	GA	25224449	25224491	tfsite_a417409f83db6875	tflocus_2035539ea405a256	2	0	1	1
ma.tf.000001	698_YWMJBX_4	chr2R	GA	25231110	25231130	tfsite_5e3819d62b5561a7	tflocus_a33b30a4ba4d692b	4	1	1	1
ma.tf.000000	6_YWMJBX_4	chr2R	GA	25222889	25222901	tfsite_f2ddf6b0da5afd5a	tflocus_62924a14655031f3	1	1	1	1
ma.tf.000001	6_YWMJBX_4	chr2R	GA	25224875	25224895	tfsite_eac0050c2ca5a03d	tflocus_fca60790f1e277ca	3	1	1	1
ma.tf.000002	6_YWMJBX_4	chr2R	GA	25226578	25226605	tfsite_5894bd0ad3dda0dc	tflocus_1b53b69855864508	7	1	1	1
ma.tf.000003	6_YWMJBX_4	chr2R	GA	25228346	25228362	tfsite_e1410f70532aab1c	tflocus_81555aa17e14e019	2	1	1	1
ma.tf.000004	707_YWMJBX_4	chr2R	GA	25221509	25221574	tfsite_4fcd8c0c0c1fab14	tflocus_9ba9f402d6c98039	1	1	1	1
ma.tf.000003	707_YWMJBX_4	chr2R	GA	25221589	25221613	tfsite_a949eaf768f2cd74	tflocus_e5f2e073f48bf9c5	1	1	1	1
ma.tf.000002	707_YWMJBX_4	chr2R	GA	25226662	25226723	tfsite_d5d9705d0287095f	tflocus_8105c482b668d661	2	1	1	1
ma.tf.000001	707_YWMJBX_4	chr2R	GA	25227266	25227306	tfsite_3f3570e4353ab7f9	tflocus_88d366cb77669eb7	1	1	1	1
ma.tf.000000	707_YWMJBX_4	chr2R	GA	25230136	25230151	tfsite_c1230053dd61518e	tflocus_f3a943ff6f4178b6	3	1	1	1
ma.tf.000000	709_YWMJBX_4	chr2R	GA	25229291	25229358	tfsite_f8ebf3b2ac3bd283	tflocus_a1646ba3d4990a1c	1	1	1	0
ma.tf.000000	70_YWMJBX_4	chr2R	GA	25225921	25225978	tfsite_3475c73ab860a07c	tflocus_8ecca17975fcc96b	2	1	1	1
ma.tf.000001	70_YWMJBX_4	chr2R	GA	25226200	25226222	tfsite_78604adea1cebc6a	tflocus_771476542912009d	3	1	1	1
ma.tf.000002	70_YWMJBX_4	chr2R	GA	25226591	25226619	tfsite_1a2f2904811d65d2	tflocus_bc6e8a03e3ac7a38	10	1	1	1
ma.tf.000002	711_YWMJBX_4	chr2R	GA	25224502	25224542	tfsite_0346b1e261980913	tflocus_ccc9f41ab85c5c22	1	1	1	1
ma.tf.000001	711_YWMJBX_4	chr2R	GA	25226575	25226603	tfsite_4061782599961bbe	tflocus_1b53b69855864508	6	1	1	1
ma.tf.000000	711_YWMJBX_4	chr2R	GA	25230244	25230327	tfsite_d2a6c2a34fa1c104	tflocus_e94644c68797a991	2	1	1	1
ma.tf.000000	714_YWMJBX_4	chr2R	GA	25226548	25226570	tfsite_32ca15d079ca6ebe	tflocus_cf5baf0d125860a5	4	1	1	1
ma.tf.000006	717_YWMJBX_4	chr2R	GA	25227534	25227582	tfsite_6bcc983a6a4084d8	tflocus_ea41d7d9d5214203	2	1	1	1
ma.tf.000005	717_YWMJBX_4	chr2R	GA	25227603	25227633	tfsite_77209c1c53d0014b	tflocus_c63742e94e8cd5b9	1	1	1	1
ma.tf.000004	717_YWMJBX_4	chr2R	GA	25227638	25227654	tfsite_cd759f81b57251f1	tflocus_380ac5ebf896acad	7	1	1	1
ma.tf.000003	717_YWMJBX_4	chr2R	GA	25227673	25227735	tfsite_ab67f534f94e486c	tflocus_c1137f670cdf1473	1	1	1	1
ma.tf.000002	717_YWMJBX_4	chr2R	GA	25228163	25228185	tfsite_4584d2774485a678	tflocus_631d2ad9954d0bc4	2	1	1	1
ma.tf.000001	717_YWMJBX_4	chr2R	GA	25228337	25228349	tfsite_fff56bfc551d179d	tflocus_484a025efb50289e	2	0	1	1
ma.tf.000000	717_YWMJBX_4	chr2R	GA	25228457	25228482	tfsite_1c251c793d5fdd51	tflocus_ed0a1b88803f41d1	2	1	1	1
ma.tf.000006	718_YWMJBX_4	chr2R	GA	25221321	25221384	tfsite_28be6661203b7b5c	tflocus_55af339fd22dba74	3	1	1	1
ma.tf.000005	718_YWMJBX_4	chr2R	GA	25222692	25222748	tfsite_8a4b5024c0135f93	tflocus_6ddbe2afa5fa7ab9	1	1	1	1
ma.tf.000004	718_YWMJBX_4	chr2R	GA	25224587	25224623	tfsite_58b1e1b5d3cfc5f0	tflocus_2fb51b1ac82cdd67	4	1	1	1
ma.tf.000003	718_YWMJBX_4	chr2R	GA	25225007	25225035	tfsite_d06354159fd7e33d	tflocus_f385f97c7d94b88a	2	1	1	1
ma.tf.000002	718_YWMJBX_4	chr2R	GA	25225074	25225128	tfsite_c94d86a043f0fb3f	tflocus_2d627e6048094d25	2	1	1	1
ma.tf.000001	718_YWMJBX_4	chr2R	GA	25225185	25225199	tfsite_32f015be69450592	tflocus_7062bfa7d6e05965	7	1	1	1
ma.tf.000000	718_YWMJBX_4	chr2R	GA	25227355	25227409	tfsite_94981270d6c451ff	tflocus_37975db974901dd5	7	0	0	0
ma.tf.000000	719_YWMJBX_4	chr2R	GA	25226628	25226676	tfsite_1ec2fb65f22c24ba	tflocus_d65d671fa5d23948	4	1	1	1
ma.tf.000000	720_YWMJBX_4	chr2R	GA	25222157	25222199	tfsite_0710373b9fbcad72	tflocus_a028dd71badd415d	1	1	1	1
ma.tf.000000	721_YWMJBX_4	chr2R	GA	25224937	25224972	tfsite_846ea60d5083275c	tflocus_7d1278b6d10dd173	4	1	1	1
ma.tf.000005	724_YWMJBX_4	chr2R	GA	25224974	25224993	tfsite_e64477c1108e3ae9	tflocus_200c8f7d8c16a216	4	1	1	1
ma.tf.000004	724_YWMJBX_4	chr2R	GA	25226672	25226690	tfsite_d4a7ced16aa3ed1d	tflocus_a79ba565f52b91ee	4	1	1	1
ma.tf.000003	724_YWMJBX_4	chr2R	GA	25226987	25227009	tfsite_f4ffd40c10d21df7	tflocus_582ec01caf60b241	3	1	1	1
ma.tf.000002	724_YWMJBX_4	chr2R	GA	25227248	25227316	tfsite_60a56c8eb8c6f037	tflocus_df5eeb221ad6baff	3	1	1	1
ma.tf.000001	724_YWMJBX_4	chr2R	GA	25227353	25227405	tfsite_2b5c297e32916856	tflocus_37975db974901dd5	3	1	1	1
ma.tf.000000	724_YWMJBX_4	chr2R	GA	25227459	25227513	tfsite_6ec9e4e592904c8c	tflocus_dfc8579cb9d7f505	4	1	1	1
ma.tf.000005	727_YWMJBX_4	chr2R	GA	25225586	25225608	tfsite_62aecb94b61a6ef1	tflocus_3d84af153abd64a1	4	1	1	1
ma.tf.000004	727_YWMJBX_4	chr2R	GA	25225612	25225653	tfsite_c7ec857b22024590	tflocus_e7ffd380457dae87	2	1	1	1
ma.tf.000003	727_YWMJBX_4	chr2R	GA	25225784	25225813	tfsite_c2eb5a742ae8fbbe	tflocus_cc50716c053f987c	4	1	1	1
ma.tf.000002	727_YWMJBX_4	chr2R	GA	25227036	25227058	tfsite_168a99a29243a85f	tflocus_33ae4534c126367d	5	1	1	1
ma.tf.000001	727_YWMJBX_4	chr2R	GA	25229184	25229230	tfsite_7a78f3d729d965d7	tflocus_834b47bf9b332381	2	1	1	1
ma.tf.000000	727_YWMJBX_4	chr2R	GA	25229560	25229596	tfsite_804cca98d55fa9ba	tflocus_35add18fc65dcfd7	1	0	0	0
ma.tf.000003	728_YWMJBX_4	chr2R	GA	25221500	25221539	tfsite_a146acc0f5841946	tflocus_b739d2d01af11c13	3	1	1	1
ma.tf.000002	728_YWMJBX_4	chr2R	GA	25225119	25225202	tfsite_a721b6b7e36f5086	tflocus_9eff9425b53a6035	1	1	1	0
ma.tf.000001	728_YWMJBX_4	chr2R	GA	25225240	25225254	tfsite_0d43ea698f114592	tflocus_12ca5e6b03b69729	4	1	1	1
ma.tf.000000	728_YWMJBX_4	chr2R	GA	25226588	25226636	tfsite_4c695901eea498ac	tflocus_1b8c6a4efcd1e008	4	1	1	1
ma.tf.000008	736_YWMJBX_4	chr2R	GA	25221320	25221350	tfsite_8ccdc060cd108c72	tflocus_6f6e3409440d7f5e	1	1	1	1
ma.tf.000007	736_YWMJBX_4	chr2R	GA	25222026	25222056	tfsite_8cac329ad0b6e813	tflocus_fec7388eb86cac0a	1	1	1	1
ma.tf.000006	736_YWMJBX_4	chr2R	GA	25225423	25225470	tfsite_eb65997223b4dc24	tflocus_8e6359e86526972a	1	1	1	1
ma.tf.000005	736_YWMJBX_4	chr2R	GA	25225510	25225522	tfsite_4f8f8b273eff11a7	tflocus_ced42cdc1a7d19fa	2	1	1	1
ma.tf.000004	736_YWMJBX_4	chr2R	GA	25225614	25225639	tfsite_374bd01ba4498987	tflocus_e7ffd380457dae87	3	1	1	1
ma.tf.000003	736_YWMJBX_4	chr2R	GA	25226539	25226577	tfsite_7ff642c522dadcc7	tflocus_cf5baf0d125860a5	2	1	1	1
ma.tf.000002	736_YWMJBX_4	chr2R	GA	25226993	25227015	tfsite_8cc449ec3e550a04	tflocus_582ec01caf60b241	4	1	1	1
ma.tf.000001	736_YWMJBX_4	chr2R	GA	25227378	25227402	tfsite_ff68189f1e91730d	tflocus_37975db974901dd5	14	1	1	1
ma.tf.000000	736_YWMJBX_4	chr2R	GA	25227888	25227901	tfsite_0f472af0358fd71b	tflocus_fe9420b4af12b011	2	1	1	0
ma.tf.000001	739_YWMJBX_4	chr2R	GA	25221608	25221685	tfsite_1ada95682c56da46	tflocus_43c55328a76c36b7	1	1	1	1
ma.tf.000000	739_YWMJBX_4	chr2R	GA	25226610	25226645	tfsite_f38dc2eef5defdd9	tflocus_ca40d66c809cbd24	5	1	1	1
ma.tf.000000	741_YWMJBX_4	chr2R	GA	25226417	25226463	tfsite_c3e7c5521fb734c0	tflocus_af57c3fb56082292	2	1	1	1
ma.tf.000001	741_YWMJBX_4	chr2R	GA	25226590	25226639	tfsite_a7944f27f45adc30	tflocus_1b8c6a4efcd1e008	3	0	1	1
ma.tf.000001	742_YWMJBX_4	chr2R	GA	25225614	25225640	tfsite_374bd01ba4498987	tflocus_e7ffd380457dae87	3	1	1	1
ma.tf.000000	742_YWMJBX_4	chr2R	GA	25226770	25226798	tfsite_3fd6ea1e745950ed	tflocus_12eade5d7ffe008e	7	1	1	1
ma.tf.000000	748_YWMJBX_4	chr2R	GA	25225826	25225833	tfsite_72a93b62fd2fa774	tflocus_d03cddd1ab148bcd	9	1	1	1
ma.tf.000001	748_YWMJBX_4	chr2R	GA	25226200	25226222	tfsite_78604adea1cebc6a	tflocus_771476542912009d	3	1	1	1
ma.tf.000002	748_YWMJBX_4	chr2R	GA	25226511	25226535	tfsite_8e2bffc29e7279c0	tflocus_a8af8b18d5942620	6	1	1	1
ma.tf.000003	748_YWMJBX_4	chr2R	GA	25226628	25226676	tfsite_1ec2fb65f22c24ba	tflocus_d65d671fa5d23948	4	1	1	1
ma.tf.000003	751_YWMJBX_4	chr2R	GA	25222236	25222260	tfsite_afe8139728c4b5aa	tflocus_f666406925a189b1	4	1	1	1
ma.tf.000002	751_YWMJBX_4	chr2R	GA	25225109	25225123	tfsite_517e3839df60e12b	tflocus_516f353e478d733b	5	1	1	1
ma.tf.000001	751_YWMJBX_4	chr2R	GA	25225705	25225720	tfsite_ec7f1c2fd4393c2a	tflocus_5e5b221c2e569587	7	1	1	1
ma.tf.000000	751_YWMJBX_4	chr2R	GA	25231379	25231397	tfsite_947c053dd2a81bb2	tflocus_8c8c6d32958d6183	3	1	1	1
ma.tf.000005	755_YWMJBX_4	chr2R	GA	25221915	25221927	tfsite_0e58e9bf22df2c09	tflocus_38c96a7a9ec9c81b	3	1	1	1
ma.tf.000004	755_YWMJBX_4	chr2R	GA	25223483	25223536	tfsite_f0aaaddbfa045843	tflocus_2372cb04a4482885	1	1	1	1
ma.tf.000003	755_YWMJBX_4	chr2R	GA	25225686	25225707	tfsite_ee78d651bb56debd	tflocus_e2a15e6fea276455	7	1	1	1
ma.tf.000002	755_YWMJBX_4	chr2R	GA	25225712	25225770	tfsite_1aad80a3a67e65a8	tflocus_5c4e175b04940cab	2	1	1	1
ma.tf.000001	755_YWMJBX_4	chr2R	GA	25226227	25226247	tfsite_708a8e39da775604	tflocus_40c2e69ce81323c3	2	1	1	1
ma.tf.000000	755_YWMJBX_4	chr2R	GA	25230237	25230294	tfsite_426796eb52c90442	tflocus_cfb110a653ae3aa0	1	1	1	1
ma.tf.000000	757_YWMJBX_4	chr2R	GA	25223381	25223394	tfsite_2c85a232eae1e368	tflocus_0bb1dd3c0b70e328	1	0	1	1
ma.tf.000001	757_YWMJBX_4	chr2R	GA	25225710	25225722	tfsite_ec7f1c2fd4393c2a	tflocus_5e5b221c2e569587	7	1	1	1
ma.tf.000002	757_YWMJBX_4	chr2R	GA	25226417	25226450	tfsite_2bc171fc8ad7be7a	tflocus_af57c3fb56082292	3	1	1	1
ma.tf.000003	757_YWMJBX_4	chr2R	GA	25226591	25226605	tfsite_fa4389b4d31b0a06	tflocus_bc6e8a03e3ac7a38	8	1	1	1
ma.tf.000004	757_YWMJBX_4	chr2R	GA	25226638	25226676	tfsite_8211409850302637	tflocus_d65d671fa5d23948	8	1	1	1
ma.tf.000005	757_YWMJBX_4	chr2R	GA	25227084	25227146	tfsite_e19fb15d056aa1bc	tflocus_44e678d16053e88c	2	1	1	1
ma.tf.000006	757_YWMJBX_4	chr2R	GA	25230524	25230544	tfsite_f454e0bacbfe2a04	tflocus_b9f762b81051844d	2	1	1	1
ma.tf.000007	757_YWMJBX_4	chr2R	GA	25231055	25231082	tfsite_d28b2c7ece4e3110	tflocus_d00e7fa21d2c5a0d	3	1	1	1
ma.tf.000000	759_YWMJBX_4	chr2R	GA	25221869	25221894	tfsite_1eb4d582b2bb7d31	tflocus_4b41f722e8246325	2	1	1	1
ma.tf.000003	75_YWMJBX_4	chr2R	GA	25221497	25221564	tfsite_7190d8fec650af62	tflocus_be53d7571043799c	1	1	1	0
ma.tf.000002	75_YWMJBX_4	chr2R	GA	25225761	25225777	tfsite_acd03a24af77a3bf	tflocus_15d9b46163006816	4	1	1	1
ma.tf.000001	75_YWMJBX_4	chr2R	GA	25226669	25226683	tfsite_68df5aa69654c177	tflocus_3303cb5b8d07d733	8	1	1	1
ma.tf.000000	75_YWMJBX_4	chr2R	GA	25227426	25227461	tfsite_1ab9f4b489931805	tflocus_8482d66dc05a2c50	3	1	1	1
ma.tf.000000	769_YWMJBX_4	chr2R	GA	25222097	25222114	tfsite_1e009f710b57a4cb	tflocus_73e0e877437a1992	1	1	1	1
ma.tf.000001	769_YWMJBX_4	chr2R	GA	25222485	25222495	tfsite_91af9f97bf6a8fd0	tflocus_a62c219bcf2953b1	3	1	1	1
ma.tf.000002	769_YWMJBX_4	chr2R	GA	25225207	25225278	tfsite_8a0738875796eb1e	tflocus_12ca5e6b03b69729	1	1	1	1
ma.tf.000003	769_YWMJBX_4	chr2R	GA	25225644	25225702	tfsite_800a12d13038b892	tflocus_87dc6ee34a0f25ff	1	1	1	1
ma.tf.000004	769_YWMJBX_4	chr2R	GA	25226591	25226619	tfsite_1a2f2904811d65d2	tflocus_bc6e8a03e3ac7a38	10	1	1	1
ma.tf.000005	769_YWMJBX_4	chr2R	GA	25226628	25226676	tfsite_1ec2fb65f22c24ba	tflocus_d65d671fa5d23948	4	1	1	1
ma.tf.000006	769_YWMJBX_4	chr2R	GA	25227360	25227379	tfsite_ee6cb36cf84955ef	tflocus_6492e5926c7d6b4b	4	1	1	1
ma.tf.000007	769_YWMJBX_4	chr2R	GA	25228712	25228750	tfsite_01b6cae8a81d1356	tflocus_c61467ed1a9e2c56	3	1	1	1
ma.tf.000000	770_YWMJBX_4	chr2R	GA	25230253	25230260	tfsite_87cd5959c027f7d1	tflocus_5c809b7b307bde20	4	1	1	1
ma.tf.000001	770_YWMJBX_4	chr2R	GA	25231868	25231939	tfsite_8bf1e79f70a873d7	tflocus_50faaceac24643c1	1	1	1	0
ma.tf.000000	772_YWMJBX_4	chr2R	GA	25227892	25227935	tfsite_c1357b7de0af179e	tflocus_b500201c5365a630	2	1	1	1
ma.tf.000001	773_YWMJBX_4	chr2R	GA	25222229	25222236	tfsite_7cec8c92122820fd	tflocus_afb9878b78079449	2	1	1	1
ma.tf.000000	773_YWMJBX_4	chr2R	GA	25224948	25224964	tfsite_d38fd5121f7405e0	tflocus_7d1278b6d10dd173	6	1	1	1
ma.tf.000002	778_YWMJBX_4	chr2R	GA	25228723	25228771	tfsite_966e0fd38462070d	tflocus_be52bc036a087ef5	1	1	1	1
ma.tf.000001	778_YWMJBX_4	chr2R	GA	25228794	25228808	tfsite_66ef67a2feae1a09	tflocus_6f125628fd2cadc6	5	1	1	1
ma.tf.000000	778_YWMJBX_4	chr2R	GA	25228864	25228880	tfsite_0f273ece23d876fa	tflocus_0439849f7af39f19	2	1	1	1
ma.tf.000006	782_YWMJBX_4	chr2R	GA	25225325	25225349	tfsite_725830411fdd895a	tflocus_44c143aad583d3af	6	1	1	1
ma.tf.000005	782_YWMJBX_4	chr2R	GA	25225451	25225514	tfsite_87501f1b67f93a89	tflocus_3826fc83f2508c31	2	1	1	1
ma.tf.000004	782_YWMJBX_4	chr2R	GA	25225546	25225603	tfsite_9517ee7af718a71b	tflocus_a310cc4438fc4ea9	1	1	1	1
ma.tf.000003	782_YWMJBX_4	chr2R	GA	25226584	25226622	tfsite_b6d5f858ca2a8d63	tflocus_bc6e8a03e3ac7a38	9	1	1	1
ma.tf.000002	782_YWMJBX_4	chr2R	GA	25226641	25226669	tfsite_854e9cdbfdb3d780	tflocus_d65d671fa5d23948	11	1	1	1
ma.tf.000001	782_YWMJBX_4	chr2R	GA	25227396	25227424	tfsite_054f9a6bb874f26a	tflocus_fe55831af54644ee	3	1	1	1
ma.tf.000000	782_YWMJBX_4	chr2R	GA	25229031	25229043	tfsite_91eda159537bab25	tflocus_a0be8440978f3e70	4	1	1	1
ma.tf.000006	784_YWMJBX_4	chr2R	GA	25221320	25221373	tfsite_5c35c4e77912d956	tflocus_55af339fd22dba74	7	1	1	1
ma.tf.000005	784_YWMJBX_4	chr2R	GA	25226566	25226602	tfsite_963c305b908b4614	tflocus_1b53b69855864508	3	1	1	1
ma.tf.000004	784_YWMJBX_4	chr2R	GA	25226641	25226655	tfsite_fc3e878fb713d864	tflocus_d65d671fa5d23948	5	1	1	1
ma.tf.000003	784_YWMJBX_4	chr2R	GA	25227022	25227044	tfsite_762f372e771c1b95	tflocus_8a7d6029fa7dc13d	1	1	1	1
ma.tf.000002	784_YWMJBX_4	chr2R	GA	25230401	25230426	tfsite_50df63e06dc644e6	tflocus_86c86f2b3f339915	2	1	1	1
ma.tf.000001	784_YWMJBX_4	chr2R	GA	25231837	25231895	tfsite_5212fb953776406f	tflocus_969c2d638c42b32e	1	1	1	1
ma.tf.000000	784_YWMJBX_4	chr2R	GA	25231907	25231920	tfsite_74ab0a4bc2f42fb8	tflocus_50faaceac24643c1	8	1	1	1
ma.tf.000000	794_YWMJBX_4	chr2R	GA	25222617	25222681	tfsite_3f1087fb04cd1456	tflocus_aa45e2988b7292e1	2	1	1	1
ma.tf.000001	794_YWMJBX_4	chr2R	GA	25222685	25222717	tfsite_2fa375be631acb69	tflocus_3b661a51272b9d86	3	1	1	1
ma.tf.000002	794_YWMJBX_4	chr2R	GA	25225826	25225833	tfsite_72a93b62fd2fa774	tflocus_d03cddd1ab148bcd	9	1	1	1
ma.tf.000000	795_YWMJBX_4	chr2R	GA	25222302	25222310	tfsite_b17a2228d5848028	tflocus_e1a4010d36bf109a	2	1	1	1
ma.tf.000001	795_YWMJBX_4	chr2R	GA	25226519	25226535	tfsite_8e2bffc29e7279c0	tflocus_a8af8b18d5942620	6	1	1	1
ma.tf.000002	795_YWMJBX_4	chr2R	GA	25226628	25226676	tfsite_1ec2fb65f22c24ba	tflocus_d65d671fa5d23948	4	1	1	1
ma.tf.000001	797_YWMJBX_4	chr2R	GA	25224499	25224504	tfsite_bae7c76c7137acfc	tflocus_c166516dc97d234d	6	1	1	1
ma.tf.000000	797_YWMJBX_4	chr2R	GA	25226427	25226477	tfsite_d93e643c3bc6b1ac	tflocus_c5a335d178b21c85	2	1	1	1
ma.tf.000009	798_YWMJBX_4	chr2R	GA	25221320	25221388	tfsite_20a4f6c39602200a	tflocus_55af339fd22dba74	6	1	1	0
ma.tf.000008	798_YWMJBX_4	chr2R	GA	25224392	25224423	tfsite_6478f6227d3f1aed	tflocus_e6206fdfa265ca38	2	1	1	1
ma.tf.000007	798_YWMJBX_4	chr2R	GA	25224603	25224669	tfsite_703d27191aebce5f	tflocus_9ebdda41a1350bab	1	1	1	1
ma.tf.000006	798_YWMJBX_4	chr2R	GA	25224829	25224848	tfsite_5579bb986f7cf3d9	tflocus_bcb111ea644044f3	6	1	1	1
ma.tf.000005	798_YWMJBX_4	chr2R	GA	25225485	25225497	tfsite_fbf57a9e15e39f8c	tflocus_3826fc83f2508c31	8	1	1	1
ma.tf.000004	798_YWMJBX_4	chr2R	GA	25225525	25225537	tfsite_754385ef8fdecfe2	tflocus_8d735a9f30f22fdc	4	1	1	1
ma.tf.000003	798_YWMJBX_4	chr2R	GA	25225759	25225787	tfsite_5b140bb23532b3f6	tflocus_1bb1d2dfe7e79656	3	1	1	1
ma.tf.000002	798_YWMJBX_4	chr2R	GA	25226286	25226307	tfsite_90dbe0527cad6719	tflocus_ca7cd4f8f7dbff64	2	1	1	1
ma.tf.000001	798_YWMJBX_4	chr2R	GA	25226351	25226369	tfsite_c9df05a7f9a8dbdc	tflocus_e4b526e086f737cb	2	1	1	1
ma.tf.000000	798_YWMJBX_4	chr2R	GA	25227510	25227528	tfsite_c2f826a2be5947f1	tflocus_418dd175f8ef7d8b	8	1	1	1
ma.tf.000000	7_YWMJBX_4	chr2R	GA	25222125	25222172	tfsite_c883c74c2c3ed12e	tflocus_babbe9c8a66a01d5	1	1	1	1
ma.tf.000005	800_YWMJBX_4	chr2R	GA	25222186	25222197	tfsite_39d937159f19d979	tflocus_82c290f13d983ab5	3	1	1	1
ma.tf.000004	800_YWMJBX_4	chr2R	GA	25224471	25224509	tfsite_fceee198abfddc14	tflocus_cf20f3c0f857f366	1	1	1	1
ma.tf.000003	800_YWMJBX_4	chr2R	GA	25224583	25224596	tfsite_d26c020da00c2c4b	tflocus_7042eb52f241f1b3	3	1	1	1
ma.tf.000002	800_YWMJBX_4	chr2R	GA	25224600	25224618	tfsite_bc32fab03046a0af	tflocus_2fb51b1ac82cdd67	6	1	1	1
ma.tf.000001	800_YWMJBX_4	chr2R	GA	25226691	25226709	tfsite_c7b2f49f93e6aa95	tflocus_8105c482b668d661	6	1	1	1
ma.tf.000000	800_YWMJBX_4	chr2R	GA	25231071	25231122	tfsite_6f64f319fd9719f3	tflocus_f3c890ddb0d5b687	2	1	1	1
ma.tf.000000	805_YWMJBX_4	chr2R	GA	25225701	25225719	tfsite_ec7f1c2fd4393c2a	tflocus_5e5b221c2e569587	7	1	1	1
ma.tf.000001	805_YWMJBX_4	chr2R	GA	25226856	25226874	tfsite_4d9295ac426b922b	tflocus_4acf4b785c1938ca	3	1	1	1
ma.tf.000002	805_YWMJBX_4	chr2R	GA	25226918	25226939	tfsite_b61909fe615c994e	tflocus_7953289f8630a2e6	3	1	1	1
ma.tf.000003	805_YWMJBX_4	chr2R	GA	25227441	25227469	tfsite_9ec22ee303c0eecd	tflocus_dce1feeda27a70b7	4	1	1	1
ma.tf.000004	805_YWMJBX_4	chr2R	GA	25227692	25227704	tfsite_a14cb5c850c54b51	tflocus_c1137f670cdf1473	5	1	1	1
ma.tf.000005	805_YWMJBX_4	chr2R	GA	25227732	25227744	tfsite_22a4e8dee82bfca7	tflocus_8ca65d190b918409	4	1	1	1
ma.tf.000006	805_YWMJBX_4	chr2R	GA	25228382	25228401	tfsite_b1585c144a28baf1	tflocus_38f9d77e6d1c5fed	1	1	1	1
ma.tf.000007	805_YWMJBX_4	chr2R	GA	25228560	25228626	tfsite_f98a598874bdb1e4	tflocus_2a5ca6d65e0a1113	2	1	1	1
ma.tf.000008	805_YWMJBX_4	chr2R	GA	25228803	25228834	tfsite_a30894e7493f3c72	tflocus_5c9a6916e937657c	1	1	1	1
ma.tf.000009	805_YWMJBX_4	chr2R	GA	25231868	25231939	tfsite_8bf1e79f70a873d7	tflocus_50faaceac24643c1	1	1	1	0
ma.tf.000007	809_YWMJBX_4	chr2R	GA	25224406	25224438	tfsite_b467c10c92d88cac	tflocus_96c16d3318903cdb	4	1	1	1
ma.tf.000006	809_YWMJBX_4	chr2R	GA	25226575	25226623	tfsite_cb6f127a8c4a391b	tflocus_bc6e8a03e3ac7a38	5	1	1	1
ma.tf.000005	809_YWMJBX_4	chr2R	GA	25226745	25226768	tfsite_146adde7e985460b	tflocus_ad8619155b1ac63e	4	1	1	1
ma.tf.000004	809_YWMJBX_4	chr2R	GA	25226884	25226931	tfsite_3d459d153ebe0ce6	tflocus_cf41391f40543c0c	3	1	1	1
ma.tf.000003	809_YWMJBX_4	chr2R	GA	25227169	25227179	tfsite_979a9132dfeb2f82	tflocus_37d270c8c0ae4b58	4	1	1	1
ma.tf.000002	809_YWMJBX_4	chr2R	GA	25227491	25227562	tfsite_832cc5efb5aa406d	tflocus_92ae6bf282a791fd	1	1	1	1
ma.tf.000001	809_YWMJBX_4	chr2R	GA	25227684	25227717	tfsite_39430e3dc723bedb	tflocus_c1137f670cdf1473	3	1	1	1
ma.tf.000000	809_YWMJBX_4	chr2R	GA	25229551	25229582	tfsite_804cca98d55fa9ba	tflocus_35add18fc65dcfd7	1	1	1	1
ma.tf.000001	811_YWMJBX_4	chr2R	GA	25229126	25229145	tfsite_8f306c70f0438984	tflocus_8c8fac43cd7320b7	3	1	1	1
ma.tf.000000	811_YWMJBX_4	chr2R	GA	25231892	25231932	tfsite_89237b1fa527c2b1	tflocus_50faaceac24643c1	5	1	1	1
ma.tf.000004	815_YWMJBX_4	chr2R	GA	25221485	25221550	tfsite_cfebe24c6acff103	tflocus_b739d2d01af11c13	1	1	1	1
ma.tf.000003	815_YWMJBX_4	chr2R	GA	25221594	25221671	tfsite_036f65cdec59b35f	tflocus_67d864c8fa08e7f4	1	1	1	1
ma.tf.000002	815_YWMJBX_4	chr2R	GA	25226543	25226591	tfsite_abad9398d25aeade	tflocus_1eb3c76c06612bf7	2	1	1	1
ma.tf.000001	815_YWMJBX_4	chr2R	GA	25226600	25226628	tfsite_39a346bcf608f250	tflocus_1b8c6a4efcd1e008	5	1	1	1
ma.tf.000000	815_YWMJBX_4	chr2R	GA	25227367	25227400	tfsite_94981270d6c451ff	tflocus_37975db974901dd5	7	1	1	1
ma.tf.000007	823_YWMJBX_4	chr2R	GA	25221853	25221922	tfsite_3e208c969e12806f	tflocus_4b41f722e8246325	1	1	1	1
ma.tf.000006	823_YWMJBX_4	chr2R	GA	25222470	25222487	tfsite_386adaa3f7eb7dee	tflocus_5ca844bb3029eb2a	1	1	1	1
ma.tf.000005	823_YWMJBX_4	chr2R	GA	25224464	25224511	tfsite_fceee198abfddc14	tflocus_cf20f3c0f857f366	1	1	1	1
ma.tf.000004	823_YWMJBX_4	chr2R	GA	25227007	25227029	tfsite_49251ffb7f5c25de	tflocus_d48ac893d80deff1	3	1	1	1
ma.tf.000003	823_YWMJBX_4	chr2R	GA	25227370	25227427	tfsite_d6dcb635984e151d	tflocus_ac10e6c9ce90faa5	1	1	1	1
ma.tf.000002	823_YWMJBX_4	chr2R	GA	25228054	25228077	tfsite_174094b8aa587705	tflocus_bb605d951820f11b	2	1	1	1
ma.tf.000001	823_YWMJBX_4	chr2R	GA	25228479	25228487	tfsite_f7c2409289f013b5	tflocus_ed0a1b88803f41d1	4	1	1	1
ma.tf.000000	823_YWMJBX_4	chr2R	GA	25230424	25230476	tfsite_ac4a663a4158f1a3	tflocus_d613149d2cd8458b	1	1	1	1
ma.tf.000003	824_YWMJBX_4	chr2R	GA	25225527	25225539	tfsite_754385ef8fdecfe2	tflocus_8d735a9f30f22fdc	4	1	1	1
ma.tf.000002	824_YWMJBX_4	chr2R	GA	25226587	25226608	tfsite_fa4389b4d31b0a06	tflocus_bc6e8a03e3ac7a38	8	1	1	1
ma.tf.000001	824_YWMJBX_4	chr2R	GA	25226621	25226648	tfsite_c58ff603f223ed7a	tflocus_6d95b6d5ea493574	12	1	1	1
ma.tf.000000	824_YWMJBX_4	chr2R	GA	25226692	25226708	tfsite_c7b2f49f93e6aa95	tflocus_8105c482b668d661	6	1	1	1
ma.tf.000003	825_YWMJBX_4	chr2R	GA	25225434	25225477	tfsite_7b68793f19002dd1	tflocus_f858b5c8db0ba904	2	1	1	1
ma.tf.000002	825_YWMJBX_4	chr2R	GA	25226608	25226652	tfsite_ffa232d6855e7c21	tflocus_ca40d66c809cbd24	4	1	1	1
ma.tf.000001	825_YWMJBX_4	chr2R	GA	25226794	25226822	tfsite_adfc37b60af20ff1	tflocus_5b543f794fbc327b	6	1	1	1
ma.tf.000000	825_YWMJBX_4	chr2R	GA	25230106	25230129	tfsite_248e0545dab43d83	tflocus_d005b91ee665e08f	2	1	1	1
ma.tf.000006	826_YWMJBX_4	chr2R	GA	25221663	25221685	tfsite_992a69be14fa3ed8	tflocus_91f7dcca6f698644	3	1	1	1
ma.tf.000005	826_YWMJBX_4	chr2R	GA	25222983	25222990	tfsite_1de7d5c6f86d65a1	tflocus_7d11293d9537e089	5	1	1	1
ma.tf.000004	826_YWMJBX_4	chr2R	GA	25224587	25224594	tfsite_d26c020da00c2c4b	tflocus_7042eb52f241f1b3	3	1	1	1
ma.tf.000003	826_YWMJBX_4	chr2R	GA	25226616	25226643	tfsite_24c86b2bbe9ca049	tflocus_ca40d66c809cbd24	9	1	1	1
ma.tf.000002	826_YWMJBX_4	chr2R	GA	25229019	25229040	tfsite_431c1e45ffc723bf	tflocus_7c3a77da8e767969	1	1	1	0
ma.tf.000001	826_YWMJBX_4	chr2R	GA	25229231	25229284	tfsite_6cdf22ecae7d402f	tflocus_ca886e758e0cab05	1	1	1	1
ma.tf.000000	826_YWMJBX_4	chr2R	GA	25230259	25230301	tfsite_6029d5bb5cccde91	tflocus_e94644c68797a991	4	1	1	1
ma.tf.000000	829_YWMJBX_4	chr2R	GA	25225738	25225758	tfsite_6e396b18ba67a0f6	tflocus_484339668a665e8f	1	1	1	1
ma.tf.000001	829_YWMJBX_4	chr2R	GA	25226200	25226222	tfsite_78604adea1cebc6a	tflocus_771476542912009d	3	1	1	1
ma.tf.000002	829_YWMJBX_4	chr2R	GA	25226519	25226535	tfsite_8e2bffc29e7279c0	tflocus_a8af8b18d5942620	6	1	1	1
ma.tf.000003	829_YWMJBX_4	chr2R	GA	25226591	25226605	tfsite_fa4389b4d31b0a06	tflocus_bc6e8a03e3ac7a38	8	1	1	1
ma.tf.000004	829_YWMJBX_4	chr2R	GA	25226638	25226676	tfsite_8211409850302637	tflocus_d65d671fa5d23948	8	1	1	1
ma.tf.000005	829_YWMJBX_4	chr2R	GA	25227785	25227813	tfsite_14c631b886a4edbe	tflocus_3caf086503cdaf3b	3	1	1	1
ma.tf.000006	829_YWMJBX_4	chr2R	GA	25231023	25231030	tfsite_96cca856a7bb47bf	tflocus_f8852b029e8a492b	4	1	1	1
ma.tf.000012	831_YWMJBX_4	chr2R	GA	25222847	25222867	tfsite_60c44c5a55b6fec1	tflocus_8d33eacecbda7647	4	1	1	1
ma.tf.000011	831_YWMJBX_4	chr2R	GA	25222983	25222990	tfsite_1de7d5c6f86d65a1	tflocus_7d11293d9537e089	5	1	1	1
ma.tf.000010	831_YWMJBX_4	chr2R	GA	25224379	25224400	tfsite_61c3898175da73b1	tflocus_4ebc2e168c511f2c	2	1	1	1
ma.tf.000009	831_YWMJBX_4	chr2R	GA	25224593	25224627	tfsite_f171cf5b07f53274	tflocus_521e1da7ee9cf902	2	1	1	1
ma.tf.000008	831_YWMJBX_4	chr2R	GA	25224644	25224723	tfsite_4ceb5aac9de486de	tflocus_42db33e3a441d6d3	1	1	1	1
ma.tf.000007	831_YWMJBX_4	chr2R	GA	25227981	25228014	tfsite_0a71684e7c747b60	tflocus_dec3207febe93365	5	1	1	1
ma.tf.000006	831_YWMJBX_4	chr2R	GA	25228471	25228479	tfsite_f7c2409289f013b5	tflocus_ed0a1b88803f41d1	4	1	1	1
ma.tf.000005	831_YWMJBX_4	chr2R	GA	25230131	25230137	tfsite_502de9bb6ad63296	tflocus_84ec777129a2029a	3	1	1	1
ma.tf.000004	831_YWMJBX_4	chr2R	GA	25230193	25230228	tfsite_59189fbbdbd8cb58	tflocus_e0a4ebd5fd17bb33	2	1	1	1
ma.tf.000003	831_YWMJBX_4	chr2R	GA	25230244	25230315	tfsite_dab14ec4a1feed3e	tflocus_e94644c68797a991	1	1	1	1
ma.tf.000002	831_YWMJBX_4	chr2R	GA	25230342	25230354	tfsite_ee64b6147d49cfa2	tflocus_834c516d699ad229	2	1	1	1
ma.tf.000001	831_YWMJBX_4	chr2R	GA	25230398	25230422	tfsite_ffb2ad06a4ebcb8a	tflocus_86c86f2b3f339915	3	1	1	1
ma.tf.000000	831_YWMJBX_4	chr2R	GA	25230759	25230771	tfsite_b8aa8896260d9f3b	tflocus_2697c6210822c46a	2	1	1	1
ma.tf.000001	838_YWMJBX_4	chr2R	GA	25226626	25226641	tfsite_c58ff603f223ed7a	tflocus_6d95b6d5ea493574	12	1	1	1
ma.tf.000000	838_YWMJBX_4	chr2R	GA	25226649	25226667	tfsite_8211409850302637	tflocus_d65d671fa5d23948	8	1	1	1
ma.tf.000001	840_YWMJBX_4	chr2R	GA	25226524	25226560	tfsite_8074194b1af12cee	tflocus_c4674075fff878d5	1	1	1	1
ma.tf.000000	840_YWMJBX_4	chr2R	GA	25226579	25226638	tfsite_a5f3c112dcfb8da1	tflocus_1b8c6a4efcd1e008	2	1	1	1
ma.tf.000001	846_YWMJBX_4	chr2R	GA	25221410	25221429	.	.	.	0	0	0
ma.tf.000000	846_YWMJBX_4	chr2R	GA	25226571	25226585	tfsite_757077ce20316159	tflocus_1eb3c76c06612bf7	9	1	1	1
ma.tf.000024	847_YWMJBX_4	chr2R	GA	25222217	25222239	tfsite_7cec8c92122820fd	tflocus_afb9878b78079449	2	1	1	1
ma.tf.000023	847_YWMJBX_4	chr2R	GA	25224587	25224611	tfsite_ba4878ff90f20aa6	tflocus_2fb51b1ac82cdd67	3	1	1	1
ma.tf.000022	847_YWMJBX_4	chr2R	GA	25224786	25224930	tfsite_c77d3c673cb11fd9	tflocus_c1bec3015aea9eae	1	1	1	0
ma.tf.000021	847_YWMJBX_4	chr2R	GA	25225117	25225129	tfsite_a126c1267f0dadb9	tflocus_581ecbe22e4a139a	5	1	1	1
ma.tf.000020	847_YWMJBX_4	chr2R	GA	25225186	25225209	tfsite_579c8aa716c53ddc	tflocus_7062bfa7d6e05965	6	1	1	1
ma.tf.000019	847_YWMJBX_4	chr2R	GA	25225235	25225270	tfsite_80bd38b2f59a3a6d	tflocus_35d73f6414c2c5e2	2	1	1	1
ma.tf.000018	847_YWMJBX_4	chr2R	GA	25225287	25225338	tfsite_b85ac03642c42da1	tflocus_547ad83c8ba18f7c	2	1	1	1
ma.tf.000017	847_YWMJBX_4	chr2R	GA	25225421	25225468	tfsite_eb65997223b4dc24	tflocus_8e6359e86526972a	1	1	1	1
ma.tf.000016	847_YWMJBX_4	chr2R	GA	25225534	25225564	tfsite_ff50ec68a0cfb19b	tflocus_f27456029e3ce898	4	1	1	1
ma.tf.000015	847_YWMJBX_4	chr2R	GA	25225712	25225731	tfsite_184a58a2126206e0	tflocus_d382a3659e9dcdb5	4	1	1	1
ma.tf.000014	847_YWMJBX_4	chr2R	GA	25225748	25225812	tfsite_5835a482eaed0800	tflocus_1bb1d2dfe7e79656	2	1	1	1
ma.tf.000013	847_YWMJBX_4	chr2R	GA	25225831	25225882	tfsite_882d91f0871f4726	tflocus_9b554a83a97f3306	3	1	1	1
ma.tf.000012	847_YWMJBX_4	chr2R	GA	25226606	25226620	tfsite_173965d17eb4136b	tflocus_1b8c6a4efcd1e008	8	1	1	1
ma.tf.000011	847_YWMJBX_4	chr2R	GA	25226989	25227011	tfsite_8cc449ec3e550a04	tflocus_582ec01caf60b241	4	1	1	1
ma.tf.000010	847_YWMJBX_4	chr2R	GA	25227832	25227897	tfsite_75c808e535902b4a	tflocus_204c0758a0bab128	2	1	1	1
ma.tf.000009	847_YWMJBX_4	chr2R	GA	25229013	25229064	tfsite_80725a778857e179	tflocus_a0be8440978f3e70	1	1	1	1
ma.tf.000008	847_YWMJBX_4	chr2R	GA	25229116	25229164	tfsite_5f71cdbcd1058c35	tflocus_8c8fac43cd7320b7	2	1	1	1
ma.tf.000007	847_YWMJBX_4	chr2R	GA	25229264	25229296	tfsite_794455d3243d000c	tflocus_3c629e8533171a33	1	1	1	1
ma.tf.000006	847_YWMJBX_4	chr2R	GA	25229871	25229906	tfsite_6b4e2761454e6e12	tflocus_e506f28ab45d04ea	1	1	1	1
ma.tf.000005	847_YWMJBX_4	chr2R	GA	25230339	25230351	tfsite_ee64b6147d49cfa2	tflocus_834c516d699ad229	2	1	1	1
ma.tf.000004	847_YWMJBX_4	chr2R	GA	25230639	25230657	tfsite_97a897b2e36d3d5a	tflocus_c7bcb7dee986543e	1	1	1	1
ma.tf.000003	847_YWMJBX_4	chr2R	GA	25230690	25230722	tfsite_05fdc0e47665382a	tflocus_a34ae999c76bd8c2	1	1	1	1
ma.tf.000002	847_YWMJBX_4	chr2R	GA	25230758	25230808	tfsite_ba218e677fb6187b	tflocus_12d03bb409a5aaa7	2	1	1	1
ma.tf.000001	847_YWMJBX_4	chr2R	GA	25230957	25230988	tfsite_05c2938130a409ce	tflocus_38cdfbb83759e62f	2	1	1	1
ma.tf.000000	847_YWMJBX_4	chr2R	GA	25231006	25231024	tfsite_22c5d73d0a6c6028	tflocus_80bca5c6e18c3836	2	1	1	1
ma.tf.000002	849_YWMJBX_4	chr2R	GA	25225850	25225869	tfsite_2fc8fceff793211a	tflocus_9b554a83a97f3306	5	1	1	1
ma.tf.000001	849_YWMJBX_4	chr2R	GA	25226760	25226796	tfsite_19174d7a59ff0d51	tflocus_12eade5d7ffe008e	4	1	1	1
ma.tf.000000	849_YWMJBX_4	chr2R	GA	25231922	25231935	tfsite_08ca5a4ca98454e0	tflocus_f7c848c31b2bb827	2	1	1	0
ma.tf.000000	84_YWMJBX_4	chr2R	GA	25223381	25223405	tfsite_2c85a232eae1e368	tflocus_0bb1dd3c0b70e328	1	1	1	1
ma.tf.000000	852_YWMJBX_4	chr2R	GA	25226827	25226854	tfsite_7663bf866ac73bd4	tflocus_3b2f442bbd8263cb	3	1	1	1
ma.tf.000003	853_YWMJBX_4	chr2R	GA	25224742	25224761	tfsite_887be0e5976e1c17	tflocus_0da386e6d5622793	2	1	1	1
ma.tf.000002	853_YWMJBX_4	chr2R	GA	25225695	25225716	tfsite_77b3776a8ccd6065	tflocus_5e5b221c2e569587	5	1	1	1
ma.tf.000001	853_YWMJBX_4	chr2R	GA	25226732	25226750	tfsite_6dae512ed0c82332	tflocus_ad5c0990396e5f43	2	1	1	1
ma.tf.000000	853_YWMJBX_4	chr2R	GA	25230964	25230995	tfsite_05c2938130a409ce	tflocus_38cdfbb83759e62f	2	1	1	1
ma.tf.000000	854_YWMJBX_4	chr2R	GA	25226669	25226687	tfsite_7fdd25333d7d2655	tflocus_a79ba565f52b91ee	2	1	1	1
ma.tf.000000	855_YWMJBX_4	chr2R	GA	25226487	25226537	tfsite_04107629b4f52695	tflocus_dd2d1a79b93ae74c	4	1	1	1
ma.tf.000000	858_YWMJBX_4	chr2R	GA	25225821	25225833	tfsite_bbbf9491ad60876f	tflocus_d03cddd1ab148bcd	7	1	1	1
ma.tf.000001	858_YWMJBX_4	chr2R	GA	25226417	25226468	tfsite_ac6ad1e6e9140ebc	tflocus_c5a335d178b21c85	1	1	1	1
ma.tf.000002	858_YWMJBX_4	chr2R	GA	25226591	25226605	tfsite_fa4389b4d31b0a06	tflocus_bc6e8a03e3ac7a38	8	1	1	1
ma.tf.000002	859_YWMJBX_4	chr2R	GA	25224977	25224994	tfsite_e0492637e0736ca1	tflocus_200c8f7d8c16a216	3	1	1	1
ma.tf.000001	859_YWMJBX_4	chr2R	GA	25226535	25226583	tfsite_7ff642c522dadcc7	tflocus_cf5baf0d125860a5	2	1	1	1
ma.tf.000000	859_YWMJBX_4	chr2R	GA	25227375	25227385	tfsite_9135de782f21a7c5	tflocus_37975db974901dd5	12	1	1	1
ma.tf.000000	85_YWMJBX_4	chr2R	GA	25227806	25227825	tfsite_c362281cc1145969	tflocus_2a7c5189c557f37d	2	1	1	1
ma.tf.000000	860_YWMJBX_4	chr2R	GA	25226072	25226110	tfsite_294b895648d37fea	tflocus_86e30af808a93ae9	2	1	1	1
ma.tf.000001	860_YWMJBX_4	chr2R	GA	25226591	25226605	tfsite_fa4389b4d31b0a06	tflocus_bc6e8a03e3ac7a38	8	1	1	1
ma.tf.000002	860_YWMJBX_4	chr2R	GA	25231023	25231030	tfsite_96cca856a7bb47bf	tflocus_f8852b029e8a492b	4	1	1	1
ma.tf.000000	863_YWMJBX_4	chr2R	GA	25222302	25222310	tfsite_b17a2228d5848028	tflocus_e1a4010d36bf109a	2	1	1	1
ma.tf.000001	863_YWMJBX_4	chr2R	GA	25225693	25225719	tfsite_77b3776a8ccd6065	tflocus_5e5b221c2e569587	5	1	1	1
ma.tf.000002	863_YWMJBX_4	chr2R	GA	25227965	25228032	tfsite_d6d01dde8e72daa9	tflocus_dec3207febe93365	3	1	1	1
ma.tf.000003	863_YWMJBX_4	chr2R	GA	25231023	25231030	tfsite_96cca856a7bb47bf	tflocus_f8852b029e8a492b	4	1	1	1
ma.tf.000004	863_YWMJBX_4	chr2R	GA	25231638	25231662	tfsite_fa9c6e13e4df1ed4	tflocus_19e86c8d61d7fbe0	2	1	1	1
ma.tf.000005	863_YWMJBX_4	chr2R	GA	25231704	25231771	tfsite_f18abe04d4f5eaa2	tflocus_36ced677ca76a506	2	1	1	0
ma.tf.000006	863_YWMJBX_4	chr2R	GA	25231900	25231936	tfsite_9c0fdb92beb34a73	tflocus_f7c848c31b2bb827	1	1	1	0
ma.tf.000000	864_YWMJBX_4	chr2R	GA	25225922	25225991	tfsite_2366dbd46860b299	tflocus_1544e62653173838	1	1	1	1
ma.tf.000001	864_YWMJBX_4	chr2R	GA	25226483	25226545	tfsite_22ce546868212c3a	tflocus_dd2d1a79b93ae74c	1	1	1	1
ma.tf.000002	864_YWMJBX_4	chr2R	GA	25226591	25226605	tfsite_fa4389b4d31b0a06	tflocus_bc6e8a03e3ac7a38	8	1	1	1
ma.tf.000003	864_YWMJBX_4	chr2R	GA	25228557	25228599	tfsite_bfc9bfed6decfb08	tflocus_d2f6effb2e4210a2	2	1	1	1
ma.tf.000004	864_YWMJBX_4	chr2R	GA	25231376	25231408	tfsite_8d0c7881ad81b743	tflocus_8c8c6d32958d6183	2	1	1	1
ma.tf.000000	877_YWMJBX_4	chr2R	GA	25225826	25225833	tfsite_72a93b62fd2fa774	tflocus_d03cddd1ab148bcd	9	1	1	1
ma.tf.000001	877_YWMJBX_4	chr2R	GA	25226200	25226222	tfsite_78604adea1cebc6a	tflocus_771476542912009d	3	1	1	1
ma.tf.000002	877_YWMJBX_4	chr2R	GA	25226511	25226535	tfsite_8e2bffc29e7279c0	tflocus_a8af8b18d5942620	6	1	1	1
ma.tf.000003	877_YWMJBX_4	chr2R	GA	25226628	25226676	tfsite_1ec2fb65f22c24ba	tflocus_d65d671fa5d23948	4	1	1	1
ma.tf.000001	884_YWMJBX_4	chr2R	GA	25225630	25225656	tfsite_2c14420ffeeb7a83	tflocus_8236840d9d30f798	3	1	1	1
ma.tf.000000	884_YWMJBX_4	chr2R	GA	25226786	25226815	tfsite_c2e8d30f57319c8a	tflocus_5b543f794fbc327b	8	1	1	1
ma.tf.000004	885_YWMJBX_4	chr2R	GA	25222222	25222229	tfsite_7cec8c92122820fd	tflocus_afb9878b78079449	2	1	1	1
ma.tf.000003	885_YWMJBX_4	chr2R	GA	25226543	25226585	tfsite_d8bed702ec1807d6	tflocus_cf5baf0d125860a5	3	1	1	1
ma.tf.000002	885_YWMJBX_4	chr2R	GA	25226600	25226628	tfsite_39a346bcf608f250	tflocus_1b8c6a4efcd1e008	5	1	1	1
ma.tf.000001	885_YWMJBX_4	chr2R	GA	25227880	25227897	tfsite_c2a28bc049d196ab	tflocus_c61a03cb76d1ce4e	3	1	1	1
ma.tf.000000	885_YWMJBX_4	chr2R	GA	25231366	25231384	tfsite_c56e147cd56e36b9	tflocus_45deffc7b608331c	1	1	1	1
ma.tf.000000	886_YWMJBX_4	chr2R	GA	25222482	25222495	tfsite_91af9f97bf6a8fd0	tflocus_a62c219bcf2953b1	3	1	1	1
ma.tf.000001	886_YWMJBX_4	chr2R	GA	25226591	25226605	tfsite_fa4389b4d31b0a06	tflocus_bc6e8a03e3ac7a38	8	1	1	1
ma.tf.000000	888_YWMJBX_4	chr2R	GA	25225797	25225829	tfsite_1779d24c94ed37f7	tflocus_a7db007b8f168077	2	1	1	1
ma.tf.000001	888_YWMJBX_4	chr2R	GA	25226519	25226535	tfsite_8e2bffc29e7279c0	tflocus_a8af8b18d5942620	6	1	1	1
ma.tf.000006	890_YWMJBX_4	chr2R	GA	25221456	25221519	tfsite_ff7dc91634e4b481	tflocus_a61e29c06ae42983	1	1	1	1
ma.tf.000005	890_YWMJBX_4	chr2R	GA	25222225	25222232	tfsite_7cec8c92122820fd	tflocus_afb9878b78079449	2	1	1	1
ma.tf.000004	890_YWMJBX_4	chr2R	GA	25226538	25226586	tfsite_d8bed702ec1807d6	tflocus_cf5baf0d125860a5	3	1	1	1
ma.tf.000003	890_YWMJBX_4	chr2R	GA	25226609	25226623	tfsite_e6fd282a12b5bed5	tflocus_1b8c6a4efcd1e008	6	1	1	1
ma.tf.000002	890_YWMJBX_4	chr2R	GA	25227497	25227514	tfsite_3ec42b23afa0a2da	tflocus_418dd175f8ef7d8b	4	1	1	1
ma.tf.000001	890_YWMJBX_4	chr2R	GA	25231517	25231558	tfsite_62716c6c5b78b790	tflocus_fa2ba8cd8190249a	1	1	1	1
ma.tf.000000	890_YWMJBX_4	chr2R	GA	25231905	25231920	tfsite_74ab0a4bc2f42fb8	tflocus_50faaceac24643c1	8	1	1	1
ma.tf.000000	891_YWMJBX_4	chr2R	GA	25231868	25231939	tfsite_8bf1e79f70a873d7	tflocus_50faaceac24643c1	1	1	1	0
ma.tf.000002	892_YWMJBX_4	chr2R	GA	25221456	25221476	tfsite_e76e2a90bdfc0c57	tflocus_94468c8bd5285cc6	2	1	1	1
ma.tf.000001	892_YWMJBX_4	chr2R	GA	25228022	25228061	tfsite_ad1dc8202ccc5f11	tflocus_81c9861515ce4740	2	1	1	1
ma.tf.000000	892_YWMJBX_4	chr2R	GA	25231907	25231920	tfsite_74ab0a4bc2f42fb8	tflocus_50faaceac24643c1	8	1	1	1
ma.tf.000009	894_YWMJBX_4	chr2R	GA	25222063	25222074	tfsite_06de5b99921c6ea8	tflocus_631c223da0e18ecb	4	1	1	1
ma.tf.000008	894_YWMJBX_4	chr2R	GA	25222426	25222454	tfsite_077087de922ec34f	tflocus_d1ddda997e3b9505	1	0	1	1
ma.tf.000007	894_YWMJBX_4	chr2R	GA	25223105	25223173	tfsite_28eca78ca90c8914	tflocus_b10388b221115304	1	1	1	1
ma.tf.000006	894_YWMJBX_4	chr2R	GA	25223206	25223241	tfsite_742ef1930df9860e	tflocus_38f9c9c3320d11c8	1	1	1	1
ma.tf.000005	894_YWMJBX_4	chr2R	GA	25223334	25223404	tfsite_7a9fc5812291bf17	tflocus_25906ea605b1955f	1	1	1	1
ma.tf.000004	894_YWMJBX_4	chr2R	GA	25226572	25226602	tfsite_855d23b6e5ed509e	tflocus_1b53b69855864508	5	1	1	1
ma.tf.000003	894_YWMJBX_4	chr2R	GA	25227894	25227907	tfsite_0f472af0358fd71b	tflocus_fe9420b4af12b011	2	1	1	1
ma.tf.000002	894_YWMJBX_4	chr2R	GA	25230082	25230104	tfsite_4fbad15fdddcddc9	tflocus_8f33560ae043287c	4	1	1	1
ma.tf.000001	894_YWMJBX_4	chr2R	GA	25230249	25230257	tfsite_87cd5959c027f7d1	tflocus_5c809b7b307bde20	4	1	1	1
ma.tf.000000	894_YWMJBX_4	chr2R	GA	25231873	25231920	tfsite_0fd64695830386d1	tflocus_50faaceac24643c1	3	1	1	0
ma.tf.000007	89_YWMJBX_4	chr2R	GA	25222939	25222970	tfsite_9a31c62b1f169f5e	tflocus_3a5a288e26eb003e	3	1	1	1
ma.tf.000006	89_YWMJBX_4	chr2R	GA	25222994	25223001	tfsite_76fbb8892bffb2a4	tflocus_08b6beec2e18033e	2	1	1	1
ma.tf.000005	89_YWMJBX_4	chr2R	GA	25225210	25225224	tfsite_82aa18703dd7a04d	tflocus_3fc2370c78c63760	4	1	1	1
ma.tf.000004	89_YWMJBX_4	chr2R	GA	25226558	25226606	tfsite_bace613d9cf19347	tflocus_1b53b69855864508	1	1	1	1
ma.tf.000003	89_YWMJBX_4	chr2R	GA	25227906	25227919	tfsite_1e578c1c88b58466	tflocus_b500201c5365a630	3	1	1	1
ma.tf.000002	89_YWMJBX_4	chr2R	GA	25230055	25230135	tfsite_b32d04087791ddeb	tflocus_8f33560ae043287c	1	1	1	0
ma.tf.000001	89_YWMJBX_4	chr2R	GA	25230143	25230172	tfsite_662fba843a1b5f10	tflocus_df136a86ea5efd98	1	1	1	1
ma.tf.000000	89_YWMJBX_4	chr2R	GA	25231919	25231932	tfsite_08ca5a4ca98454e0	tflocus_f7c848c31b2bb827	2	1	1	1
ma.tf.000005	900_YWMJBX_4	chr2R	GA	25225858	25225889	tfsite_781b8a71a7f89ac8	tflocus_9088a64faaf226b4	4	1	1	1
ma.tf.000004	900_YWMJBX_4	chr2R	GA	25225996	25226019	tfsite_9f4a8e0930bfbf7f	tflocus_2cb6599d22530200	2	1	1	1
ma.tf.000003	900_YWMJBX_4	chr2R	GA	25226259	25226278	tfsite_7599b18a339315f2	tflocus_2a2cfa5d53941c18	1	1	1	1
ma.tf.000002	900_YWMJBX_4	chr2R	GA	25226701	25226727	tfsite_b58aa739ace8e8db	tflocus_537ebd2033506beb	10	1	1	1
ma.tf.000001	900_YWMJBX_4	chr2R	GA	25227220	25227247	tfsite_64ae807c85c671de	tflocus_12a4e42f45594db6	3	1	1	1
ma.tf.000000	900_YWMJBX_4	chr2R	GA	25230100	25230118	tfsite_02f53c3cbe63752e	tflocus_d005b91ee665e08f	1	1	1	0
ma.tf.000000	903_YWMJBX_4	chr2R	GA	25224676	25224714	tfsite_5bdc1dbe21f80335	tflocus_c373edcf70b8b285	2	1	1	1
ma.tf.000001	903_YWMJBX_4	chr2R	GA	25224735	25224743	tfsite_aa0dc2b289f19af1	tflocus_1c0ce62047cda5b1	4	1	1	1
ma.tf.000002	903_YWMJBX_4	chr2R	GA	25228491	25228510	tfsite_45bad6d7f20d1780	tflocus_6d2611572f170754	3	1	1	1
ma.tf.000003	903_YWMJBX_4	chr2R	GA	25231023	25231030	tfsite_96cca856a7bb47bf	tflocus_f8852b029e8a492b	4	1	1	1
ma.tf.000000	905_YWMJBX_4	chr2R	GA	25224160	25224210	tfsite_b7a7f290f3a76c5c	tflocus_99cec673b03408e4	1	1	1	1
ma.tf.000001	905_YWMJBX_4	chr2R	GA	25224718	25224743	tfsite_df73232b38da3098	tflocus_1c0ce62047cda5b1	2	1	1	1
ma.tf.000002	905_YWMJBX_4	chr2R	GA	25225802	25225833	tfsite_1b5c22026837606d	tflocus_a7db007b8f168077	1	1	1	1
ma.tf.000003	905_YWMJBX_4	chr2R	GA	25226965	25227022	tfsite_739013c3fc1a1fc6	tflocus_582ec01caf60b241	1	1	1	1
ma.tf.000004	905_YWMJBX_4	chr2R	GA	25231334	25231353	tfsite_27e78eb13efa0120	tflocus_d9fc2db1d8df233d	2	1	1	1
ma.tf.000001	906_YWMJBX_4	chr2R	GA	25227827	25227891	tfsite_75c808e535902b4a	tflocus_204c0758a0bab128	2	1	1	1
ma.tf.000000	906_YWMJBX_4	chr2R	GA	25227911	25227958	tfsite_dd50d6da4ca0d1bd	tflocus_9785493505be637f	2	1	1	1
ma.tf.000000	907_YWMJBX_4	chr2R	GA	25225947	25225979	tfsite_9bc5ffe1d386cb2a	tflocus_1544e62653173838	4	1	1	1
ma.tf.000001	907_YWMJBX_4	chr2R	GA	25226200	25226222	tfsite_78604adea1cebc6a	tflocus_771476542912009d	3	1	1	1
ma.tf.000002	907_YWMJBX_4	chr2R	GA	25226578	25226596	tfsite_855d23b6e5ed509e	tflocus_1b53b69855864508	5	1	1	1
ma.tf.000003	907_YWMJBX_4	chr2R	GA	25226628	25226658	tfsite_8fe70a94c065ace1	tflocus_6d95b6d5ea493574	14	1	1	1
ma.tf.000012	912_YWMJBX_4	chr2R	GA	25221651	25221681	tfsite_cc58d5ad5f88cfff	tflocus_91f7dcca6f698644	2	1	1	1
ma.tf.000011	912_YWMJBX_4	chr2R	GA	25222173	25222236	tfsite_37f2c7749dffded4	tflocus_463f45d998740e25	1	1	1	1
ma.tf.000010	912_YWMJBX_4	chr2R	GA	25223285	25223342	tfsite_feafb55c58825916	tflocus_f513fc192c8eb2ff	1	1	1	1
ma.tf.000009	912_YWMJBX_4	chr2R	GA	25224069	25224082	tfsite_cadcf99cfb39ebfd	tflocus_8d2643625fcdf6a5	3	1	1	1
ma.tf.000008	912_YWMJBX_4	chr2R	GA	25224799	25224883	tfsite_83cb7c4697c77062	tflocus_bcb111ea644044f3	3	1	1	0
ma.tf.000007	912_YWMJBX_4	chr2R	GA	25224909	25224939	tfsite_8ab87682ad1f244c	tflocus_7fdcce7f97c02f29	1	1	1	1
ma.tf.000006	912_YWMJBX_4	chr2R	GA	25226546	25226606	tfsite_5d103a70ddd4e83b	tflocus_1eb3c76c06612bf7	6	1	1	1
ma.tf.000005	912_YWMJBX_4	chr2R	GA	25226622	25226646	tfsite_c58ff603f223ed7a	tflocus_6d95b6d5ea493574	12	1	1	1
ma.tf.000004	912_YWMJBX_4	chr2R	GA	25226989	25227050	tfsite_e77637ff0255f0b7	tflocus_d48ac893d80deff1	2	1	1	1
ma.tf.000003	912_YWMJBX_4	chr2R	GA	25227508	25227575	tfsite_c0fc6116af0e6390	tflocus_ea41d7d9d5214203	1	1	1	1
ma.tf.000002	912_YWMJBX_4	chr2R	GA	25230430	25230475	tfsite_ac4a663a4158f1a3	tflocus_d613149d2cd8458b	1	1	1	1
ma.tf.000001	912_YWMJBX_4	chr2R	GA	25231369	25231449	tfsite_c413fd66e00cbbaa	tflocus_b025b22ac2a4b31d	1	1	1	0
ma.tf.000000	912_YWMJBX_4	chr2R	GA	25231873	25231933	tfsite_8bf1e79f70a873d7	tflocus_50faaceac24643c1	1	1	1	0
ma.tf.000008	914_YWMJBX_4	chr2R	GA	25221643	25221676	tfsite_3ed8fec36b0fa943	tflocus_4b2700cacea1997b	3	1	1	0
ma.tf.000007	914_YWMJBX_4	chr2R	GA	25222225	25222236	tfsite_7cec8c92122820fd	tflocus_afb9878b78079449	2	1	1	1
ma.tf.000006	914_YWMJBX_4	chr2R	GA	25225273	25225288	tfsite_07b4996b532a8f80	tflocus_7d86b0b8cafc19a9	2	1	1	1
ma.tf.000005	914_YWMJBX_4	chr2R	GA	25227099	25227117	tfsite_998c649e3b67917a	tflocus_44e678d16053e88c	3	1	1	1
ma.tf.000004	914_YWMJBX_4	chr2R	GA	25227382	25227389	tfsite_8cf8620c7d019d03	tflocus_37975db974901dd5	15	1	1	1
ma.tf.000003	914_YWMJBX_4	chr2R	GA	25230049	25230065	tfsite_b6ad7b4b35400626	tflocus_41755cbe47e7b9da	1	1	1	1
ma.tf.000002	914_YWMJBX_4	chr2R	GA	25230117	25230173	tfsite_9a13418447d18fb1	tflocus_f3a943ff6f4178b6	1	1	1	1
ma.tf.000001	914_YWMJBX_4	chr2R	GA	25230756	25230768	tfsite_b8aa8896260d9f3b	tflocus_2697c6210822c46a	2	1	1	1
ma.tf.000000	914_YWMJBX_4	chr2R	GA	25231071	25231133	tfsite_01ff6310775a4294	tflocus_f3c890ddb0d5b687	1	1	1	1
ma.tf.000002	915_YWMJBX_4	chr2R	GA	25224487	25224523	tfsite_81ef9965178c3fe4	tflocus_c166516dc97d234d	3	0	1	1
ma.tf.000001	915_YWMJBX_4	chr2R	GA	25227016	25227038	tfsite_762f372e771c1b95	tflocus_8a7d6029fa7dc13d	1	1	1	1
ma.tf.000000	915_YWMJBX_4	chr2R	GA	25230949	25230987	tfsite_fdb7f29b1a37870d	tflocus_3c99f546ee9fd041	2	1	1	1
ma.tf.000005	916_YWMJBX_4	chr2R	GA	25221320	25221369	tfsite_5c35c4e77912d956	tflocus_55af339fd22dba74	7	1	1	1
ma.tf.000004	916_YWMJBX_4	chr2R	GA	25226540	25226579	tfsite_d8bed702ec1807d6	tflocus_cf5baf0d125860a5	3	1	1	1
ma.tf.000003	916_YWMJBX_4	chr2R	GA	25227868	25227950	tfsite_3204edd12dea3518	tflocus_b500201c5365a630	1	1	1	0
ma.tf.000002	916_YWMJBX_4	chr2R	GA	25229224	25229277	tfsite_f3ae4c610c093f8c	tflocus_eb13f05a1adb646a	1	1	1	1
ma.tf.000001	916_YWMJBX_4	chr2R	GA	25229748	25229820	tfsite_96a4c1725433169c	tflocus_1d81ce4a0071896c	1	1	1	0
ma.tf.000000	916_YWMJBX_4	chr2R	GA	25231907	25231920	tfsite_74ab0a4bc2f42fb8	tflocus_50faaceac24643c1	8	1	1	1
ma.tf.000000	917_YWMJBX_4	chr2R	GA	25221336	25221351	tfsite_7151f56beba22b06	tflocus_55af339fd22dba74	13	1	1	1
ma.tf.000001	917_YWMJBX_4	chr2R	GA	25226092	25226112	tfsite_5f1522750483a78f	tflocus_8c4fbdeefddb7a38	6	1	1	1
ma.tf.000002	917_YWMJBX_4	chr2R	GA	25226117	25226148	tfsite_92e1a1d93810831e	tflocus_e85889f0ed9e0662	1	1	1	1
ma.tf.000003	917_YWMJBX_4	chr2R	GA	25226200	25226222	tfsite_78604adea1cebc6a	tflocus_771476542912009d	3	1	1	1
ma.tf.000004	917_YWMJBX_4	chr2R	GA	25226628	25226676	tfsite_1ec2fb65f22c24ba	tflocus_d65d671fa5d23948	4	1	1	1
ma.tf.000005	917_YWMJBX_4	chr2R	GA	25226918	25226939	tfsite_b61909fe615c994e	tflocus_7953289f8630a2e6	3	1	1	1
ma.tf.000006	917_YWMJBX_4	chr2R	GA	25227221	25227303	tfsite_166d3bfd7fc7d9bc	tflocus_9cda4ee2b3e687c1	1	1	1	1
ma.tf.000007	917_YWMJBX_4	chr2R	GA	25228218	25228256	tfsite_f21ea29f0cb551e3	tflocus_9903c69394fb7963	1	1	1	1
ma.tf.000008	917_YWMJBX_4	chr2R	GA	25228888	25228937	tfsite_cdca0b6443714f7d	tflocus_d7074876b548676f	1	1	1	1
ma.tf.000009	917_YWMJBX_4	chr2R	GA	25231917	25231939	tfsite_08ca5a4ca98454e0	tflocus_f7c848c31b2bb827	2	1	1	1
ma.tf.000000	919_YWMJBX_4	chr2R	GA	25221871	25221900	tfsite_1eb4d582b2bb7d31	tflocus_4b41f722e8246325	2	1	1	1
ma.tf.000001	919_YWMJBX_4	chr2R	GA	25225317	25225330	tfsite_9c2f563aab8a7e08	tflocus_1d91e0ae5159fedc	1	1	1	0
ma.tf.000002	919_YWMJBX_4	chr2R	GA	25226059	25226079	tfsite_6d7dc15fc9fd1b68	tflocus_bf972de6af105872	4	1	1	1
ma.tf.000003	919_YWMJBX_4	chr2R	GA	25228422	25228462	tfsite_887d984b65ca1836	tflocus_4d1996154b7aeb5b	2	1	1	1
ma.tf.000004	919_YWMJBX_4	chr2R	GA	25231023	25231030	tfsite_96cca856a7bb47bf	tflocus_f8852b029e8a492b	4	1	1	1
ma.tf.000008	920_YWMJBX_4	chr2R	GA	25224189	25224254	tfsite_bebf6fb0153b919d	tflocus_2b41921c753e36ac	1	1	1	0
ma.tf.000007	920_YWMJBX_4	chr2R	GA	25225138	25225220	tfsite_558939998e8057c2	tflocus_413f524d4acc0a2f	2	1	1	0
ma.tf.000006	920_YWMJBX_4	chr2R	GA	25225246	25225290	tfsite_12457c47fd30a285	tflocus_f1a129665fef234e	2	1	1	1
ma.tf.000005	920_YWMJBX_4	chr2R	GA	25225295	25225322	tfsite_50fd8fa4ff349263	tflocus_547ad83c8ba18f7c	3	1	1	1
ma.tf.000004	920_YWMJBX_4	chr2R	GA	25225598	25225651	tfsite_5c6a09ee00829623	tflocus_e7ffd380457dae87	1	1	1	1
ma.tf.000003	920_YWMJBX_4	chr2R	GA	25226060	25226089	tfsite_46f6cce8aa420cd1	tflocus_bf972de6af105872	5	1	1	1
ma.tf.000002	920_YWMJBX_4	chr2R	GA	25226441	25226451	tfsite_622ca5e7086aa10e	tflocus_c5a335d178b21c85	3	1	1	1
ma.tf.000001	920_YWMJBX_4	chr2R	GA	25227249	25227266	tfsite_1a3d3d93273f7a2c	tflocus_9cda4ee2b3e687c1	5	1	1	1
ma.tf.000000	920_YWMJBX_4	chr2R	GA	25228141	25228174	tfsite_af939ff13c8072ba	tflocus_631d2ad9954d0bc4	1	1	1	1
ma.tf.000002	923_YWMJBX_4	chr2R	GA	25230898	25230929	tfsite_76c848b1655487af	tflocus_81d5715b392ba330	2	1	1	1
ma.tf.000001	923_YWMJBX_4	chr2R	GA	25231286	25231309	tfsite_958146cad884821b	tflocus_e191d7c025f6b63c	1	1	1	1
ma.tf.000000	923_YWMJBX_4	chr2R	GA	25231381	25231440	tfsite_c413fd66e00cbbaa	tflocus_b025b22ac2a4b31d	1	1	1	1
ma.tf.000010	926_YWMJBX_4	chr2R	GA	25224795	25224863	tfsite_a24cbd02b61eb16b	tflocus_bcb111ea644044f3	2	1	1	0
ma.tf.000009	926_YWMJBX_4	chr2R	GA	25224967	25225006	tfsite_e0492637e0736ca1	tflocus_200c8f7d8c16a216	3	1	1	1
ma.tf.000008	926_YWMJBX_4	chr2R	GA	25225332	25225364	tfsite_b20f4dda5a9148b3	tflocus_53dcffc525d0970f	3	1	1	1
ma.tf.000007	926_YWMJBX_4	chr2R	GA	25225387	25225406	tfsite_0478701d7b512525	tflocus_296d9537eeda88ab	1	1	1	1
ma.tf.000006	926_YWMJBX_4	chr2R	GA	25227912	25227943	tfsite_967fefdaba18a169	tflocus_9785493505be637f	3	1	1	1
ma.tf.000005	926_YWMJBX_4	chr2R	GA	25228498	25228527	tfsite_d8471d0b2a98d8d2	tflocus_23bdea833be92684	3	1	1	1
ma.tf.000004	926_YWMJBX_4	chr2R	GA	25228803	25228870	tfsite_101b9691329f533c	tflocus_2bd138dcdf059a76	1	1	1	1
ma.tf.000003	926_YWMJBX_4	chr2R	GA	25230147	25230207	tfsite_b72360a43b63982b	tflocus_653c9acce240c2f5	1	1	1	1
ma.tf.000002	926_YWMJBX_4	chr2R	GA	25230210	25230228	tfsite_922239b36dcf80f6	tflocus_e0a4ebd5fd17bb33	3	1	1	1
ma.tf.000001	926_YWMJBX_4	chr2R	GA	25230910	25230950	tfsite_42f0e90f9822e807	tflocus_eff5990842308665	2	1	1	1
ma.tf.000000	926_YWMJBX_4	chr2R	GA	25231029	25231060	tfsite_bcba332df84a03f7	tflocus_7322342c67b24bdf	1	1	1	1
ma.tf.000003	928_YWMJBX_4	chr2R	GA	25222394	25222406	tfsite_9291e996e0a3b7cf	tflocus_7b7ae0db8017aedb	2	1	1	1
ma.tf.000002	928_YWMJBX_4	chr2R	GA	25225751	25225773	tfsite_73e68ac9f0990abb	tflocus_15d9b46163006816	2	1	1	1
ma.tf.000001	928_YWMJBX_4	chr2R	GA	25226612	25226626	tfsite_50ededdcae63f648	tflocus_1b8c6a4efcd1e008	9	1	1	1
ma.tf.000000	928_YWMJBX_4	chr2R	GA	25229008	25229021	tfsite_77c249aa8a757dcf	tflocus_2a438dae63806f0b	2	0	0	0
ma.tf.000000	929_YWMJBX_4	chr2R	GA	25221670	25221720	tfsite_eb363eeb831a1e61	tflocus_84fc3c657f0eefa9	1	1	1	1
ma.tf.000001	929_YWMJBX_4	chr2R	GA	25225693	25225718	tfsite_77b3776a8ccd6065	tflocus_5e5b221c2e569587	5	1	1	1
ma.tf.000002	929_YWMJBX_4	chr2R	GA	25225813	25225837	tfsite_2e708422c3bed545	tflocus_d03cddd1ab148bcd	6	1	1	1
ma.tf.000003	929_YWMJBX_4	chr2R	GA	25226417	25226445	tfsite_2bc171fc8ad7be7a	tflocus_af57c3fb56082292	3	1	1	1
ma.tf.000004	929_YWMJBX_4	chr2R	GA	25226628	25226676	tfsite_1ec2fb65f22c24ba	tflocus_d65d671fa5d23948	4	1	1	1
ma.tf.000005	929_YWMJBX_4	chr2R	GA	25228261	25228347	tfsite_5c35728444281dfe	tflocus_54400bcdac618b86	1	1	1	0
ma.tf.000006	929_YWMJBX_4	chr2R	GA	25228631	25228638	tfsite_9600cb01bb55481b	tflocus_50c8a96e2984e21f	3	1	1	1
ma.tf.000007	929_YWMJBX_4	chr2R	GA	25231576	25231605	tfsite_e7ee6a72328cc76d	tflocus_19f38e935b0e48be	1	1	1	1
ma.tf.000000	92_YWMJBX_4	chr2R	GA	25221336	25221383	tfsite_d66c1db1a342404d	tflocus_c5da106ac1f9dbe3	3	1	1	1
ma.tf.000001	92_YWMJBX_4	chr2R	GA	25225693	25225718	tfsite_77b3776a8ccd6065	tflocus_5e5b221c2e569587	5	1	1	1
ma.tf.000002	92_YWMJBX_4	chr2R	GA	25225797	25225833	tfsite_1b5c22026837606d	tflocus_a7db007b8f168077	1	1	1	1
ma.tf.000003	92_YWMJBX_4	chr2R	GA	25225989	25226011	tfsite_0c9a29e487b1dc1a	tflocus_ad4cc2b950cd92bd	4	1	1	1
ma.tf.000004	92_YWMJBX_4	chr2R	GA	25226405	25226445	tfsite_98689a26ea8b9987	tflocus_3f9a82d435ca2c23	1	1	1	1
ma.tf.000005	92_YWMJBX_4	chr2R	GA	25226507	25226537	tfsite_8e2bffc29e7279c0	tflocus_a8af8b18d5942620	6	1	1	1
ma.tf.000006	92_YWMJBX_4	chr2R	GA	25228260	25228299	tfsite_708bdc0feb4d8f15	tflocus_9daa7bd0bca64367	2	1	1	1
ma.tf.000007	92_YWMJBX_4	chr2R	GA	25228491	25228510	tfsite_45bad6d7f20d1780	tflocus_6d2611572f170754	3	1	1	1
ma.tf.000008	92_YWMJBX_4	chr2R	GA	25231023	25231030	tfsite_96cca856a7bb47bf	tflocus_f8852b029e8a492b	4	1	1	0
ma.tf.000000	930_YWMJBX_4	chr2R	GA	25225693	25225718	tfsite_77b3776a8ccd6065	tflocus_5e5b221c2e569587	5	1	1	1
ma.tf.000001	930_YWMJBX_4	chr2R	GA	25231868	25231939	tfsite_8bf1e79f70a873d7	tflocus_50faaceac24643c1	1	1	1	0
ma.tf.000000	932_YWMJBX_4	chr2R	GA	25225687	25225718	tfsite_ae37ad597a21f7f9	tflocus_5e5b221c2e569587	3	1	1	1
ma.tf.000001	932_YWMJBX_4	chr2R	GA	25225797	25225837	tfsite_1b5c22026837606d	tflocus_a7db007b8f168077	1	1	1	1
ma.tf.000002	932_YWMJBX_4	chr2R	GA	25226519	25226537	tfsite_8e2bffc29e7279c0	tflocus_a8af8b18d5942620	6	1	1	1
ma.tf.000003	932_YWMJBX_4	chr2R	GA	25226540	25226605	tfsite_b6772f604aafd2b5	tflocus_1eb3c76c06612bf7	3	1	1	1
ma.tf.000004	932_YWMJBX_4	chr2R	GA	25227876	25227943	tfsite_3204edd12dea3518	tflocus_b500201c5365a630	1	1	1	1
ma.tf.000005	932_YWMJBX_4	chr2R	GA	25228218	25228247	tfsite_f21ea29f0cb551e3	tflocus_9903c69394fb7963	1	1	1	1
ma.tf.000006	932_YWMJBX_4	chr2R	GA	25228803	25228834	tfsite_a30894e7493f3c72	tflocus_5c9a6916e937657c	1	1	1	1
ma.tf.000007	932_YWMJBX_4	chr2R	GA	25231334	25231353	tfsite_27e78eb13efa0120	tflocus_d9fc2db1d8df233d	2	1	1	1
ma.tf.000008	932_YWMJBX_4	chr2R	GA	25231732	25231771	tfsite_96ee05c6c748b91d	tflocus_84c38c8f83598b1e	1	1	1	1
ma.tf.000009	932_YWMJBX_4	chr2R	GA	25231868	25231936	tfsite_8bf1e79f70a873d7	tflocus_50faaceac24643c1	1	1	1	0
ma.tf.000000	934_YWMJBX_4	chr2R	GA	25227501	25227519	tfsite_057cd2f74fad86ea	tflocus_418dd175f8ef7d8b	6	1	1	1
ma.tf.000000	936_YWMJBX_4	chr2R	GA	25222655	25222682	tfsite_cd715ff2625b20a0	tflocus_509217fe24f7381d	1	1	1	0
ma.tf.000001	936_YWMJBX_4	chr2R	GA	25223049	25223061	tfsite_1585af7e2de19455	tflocus_04dc910e220e4ee1	5	1	1	1
ma.tf.000002	936_YWMJBX_4	chr2R	GA	25227575	25227628	tfsite_066d9383e6b5fdb5	tflocus_b271c224175ccf49	1	1	1	1
ma.tf.000003	936_YWMJBX_4	chr2R	GA	25227642	25227660	tfsite_ee2795a49c8594e6	tflocus_12957f2a47b825c9	5	1	1	1
ma.tf.000004	936_YWMJBX_4	chr2R	GA	25227692	25227704	tfsite_a14cb5c850c54b51	tflocus_c1137f670cdf1473	5	1	1	1
ma.tf.000005	936_YWMJBX_4	chr2R	GA	25227732	25227790	tfsite_36f3857fa898f8d4	tflocus_beb5a83f6ddc91df	3	1	1	1
ma.tf.000006	936_YWMJBX_4	chr2R	GA	25227824	25227850	tfsite_bd85d700f73cc529	tflocus_18161598ea79d772	2	1	1	1
ma.tf.000007	936_YWMJBX_4	chr2R	GA	25228248	25228312	tfsite_686bae11a6b0e051	tflocus_9daa7bd0bca64367	1	1	1	1
ma.tf.000008	936_YWMJBX_4	chr2R	GA	25228542	25228575	tfsite_0cb556877cce4d3b	tflocus_e228dc6ced927cc4	2	1	1	1
ma.tf.000003	939_YWMJBX_4	chr2R	GA	25224458	25224490	tfsite_efbe9dbafb74f1e5	tflocus_93a1a51f258f428d	2	1	1	1
ma.tf.000002	939_YWMJBX_4	chr2R	GA	25226545	25226581	tfsite_d8bed702ec1807d6	tflocus_cf5baf0d125860a5	3	0	0	0
ma.tf.000001	939_YWMJBX_4	chr2R	GA	25227345	25227374	tfsite_a5d62b8b9508b68a	tflocus_6492e5926c7d6b4b	2	1	1	1
ma.tf.000000	939_YWMJBX_4	chr2R	GA	25227483	25227501	tfsite_b6486d0df44bf6df	tflocus_9ed81f1c05f38fc0	3	1	0	0
ma.tf.000000	941_YWMJBX_4	chr2R	GA	25227357	25227397	tfsite_05c46419e8ab8b30	tflocus_37975db974901dd5	4	1	1	1
ma.tf.000000	946_YWMJBX_4	chr2R	GA	25222302	25222310	tfsite_b17a2228d5848028	tflocus_e1a4010d36bf109a	2	1	1	1
ma.tf.000001	946_YWMJBX_4	chr2R	GA	25222485	25222498	tfsite_91af9f97bf6a8fd0	tflocus_a62c219bcf2953b1	3	1	1	1
ma.tf.000000	954_YWMJBX_4	chr2R	GA	25222302	25222310	tfsite_b17a2228d5848028	tflocus_e1a4010d36bf109a	2	1	1	1
ma.tf.000001	954_YWMJBX_4	chr2R	GA	25225826	25225837	tfsite_72a93b62fd2fa774	tflocus_d03cddd1ab148bcd	9	1	1	1
ma.tf.000002	954_YWMJBX_4	chr2R	GA	25225960	25225979	tfsite_6664a5db3a8804e4	tflocus_438410026335f5cc	2	1	1	1
ma.tf.000003	954_YWMJBX_4	chr2R	GA	25225989	25226011	tfsite_0c9a29e487b1dc1a	tflocus_ad4cc2b950cd92bd	4	1	1	1
ma.tf.000004	954_YWMJBX_4	chr2R	GA	25226519	25226535	tfsite_8e2bffc29e7279c0	tflocus_a8af8b18d5942620	6	1	1	1
ma.tf.000005	954_YWMJBX_4	chr2R	GA	25226591	25226605	tfsite_fa4389b4d31b0a06	tflocus_bc6e8a03e3ac7a38	8	1	1	1
ma.tf.000006	954_YWMJBX_4	chr2R	GA	25226628	25226676	tfsite_1ec2fb65f22c24ba	tflocus_d65d671fa5d23948	4	1	1	1
ma.tf.000000	957_YWMJBX_4	chr2R	GA	25225189	25225233	tfsite_19ffbec94f51a88b	tflocus_5d327f4f7c1fa1e3	3	1	1	1
ma.tf.000001	957_YWMJBX_4	chr2R	GA	25225960	25225977	tfsite_6664a5db3a8804e4	tflocus_438410026335f5cc	2	1	1	1
ma.tf.000002	957_YWMJBX_4	chr2R	GA	25226089	25226160	tfsite_a120729e4314d036	tflocus_8be49a8d7aa5449e	2	1	1	1
ma.tf.000003	957_YWMJBX_4	chr2R	GA	25226200	25226222	tfsite_78604adea1cebc6a	tflocus_771476542912009d	3	1	1	1
ma.tf.000004	957_YWMJBX_4	chr2R	GA	25226574	25226605	tfsite_4061782599961bbe	tflocus_1b53b69855864508	6	1	1	1
ma.tf.000005	957_YWMJBX_4	chr2R	GA	25228319	25228331	tfsite_1f23131b2e594110	tflocus_2b5dbfe8c6f53edf	3	1	1	1
ma.tf.000006	957_YWMJBX_4	chr2R	GA	25230233	25230260	tfsite_9adc438fdd3c2c77	tflocus_97e770742d58a4f3	3	1	1	1
ma.tf.000000	958_YWMJBX_4	chr2R	GA	25222502	25222534	tfsite_6a7dcb93e9237dc9	tflocus_21d53514b678aa26	1	1	1	1
ma.tf.000001	958_YWMJBX_4	chr2R	GA	25225034	25225080	tfsite_5ba722fb1c971ae0	tflocus_fa02124cec8dd4d6	1	1	1	1
ma.tf.000002	958_YWMJBX_4	chr2R	GA	25225317	25225330	tfsite_9c2f563aab8a7e08	tflocus_1d91e0ae5159fedc	1	1	1	1
ma.tf.000003	958_YWMJBX_4	chr2R	GA	25225687	25225718	tfsite_ae37ad597a21f7f9	tflocus_5e5b221c2e569587	3	1	1	1
ma.tf.000004	958_YWMJBX_4	chr2R	GA	25225989	25226046	tfsite_c9852966136d4b4b	tflocus_2cb6599d22530200	1	1	1	1
ma.tf.000005	958_YWMJBX_4	chr2R	GA	25226072	25226110	tfsite_294b895648d37fea	tflocus_86e30af808a93ae9	2	1	1	1
ma.tf.000006	958_YWMJBX_4	chr2R	GA	25226519	25226535	tfsite_8e2bffc29e7279c0	tflocus_a8af8b18d5942620	6	1	1	1
ma.tf.000007	958_YWMJBX_4	chr2R	GA	25226918	25226939	tfsite_b61909fe615c994e	tflocus_7953289f8630a2e6	3	1	1	1
ma.tf.000008	958_YWMJBX_4	chr2R	GA	25228483	25228510	tfsite_2edcce726018326f	tflocus_6d2611572f170754	2	1	1	1
ma.tf.000002	966_YWMJBX_4	chr2R	GA	25227353	25227380	tfsite_77a7c55060f57446	tflocus_6492e5926c7d6b4b	3	1	1	1
ma.tf.000001	966_YWMJBX_4	chr2R	GA	25228477	25228506	tfsite_13efe261e85e4568	tflocus_6d2611572f170754	1	1	1	1
ma.tf.000000	966_YWMJBX_4	chr2R	GA	25230438	25230454	tfsite_4bb121a9e7a96151	tflocus_d613149d2cd8458b	2	1	1	1
ma.tf.000000	967_YWMJBX_4	chr2R	GA	25223436	25223487	tfsite_bb52307b190795a0	tflocus_f43ee196c5e72569	2	1	1	1
ma.tf.000001	967_YWMJBX_4	chr2R	GA	25223886	25223956	tfsite_46e2f042b4b78638	tflocus_fe62aac9cf8108ef	1	1	1	0
ma.tf.000002	967_YWMJBX_4	chr2R	GA	25224998	25225018	tfsite_2acab993a8123372	tflocus_eb3cbd643c7250f4	3	1	1	1
ma.tf.000003	967_YWMJBX_4	chr2R	GA	25225329	25225397	tfsite_7c2c35eb135468d7	tflocus_5ac7b3567ef8a3cb	1	1	1	1
ma.tf.000004	967_YWMJBX_4	chr2R	GA	25226200	25226224	tfsite_78604adea1cebc6a	tflocus_771476542912009d	3	1	1	1
ma.tf.000005	967_YWMJBX_4	chr2R	GA	25226487	25226516	tfsite_033f789d9a6b95e4	tflocus_dd2d1a79b93ae74c	3	1	1	1
ma.tf.000006	967_YWMJBX_4	chr2R	GA	25226638	25226676	tfsite_8211409850302637	tflocus_d65d671fa5d23948	8	1	1	1
ma.tf.000007	967_YWMJBX_4	chr2R	GA	25227785	25227822	tfsite_872e92c934b9b62c	tflocus_3caf086503cdaf3b	2	0	0	0
ma.tf.000008	967_YWMJBX_4	chr2R	GA	25231023	25231030	tfsite_96cca856a7bb47bf	tflocus_f8852b029e8a492b	4	1	1	1
ma.tf.000002	969_YWMJBX_4	chr2R	GA	25226695	25226730	tfsite_be9b77990e3d9878	tflocus_537ebd2033506beb	8	1	1	1
ma.tf.000001	969_YWMJBX_4	chr2R	GA	25227386	25227419	tfsite_26bf18d7065de20a	tflocus_ac10e6c9ce90faa5	4	1	1	1
ma.tf.000000	969_YWMJBX_4	chr2R	GA	25229157	25229190	tfsite_018963d8acd19c49	tflocus_320b74f92f7064cd	1	0	0	0
ma.tf.000000	96_YWMJBX_4	chr2R	GA	25226375	25226406	tfsite_53bb8fd9deef9100	tflocus_091832bdcb1d1071	1	1	1	1
ma.tf.000001	96_YWMJBX_4	chr2R	GA	25226580	25226639	tfsite_a5f3c112dcfb8da1	tflocus_1b8c6a4efcd1e008	2	1	1	1
ma.tf.000002	96_YWMJBX_4	chr2R	GA	25227119	25227181	tfsite_56d405f4a66cb87d	tflocus_c094bd83466d009c	3	1	1	1
ma.tf.000003	96_YWMJBX_4	chr2R	GA	25231331	25231343	tfsite_27e78eb13efa0120	tflocus_d9fc2db1d8df233d	2	1	1	1
ma.tf.000004	96_YWMJBX_4	chr2R	GA	25231371	25231403	tfsite_947c053dd2a81bb2	tflocus_8c8c6d32958d6183	3	1	1	1
ma.tf.000000	973_YWMJBX_4	chr2R	GA	25221860	25221878	tfsite_10dd3cedfeb1b0d2	tflocus_334fdccfa68f1031	3	1	1	1
ma.tf.000000	976_YWMJBX_4	chr2R	GA	25222668	25222730	tfsite_2472c0a69c1a1a3d	tflocus_3b661a51272b9d86	1	1	1	0
ma.tf.000001	976_YWMJBX_4	chr2R	GA	25228283	25228320	tfsite_45ebbf7244b2ece2	tflocus_54400bcdac618b86	2	1	1	1
ma.tf.000002	976_YWMJBX_4	chr2R	GA	25231023	25231030	tfsite_96cca856a7bb47bf	tflocus_f8852b029e8a492b	4	1	1	0
ma.tf.000003	976_YWMJBX_4	chr2R	GA	25231360	25231403	tfsite_99cff6df8e33003d	tflocus_8c8c6d32958d6183	1	1	1	1
ma.tf.000000	99_YWMJBX_4	chr2R	GA	25226628	25226676	tfsite_1ec2fb65f22c24ba	tflocus_d65d671fa5d23948	4	1	1	1
ma.tf.000000	555_YWMJBX_4	chr3L	CT	2886123	2886164	.	.	.	0	0	0
ma.tf.000001	555_YWMJBX_4	chr3L	CT	2887452	2887507	tfsite_73deba3aa38ad688	tflocus_d379ed2044b01860	1	1	1	1
ma.tf.000002	555_YWMJBX_4	chr3L	CT	2888288	2888357	tfsite_7959c6fd38f9cd30	tflocus_6b93014f25cfe879	1	1	1	1
ma.tf.000003	555_YWMJBX_4	chr3L	CT	2890707	2890785	tfsite_12ebeb0a121938a9	tflocus_0d17b227543e616a	1	1	1	1
ma.tf.000004	555_YWMJBX_4	chr3L	CT	2892116	2892139	tfsite_14ba30e9bae26331	tflocus_f6d7bc64eaec6ccd	1	1	1	1
ma.tf.000000	857_YWMJBX_4	chr3R	FWD	12473963	12474039	tfsite_07494fc47150b888	tflocus_14a81c54b1418f4f	1	1	1	0
ma.tf.000001	857_YWMJBX_4	chr3R	FWD	12474846	12474924	tfsite_f99f38fcedafa415	tflocus_2e60adbf634ee2c2	1	1	1	1
ma.tf.000002	857_YWMJBX_4	chr3R	FWD	12475487	12475558	tfsite_58c76ad18a3f3114	tflocus_c421744d2aa74398	1	1	1	1
ma.tf.000003	857_YWMJBX_4	chr3R	FWD	12476725	12476755	tfsite_f1fee0d309f20e90	tflocus_83f99742dee02be3	1	1	1	1
ma.tf.000000	835_YWMJBX_4	chr3R	GA	25981480	25981494	tfsite_8aa6e12397c6ef62	tflocus_b89ccccf209e5a0a	1	1	1	1
ma.tf.000001	91_YWMJBX_4	chr3R	GA	22683124	22683135	tfsite_0dd05abeebcadc36	tflocus_8d4dd3b9b54765b3	1	1	1	1
ma.tf.000000	91_YWMJBX_4	chr3R	GA	22684429	22684447	.	.	.	0	0	0
ma.tf.000000	236_YWMJBX_4	chrX	CT	8850895	8850906	tfsite_2f26ef07ed5a5301	tflocus_49827e23f3e23efc	1	1	1	1
