site_id	locus_id	contig	start	end	family_index	stratum	cluster_support_molecules	n_fully_mapped	n_tf	n_msp	n_tf_msp	n_tf_no_msp	n_no_tf_msp	n_no_tf_no_msp	occupancy_overall	occupancy_given_msp	median_start	median_end	start_mad	end_mad
tfsite_8d69c24b26029c79	tflocus_55af339fd22dba74	chr2R	25221317	25221382	1	CT	1	384	1	52	1	0	51	332	0.00260416666667	0.0192307692308	25221317	25221382	0	0
tfsite_8d69c24b26029c79	tflocus_55af339fd22dba74	chr2R	25221317	25221382	1	GA	0	294	0	20	0	0	20	274	0	0	25221317	25221382	0	0
tfsite_8ccdc060cd108c72	tflocus_6f6e3409440d7f5e	chr2R	25221320	25221344	1	CT	4	402	4	68	4	0	64	334	0.00995024875622	0.0588235294118	25221320	25221349	0	1.5
tfsite_8ccdc060cd108c72	tflocus_6f6e3409440d7f5e	chr2R	25221320	25221344	1	GA	6	319	6	39	5	1	34	279	0.0188087774295	0.128205128205	25221320	25221339	0	0
tfsite_c3b148c4a696bab2	tflocus_6f6e3409440d7f5e	chr2R	25221320	25221359	2	CT	3	402	3	58	3	0	55	344	0.00746268656716	0.051724137931	25221320	25221359	0	1
tfsite_c3b148c4a696bab2	tflocus_6f6e3409440d7f5e	chr2R	25221320	25221359	2	GA	2	316	2	25	2	0	23	291	0.00632911392405	0.08	25221320	25221355	1.5	2
tfsite_43f3ac1ed38b1c60	tflocus_55af339fd22dba74	chr2R	25221320	25221368	2	CT	0	405	0	56	0	0	56	349	0	0	25221320	25221368	0	0
tfsite_43f3ac1ed38b1c60	tflocus_55af339fd22dba74	chr2R	25221320	25221368	2	GA	1	321	1	24	1	0	23	297	0.00311526479751	0.0416666666667	25221320	25221368	0	0
tfsite_28be6661203b7b5c	tflocus_55af339fd22dba74	chr2R	25221320	25221384	3	CT	12	402	12	55	12	0	43	347	0.0298507462687	0.218181818182	25221320	25221384	0	0
tfsite_28be6661203b7b5c	tflocus_55af339fd22dba74	chr2R	25221320	25221384	3	GA	1	319	1	24	1	0	23	295	0.00313479623824	0.0416666666667	25221321	25221384	0	0
tfsite_fb1e5c1c79ae8a17	tflocus_55af339fd22dba74	chr2R	25221320	25221386	4	CT	1	406	1	55	1	0	54	351	0.00246305418719	0.0181818181818	25221322	25221384	0	0
tfsite_fb1e5c1c79ae8a17	tflocus_55af339fd22dba74	chr2R	25221320	25221386	4	GA	2	322	2	24	1	1	23	297	0.00621118012422	0.0416666666667	25221320	25221387	0.5	0.5
tfsite_c5d07e87d0434e81	tflocus_55af339fd22dba74	chr2R	25221320	25221392	5	CT	12	401	11	53	11	0	42	348	0.0274314214464	0.207547169811	25221320	25221392	0	0
tfsite_c5d07e87d0434e81	tflocus_55af339fd22dba74	chr2R	25221320	25221392	5	GA	1	318	1	24	1	0	23	294	0.00314465408805	0.0416666666667	25221332	25221381	0	0
tfsite_268eea6750ef4342	tflocus_6f6e3409440d7f5e	chr2R	25221321	25221366	3	CT	1	413	1	60	1	0	59	353	0.00242130750605	0.0166666666667	25221322	25221364	0	0
tfsite_268eea6750ef4342	tflocus_6f6e3409440d7f5e	chr2R	25221321	25221366	3	GA	1	323	1	25	1	0	24	298	0.0030959752322	0.04	25221319	25221367	0	0
tfsite_20a4f6c39602200a	tflocus_55af339fd22dba74	chr2R	25221321	25221388	6	CT	2	414	2	59	2	0	57	355	0.0048309178744	0.0338983050847	25221323	25221386	0.5	1
tfsite_20a4f6c39602200a	tflocus_55af339fd22dba74	chr2R	25221321	25221388	6	GA	2	322	2	24	0	2	24	296	0.00621118012422	0	25221320	25221388	0	0
tfsite_5c35c4e77912d956	tflocus_55af339fd22dba74	chr2R	25221322	25221372	7	CT	3	415	3	60	3	0	57	355	0.00722891566265	0.05	25221323	25221370	2	0
tfsite_5c35c4e77912d956	tflocus_55af339fd22dba74	chr2R	25221322	25221372	7	GA	3	326	3	25	3	0	22	301	0.00920245398773	0.12	25221320	25221373	0	2
tfsite_faaa6f4092bc742c	tflocus_c5da106ac1f9dbe3	chr2R	25221332	25221397	1	CT	1	439	1	58	1	0	57	381	0.00227790432802	0.0172413793103	25221334	25221394	0	0
tfsite_faaa6f4092bc742c	tflocus_c5da106ac1f9dbe3	chr2R	25221332	25221397	1	GA	1	348	1	24	0	1	24	323	0.00287356321839	0	25221329	25221400	0	0
tfsite_84f58fcf26431e12	tflocus_55af339fd22dba74	chr2R	25221334	25221375	8	CT	1	441	1	68	1	0	67	373	0.00226757369615	0.0147058823529	25221337	25221371	0	0
tfsite_84f58fcf26431e12	tflocus_55af339fd22dba74	chr2R	25221334	25221375	8	GA	1	349	1	27	1	0	26	322	0.00286532951289	0.037037037037	25221330	25221378	0	0
tfsite_c07939257977117a	tflocus_c5da106ac1f9dbe3	chr2R	25221334	25221401	2	CT	5	436	5	52	5	0	47	384	0.0114678899083	0.0961538461538	25221334	25221401	1	1
tfsite_c07939257977117a	tflocus_c5da106ac1f9dbe3	chr2R	25221334	25221401	2	GA	2	346	2	23	0	2	23	321	0.00578034682081	0	25221332	25221401	0	0.5
tfsite_06b801ad970408c8	tflocus_55af339fd22dba74	chr2R	25221335	25221354	9	CT	0	430	0	71	0	0	71	359	0	0	25221335	25221354	0	0
tfsite_06b801ad970408c8	tflocus_55af339fd22dba74	chr2R	25221335	25221354	9	GA	1	342	1	28	1	0	27	314	0.00292397660819	0.0357142857143	25221335	25221354	0	0
tfsite_d7b395896f8119e4	tflocus_55af339fd22dba74	chr2R	25221335	25221365	10	CT	1	434	1	67	1	0	66	367	0.00230414746544	0.0149253731343	25221336	25221364	0	0
tfsite_d7b395896f8119e4	tflocus_55af339fd22dba74	chr2R	25221335	25221365	10	GA	1	346	1	28	1	0	27	318	0.0028901734104	0.0357142857143	25221334	25221366	0	0
tfsite_3ef454333646f9ab	tflocus_55af339fd22dba74	chr2R	25221335	25221377	11	CT	1	439	1	66	1	0	65	373	0.00227790432802	0.0151515151515	25221337	25221374	0	0
tfsite_3ef454333646f9ab	tflocus_55af339fd22dba74	chr2R	25221335	25221377	11	GA	1	349	1	27	1	0	26	322	0.00286532951289	0.037037037037	25221332	25221380	0	0
tfsite_cf974c85d21f005f	tflocus_55af339fd22dba74	chr2R	25221335	25221383	12	CT	2	437	2	66	1	1	65	370	0.0045766590389	0.0151515151515	25221330	25221388	6	5.5
tfsite_cf974c85d21f005f	tflocus_55af339fd22dba74	chr2R	25221335	25221383	12	GA	1	344	1	27	1	0	26	317	0.00290697674419	0.037037037037	25221335	25221383	0	0
tfsite_8828c2c7ce19be43	tflocus_6f6e3409440d7f5e	chr2R	25221336	25221349	4	CT	0	434	0	76	0	0	76	358	0	0	25221336	25221349	0	0
tfsite_8828c2c7ce19be43	tflocus_6f6e3409440d7f5e	chr2R	25221336	25221349	4	GA	8	344	8	42	8	0	34	302	0.0232558139535	0.190476190476	25221336	25221349	0	0
tfsite_7151f56beba22b06	tflocus_55af339fd22dba74	chr2R	25221336	25221351	13	CT	2	434	2	72	2	0	70	362	0.00460829493088	0.0277777777778	25221335	25221353	2	2.5
tfsite_7151f56beba22b06	tflocus_55af339fd22dba74	chr2R	25221336	25221351	13	GA	3	342	3	42	3	0	39	300	0.00877192982456	0.0714285714286	25221336	25221351	0	0
tfsite_e2b65fab52bee3ad	tflocus_55af339fd22dba74	chr2R	25221336	25221370	14	CT	1	437	1	68	1	0	67	369	0.00228832951945	0.0147058823529	25221336	25221370	0	0
tfsite_e2b65fab52bee3ad	tflocus_55af339fd22dba74	chr2R	25221336	25221370	14	GA	0	346	0	27	0	0	27	319	0	0	25221336	25221370	0	0
tfsite_d66c1db1a342404d	tflocus_c5da106ac1f9dbe3	chr2R	25221337	25221384	3	CT	5	434	6	67	6	0	61	367	0.0138248847926	0.089552238806	25221338	25221384	1	0
tfsite_d66c1db1a342404d	tflocus_c5da106ac1f9dbe3	chr2R	25221337	25221384	3	GA	4	345	4	27	1	3	26	315	0.0115942028986	0.037037037037	25221336	25221383	0	0
tfsite_4d0ed53761e67faf	tflocus_55af339fd22dba74	chr2R	25221339	25221376	15	CT	1	439	1	68	1	0	67	371	0.00227790432802	0.0147058823529	25221339	25221376	0	0
tfsite_4d0ed53761e67faf	tflocus_55af339fd22dba74	chr2R	25221339	25221376	15	GA	0	347	0	27	0	0	27	320	0	0	25221339	25221376	0	0
tfsite_5a5ad75713f334dc	tflocus_c5da106ac1f9dbe3	chr2R	25221344	25221388	4	CT	2	442	2	66	2	0	64	376	0.00452488687783	0.030303030303	25221344	25221388	1.5	0.5
tfsite_5a5ad75713f334dc	tflocus_c5da106ac1f9dbe3	chr2R	25221344	25221388	4	GA	0	345	0	27	0	0	27	318	0	0	25221344	25221388	0	0
tfsite_fd1a2cf2d07009ec	tflocus_9121ff87d507cb4f	chr2R	25221353	25221396	1	CT	2	441	2	58	2	0	56	383	0.00453514739229	0.0344827586207	25221353	25221396	4	3.5
tfsite_fd1a2cf2d07009ec	tflocus_9121ff87d507cb4f	chr2R	25221353	25221396	1	GA	0	344	0	24	0	0	24	320	0	0	25221353	25221396	0	0
tfsite_f2f60dfe2a2cb5cf	tflocus_9121ff87d507cb4f	chr2R	25221364	25221383	2	CT	1	439	1	66	1	0	65	373	0.00227790432802	0.0151515151515	25221364	25221383	0	0
tfsite_f2f60dfe2a2cb5cf	tflocus_9121ff87d507cb4f	chr2R	25221364	25221383	2	GA	0	343	0	28	0	0	28	315	0	0	25221364	25221383	0	0
tfsite_c07ab14df989d7da	tflocus_d90799da176ca42d	chr2R	25221369	25221448	1	CT	0	439	0	14	0	0	14	425	0	0	25221369	25221448	0	0
tfsite_c07ab14df989d7da	tflocus_d90799da176ca42d	chr2R	25221369	25221448	1	GA	1	347	1	16	1	0	15	331	0.0028818443804	0.0625	25221369	25221448	0	0
tfsite_fb2af2fde3f00ee5	tflocus_9121ff87d507cb4f	chr2R	25221378	25221387	3	CT	3	442	3	66	3	0	63	376	0.00678733031674	0.0454545454545	25221378	25221387	1	1
tfsite_fb2af2fde3f00ee5	tflocus_9121ff87d507cb4f	chr2R	25221378	25221387	3	GA	0	346	0	28	0	0	28	318	0	0	25221378	25221387	0	0
tfsite_df3506dce6c34fd2	tflocus_8580fee0e01b8450	chr2R	25221397	25221452	1	CT	0	439	0	13	0	0	13	426	0	0	25221397	25221452	0	0
tfsite_df3506dce6c34fd2	tflocus_8580fee0e01b8450	chr2R	25221397	25221452	1	GA	2	347	2	17	2	0	15	330	0.00576368876081	0.117647058824	25221397	25221452	1	0.5
tfsite_048e2935c3e19470	tflocus_063479e6bc6e23dd	chr2R	25221407	25221461	1	CT	0	441	0	12	0	0	12	429	0	0	25221407	25221461	0	0
tfsite_048e2935c3e19470	tflocus_063479e6bc6e23dd	chr2R	25221407	25221461	1	GA	1	348	1	18	1	0	17	330	0.00287356321839	0.0555555555556	25221407	25221461	0	0
tfsite_5fc67077ec46293e	tflocus_063479e6bc6e23dd	chr2R	25221412	25221466	2	CT	0	441	0	10	0	0	10	431	0	0	25221412	25221466	0	0
tfsite_5fc67077ec46293e	tflocus_063479e6bc6e23dd	chr2R	25221412	25221466	2	GA	1	348	1	17	1	0	16	331	0.00287356321839	0.0588235294118	25221412	25221466	0	0
tfsite_348eb7db0e0c9a8c	tflocus_063479e6bc6e23dd	chr2R	25221419	25221442	3	CT	1	438	1	25	1	0	24	413	0.00228310502283	0.04	25221419	25221442	0	0
tfsite_348eb7db0e0c9a8c	tflocus_063479e6bc6e23dd	chr2R	25221419	25221442	3	GA	0	347	0	29	0	0	29	318	0	0	25221419	25221442	0	0
tfsite_8390e22f1c0d09fe	tflocus_063479e6bc6e23dd	chr2R	25221420	25221452	4	CT	1	437	1	23	1	0	22	414	0.00228832951945	0.0434782608696	25221420	25221452	0	0
tfsite_8390e22f1c0d09fe	tflocus_063479e6bc6e23dd	chr2R	25221420	25221452	4	GA	0	346	0	28	0	0	28	318	0	0	25221420	25221452	0	0
tfsite_926b703be9300817	tflocus_723df5fafacb12d2	chr2R	25221437	25221467	1	CT	1	442	1	24	1	0	23	418	0.00226244343891	0.0416666666667	25221441	25221465	0	0
tfsite_926b703be9300817	tflocus_723df5fafacb12d2	chr2R	25221437	25221467	1	GA	1	348	1	50	1	0	49	298	0.00287356321839	0.02	25221433	25221468	0	0
tfsite_4772f6c11cb21c22	tflocus_063479e6bc6e23dd	chr2R	25221438	25221450	5	CT	1	445	1	40	1	0	39	405	0.00224719101124	0.025	25221438	25221450	0	0
tfsite_4772f6c11cb21c22	tflocus_063479e6bc6e23dd	chr2R	25221438	25221450	5	GA	0	351	0	55	0	0	55	296	0	0	25221438	25221450	0	0
tfsite_f4cd1f742a477b2c	tflocus_723df5fafacb12d2	chr2R	25221439	25221453	2	CT	1	444	1	37	1	0	36	407	0.00225225225225	0.027027027027	25221439	25221453	0	0
tfsite_f4cd1f742a477b2c	tflocus_723df5fafacb12d2	chr2R	25221439	25221453	2	GA	0	351	0	55	0	0	55	296	0	0	25221439	25221453	0	0
tfsite_2aff3d15f9eda949	tflocus_94468c8bd5285cc6	chr2R	25221449	25221496	1	CT	0	445	0	15	0	0	15	430	0	0	25221449	25221496	0	0
tfsite_2aff3d15f9eda949	tflocus_94468c8bd5285cc6	chr2R	25221449	25221496	1	GA	1	351	1	21	1	0	20	330	0.002849002849	0.047619047619	25221449	25221496	0	0
tfsite_e8647e8144b0ce64	tflocus_723df5fafacb12d2	chr2R	25221450	25221468	3	CT	2	441	2	36	2	0	34	405	0.00453514739229	0.0555555555556	25221450	25221468	1.5	4.5
tfsite_e8647e8144b0ce64	tflocus_723df5fafacb12d2	chr2R	25221450	25221468	3	GA	0	347	0	62	0	0	62	285	0	0	25221450	25221468	0	0
tfsite_ff7dc91634e4b481	tflocus_a61e29c06ae42983	chr2R	25221456	25221519	1	CT	0	445	0	19	0	0	19	426	0	0	25221456	25221519	0	0
tfsite_ff7dc91634e4b481	tflocus_a61e29c06ae42983	chr2R	25221456	25221519	1	GA	1	353	1	22	1	0	21	331	0.0028328611898	0.0454545454545	25221456	25221519	0	0
tfsite_e76e2a90bdfc0c57	tflocus_94468c8bd5285cc6	chr2R	25221460	25221484	2	CT	2	443	2	32	2	0	30	411	0.00451467268623	0.0625	25221461	25221484	0.5	0
tfsite_e76e2a90bdfc0c57	tflocus_94468c8bd5285cc6	chr2R	25221460	25221484	2	GA	1	354	1	45	1	0	44	309	0.00282485875706	0.0222222222222	25221456	25221476	0	0
tfsite_d39752e0f07b6916	tflocus_94468c8bd5285cc6	chr2R	25221471	25221492	3	CT	2	446	2	33	2	0	31	413	0.00448430493274	0.0606060606061	25221471	25221492	0	0
tfsite_d39752e0f07b6916	tflocus_94468c8bd5285cc6	chr2R	25221471	25221492	3	GA	0	354	0	38	0	0	38	316	0	0	25221471	25221492	0	0
tfsite_05088d3547311745	tflocus_a61e29c06ae42983	chr2R	25221471	25221502	2	CT	1	444	1	25	1	0	24	419	0.00225225225225	0.04	25221471	25221502	0	0
tfsite_05088d3547311745	tflocus_a61e29c06ae42983	chr2R	25221471	25221502	2	GA	0	354	0	28	0	0	28	326	0	0	25221471	25221502	0	0
tfsite_a628bb8acfefc411	tflocus_a61e29c06ae42983	chr2R	25221471	25221521	3	CT	1	445	1	23	1	0	22	422	0.00224719101124	0.0434782608696	25221471	25221521	0	0
tfsite_a628bb8acfefc411	tflocus_a61e29c06ae42983	chr2R	25221471	25221521	3	GA	0	354	0	23	0	0	23	331	0	0	25221471	25221521	0	0
tfsite_408a8f15883f7027	tflocus_a61e29c06ae42983	chr2R	25221475	25221537	4	CT	1	442	1	14	1	0	13	428	0.00226244343891	0.0714285714286	25221471	25221540	0	0
tfsite_408a8f15883f7027	tflocus_a61e29c06ae42983	chr2R	25221475	25221537	4	GA	1	353	1	21	1	0	20	332	0.0028328611898	0.047619047619	25221478	25221534	0	0
tfsite_cfebe24c6acff103	tflocus_b739d2d01af11c13	chr2R	25221485	25221551	1	CT	0	444	0	9	0	0	9	435	0	0	25221485	25221551	0	0
tfsite_cfebe24c6acff103	tflocus_b739d2d01af11c13	chr2R	25221485	25221551	1	GA	4	353	4	22	2	2	20	329	0.0113314447592	0.0909090909091	25221485	25221551	0	1
tfsite_7c9a1e1ce362a057	tflocus_a61e29c06ae42983	chr2R	25221486	25221525	5	CT	0	443	0	22	0	0	22	421	0	0	25221486	25221525	0	0
tfsite_7c9a1e1ce362a057	tflocus_a61e29c06ae42983	chr2R	25221486	25221525	5	GA	1	354	1	25	1	0	24	329	0.00282485875706	0.04	25221486	25221525	0	0
tfsite_3974a2d5717d1a8f	tflocus_b739d2d01af11c13	chr2R	25221493	25221551	2	CT	0	443	0	9	0	0	9	434	0	0	25221493	25221551	0	0
tfsite_3974a2d5717d1a8f	tflocus_b739d2d01af11c13	chr2R	25221493	25221551	2	GA	3	354	3	22	3	0	19	332	0.00847457627119	0.136363636364	25221493	25221551	2	1
tfsite_7190d8fec650af62	tflocus_be53d7571043799c	chr2R	25221497	25221562	1	CT	1	444	1	7	1	0	6	437	0.00225225225225	0.142857142857	25221501	25221552	0	0
tfsite_7190d8fec650af62	tflocus_be53d7571043799c	chr2R	25221497	25221562	1	GA	2	354	2	22	0	2	22	330	0.00564971751412	0	25221496	25221563	1	1
tfsite_a146acc0f5841946	tflocus_b739d2d01af11c13	chr2R	25221500	25221539	3	CT	0	437	0	15	0	0	15	422	0	0	25221500	25221539	0	0
tfsite_a146acc0f5841946	tflocus_b739d2d01af11c13	chr2R	25221500	25221539	3	GA	2	354	2	27	2	0	25	327	0.00564971751412	0.0740740740741	25221500	25221539	0	0
tfsite_f44096d9f5b483bb	tflocus_b739d2d01af11c13	chr2R	25221509	25221519	4	CT	1	435	1	27	1	0	26	408	0.00229885057471	0.037037037037	25221509	25221519	0	0
tfsite_f44096d9f5b483bb	tflocus_b739d2d01af11c13	chr2R	25221509	25221519	4	GA	0	349	0	37	0	0	37	312	0	0	25221509	25221519	0	0
tfsite_4fcd8c0c0c1fab14	tflocus_9ba9f402d6c98039	chr2R	25221509	25221574	1	CT	0	438	0	3	0	0	3	435	0	0	25221509	25221574	0	0
tfsite_4fcd8c0c0c1fab14	tflocus_9ba9f402d6c98039	chr2R	25221509	25221574	1	GA	1	350	1	22	1	0	21	328	0.00285714285714	0.0454545454545	25221509	25221574	0	0
tfsite_b6397fc4501737bd	tflocus_be53d7571043799c	chr2R	25221520	25221552	2	CT	1	439	1	19	1	0	18	420	0.00227790432802	0.0526315789474	25221520	25221552	0	0
tfsite_b6397fc4501737bd	tflocus_be53d7571043799c	chr2R	25221520	25221552	2	GA	0	352	0	28	0	0	28	324	0	0	25221520	25221552	0	0
tfsite_b3c7ef9ac413e756	tflocus_9ba9f402d6c98039	chr2R	25221534	25221561	2	CT	1	445	1	28	1	0	27	417	0.00224719101124	0.0357142857143	25221539	25221556	0	0
tfsite_b3c7ef9ac413e756	tflocus_9ba9f402d6c98039	chr2R	25221534	25221561	2	GA	1	353	1	29	1	0	28	324	0.0028328611898	0.0344827586207	25221528	25221566	0	0
tfsite_782949f3eec591ab	tflocus_9d109b26008cd714	chr2R	25221554	25221609	1	CT	1	443	1	12	1	0	11	431	0.00225733634312	0.0833333333333	25221554	25221609	0	0
tfsite_782949f3eec591ab	tflocus_9d109b26008cd714	chr2R	25221554	25221609	1	GA	0	352	0	9	0	0	9	343	0	0	25221554	25221609	0	0
tfsite_5ff360c07e1f34dd	tflocus_9d109b26008cd714	chr2R	25221555	25221623	2	CT	0	441	0	6	0	0	6	435	0	0	25221555	25221623	0	0
tfsite_5ff360c07e1f34dd	tflocus_9d109b26008cd714	chr2R	25221555	25221623	2	GA	1	350	1	9	1	0	8	341	0.00285714285714	0.111111111111	25221555	25221623	0	0
tfsite_4f7f408625fd97b0	tflocus_9d109b26008cd714	chr2R	25221569	25221592	3	CT	1	442	1	22	1	0	21	420	0.00226244343891	0.0454545454545	25221569	25221592	0	0
tfsite_4f7f408625fd97b0	tflocus_9d109b26008cd714	chr2R	25221569	25221592	3	GA	0	354	0	26	0	0	26	328	0	0	25221569	25221592	0	0
tfsite_77f20cb115646752	tflocus_9d109b26008cd714	chr2R	25221569	25221600	4	CT	1	442	1	17	1	0	16	425	0.00226244343891	0.0588235294118	25221569	25221600	0	0
tfsite_77f20cb115646752	tflocus_9d109b26008cd714	chr2R	25221569	25221600	4	GA	0	353	0	17	0	0	17	336	0	0	25221569	25221600	0	0
tfsite_bc70b9d892863562	tflocus_25ff2bb55abb9c2e	chr2R	25221589	25221657	1	CT	0	442	0	3	0	0	3	439	0	0	25221589	25221657	0	0
tfsite_bc70b9d892863562	tflocus_25ff2bb55abb9c2e	chr2R	25221589	25221657	1	GA	2	353	2	18	2	0	16	335	0.0056657223796	0.111111111111	25221589	25221657	0.5	4.5
tfsite_a949eaf768f2cd74	tflocus_e5f2e073f48bf9c5	chr2R	25221591	25221616	1	CT	1	441	1	14	1	0	13	427	0.00226757369615	0.0714285714286	25221596	25221617	0	0
tfsite_a949eaf768f2cd74	tflocus_e5f2e073f48bf9c5	chr2R	25221591	25221616	1	GA	6	350	6	21	6	0	15	329	0.0171428571429	0.285714285714	25221591	25221616	2.5	2
tfsite_036f65cdec59b35f	tflocus_67d864c8fa08e7f4	chr2R	25221594	25221670	1	CT	0	441	0	4	0	0	4	437	0	0	25221594	25221670	0	0
tfsite_036f65cdec59b35f	tflocus_67d864c8fa08e7f4	chr2R	25221594	25221670	1	GA	5	352	5	17	5	0	12	335	0.0142045454545	0.294117647059	25221594	25221670	0	2
tfsite_3503fc947c8ba403	tflocus_25ff2bb55abb9c2e	chr2R	25221598	25221630	2	CT	1	442	1	7	1	0	6	435	0.00226244343891	0.142857142857	25221598	25221630	0	0
tfsite_3503fc947c8ba403	tflocus_25ff2bb55abb9c2e	chr2R	25221598	25221630	2	GA	0	350	0	22	0	0	22	328	0	0	25221598	25221630	0	0
tfsite_1ada95682c56da46	tflocus_43c55328a76c36b7	chr2R	25221608	25221685	1	CT	0	441	0	1	0	0	1	440	0	0	25221608	25221685	0	0
tfsite_1ada95682c56da46	tflocus_43c55328a76c36b7	chr2R	25221608	25221685	1	GA	1	351	1	17	1	0	16	334	0.002849002849	0.0588235294118	25221608	25221685	0	0
tfsite_9f891aa7e4cf801e	tflocus_4b2700cacea1997b	chr2R	25221627	25221688	1	CT	1	440	1	8	1	0	7	432	0.00227272727273	0.125	25221627	25221688	0	0
tfsite_9f891aa7e4cf801e	tflocus_4b2700cacea1997b	chr2R	25221627	25221688	1	GA	0	351	0	17	0	0	17	334	0	0	25221627	25221688	0	0
tfsite_c00db379e66d0289	tflocus_91f7dcca6f698644	chr2R	25221634	25221707	1	CT	1	442	1	6	1	0	5	436	0.00226244343891	0.166666666667	25221634	25221707	0	0
tfsite_c00db379e66d0289	tflocus_91f7dcca6f698644	chr2R	25221634	25221707	1	GA	0	353	0	6	0	0	6	347	0	0	25221634	25221707	0	0
tfsite_10703cbcf851b0cc	tflocus_4b2700cacea1997b	chr2R	25221644	25221668	2	CT	0	442	0	21	0	0	21	421	0	0	25221644	25221668	0	0
tfsite_10703cbcf851b0cc	tflocus_4b2700cacea1997b	chr2R	25221644	25221668	2	GA	1	354	1	36	1	0	35	318	0.00282485875706	0.0277777777778	25221644	25221668	0	0
tfsite_3ed8fec36b0fa943	tflocus_4b2700cacea1997b	chr2R	25221648	25221672	3	CT	0	445	0	20	0	0	20	425	0	0	25221648	25221672	0	0
tfsite_3ed8fec36b0fa943	tflocus_4b2700cacea1997b	chr2R	25221648	25221672	3	GA	2	353	2	37	1	1	36	315	0.0056657223796	0.027027027027	25221648	25221672	4.5	4.5
tfsite_cc58d5ad5f88cfff	tflocus_91f7dcca6f698644	chr2R	25221651	25221681	2	CT	0	443	0	16	0	0	16	427	0	0	25221651	25221681	0	0
tfsite_cc58d5ad5f88cfff	tflocus_91f7dcca6f698644	chr2R	25221651	25221681	2	GA	1	353	1	36	1	0	35	317	0.0028328611898	0.0277777777778	25221651	25221681	0	0
tfsite_992a69be14fa3ed8	tflocus_91f7dcca6f698644	chr2R	25221664	25221690	3	CT	0	440	0	22	0	0	22	418	0	0	25221664	25221690	0	0
tfsite_992a69be14fa3ed8	tflocus_91f7dcca6f698644	chr2R	25221664	25221690	3	GA	2	352	2	38	2	0	36	314	0.00568181818182	0.0526315789474	25221664	25221690	1	4.5
tfsite_eb363eeb831a1e61	tflocus_84fc3c657f0eefa9	chr2R	25221670	25221720	1	CT	0	440	0	6	0	0	6	434	0	0	25221670	25221720	0	0
tfsite_eb363eeb831a1e61	tflocus_84fc3c657f0eefa9	chr2R	25221670	25221720	1	GA	1	350	1	9	1	0	8	341	0.00285714285714	0.111111111111	25221670	25221720	0	0
tfsite_f258812f819c0879	tflocus_84fc3c657f0eefa9	chr2R	25221690	25221718	2	CT	1	439	1	22	1	0	21	417	0.00227790432802	0.0454545454545	25221690	25221718	0	0
tfsite_f258812f819c0879	tflocus_84fc3c657f0eefa9	chr2R	25221690	25221718	2	GA	0	347	0	12	0	0	12	335	0	0	25221690	25221718	0	0
tfsite_e9fc6b7820d3b6cd	tflocus_d1527b07b081a69e	chr2R	25221706	25221791	1	CT	0	443	0	3	0	0	3	440	0	0	25221706	25221791	0	0
tfsite_e9fc6b7820d3b6cd	tflocus_d1527b07b081a69e	chr2R	25221706	25221791	1	GA	1	353	1	5	0	1	5	347	0.0028328611898	0	25221706	25221791	0	0
tfsite_034bd194215901c0	tflocus_90d7d3e1a6d0d187	chr2R	25221715	25221739	1	CT	1	441	1	17	1	0	16	424	0.00226757369615	0.0588235294118	25221715	25221739	0	0
tfsite_034bd194215901c0	tflocus_90d7d3e1a6d0d187	chr2R	25221715	25221739	1	GA	0	352	0	16	0	0	16	336	0	0	25221715	25221739	0	0
tfsite_1c6a00415e04eec9	tflocus_d1527b07b081a69e	chr2R	25221715	25221772	2	CT	1	441	1	6	1	0	5	435	0.00226757369615	0.166666666667	25221715	25221772	0	0
tfsite_1c6a00415e04eec9	tflocus_d1527b07b081a69e	chr2R	25221715	25221772	2	GA	0	349	0	13	0	0	13	336	0	0	25221715	25221772	0	0
tfsite_2a09d20294f4b78e	tflocus_d1527b07b081a69e	chr2R	25221739	25221755	3	CT	1	439	1	28	1	0	27	411	0.00227790432802	0.0357142857143	25221739	25221755	0	0
tfsite_2a09d20294f4b78e	tflocus_d1527b07b081a69e	chr2R	25221739	25221755	3	GA	0	348	0	21	0	0	21	327	0	0	25221739	25221755	0	0
tfsite_81196b4a2401e76f	tflocus_d1527b07b081a69e	chr2R	25221743	25221764	4	CT	1	444	1	30	1	0	29	414	0.00225225225225	0.0333333333333	25221743	25221764	0	0
tfsite_81196b4a2401e76f	tflocus_d1527b07b081a69e	chr2R	25221743	25221764	4	GA	0	353	1	21	1	0	20	332	0.0028328611898	0.047619047619	25221743	25221764	0	0
tfsite_1297e210c8c107a8	tflocus_210087614ba3d355	chr2R	25221748	25221798	1	CT	0	444	0	18	0	0	18	426	0	0	25221748	25221798	0	0
tfsite_1297e210c8c107a8	tflocus_210087614ba3d355	chr2R	25221748	25221798	1	GA	1	349	1	12	1	0	11	337	0.00286532951289	0.0833333333333	25221748	25221798	0	0
tfsite_8986dab147e43786	tflocus_210087614ba3d355	chr2R	25221753	25221774	2	CT	2	444	2	28	2	0	26	416	0.0045045045045	0.0714285714286	25221753	25221774	4.5	3
tfsite_8986dab147e43786	tflocus_210087614ba3d355	chr2R	25221753	25221774	2	GA	0	352	0	27	0	0	27	325	0	0	25221753	25221774	0	0
tfsite_67d6902f2611c9b2	tflocus_8b1575a99eab2e5a	chr2R	25221775	25221809	1	CT	1	444	1	16	1	0	15	428	0.00225225225225	0.0625	25221775	25221809	0	0
tfsite_67d6902f2611c9b2	tflocus_8b1575a99eab2e5a	chr2R	25221775	25221809	1	GA	0	352	0	9	0	0	9	343	0	0	25221775	25221809	0	0
tfsite_ad0e503b55cadfd6	tflocus_c9145c2b1ebf3c07	chr2R	25221789	25221850	1	CT	1	444	1	8	1	0	7	436	0.00225225225225	0.125	25221789	25221850	0	0
tfsite_ad0e503b55cadfd6	tflocus_c9145c2b1ebf3c07	chr2R	25221789	25221850	1	GA	0	353	0	10	0	0	10	343	0	0	25221789	25221850	0	0
tfsite_9bbb12bd2473046d	tflocus_4e5ddfe27e02cdc2	chr2R	25221801	25221878	1	CT	0	441	0	8	0	0	8	433	0	0	25221801	25221878	0	0
tfsite_9bbb12bd2473046d	tflocus_4e5ddfe27e02cdc2	chr2R	25221801	25221878	1	GA	1	353	1	10	1	0	9	343	0.0028328611898	0.1	25221801	25221878	0	0
tfsite_3fd77eb5998a1eee	tflocus_c9145c2b1ebf3c07	chr2R	25221802	25221825	2	CT	1	440	1	24	1	0	23	416	0.00227272727273	0.0416666666667	25221802	25221825	0	0
tfsite_3fd77eb5998a1eee	tflocus_c9145c2b1ebf3c07	chr2R	25221802	25221825	2	GA	0	353	0	23	0	0	23	330	0	0	25221802	25221825	0	0
tfsite_61dfeda38bf011ba	tflocus_443c7e5d6766cad5	chr2R	25221825	25221884	1	CT	1	440	1	10	1	0	9	430	0.00227272727273	0.1	25221825	25221884	0	0
tfsite_61dfeda38bf011ba	tflocus_443c7e5d6766cad5	chr2R	25221825	25221884	1	GA	0	353	0	12	0	0	12	341	0	0	25221825	25221884	0	0
tfsite_5f9540adb04848f5	tflocus_4e5ddfe27e02cdc2	chr2R	25221835	25221848	2	CT	1	444	1	27	1	0	26	417	0.00225225225225	0.037037037037	25221835	25221848	0	0
tfsite_5f9540adb04848f5	tflocus_4e5ddfe27e02cdc2	chr2R	25221835	25221848	2	GA	0	354	0	26	0	0	26	328	0	0	25221835	25221848	0	0
tfsite_59ec0faac4eea9ba	tflocus_334fdccfa68f1031	chr2R	25221840	25221904	1	CT	1	442	1	7	1	0	6	435	0.00226244343891	0.142857142857	25221840	25221904	0	0
tfsite_59ec0faac4eea9ba	tflocus_334fdccfa68f1031	chr2R	25221840	25221904	1	GA	0	354	0	15	0	0	15	339	0	0	25221840	25221904	0	0
tfsite_14544424896f4932	tflocus_443c7e5d6766cad5	chr2R	25221851	25221864	2	CT	1	436	1	25	1	0	24	411	0.00229357798165	0.04	25221851	25221864	0	0
tfsite_14544424896f4932	tflocus_443c7e5d6766cad5	chr2R	25221851	25221864	2	GA	0	348	0	32	0	0	32	316	0	0	25221851	25221864	0	0
tfsite_3e208c969e12806f	tflocus_4b41f722e8246325	chr2R	25221851	25221922	1	CT	1	440	1	7	0	1	7	432	0.00227272727273	0	25221847	25221926	0	0
tfsite_3e208c969e12806f	tflocus_4b41f722e8246325	chr2R	25221851	25221922	1	GA	2	352	2	14	2	0	12	338	0.00568181818182	0.142857142857	25221852	25221921	1	1
tfsite_285036c662b4f10d	tflocus_334fdccfa68f1031	chr2R	25221860	25221887	2	CT	2	440	2	21	2	0	19	419	0.00454545454545	0.0952380952381	25221860	25221888	0.5	2
tfsite_285036c662b4f10d	tflocus_334fdccfa68f1031	chr2R	25221860	25221887	2	GA	3	354	3	26	3	0	23	328	0.00847457627119	0.115384615385	25221860	25221887	0	0
tfsite_10dd3cedfeb1b0d2	tflocus_334fdccfa68f1031	chr2R	25221861	25221879	3	CT	2	438	2	21	2	0	19	417	0.00456621004566	0.0952380952381	25221863	25221881	0.5	0.5
tfsite_10dd3cedfeb1b0d2	tflocus_334fdccfa68f1031	chr2R	25221861	25221879	3	GA	2	352	2	28	2	0	26	324	0.00568181818182	0.0714285714286	25221860	25221878	0	0
tfsite_1eb4d582b2bb7d31	tflocus_4b41f722e8246325	chr2R	25221871	25221900	2	CT	0	443	0	16	0	0	16	427	0	0	25221871	25221900	0	0
tfsite_1eb4d582b2bb7d31	tflocus_4b41f722e8246325	chr2R	25221871	25221900	2	GA	3	355	3	28	3	0	25	327	0.00845070422535	0.107142857143	25221871	25221900	0	0
tfsite_748b6671f246f186	tflocus_4b41f722e8246325	chr2R	25221872	25221910	3	CT	2	441	2	10	2	0	8	431	0.00453514739229	0.2	25221872	25221910	0	0
tfsite_748b6671f246f186	tflocus_4b41f722e8246325	chr2R	25221872	25221910	3	GA	0	355	0	25	0	0	25	330	0	0	25221872	25221910	0	0
tfsite_96211b6fffc8f3f0	tflocus_334fdccfa68f1031	chr2R	25221875	25221883	4	CT	1	443	1	27	1	0	26	416	0.00225733634312	0.037037037037	25221875	25221883	0	0
tfsite_96211b6fffc8f3f0	tflocus_334fdccfa68f1031	chr2R	25221875	25221883	4	GA	0	356	0	33	0	0	33	323	0	0	25221875	25221883	0	0
tfsite_7f9ed4cd1dd24164	tflocus_4b41f722e8246325	chr2R	25221885	25221895	4	CT	0	444	0	22	0	0	22	422	0	0	25221885	25221895	0	0
tfsite_7f9ed4cd1dd24164	tflocus_4b41f722e8246325	chr2R	25221885	25221895	4	GA	1	353	1	41	1	0	40	312	0.0028328611898	0.0243902439024	25221885	25221895	0	0
tfsite_66cd5774aa4ae660	tflocus_38c96a7a9ec9c81b	chr2R	25221899	25221916	1	CT	1	440	1	24	1	0	23	416	0.00227272727273	0.0416666666667	25221906	25221916	0	0
tfsite_66cd5774aa4ae660	tflocus_38c96a7a9ec9c81b	chr2R	25221899	25221916	1	GA	2	353	2	35	2	0	33	318	0.0056657223796	0.0571428571429	25221897	25221913	2	5
tfsite_fc24a809d56e6bce	tflocus_38c96a7a9ec9c81b	chr2R	25221899	25221934	2	CT	0	440	0	21	0	0	21	419	0	0	25221899	25221934	0	0
tfsite_fc24a809d56e6bce	tflocus_38c96a7a9ec9c81b	chr2R	25221899	25221934	2	GA	2	354	2	25	2	0	23	329	0.00564971751412	0.08	25221899	25221934	6	1
tfsite_3fa3546e79a9dc95	tflocus_b3961e25721bcb79	chr2R	25221912	25221967	1	CT	1	294	1	10	1	0	9	284	0.00340136054422	0.1	25221912	25221967	0	0
tfsite_3fa3546e79a9dc95	tflocus_b3961e25721bcb79	chr2R	25221912	25221967	1	GA	0	235	0	8	0	0	8	227	0	0	25221912	25221967	0	0
tfsite_0e58e9bf22df2c09	tflocus_38c96a7a9ec9c81b	chr2R	25221915	25221927	3	CT	0	438	0	30	0	0	30	408	0	0	25221915	25221927	0	0
tfsite_0e58e9bf22df2c09	tflocus_38c96a7a9ec9c81b	chr2R	25221915	25221927	3	GA	1	354	1	42	1	0	41	312	0.00282485875706	0.0238095238095	25221915	25221927	0	0
tfsite_5104fa1fd5bd4418	tflocus_b3961e25721bcb79	chr2R	25221922	25221942	2	CT	1	438	1	33	1	0	32	405	0.00228310502283	0.030303030303	25221922	25221942	0	0
tfsite_5104fa1fd5bd4418	tflocus_b3961e25721bcb79	chr2R	25221922	25221942	2	GA	0	355	0	24	0	0	24	331	0	0	25221922	25221942	0	0
tfsite_b04ee2ece76a5466	tflocus_b3961e25721bcb79	chr2R	25221936	25221949	3	CT	1	437	1	43	1	0	42	394	0.00228832951945	0.0232558139535	25221936	25221949	0	0
tfsite_b04ee2ece76a5466	tflocus_b3961e25721bcb79	chr2R	25221936	25221949	3	GA	0	356	0	27	0	0	27	329	0	0	25221936	25221949	0	0
tfsite_4eedf07e58a4f332	tflocus_b3961e25721bcb79	chr2R	25221938	25221962	4	CT	1	439	2	36	2	0	34	403	0.00455580865604	0.0555555555556	25221938	25221962	0	0
tfsite_4eedf07e58a4f332	tflocus_b3961e25721bcb79	chr2R	25221938	25221962	4	GA	0	356	0	16	0	0	16	340	0	0	25221938	25221962	0	0
tfsite_72d96aaf4eb2d963	tflocus_8a4523238c2d995a	chr2R	25221943	25221963	1	CT	1	439	1	28	1	0	27	411	0.00227790432802	0.0357142857143	25221943	25221963	0	0
tfsite_72d96aaf4eb2d963	tflocus_8a4523238c2d995a	chr2R	25221943	25221963	1	GA	0	357	0	18	0	0	18	339	0	0	25221943	25221963	0	0
tfsite_6c183a2a41a34114	tflocus_8a4523238c2d995a	chr2R	25221950	25221976	2	CT	0	295	0	10	0	0	10	285	0	0	25221950	25221976	0	0
tfsite_6c183a2a41a34114	tflocus_8a4523238c2d995a	chr2R	25221950	25221976	2	GA	1	237	1	11	1	0	10	226	0.0042194092827	0.0909090909091	25221950	25221976	0	0
tfsite_99e2d1d53a764abb	tflocus_c99b06da8534fc77	chr2R	25221963	25222008	1	CT	0	296	0	6	0	0	6	290	0	0	25221963	25222008	0	0
tfsite_99e2d1d53a764abb	tflocus_c99b06da8534fc77	chr2R	25221963	25222008	1	GA	1	237	1	6	1	0	5	231	0.0042194092827	0.166666666667	25221963	25222008	0	0
tfsite_58fb37c9f121d5b3	tflocus_13d2edfb5ad08b07	chr2R	25222000	25222013	1	CT	1	437	1	18	1	0	17	419	0.00228832951945	0.0555555555556	25222000	25222013	0	0
tfsite_58fb37c9f121d5b3	tflocus_13d2edfb5ad08b07	chr2R	25222000	25222013	1	GA	0	347	0	7	0	0	7	340	0	0	25222000	25222013	0	0
tfsite_f2ae2c95b7a42440	tflocus_13dabd944ed40207	chr2R	25222020	25222043	1	CT	0	439	0	20	0	0	20	419	0	0	25222020	25222043	0	0
tfsite_f2ae2c95b7a42440	tflocus_13dabd944ed40207	chr2R	25222020	25222043	1	GA	1	353	1	10	1	0	9	343	0.0028328611898	0.1	25222020	25222043	0	0
tfsite_8cac329ad0b6e813	tflocus_fec7388eb86cac0a	chr2R	25222026	25222056	1	CT	2	440	2	20	2	0	18	420	0.00454545454545	0.1	25222028	25222054	2	5.5
tfsite_8cac329ad0b6e813	tflocus_fec7388eb86cac0a	chr2R	25222026	25222056	1	GA	1	352	1	10	1	0	9	342	0.00284090909091	0.1	25222026	25222056	0	0
tfsite_b457cf35596b5e3e	tflocus_66e34e3fbb2c11f7	chr2R	25222033	25222073	1	CT	1	443	1	14	1	0	13	429	0.00225733634312	0.0714285714286	25222033	25222073	0	0
tfsite_b457cf35596b5e3e	tflocus_66e34e3fbb2c11f7	chr2R	25222033	25222073	1	GA	0	354	0	9	0	0	9	345	0	0	25222033	25222073	0	0
tfsite_c691210cab2cd54b	tflocus_631c223da0e18ecb	chr2R	25222033	25222101	1	CT	1	440	1	12	1	0	11	428	0.00227272727273	0.0833333333333	25222033	25222101	0	0
tfsite_c691210cab2cd54b	tflocus_631c223da0e18ecb	chr2R	25222033	25222101	1	GA	0	354	0	7	0	0	7	347	0	0	25222033	25222101	0	0
tfsite_a02741fd88f86ee5	tflocus_66e34e3fbb2c11f7	chr2R	25222035	25222081	2	CT	1	443	1	15	1	0	14	428	0.00225733634312	0.0666666666667	25222035	25222081	0	0
tfsite_a02741fd88f86ee5	tflocus_66e34e3fbb2c11f7	chr2R	25222035	25222081	2	GA	0	354	0	7	0	0	7	347	0	0	25222035	25222081	0	0
tfsite_ac7590df383761a9	tflocus_fec7388eb86cac0a	chr2R	25222038	25222055	2	CT	3	442	3	25	3	0	22	417	0.00678733031674	0.12	25222038	25222055	0	2
tfsite_ac7590df383761a9	tflocus_fec7388eb86cac0a	chr2R	25222038	25222055	2	GA	0	353	0	14	0	0	14	339	0	0	25222038	25222055	0	0
tfsite_8ed0d0e47406e03f	tflocus_631c223da0e18ecb	chr2R	25222044	25222100	2	CT	0	443	0	15	0	0	15	428	0	0	25222044	25222100	0	0
tfsite_8ed0d0e47406e03f	tflocus_631c223da0e18ecb	chr2R	25222044	25222100	2	GA	1	355	1	18	1	0	17	337	0.00281690140845	0.0555555555556	25222044	25222100	0	0
tfsite_db65f4602c7293ad	tflocus_66e34e3fbb2c11f7	chr2R	25222046	25222063	3	CT	2	441	2	21	2	0	19	420	0.00453514739229	0.0952380952381	25222046	25222063	1	3
tfsite_db65f4602c7293ad	tflocus_66e34e3fbb2c11f7	chr2R	25222046	25222063	3	GA	0	350	0	27	0	0	27	323	0	0	25222046	25222063	0	0
tfsite_51a4bcdecd5912de	tflocus_631c223da0e18ecb	chr2R	25222059	25222070	3	CT	1	440	1	31	1	0	30	409	0.00227272727273	0.0322580645161	25222059	25222070	0	0
tfsite_51a4bcdecd5912de	tflocus_631c223da0e18ecb	chr2R	25222059	25222070	3	GA	0	357	0	33	0	0	33	324	0	0	25222059	25222070	0	0
tfsite_06de5b99921c6ea8	tflocus_631c223da0e18ecb	chr2R	25222064	25222076	4	CT	0	442	0	34	0	0	34	408	0	0	25222064	25222076	0	0
tfsite_06de5b99921c6ea8	tflocus_631c223da0e18ecb	chr2R	25222064	25222076	4	GA	2	353	2	34	2	0	32	319	0.0056657223796	0.0588235294118	25222064	25222076	1	1.5
tfsite_7dfa655c9efec1e2	tflocus_631c223da0e18ecb	chr2R	25222064	25222084	5	CT	3	443	3	29	3	0	26	414	0.00677200902935	0.103448275862	25222064	25222084	1	0
tfsite_7dfa655c9efec1e2	tflocus_631c223da0e18ecb	chr2R	25222064	25222084	5	GA	2	355	2	31	2	0	29	324	0.0056338028169	0.0645161290323	25222068	25222084	0.5	5.5
tfsite_5dacbe561511a6c5	tflocus_26bf373052ead530	chr2R	25222070	25222091	1	CT	0	442	0	35	0	0	35	407	0	0	25222070	25222091	0	0
tfsite_5dacbe561511a6c5	tflocus_26bf373052ead530	chr2R	25222070	25222091	1	GA	1	355	1	31	1	0	30	324	0.00281690140845	0.0322580645161	25222070	25222091	0	0
tfsite_0a668d4d0b3ff706	tflocus_26bf373052ead530	chr2R	25222071	25222106	2	CT	0	442	0	31	0	0	31	411	0	0	25222071	25222106	0	0
tfsite_0a668d4d0b3ff706	tflocus_26bf373052ead530	chr2R	25222071	25222106	2	GA	2	354	2	32	2	0	30	322	0.00564971751412	0.0625	25222071	25222106	2.5	3
tfsite_b521ed82b03b849f	tflocus_26bf373052ead530	chr2R	25222072	25222120	3	CT	0	439	0	18	0	0	18	421	0	0	25222072	25222120	0	0
tfsite_b521ed82b03b849f	tflocus_26bf373052ead530	chr2R	25222072	25222120	3	GA	1	354	1	26	1	0	25	328	0.00282485875706	0.0384615384615	25222072	25222120	0	0
tfsite_bfbb48f5f4d6ea8e	tflocus_0bfe8d97f1a2108b	chr2R	25222081	25222158	1	CT	0	439	0	16	0	0	16	423	0	0	25222081	25222158	0	0
tfsite_bfbb48f5f4d6ea8e	tflocus_0bfe8d97f1a2108b	chr2R	25222081	25222158	1	GA	1	352	1	21	1	0	20	331	0.00284090909091	0.047619047619	25222081	25222158	0	0
tfsite_79d01366acf51b42	tflocus_26bf373052ead530	chr2R	25222086	25222104	4	CT	1	437	1	54	1	0	53	383	0.00228832951945	0.0185185185185	25222086	25222104	0	0
tfsite_79d01366acf51b42	tflocus_26bf373052ead530	chr2R	25222086	25222104	4	GA	0	352	0	48	0	0	48	304	0	0	25222086	25222104	0	0
tfsite_1e009f710b57a4cb	tflocus_73e0e877437a1992	chr2R	25222097	25222116	1	CT	4	433	4	45	4	0	41	388	0.00923787528868	0.0888888888889	25222097	25222116	2	5
tfsite_1e009f710b57a4cb	tflocus_73e0e877437a1992	chr2R	25222097	25222116	1	GA	1	347	1	48	1	0	47	299	0.0028818443804	0.0208333333333	25222097	25222114	0	0
tfsite_42022c93fbcd26c2	tflocus_0bfe8d97f1a2108b	chr2R	25222108	25222147	2	CT	0	436	0	38	0	0	38	398	0	0	25222108	25222147	0	0
tfsite_42022c93fbcd26c2	tflocus_0bfe8d97f1a2108b	chr2R	25222108	25222147	2	GA	1	350	1	35	1	0	34	315	0.00285714285714	0.0285714285714	25222108	25222147	0	0
tfsite_d8c19904dfd322c9	tflocus_0bfe8d97f1a2108b	chr2R	25222119	25222132	3	CT	3	444	3	51	3	0	48	393	0.00675675675676	0.0588235294118	25222119	25222132	0	0
tfsite_d8c19904dfd322c9	tflocus_0bfe8d97f1a2108b	chr2R	25222119	25222132	3	GA	1	354	1	50	1	0	49	304	0.00282485875706	0.02	25222113	25222136	0	0
tfsite_24508039f62ef49e	tflocus_420667e4084be59e	chr2R	25222123	25222188	1	CT	0	441	0	31	0	0	31	410	0	0	25222123	25222188	0	0
tfsite_24508039f62ef49e	tflocus_420667e4084be59e	chr2R	25222123	25222188	1	GA	1	351	1	21	1	0	20	330	0.002849002849	0.047619047619	25222123	25222188	0	0
tfsite_c883c74c2c3ed12e	tflocus_babbe9c8a66a01d5	chr2R	25222125	25222172	1	CT	0	441	0	33	0	0	33	408	0	0	25222125	25222172	0	0
tfsite_c883c74c2c3ed12e	tflocus_babbe9c8a66a01d5	chr2R	25222125	25222172	1	GA	1	352	1	39	1	0	38	313	0.00284090909091	0.025641025641	25222125	25222172	0	0
tfsite_f6f4baf5844e1a25	tflocus_babbe9c8a66a01d5	chr2R	25222131	25222157	2	CT	3	442	3	44	3	0	41	398	0.00678733031674	0.0681818181818	25222131	25222157	0	2
tfsite_f6f4baf5844e1a25	tflocus_babbe9c8a66a01d5	chr2R	25222131	25222157	2	GA	0	353	0	46	0	0	46	307	0	0	25222131	25222157	0	0
tfsite_c0b9898c79b343b2	tflocus_420667e4084be59e	chr2R	25222135	25222170	2	CT	1	440	1	40	1	0	39	400	0.00227272727273	0.025	25222135	25222170	0	0
tfsite_c0b9898c79b343b2	tflocus_420667e4084be59e	chr2R	25222135	25222170	2	GA	0	351	0	43	0	0	43	308	0	0	25222135	25222170	0	0
tfsite_868f4049a208db25	tflocus_babbe9c8a66a01d5	chr2R	25222142	25222155	3	CT	1	442	1	49	1	0	48	393	0.00226244343891	0.0204081632653	25222142	25222155	0	0
tfsite_868f4049a208db25	tflocus_babbe9c8a66a01d5	chr2R	25222142	25222155	3	GA	0	349	0	49	0	0	49	300	0	0	25222142	25222155	0	0
tfsite_86aefef2db727f91	tflocus_de04cd298ee96493	chr2R	25222146	25222192	1	CT	0	439	0	34	0	0	34	405	0	0	25222146	25222192	0	0
tfsite_86aefef2db727f91	tflocus_de04cd298ee96493	chr2R	25222146	25222192	1	GA	1	351	1	26	1	0	25	325	0.002849002849	0.0384615384615	25222146	25222192	0	0
tfsite_0710373b9fbcad72	tflocus_a028dd71badd415d	chr2R	25222164	25222194	1	CT	1	439	1	38	1	0	37	401	0.00227790432802	0.0263157894737	25222164	25222187	0	0
tfsite_0710373b9fbcad72	tflocus_a028dd71badd415d	chr2R	25222164	25222194	1	GA	2	352	2	28	2	0	26	324	0.00568181818182	0.0714285714286	25222161	25222197	4	2.5
tfsite_e7b46f028382cbb1	tflocus_82c290f13d983ab5	chr2R	25222164	25222222	1	CT	1	438	1	33	1	0	32	405	0.00228310502283	0.030303030303	25222164	25222222	0	0
tfsite_e7b46f028382cbb1	tflocus_82c290f13d983ab5	chr2R	25222164	25222222	1	GA	0	348	0	19	0	0	19	329	0	0	25222164	25222222	0	0
tfsite_6ed544db18acf53c	tflocus_82c290f13d983ab5	chr2R	25222169	25222210	2	CT	1	441	1	39	0	1	39	401	0.00226757369615	0	25222169	25222210	0	0
tfsite_6ed544db18acf53c	tflocus_82c290f13d983ab5	chr2R	25222169	25222210	2	GA	0	351	0	26	0	0	26	325	0	0	25222169	25222210	0	0
tfsite_37f2c7749dffded4	tflocus_463f45d998740e25	chr2R	25222173	25222236	1	CT	0	442	0	29	0	0	29	413	0	0	25222173	25222236	0	0
tfsite_37f2c7749dffded4	tflocus_463f45d998740e25	chr2R	25222173	25222236	1	GA	1	351	1	20	1	0	19	331	0.002849002849	0.05	25222173	25222236	0	0
tfsite_39d937159f19d979	tflocus_82c290f13d983ab5	chr2R	25222186	25222197	3	CT	0	444	0	59	0	0	59	385	0	0	25222186	25222197	0	0
tfsite_39d937159f19d979	tflocus_82c290f13d983ab5	chr2R	25222186	25222197	3	GA	1	354	1	46	1	0	45	308	0.00282485875706	0.0217391304348	25222186	25222197	0	0
tfsite_2923cf901d21213e	tflocus_463f45d998740e25	chr2R	25222191	25222224	2	CT	2	442	2	47	2	0	45	395	0.00452488687783	0.0425531914894	25222191	25222224	1.5	2
tfsite_2923cf901d21213e	tflocus_463f45d998740e25	chr2R	25222191	25222224	2	GA	0	348	0	32	0	0	32	316	0	0	25222191	25222224	0	0
tfsite_697eddd72722fcb7	tflocus_463f45d998740e25	chr2R	25222195	25222206	3	CT	0	441	0	62	0	0	62	379	0	0	25222195	25222206	0	0
tfsite_697eddd72722fcb7	tflocus_463f45d998740e25	chr2R	25222195	25222206	3	GA	1	353	1	47	1	0	46	306	0.0028328611898	0.0212765957447	25222195	25222206	0	0
tfsite_7f09e3bb6056f880	tflocus_ce4c13e382f3c0d8	chr2R	25222199	25222235	1	CT	1	442	1	45	1	0	44	397	0.00226244343891	0.0222222222222	25222199	25222235	0	0
tfsite_7f09e3bb6056f880	tflocus_ce4c13e382f3c0d8	chr2R	25222199	25222235	1	GA	0	350	0	29	0	0	29	321	0	0	25222199	25222235	0	0
tfsite_7dee747b573a549d	tflocus_ce4c13e382f3c0d8	chr2R	25222201	25222242	2	CT	1	445	1	44	1	0	43	401	0.00224719101124	0.0227272727273	25222201	25222242	0	0
tfsite_7dee747b573a549d	tflocus_ce4c13e382f3c0d8	chr2R	25222201	25222242	2	GA	0	353	0	27	0	0	27	326	0	0	25222201	25222242	0	0
tfsite_b7fceb494226a35f	tflocus_463f45d998740e25	chr2R	25222203	25222216	4	CT	0	443	0	60	0	0	60	383	0	0	25222203	25222216	0	0
tfsite_b7fceb494226a35f	tflocus_463f45d998740e25	chr2R	25222203	25222216	4	GA	1	351	1	48	1	0	47	303	0.002849002849	0.0208333333333	25222203	25222216	0	0
tfsite_492bfec19309554d	tflocus_ce4c13e382f3c0d8	chr2R	25222215	25222222	3	CT	0	444	0	73	0	0	73	371	0	0	25222215	25222222	0	0
tfsite_492bfec19309554d	tflocus_ce4c13e382f3c0d8	chr2R	25222215	25222222	3	GA	1	351	1	59	1	0	58	292	0.002849002849	0.0169491525424	25222215	25222222	0	0
tfsite_5273e17c74537ce9	tflocus_afb9878b78079449	chr2R	25222219	25222259	1	CT	0	444	0	47	0	0	47	397	0	0	25222219	25222259	0	0
tfsite_5273e17c74537ce9	tflocus_afb9878b78079449	chr2R	25222219	25222259	1	GA	1	356	1	22	1	0	21	334	0.00280898876404	0.0454545454545	25222219	25222259	0	0
tfsite_366e7a9fb1ac1d49	tflocus_f666406925a189b1	chr2R	25222219	25222266	1	CT	0	444	0	42	0	0	42	402	0	0	25222219	25222266	0	0
tfsite_366e7a9fb1ac1d49	tflocus_f666406925a189b1	chr2R	25222219	25222266	1	GA	1	352	1	14	1	0	13	338	0.00284090909091	0.0714285714286	25222219	25222266	0	0
tfsite_feacc40ca93ae179	tflocus_0c04f21faaaa3612	chr2R	25222222	25222304	1	CT	0	443	0	28	0	0	28	415	0	0	25222222	25222304	0	0
tfsite_feacc40ca93ae179	tflocus_0c04f21faaaa3612	chr2R	25222222	25222304	1	GA	1	354	1	7	0	1	7	346	0.00282485875706	0	25222222	25222304	0	0
tfsite_ed7f5f9fd1ca2deb	tflocus_0c04f21faaaa3612	chr2R	25222223	25222291	2	CT	0	443	0	31	0	0	31	412	0	0	25222223	25222291	0	0
tfsite_ed7f5f9fd1ca2deb	tflocus_0c04f21faaaa3612	chr2R	25222223	25222291	2	GA	1	356	1	11	1	0	10	345	0.00280898876404	0.0909090909091	25222223	25222291	0	0
tfsite_7cec8c92122820fd	tflocus_afb9878b78079449	chr2R	25222225	25222233	2	CT	0	447	1	63	1	0	62	384	0.00223713646532	0.015873015873	25222225	25222233	0	0
tfsite_7cec8c92122820fd	tflocus_afb9878b78079449	chr2R	25222225	25222233	2	GA	11	357	11	51	11	0	40	306	0.03081232493	0.21568627451	25222225	25222233	2	3
tfsite_8cd48858bd2d9a06	tflocus_f666406925a189b1	chr2R	25222227	25222273	2	CT	1	440	1	46	1	0	45	394	0.00227272727273	0.0217391304348	25222227	25222273	0	0
tfsite_8cd48858bd2d9a06	tflocus_f666406925a189b1	chr2R	25222227	25222273	2	GA	0	354	0	13	0	0	13	341	0	0	25222227	25222273	0	0
tfsite_d2ba498196ada329	tflocus_afb9878b78079449	chr2R	25222232	25222242	3	CT	0	446	0	65	0	0	65	381	0	0	25222232	25222242	0	0
tfsite_d2ba498196ada329	tflocus_afb9878b78079449	chr2R	25222232	25222242	3	GA	3	357	3	48	2	1	46	308	0.00840336134454	0.0416666666667	25222232	25222242	0	2
tfsite_fcae1ef938d12d4a	tflocus_f666406925a189b1	chr2R	25222234	25222274	3	CT	2	444	2	47	2	0	45	397	0.0045045045045	0.0425531914894	25222234	25222274	0	1
tfsite_fcae1ef938d12d4a	tflocus_f666406925a189b1	chr2R	25222234	25222274	3	GA	0	356	0	15	0	0	15	341	0	0	25222234	25222274	0	0
tfsite_afe8139728c4b5aa	tflocus_f666406925a189b1	chr2R	25222244	25222251	4	CT	0	446	0	73	0	0	73	373	0	0	25222244	25222251	0	0
tfsite_afe8139728c4b5aa	tflocus_f666406925a189b1	chr2R	25222244	25222251	4	GA	4	356	4	39	4	0	35	317	0.0112359550562	0.102564102564	25222244	25222251	0.5	0.5
tfsite_2241749d5c73f1fa	tflocus_f666406925a189b1	chr2R	25222248	25222255	5	CT	0	446	0	72	0	0	72	374	0	0	25222248	25222255	0	0
tfsite_2241749d5c73f1fa	tflocus_f666406925a189b1	chr2R	25222248	25222255	5	GA	1	358	1	40	1	0	39	318	0.00279329608939	0.025	25222248	25222255	0	0
tfsite_c8ed5c6891f91eff	tflocus_0c04f21faaaa3612	chr2R	25222251	25222290	3	CT	2	439	2	48	2	0	46	391	0.00455580865604	0.0416666666667	25222251	25222290	3	0
tfsite_c8ed5c6891f91eff	tflocus_0c04f21faaaa3612	chr2R	25222251	25222290	3	GA	0	353	0	18	0	0	18	335	0	0	25222251	25222290	0	0
tfsite_e2ea22c5d1d348f8	tflocus_54a0a687924cc54f	chr2R	25222266	25222296	1	CT	3	439	3	54	3	0	51	385	0.00683371298405	0.0555555555556	25222266	25222296	1	3
tfsite_e2ea22c5d1d348f8	tflocus_54a0a687924cc54f	chr2R	25222266	25222296	1	GA	2	353	2	18	2	0	16	335	0.0056657223796	0.111111111111	25222270	25222296	0	0
tfsite_07579081300c2005	tflocus_54a0a687924cc54f	chr2R	25222272	25222284	2	CT	1	439	1	66	1	0	65	373	0.00227790432802	0.0151515151515	25222272	25222284	0	0
tfsite_07579081300c2005	tflocus_54a0a687924cc54f	chr2R	25222272	25222284	2	GA	0	354	0	25	0	0	25	329	0	0	25222272	25222284	0	0
tfsite_18d4178f5c98e271	tflocus_3331c26204c0d6d5	chr2R	25222277	25222304	1	CT	5	441	5	63	5	0	58	378	0.0113378684807	0.0793650793651	25222277	25222304	2	3
tfsite_18d4178f5c98e271	tflocus_3331c26204c0d6d5	chr2R	25222277	25222304	1	GA	0	355	0	18	0	0	18	337	0	0	25222277	25222304	0	0
tfsite_3f670027b9a269f7	tflocus_3331c26204c0d6d5	chr2R	25222289	25222305	2	CT	1	441	1	67	1	0	66	374	0.00226757369615	0.0149253731343	25222289	25222305	0	0
tfsite_3f670027b9a269f7	tflocus_3331c26204c0d6d5	chr2R	25222289	25222305	2	GA	0	356	0	18	0	0	18	338	0	0	25222289	25222305	0	0
tfsite_8ceb73a7187283ba	tflocus_30d0f1e1d271c23c	chr2R	25222292	25222347	1	CT	1	438	1	24	1	0	23	414	0.00228310502283	0.0416666666667	25222292	25222347	0	0
tfsite_8ceb73a7187283ba	tflocus_30d0f1e1d271c23c	chr2R	25222292	25222347	1	GA	0	352	0	7	0	0	7	345	0	0	25222292	25222347	0	0
tfsite_e30015fe68871cea	tflocus_e1a4010d36bf109a	chr2R	25222298	25222324	1	CT	1	438	1	47	1	0	46	391	0.00228310502283	0.0212765957447	25222298	25222324	0	0
tfsite_e30015fe68871cea	tflocus_e1a4010d36bf109a	chr2R	25222298	25222324	1	GA	0	357	0	14	0	0	14	343	0	0	25222298	25222324	0	0
tfsite_151b38b5dc2cba6a	tflocus_30d0f1e1d271c23c	chr2R	25222301	25222330	2	CT	2	437	2	38	2	0	36	399	0.0045766590389	0.0526315789474	25222301	25222330	3	1
tfsite_151b38b5dc2cba6a	tflocus_30d0f1e1d271c23c	chr2R	25222301	25222330	2	GA	0	357	0	11	0	0	11	346	0	0	25222301	25222330	0	0
tfsite_b17a2228d5848028	tflocus_e1a4010d36bf109a	chr2R	25222302	25222310	2	CT	0	444	0	61	0	0	61	383	0	0	25222302	25222310	0	0
tfsite_b17a2228d5848028	tflocus_e1a4010d36bf109a	chr2R	25222302	25222310	2	GA	4	354	4	27	4	0	23	327	0.0112994350282	0.148148148148	25222302	25222310	0	0
tfsite_1a4f29d8800e25ff	tflocus_c7920aa320ac115f	chr2R	25222302	25222383	1	CT	0	440	0	16	0	0	16	424	0	0	25222302	25222383	0	0
tfsite_1a4f29d8800e25ff	tflocus_c7920aa320ac115f	chr2R	25222302	25222383	1	GA	1	358	1	7	0	1	7	350	0.00279329608939	0	25222302	25222383	0	0
tfsite_ddf1b18242eb5c9b	tflocus_c7920aa320ac115f	chr2R	25222304	25222369	2	CT	1	441	1	21	1	0	20	420	0.00226757369615	0.047619047619	25222304	25222369	0	0
tfsite_ddf1b18242eb5c9b	tflocus_c7920aa320ac115f	chr2R	25222304	25222369	2	GA	0	357	0	7	0	0	7	350	0	0	25222304	25222369	0	0
tfsite_52742301dd9ad619	tflocus_c7920aa320ac115f	chr2R	25222316	25222354	3	CT	1	440	1	36	1	0	35	404	0.00227272727273	0.0277777777778	25222320	25222352	0	0
tfsite_52742301dd9ad619	tflocus_c7920aa320ac115f	chr2R	25222316	25222354	3	GA	2	354	2	9	2	0	7	345	0.00564971751412	0.222222222222	25222313	25222355	3.5	0.5
tfsite_ad73d14e003f1a8b	tflocus_30d0f1e1d271c23c	chr2R	25222319	25222332	3	CT	1	439	1	51	1	0	50	388	0.00227790432802	0.0196078431373	25222319	25222332	0	0
tfsite_ad73d14e003f1a8b	tflocus_30d0f1e1d271c23c	chr2R	25222319	25222332	3	GA	0	357	0	19	0	0	19	338	0	0	25222319	25222332	0	0
tfsite_dc282b7df76e8d58	tflocus_c7920aa320ac115f	chr2R	25222330	25222353	4	CT	1	443	1	39	1	0	38	404	0.00225733634312	0.025641025641	25222330	25222353	0	0
tfsite_dc282b7df76e8d58	tflocus_c7920aa320ac115f	chr2R	25222330	25222353	4	GA	0	356	0	10	0	0	10	346	0	0	25222330	25222353	0	0
tfsite_db3dc33075854a05	tflocus_c878e79d13fd2df4	chr2R	25222343	25222391	1	CT	2	438	2	23	2	0	21	415	0.00456621004566	0.0869565217391	25222343	25222391	3	6
tfsite_db3dc33075854a05	tflocus_c878e79d13fd2df4	chr2R	25222343	25222391	1	GA	0	354	0	9	0	0	9	345	0	0	25222343	25222391	0	0
tfsite_d921887c63102ffb	tflocus_7b7ae0db8017aedb	chr2R	25222346	25222433	1	CT	1	440	1	16	0	1	16	423	0.00227272727273	0	25222346	25222433	0	0
tfsite_d921887c63102ffb	tflocus_7b7ae0db8017aedb	chr2R	25222346	25222433	1	GA	0	354	0	7	0	0	7	347	0	0	25222346	25222433	0	0
tfsite_4d2d8dc6d7efd12a	tflocus_c878e79d13fd2df4	chr2R	25222353	25222373	2	CT	2	442	2	37	2	0	35	405	0.00452488687783	0.0540540540541	25222353	25222373	2.5	5
tfsite_4d2d8dc6d7efd12a	tflocus_c878e79d13fd2df4	chr2R	25222353	25222373	2	GA	0	357	0	12	0	0	12	345	0	0	25222353	25222373	0	0
tfsite_933247e547b1f3da	tflocus_c878e79d13fd2df4	chr2R	25222354	25222391	3	CT	1	437	2	25	2	0	23	412	0.0045766590389	0.08	25222354	25222391	0	0
tfsite_933247e547b1f3da	tflocus_c878e79d13fd2df4	chr2R	25222354	25222391	3	GA	0	353	0	11	0	0	11	342	0	0	25222354	25222391	0	0
tfsite_d134a1dd2ffcdd4c	tflocus_5fea56978e0e0087	chr2R	25222388	25222415	1	CT	1	443	1	26	1	0	25	417	0.00225733634312	0.0384615384615	25222388	25222415	0	0
tfsite_d134a1dd2ffcdd4c	tflocus_5fea56978e0e0087	chr2R	25222388	25222415	1	GA	0	358	1	18	1	0	17	340	0.00279329608939	0.0555555555556	25222388	25222415	0	0
tfsite_431a6da7bb47fc8d	tflocus_5fea56978e0e0087	chr2R	25222393	25222431	2	CT	4	435	4	22	4	0	18	413	0.00919540229885	0.181818181818	25222393	25222431	4	3
tfsite_431a6da7bb47fc8d	tflocus_5fea56978e0e0087	chr2R	25222393	25222431	2	GA	0	354	0	10	0	0	10	344	0	0	25222393	25222431	0	0
tfsite_9291e996e0a3b7cf	tflocus_7b7ae0db8017aedb	chr2R	25222394	25222406	2	CT	0	441	0	40	0	0	40	401	0	0	25222394	25222406	0	0
tfsite_9291e996e0a3b7cf	tflocus_7b7ae0db8017aedb	chr2R	25222394	25222406	2	GA	1	353	1	25	1	0	24	328	0.0028328611898	0.04	25222394	25222406	0	0
tfsite_07cb7a6e306a6e78	tflocus_5fea56978e0e0087	chr2R	25222407	25222422	3	CT	0	443	0	35	0	0	35	408	0	0	25222407	25222422	0	0
tfsite_07cb7a6e306a6e78	tflocus_5fea56978e0e0087	chr2R	25222407	25222422	3	GA	1	358	1	27	1	0	26	331	0.00279329608939	0.037037037037	25222407	25222422	0	0
tfsite_077087de922ec34f	tflocus_d1ddda997e3b9505	chr2R	25222418	25222449	1	CT	0	432	0	25	0	0	25	407	0	0	25222418	25222449	0	0
tfsite_077087de922ec34f	tflocus_d1ddda997e3b9505	chr2R	25222418	25222449	1	GA	1	353	2	21	2	0	19	332	0.0056657223796	0.0952380952381	25222418	25222449	0	0
tfsite_74a11d9cf4bc6145	tflocus_1830eddde77aa2a7	chr2R	25222440	25222478	1	CT	0	436	0	16	0	0	16	420	0	0	25222440	25222478	0	0
tfsite_74a11d9cf4bc6145	tflocus_1830eddde77aa2a7	chr2R	25222440	25222478	1	GA	1	352	1	11	1	0	10	341	0.00284090909091	0.0909090909091	25222440	25222478	0	0
tfsite_7ae041d2e7a3ebec	tflocus_5f37fe2210f716df	chr2R	25222441	25222493	1	CT	0	437	0	10	0	0	10	427	0	0	25222441	25222493	0	0
tfsite_7ae041d2e7a3ebec	tflocus_5f37fe2210f716df	chr2R	25222441	25222493	1	GA	2	355	2	6	2	0	4	349	0.0056338028169	0.333333333333	25222441	25222493	3.5	4
tfsite_be1b74bddddaa452	tflocus_1830eddde77aa2a7	chr2R	25222449	25222458	2	CT	1	445	1	42	1	0	41	403	0.00224719101124	0.0238095238095	25222449	25222458	0	0
tfsite_be1b74bddddaa452	tflocus_1830eddde77aa2a7	chr2R	25222449	25222458	2	GA	0	359	0	33	0	0	33	326	0	0	25222449	25222458	0	0
tfsite_5eced5c85ca7fad7	tflocus_5f37fe2210f716df	chr2R	25222453	25222481	2	CT	1	435	1	16	1	0	15	419	0.00229885057471	0.0625	25222453	25222481	0	0
tfsite_5eced5c85ca7fad7	tflocus_5f37fe2210f716df	chr2R	25222453	25222481	2	GA	0	352	0	15	0	0	15	337	0	0	25222453	25222481	0	0
tfsite_d2185a947511feab	tflocus_a62c219bcf2953b1	chr2R	25222467	25222505	1	CT	1	432	1	9	1	0	8	423	0.00231481481481	0.111111111111	25222467	25222505	0	0
tfsite_d2185a947511feab	tflocus_a62c219bcf2953b1	chr2R	25222467	25222505	1	GA	0	352	0	6	0	0	6	346	0	0	25222467	25222505	0	0
tfsite_386adaa3f7eb7dee	tflocus_5ca844bb3029eb2a	chr2R	25222470	25222487	1	CT	0	429	0	16	0	0	16	413	0	0	25222470	25222487	0	0
tfsite_386adaa3f7eb7dee	tflocus_5ca844bb3029eb2a	chr2R	25222470	25222487	1	GA	1	341	1	16	1	0	15	325	0.00293255131965	0.0625	25222470	25222487	0	0
tfsite_b39cec30296ee27e	tflocus_a62c219bcf2953b1	chr2R	25222474	25222524	2	CT	1	434	1	9	1	0	8	425	0.00230414746544	0.111111111111	25222474	25222524	0	0
tfsite_b39cec30296ee27e	tflocus_a62c219bcf2953b1	chr2R	25222474	25222524	2	GA	0	354	0	6	0	0	6	348	0	0	25222474	25222524	0	0
tfsite_91af9f97bf6a8fd0	tflocus_a62c219bcf2953b1	chr2R	25222485	25222495	3	CT	0	441	0	12	0	0	12	429	0	0	25222485	25222495	0	0
tfsite_91af9f97bf6a8fd0	tflocus_a62c219bcf2953b1	chr2R	25222485	25222495	3	GA	3	358	3	21	3	0	18	337	0.00837988826816	0.142857142857	25222485	25222495	0	0
tfsite_6a7dcb93e9237dc9	tflocus_21d53514b678aa26	chr2R	25222502	25222534	1	CT	0	441	0	6	0	0	6	435	0	0	25222502	25222534	0	0
tfsite_6a7dcb93e9237dc9	tflocus_21d53514b678aa26	chr2R	25222502	25222534	1	GA	1	356	1	20	1	0	19	336	0.00280898876404	0.05	25222502	25222534	0	0
tfsite_5aaa39611ceefb7a	tflocus_cf80099718a8d15a	chr2R	25222571	25222591	1	CT	1	441	1	18	1	0	17	423	0.00226757369615	0.0555555555556	25222571	25222596	0	0
tfsite_5aaa39611ceefb7a	tflocus_cf80099718a8d15a	chr2R	25222571	25222591	1	GA	1	357	1	10	1	0	9	347	0.00280112044818	0.1	25222571	25222585	0	0
tfsite_27f97769ebb556e2	tflocus_9bac81112e01df40	chr2R	25222578	25222629	1	CT	2	441	2	10	2	0	8	431	0.00453514739229	0.2	25222578	25222629	1	4.5
tfsite_27f97769ebb556e2	tflocus_9bac81112e01df40	chr2R	25222578	25222629	1	GA	0	356	0	3	0	0	3	353	0	0	25222578	25222629	0	0
tfsite_0aa1421d1053be94	tflocus_9bac81112e01df40	chr2R	25222584	25222611	2	CT	2	442	2	22	2	0	20	420	0.00452488687783	0.0909090909091	25222584	25222611	4	3.5
tfsite_0aa1421d1053be94	tflocus_9bac81112e01df40	chr2R	25222584	25222611	2	GA	0	359	0	9	0	0	9	350	0	0	25222584	25222611	0	0
tfsite_34b615e15ff9e9b2	tflocus_950ac5b5ee5ad43d	chr2R	25222595	25222656	1	CT	1	440	1	9	1	0	8	431	0.00227272727273	0.111111111111	25222595	25222656	0	0
tfsite_34b615e15ff9e9b2	tflocus_950ac5b5ee5ad43d	chr2R	25222595	25222656	1	GA	0	358	0	5	0	0	5	353	0	0	25222595	25222656	0	0
tfsite_45a4eb6d6af07bfd	tflocus_aa45e2988b7292e1	chr2R	25222602	25222683	1	CT	0	441	0	5	0	0	5	436	0	0	25222602	25222683	0	0
tfsite_45a4eb6d6af07bfd	tflocus_aa45e2988b7292e1	chr2R	25222602	25222683	1	GA	1	357	1	4	1	0	3	353	0.00280112044818	0.25	25222602	25222683	0	0
tfsite_3f1087fb04cd1456	tflocus_aa45e2988b7292e1	chr2R	25222620	25222681	2	CT	1	431	1	6	1	0	5	425	0.00232018561485	0.166666666667	25222623	25222680	0	0
tfsite_3f1087fb04cd1456	tflocus_aa45e2988b7292e1	chr2R	25222620	25222681	2	GA	1	353	1	5	1	0	4	348	0.0028328611898	0.2	25222617	25222681	0	0
tfsite_cd715ff2625b20a0	tflocus_509217fe24f7381d	chr2R	25222652	25222681	1	CT	1	434	1	11	1	0	10	423	0.00230414746544	0.0909090909091	25222652	25222679	0	0
tfsite_cd715ff2625b20a0	tflocus_509217fe24f7381d	chr2R	25222652	25222681	1	GA	2	351	2	14	1	1	13	336	0.00569800569801	0.0714285714286	25222649	25222682	6	0.5
tfsite_94a26cfb4b655a8e	tflocus_d17a4c6bd0c2237a	chr2R	25222655	25222710	1	CT	0	440	0	7	0	0	7	433	0	0	25222655	25222710	0	0
tfsite_94a26cfb4b655a8e	tflocus_d17a4c6bd0c2237a	chr2R	25222655	25222710	1	GA	1	353	1	8	1	0	7	345	0.0028328611898	0.125	25222655	25222710	0	0
tfsite_2472c0a69c1a1a3d	tflocus_3b661a51272b9d86	chr2R	25222668	25222730	1	CT	0	441	0	5	0	0	5	436	0	0	25222668	25222730	0	0
tfsite_2472c0a69c1a1a3d	tflocus_3b661a51272b9d86	chr2R	25222668	25222730	1	GA	1	354	1	8	0	1	8	345	0.00282485875706	0	25222668	25222730	0	0
tfsite_6b34920309acb49f	tflocus_d17a4c6bd0c2237a	chr2R	25222674	25222698	2	CT	2	441	2	15	2	0	13	426	0.00453514739229	0.133333333333	25222674	25222698	0.5	0.5
tfsite_6b34920309acb49f	tflocus_d17a4c6bd0c2237a	chr2R	25222674	25222698	2	GA	0	356	0	14	0	0	14	342	0	0	25222674	25222698	0	0
tfsite_cab560c8018258ba	tflocus_3b661a51272b9d86	chr2R	25222684	25222705	2	CT	0	444	0	17	0	0	17	427	0	0	25222684	25222705	0	0
tfsite_cab560c8018258ba	tflocus_3b661a51272b9d86	chr2R	25222684	25222705	2	GA	2	356	2	18	2	0	16	338	0.00561797752809	0.111111111111	25222684	25222705	1	5
tfsite_2fa375be631acb69	tflocus_3b661a51272b9d86	chr2R	25222685	25222717	3	CT	0	443	0	13	0	0	13	430	0	0	25222685	25222717	0	0
tfsite_2fa375be631acb69	tflocus_3b661a51272b9d86	chr2R	25222685	25222717	3	GA	1	355	1	17	1	0	16	338	0.00281690140845	0.0588235294118	25222685	25222717	0	0
tfsite_8a4b5024c0135f93	tflocus_6ddbe2afa5fa7ab9	chr2R	25222692	25222748	1	CT	0	443	0	9	0	0	9	434	0	0	25222692	25222748	0	0
tfsite_8a4b5024c0135f93	tflocus_6ddbe2afa5fa7ab9	chr2R	25222692	25222748	1	GA	1	355	1	9	1	0	8	346	0.00281690140845	0.111111111111	25222692	25222748	0	0
tfsite_2e7fcc66319828eb	tflocus_628583e61411291d	chr2R	25222698	25222718	1	CT	2	444	2	15	2	0	13	429	0.0045045045045	0.133333333333	25222698	25222718	6	1.5
tfsite_2e7fcc66319828eb	tflocus_628583e61411291d	chr2R	25222698	25222718	1	GA	0	356	0	20	0	0	20	336	0	0	25222698	25222718	0	0
tfsite_870b024aafc44e7d	tflocus_53b54923d1be01d1	chr2R	25222708	25222761	1	CT	0	442	0	10	0	0	10	432	0	0	25222708	25222761	0	0
tfsite_870b024aafc44e7d	tflocus_53b54923d1be01d1	chr2R	25222708	25222761	1	GA	2	355	2	5	2	0	3	350	0.0056338028169	0.4	25222708	25222761	0.5	2
tfsite_23640dd2351eab7d	tflocus_6ddbe2afa5fa7ab9	chr2R	25222711	25222728	2	CT	1	431	1	16	1	0	15	415	0.00232018561485	0.0625	25222711	25222728	0	0
tfsite_23640dd2351eab7d	tflocus_6ddbe2afa5fa7ab9	chr2R	25222711	25222728	2	GA	0	349	0	16	0	0	16	333	0	0	25222711	25222728	0	0
tfsite_9faf7f03d6b3b995	tflocus_6ddbe2afa5fa7ab9	chr2R	25222715	25222737	3	CT	1	441	1	18	1	0	17	423	0.00226757369615	0.0555555555556	25222715	25222737	0	0
tfsite_9faf7f03d6b3b995	tflocus_6ddbe2afa5fa7ab9	chr2R	25222715	25222737	3	GA	0	357	0	15	0	0	15	342	0	0	25222715	25222737	0	0
tfsite_56b9275e3b4b09af	tflocus_6ddbe2afa5fa7ab9	chr2R	25222717	25222724	4	CT	0	432	0	21	0	0	21	411	0	0	25222717	25222724	0	0
tfsite_56b9275e3b4b09af	tflocus_6ddbe2afa5fa7ab9	chr2R	25222717	25222724	4	GA	1	349	1	24	1	0	23	325	0.00286532951289	0.0416666666667	25222717	25222724	0	0
tfsite_e0e5e714327a9807	tflocus_53b54923d1be01d1	chr2R	25222724	25222737	2	CT	2	440	2	23	2	0	21	417	0.00454545454545	0.0869565217391	25222724	25222737	3.5	0
tfsite_e0e5e714327a9807	tflocus_53b54923d1be01d1	chr2R	25222724	25222737	2	GA	0	357	0	24	0	0	24	333	0	0	25222724	25222737	0	0
tfsite_d4d7aba61f58cba2	tflocus_80f3deb4f51e38a5	chr2R	25222748	25222822	1	CT	0	442	0	2	0	0	2	440	0	0	25222748	25222822	0	0
tfsite_d4d7aba61f58cba2	tflocus_80f3deb4f51e38a5	chr2R	25222748	25222822	1	GA	1	356	1	2	1	0	1	354	0.00280898876404	0.5	25222748	25222822	0	0
tfsite_bdbaf8e27225d7bd	tflocus_71b7f64b5429af3c	chr2R	25222754	25222773	1	CT	1	445	1	24	1	0	23	421	0.00224719101124	0.0416666666667	25222754	25222773	0	0
tfsite_bdbaf8e27225d7bd	tflocus_71b7f64b5429af3c	chr2R	25222754	25222773	1	GA	0	353	0	9	0	0	9	344	0	0	25222754	25222773	0	0
tfsite_7d2e4f01205a0f61	tflocus_80f3deb4f51e38a5	chr2R	25222763	25222808	2	CT	0	440	0	8	0	0	8	432	0	0	25222763	25222808	0	0
tfsite_7d2e4f01205a0f61	tflocus_80f3deb4f51e38a5	chr2R	25222763	25222808	2	GA	1	355	1	6	1	0	5	349	0.00281690140845	0.166666666667	25222763	25222808	0	0
tfsite_54452ca74dc88998	tflocus_80f3deb4f51e38a5	chr2R	25222766	25222800	3	CT	1	435	1	14	1	0	13	421	0.00229885057471	0.0714285714286	25222766	25222800	0	0
tfsite_54452ca74dc88998	tflocus_80f3deb4f51e38a5	chr2R	25222766	25222800	3	GA	0	357	0	6	0	0	6	351	0	0	25222766	25222800	0	0
tfsite_6fe780d22baf87f4	tflocus_80f3deb4f51e38a5	chr2R	25222773	25222789	4	CT	3	440	3	30	3	0	27	410	0.00681818181818	0.1	25222773	25222789	2	2
tfsite_6fe780d22baf87f4	tflocus_80f3deb4f51e38a5	chr2R	25222773	25222789	4	GA	0	353	0	9	0	0	9	344	0	0	25222773	25222789	0	0
tfsite_c60a01198d50e9bb	tflocus_a56b8c837a81c46a	chr2R	25222795	25222811	1	CT	2	428	2	16	2	0	14	412	0.00467289719626	0.125	25222795	25222811	3.5	1
tfsite_c60a01198d50e9bb	tflocus_a56b8c837a81c46a	chr2R	25222795	25222811	1	GA	0	346	0	9	0	0	9	337	0	0	25222795	25222811	0	0
tfsite_820bf62d7e3d1760	tflocus_8d33eacecbda7647	chr2R	25222813	25222892	1	CT	1	439	1	1	0	1	1	437	0.00227790432802	0	25222813	25222892	0	0
tfsite_820bf62d7e3d1760	tflocus_8d33eacecbda7647	chr2R	25222813	25222892	1	GA	0	349	0	3	0	0	3	346	0	0	25222813	25222892	0	0
tfsite_ee4efdf8559e53f9	tflocus_cce748349e928e5f	chr2R	25222814	25222840	1	CT	0	442	0	12	0	0	12	430	0	0	25222814	25222840	0	0
tfsite_ee4efdf8559e53f9	tflocus_cce748349e928e5f	chr2R	25222814	25222840	1	GA	1	353	1	9	1	0	8	344	0.0028328611898	0.111111111111	25222814	25222840	0	0
tfsite_82c5bf922a068012	tflocus_8d33eacecbda7647	chr2R	25222830	25222872	2	CT	1	443	1	6	1	0	5	437	0.00225733634312	0.166666666667	25222830	25222872	0	0
tfsite_82c5bf922a068012	tflocus_8d33eacecbda7647	chr2R	25222830	25222872	2	GA	0	355	0	9	0	0	9	346	0	0	25222830	25222872	0	0
tfsite_f030965db0c919f6	tflocus_f03ce8a60905859c	chr2R	25222831	25222910	1	CT	0	440	0	2	0	0	2	438	0	0	25222831	25222910	0	0
tfsite_f030965db0c919f6	tflocus_f03ce8a60905859c	chr2R	25222831	25222910	1	GA	1	349	1	2	0	1	2	346	0.00286532951289	0	25222831	25222910	0	0
tfsite_1eeff9b405dc723f	tflocus_8d33eacecbda7647	chr2R	25222845	25222851	3	CT	3	443	3	24	3	0	21	419	0.00677200902935	0.125	25222845	25222851	0	0
tfsite_1eeff9b405dc723f	tflocus_8d33eacecbda7647	chr2R	25222845	25222851	3	GA	0	355	0	20	0	0	20	335	0	0	25222845	25222851	0	0
tfsite_60c44c5a55b6fec1	tflocus_8d33eacecbda7647	chr2R	25222847	25222865	4	CT	1	435	1	14	1	0	13	421	0.00229885057471	0.0714285714286	25222847	25222863	0	0
tfsite_60c44c5a55b6fec1	tflocus_8d33eacecbda7647	chr2R	25222847	25222865	4	GA	1	351	1	21	1	0	20	330	0.002849002849	0.047619047619	25222847	25222867	0	0
tfsite_37026ea6685dc2bb	tflocus_3338f2a6d7048a3b	chr2R	25222874	25222957	1	CT	1	436	1	5	0	1	5	430	0.00229357798165	0	25222874	25222957	0	0
tfsite_37026ea6685dc2bb	tflocus_3338f2a6d7048a3b	chr2R	25222874	25222957	1	GA	0	348	0	4	0	0	4	344	0	0	25222874	25222957	0	0
tfsite_f2ddf6b0da5afd5a	tflocus_62924a14655031f3	chr2R	25222889	25222901	1	CT	0	444	0	11	0	0	11	433	0	0	25222889	25222901	0	0
tfsite_f2ddf6b0da5afd5a	tflocus_62924a14655031f3	chr2R	25222889	25222901	1	GA	2	352	2	25	2	0	23	327	0.00568181818182	0.08	25222889	25222901	0	0
tfsite_97ef48210565b110	tflocus_218cf5a34288ee35	chr2R	25222890	25222972	1	CT	2	435	2	7	1	1	6	427	0.00459770114943	0.142857142857	25222890	25222972	0.5	2
tfsite_97ef48210565b110	tflocus_218cf5a34288ee35	chr2R	25222890	25222972	1	GA	0	353	0	10	0	0	10	343	0	0	25222890	25222972	0	0
tfsite_477137b200ea21e9	tflocus_3338f2a6d7048a3b	chr2R	25222891	25222920	2	CT	1	439	1	10	1	0	9	429	0.00227790432802	0.1	25222891	25222920	0	0
tfsite_477137b200ea21e9	tflocus_3338f2a6d7048a3b	chr2R	25222891	25222920	2	GA	0	354	0	19	0	0	19	335	0	0	25222891	25222920	0	0
tfsite_f6fbd619be55de7d	tflocus_218cf5a34288ee35	chr2R	25222900	25222953	2	CT	0	427	0	11	0	0	11	416	0	0	25222900	25222953	0	0
tfsite_f6fbd619be55de7d	tflocus_218cf5a34288ee35	chr2R	25222900	25222953	2	GA	1	350	1	15	1	0	14	335	0.00285714285714	0.0666666666667	25222900	25222953	0	0
tfsite_9b87c85cb1c179bb	tflocus_c758c08273c4b46b	chr2R	25222916	25222975	1	CT	0	425	0	12	0	0	12	413	0	0	25222916	25222975	0	0
tfsite_9b87c85cb1c179bb	tflocus_c758c08273c4b46b	chr2R	25222916	25222975	1	GA	1	343	1	14	0	1	14	328	0.00291545189504	0	25222916	25222975	0	0
tfsite_cf061fd0dc9e14b1	tflocus_3a5a288e26eb003e	chr2R	25222919	25223003	1	CT	1	432	1	9	0	1	9	422	0.00231481481481	0	25222919	25223003	0	0
tfsite_cf061fd0dc9e14b1	tflocus_3a5a288e26eb003e	chr2R	25222919	25223003	1	GA	0	354	0	6	0	0	6	348	0	0	25222919	25223003	0	0
tfsite_4997f06ec725d324	tflocus_c758c08273c4b46b	chr2R	25222941	25222948	2	CT	1	439	1	63	1	0	62	376	0.00227790432802	0.015873015873	25222941	25222948	0	0
tfsite_4997f06ec725d324	tflocus_c758c08273c4b46b	chr2R	25222941	25222948	2	GA	0	353	0	46	0	0	46	307	0	0	25222941	25222948	0	0
tfsite_de90f5c29dc695c9	tflocus_3a5a288e26eb003e	chr2R	25222942	25222983	2	CT	2	434	2	34	2	0	32	400	0.00460829493088	0.0588235294118	25222943	25222981	3	2.5
tfsite_de90f5c29dc695c9	tflocus_3a5a288e26eb003e	chr2R	25222942	25222983	2	GA	1	354	1	30	1	0	29	324	0.00282485875706	0.0333333333333	25222942	25222984	0	0
tfsite_9a31c62b1f169f5e	tflocus_3a5a288e26eb003e	chr2R	25222949	25222972	3	CT	3	426	3	41	3	0	38	385	0.00704225352113	0.0731707317073	25222949	25222972	1	0
tfsite_9a31c62b1f169f5e	tflocus_3a5a288e26eb003e	chr2R	25222949	25222972	3	GA	1	351	1	36	1	0	35	315	0.002849002849	0.0277777777778	25222939	25222970	0	0
tfsite_4d53fa3212b051ba	tflocus_7d11293d9537e089	chr2R	25222958	25223005	1	CT	2	434	2	33	1	1	32	400	0.00460829493088	0.030303030303	25222958	25223005	5.5	6
tfsite_4d53fa3212b051ba	tflocus_7d11293d9537e089	chr2R	25222958	25223005	1	GA	0	348	0	14	0	0	14	334	0	0	25222958	25223005	0	0
tfsite_c19a956c6e9fd2db	tflocus_e9e75d7d048f76bf	chr2R	25222963	25222984	1	CT	0	437	0	59	0	0	59	378	0	0	25222963	25222984	0	0
tfsite_c19a956c6e9fd2db	tflocus_e9e75d7d048f76bf	chr2R	25222963	25222984	1	GA	1	355	1	37	1	0	36	318	0.00281690140845	0.027027027027	25222963	25222984	0	0
tfsite_8d6cbcb9a4de8e2a	tflocus_7d11293d9537e089	chr2R	25222975	25222987	2	CT	1	438	1	76	1	0	75	362	0.00228310502283	0.0131578947368	25222972	25222990	0	0
tfsite_8d6cbcb9a4de8e2a	tflocus_7d11293d9537e089	chr2R	25222975	25222987	2	GA	1	352	2	35	1	1	34	316	0.00568181818182	0.0285714285714	25222977	25222984	0	0
tfsite_d536d5b24af83cc7	tflocus_7d11293d9537e089	chr2R	25222975	25222990	3	CT	3	436	3	72	3	0	69	364	0.00688073394495	0.0416666666667	25222975	25222990	0	0
tfsite_d536d5b24af83cc7	tflocus_7d11293d9537e089	chr2R	25222975	25222990	3	GA	0	350	0	33	0	0	33	317	0	0	25222975	25222990	0	0
tfsite_856d1b6f7eb30047	tflocus_7d11293d9537e089	chr2R	25222975	25223003	4	CT	4	434	4	59	4	0	55	375	0.00921658986175	0.0677966101695	25222975	25223003	0.5	0
tfsite_856d1b6f7eb30047	tflocus_7d11293d9537e089	chr2R	25222975	25223003	4	GA	0	345	0	20	0	0	20	325	0	0	25222975	25223003	0	0
tfsite_6dceafafd6b052e2	tflocus_08b6beec2e18033e	chr2R	25222975	25223027	1	CT	1	381	1	25	1	0	24	356	0.00262467191601	0.04	25222975	25223027	0	0
tfsite_6dceafafd6b052e2	tflocus_08b6beec2e18033e	chr2R	25222975	25223027	1	GA	0	345	0	13	0	0	13	332	0	0	25222975	25223027	0	0
tfsite_1de7d5c6f86d65a1	tflocus_7d11293d9537e089	chr2R	25222979	25222995	5	CT	1	431	1	66	1	0	65	365	0.00232018561485	0.0151515151515	25222972	25222998	0	0
tfsite_1de7d5c6f86d65a1	tflocus_7d11293d9537e089	chr2R	25222979	25222995	5	GA	6	340	6	31	6	0	25	309	0.0176470588235	0.193548387097	25222979	25222995	4.5	4.5
tfsite_7d9e4ec6302ffa9d	tflocus_04dc910e220e4ee1	chr2R	25222983	25223121	1	CT	0	438	0	12	0	0	12	426	0	0	25222983	25223121	0	0
tfsite_7d9e4ec6302ffa9d	tflocus_04dc910e220e4ee1	chr2R	25222983	25223121	1	GA	1	355	1	3	1	0	2	352	0.00281690140845	0.333333333333	25222983	25223121	0	0
tfsite_dbf9e437e7cb50a6	tflocus_570a4bafcd52b9c9	chr2R	25222988	25223060	1	CT	0	439	0	17	0	0	17	422	0	0	25222988	25223060	0	0
tfsite_dbf9e437e7cb50a6	tflocus_570a4bafcd52b9c9	chr2R	25222988	25223060	1	GA	1	348	1	10	1	0	9	338	0.00287356321839	0.1	25222988	25223060	0	0
tfsite_76fbb8892bffb2a4	tflocus_08b6beec2e18033e	chr2R	25222989	25223005	2	CT	1	423	1	68	1	0	67	355	0.00236406619385	0.0147058823529	25222984	25223008	0	0
tfsite_76fbb8892bffb2a4	tflocus_08b6beec2e18033e	chr2R	25222989	25223005	2	GA	1	335	1	31	1	0	30	304	0.00298507462687	0.0322580645161	25222994	25223001	0	0
tfsite_6ed71b9138ef4748	tflocus_570a4bafcd52b9c9	chr2R	25222989	25223071	2	CT	1	439	1	15	1	0	14	424	0.00227790432802	0.0666666666667	25222989	25223071	0	0
tfsite_6ed71b9138ef4748	tflocus_570a4bafcd52b9c9	chr2R	25222989	25223071	2	GA	0	352	0	7	0	0	7	345	0	0	25222989	25223071	0	0
tfsite_40f4e9bec68d1a5b	tflocus_3bbe37320fdf246f	chr2R	25222990	25223037	1	CT	1	439	1	32	1	0	31	407	0.00227790432802	0.03125	25222995	25223042	0	0
tfsite_40f4e9bec68d1a5b	tflocus_3bbe37320fdf246f	chr2R	25222990	25223037	1	GA	2	347	2	15	2	0	13	332	0.00576368876081	0.133333333333	25222989	25223035	1	2
tfsite_47542640b4471d61	tflocus_3bbe37320fdf246f	chr2R	25222991	25223024	2	CT	1	426	1	36	1	0	35	390	0.00234741784038	0.0277777777778	25222991	25223024	0	0
tfsite_47542640b4471d61	tflocus_3bbe37320fdf246f	chr2R	25222991	25223024	2	GA	0	332	0	22	0	0	22	310	0	0	25222991	25223024	0	0
tfsite_939eec3fdfdba5fc	tflocus_08b6beec2e18033e	chr2R	25222997	25223008	3	CT	0	427	1	55	1	0	54	372	0.00234192037471	0.0181818181818	25222997	25223008	0	0
tfsite_939eec3fdfdba5fc	tflocus_08b6beec2e18033e	chr2R	25222997	25223008	3	GA	1	346	2	36	2	0	34	310	0.00578034682081	0.0555555555556	25222997	25223008	0	0
tfsite_706f2c1e89413069	tflocus_570a4bafcd52b9c9	chr2R	25223006	25223050	3	CT	1	443	1	26	1	0	25	417	0.00225733634312	0.0384615384615	25223007	25223042	0	0
tfsite_706f2c1e89413069	tflocus_570a4bafcd52b9c9	chr2R	25223006	25223050	3	GA	2	354	2	15	2	0	13	339	0.00564971751412	0.133333333333	25223006	25223050	0	0
tfsite_63969d5884a1c346	tflocus_570a4bafcd52b9c9	chr2R	25223007	25223033	4	CT	1	427	1	40	1	0	39	387	0.00234192037471	0.025	25223007	25223033	0	0
tfsite_63969d5884a1c346	tflocus_570a4bafcd52b9c9	chr2R	25223007	25223033	4	GA	0	346	0	18	0	0	18	328	0	0	25223007	25223033	0	0
tfsite_9092eee0b33170ba	tflocus_570a4bafcd52b9c9	chr2R	25223007	25223064	5	CT	1	442	1	16	1	0	15	426	0.00226244343891	0.0625	25223007	25223063	0	0
tfsite_9092eee0b33170ba	tflocus_570a4bafcd52b9c9	chr2R	25223007	25223064	5	GA	1	353	1	13	1	0	12	340	0.0028328611898	0.0769230769231	25223006	25223065	0	0
tfsite_794985cc0e8a2be0	tflocus_04dc910e220e4ee1	chr2R	25223024	25223080	2	CT	1	443	1	16	1	0	15	427	0.00225733634312	0.0625	25223024	25223080	0	0
tfsite_794985cc0e8a2be0	tflocus_04dc910e220e4ee1	chr2R	25223024	25223080	2	GA	0	354	0	10	0	0	10	344	0	0	25223024	25223080	0	0
tfsite_d6a4f6f14360e618	tflocus_04dc910e220e4ee1	chr2R	25223025	25223067	3	CT	0	435	0	16	0	0	16	419	0	0	25223025	25223067	0	0
tfsite_d6a4f6f14360e618	tflocus_04dc910e220e4ee1	chr2R	25223025	25223067	3	GA	2	354	2	18	2	0	16	336	0.00564971751412	0.111111111111	25223025	25223067	3	2
tfsite_3ce4357afbf25fa6	tflocus_04dc910e220e4ee1	chr2R	25223037	25223065	4	CT	0	443	0	21	0	0	21	422	0	0	25223037	25223065	0	0
tfsite_3ce4357afbf25fa6	tflocus_04dc910e220e4ee1	chr2R	25223037	25223065	4	GA	1	352	1	23	1	0	22	329	0.00284090909091	0.0434782608696	25223037	25223065	0	0
tfsite_1585af7e2de19455	tflocus_04dc910e220e4ee1	chr2R	25223042	25223063	5	CT	2	444	2	26	2	0	24	418	0.0045045045045	0.0769230769231	25223042	25223063	0	0
tfsite_1585af7e2de19455	tflocus_04dc910e220e4ee1	chr2R	25223042	25223063	5	GA	1	353	1	23	1	0	22	330	0.0028328611898	0.0434782608696	25223049	25223061	0	0
tfsite_d952eedfc58c92d3	tflocus_82b8ac4a096b9a7f	chr2R	25223042	25223110	1	CT	2	441	2	17	2	0	15	424	0.00453514739229	0.117647058824	25223042	25223110	0	0
tfsite_d952eedfc58c92d3	tflocus_82b8ac4a096b9a7f	chr2R	25223042	25223110	1	GA	0	352	0	10	0	0	10	342	0	0	25223042	25223110	0	0
tfsite_fc41aaaed852c2b3	tflocus_e349a7ffcc0edf99	chr2R	25223056	25223072	1	CT	1	443	1	30	1	0	29	413	0.00225733634312	0.0333333333333	25223056	25223072	0	0
tfsite_fc41aaaed852c2b3	tflocus_e349a7ffcc0edf99	chr2R	25223056	25223072	1	GA	0	352	0	20	0	0	20	332	0	0	25223056	25223072	0	0
tfsite_45cc24d23aab4582	tflocus_82b8ac4a096b9a7f	chr2R	25223064	25223101	2	CT	1	437	1	21	1	0	20	416	0.00228832951945	0.047619047619	25223064	25223101	0	0
tfsite_45cc24d23aab4582	tflocus_82b8ac4a096b9a7f	chr2R	25223064	25223101	2	GA	0	346	0	17	0	0	17	329	0	0	25223064	25223101	0	0
tfsite_affebf8574fff3a2	tflocus_22ecc1ead0da804e	chr2R	25223089	25223100	1	CT	0	431	0	32	0	0	32	399	0	0	25223089	25223100	0	0
tfsite_affebf8574fff3a2	tflocus_22ecc1ead0da804e	chr2R	25223089	25223100	1	GA	1	345	1	29	1	0	28	316	0.00289855072464	0.0344827586207	25223089	25223100	0	0
tfsite_21fb524d621f4944	tflocus_e0c8d6017e7bc47a	chr2R	25223089	25223158	1	CT	2	434	2	20	2	0	18	414	0.00460829493088	0.1	25223089	25223158	0	0.5
tfsite_21fb524d621f4944	tflocus_e0c8d6017e7bc47a	chr2R	25223089	25223158	1	GA	0	348	0	8	0	0	8	340	0	0	25223089	25223158	0	0
tfsite_15b2b6410eaf6e59	tflocus_a69db023e9684730	chr2R	25223090	25223140	1	CT	1	435	1	22	1	0	21	413	0.00229885057471	0.0454545454545	25223090	25223140	0	0
tfsite_15b2b6410eaf6e59	tflocus_a69db023e9684730	chr2R	25223090	25223140	1	GA	0	344	0	11	0	0	11	333	0	0	25223090	25223140	0	0
tfsite_28eca78ca90c8914	tflocus_b10388b221115304	chr2R	25223105	25223173	1	CT	0	437	0	16	0	0	16	421	0	0	25223105	25223173	0	0
tfsite_28eca78ca90c8914	tflocus_b10388b221115304	chr2R	25223105	25223173	1	GA	1	349	1	6	1	0	5	343	0.00286532951289	0.166666666667	25223105	25223173	0	0
tfsite_040913ea95c54dc2	tflocus_a69db023e9684730	chr2R	25223106	25223114	2	CT	0	443	0	31	0	0	31	412	0	0	25223106	25223114	0	0
tfsite_040913ea95c54dc2	tflocus_a69db023e9684730	chr2R	25223106	25223114	2	GA	4	350	4	24	3	1	21	325	0.0114285714286	0.125	25223106	25223114	0.5	2
tfsite_2ee24e87911b32ce	tflocus_e0c8d6017e7bc47a	chr2R	25223108	25223131	2	CT	1	445	1	24	1	0	23	421	0.00224719101124	0.0416666666667	25223108	25223131	0	0
tfsite_2ee24e87911b32ce	tflocus_e0c8d6017e7bc47a	chr2R	25223108	25223131	2	GA	0	353	0	17	0	0	17	336	0	0	25223108	25223131	0	0
tfsite_ab57b2b22d7cffc3	tflocus_b10388b221115304	chr2R	25223116	25223158	2	CT	4	440	4	24	3	1	21	415	0.00909090909091	0.125	25223116	25223158	0	1
tfsite_ab57b2b22d7cffc3	tflocus_b10388b221115304	chr2R	25223116	25223158	2	GA	0	351	0	18	0	0	18	333	0	0	25223116	25223158	0	0
tfsite_3992d33f2ac18c56	tflocus_d60f934083e4436d	chr2R	25223134	25223180	1	CT	0	434	0	30	0	0	30	404	0	0	25223134	25223180	0	0
tfsite_3992d33f2ac18c56	tflocus_d60f934083e4436d	chr2R	25223134	25223180	1	GA	1	344	1	12	1	0	11	332	0.00290697674419	0.0833333333333	25223134	25223180	0	0
tfsite_471430908b91ec83	tflocus_d60f934083e4436d	chr2R	25223136	25223163	2	CT	0	437	0	34	0	0	34	403	0	0	25223136	25223163	0	0
tfsite_471430908b91ec83	tflocus_d60f934083e4436d	chr2R	25223136	25223163	2	GA	2	345	2	23	2	0	21	322	0.00579710144928	0.0869565217391	25223136	25223163	2	0
tfsite_5c8b47f404904ca8	tflocus_685a53d7425fa6b7	chr2R	25223163	25223180	1	CT	4	435	4	50	4	0	46	385	0.00919540229885	0.08	25223163	25223180	0	2.5
tfsite_5c8b47f404904ca8	tflocus_685a53d7425fa6b7	chr2R	25223163	25223180	1	GA	0	342	0	21	0	0	21	321	0	0	25223163	25223180	0	0
tfsite_f07e1d92328f7d0f	tflocus_685a53d7425fa6b7	chr2R	25223163	25223197	2	CT	1	439	2	35	1	1	34	403	0.00455580865604	0.0285714285714	25223163	25223197	0	0
tfsite_f07e1d92328f7d0f	tflocus_685a53d7425fa6b7	chr2R	25223163	25223197	2	GA	0	349	0	17	0	0	17	332	0	0	25223163	25223197	0	0
tfsite_308403b84c2bf530	tflocus_a308de599a726c3c	chr2R	25223182	25223197	1	CT	4	444	9	48	5	4	43	392	0.0202702702703	0.104166666667	25223182	25223197	1	0
tfsite_308403b84c2bf530	tflocus_a308de599a726c3c	chr2R	25223182	25223197	1	GA	2	353	2	19	2	0	17	334	0.0056657223796	0.105263157895	25223183	25223199	3.5	3.5
tfsite_ae1afeeee2833924	tflocus_06b82cb1dce3ebe4	chr2R	25223194	25223218	1	CT	0	440	1	41	0	1	41	398	0.00227272727273	0	25223194	25223218	0	0
tfsite_ae1afeeee2833924	tflocus_06b82cb1dce3ebe4	chr2R	25223194	25223218	1	GA	1	356	1	19	1	0	18	337	0.00280898876404	0.0526315789474	25223194	25223218	0	0
tfsite_742ef1930df9860e	tflocus_38f9c9c3320d11c8	chr2R	25223201	25223242	1	CT	1	441	1	32	1	0	31	409	0.00226757369615	0.03125	25223195	25223243	0	0
tfsite_742ef1930df9860e	tflocus_38f9c9c3320d11c8	chr2R	25223201	25223242	1	GA	1	355	1	7	1	0	6	348	0.00281690140845	0.142857142857	25223206	25223241	0	0
tfsite_e3620cbd456076f8	tflocus_b8c5f97e84e83862	chr2R	25223209	25223268	1	CT	0	438	0	7	0	0	7	431	0	0	25223209	25223268	0	0
tfsite_e3620cbd456076f8	tflocus_b8c5f97e84e83862	chr2R	25223209	25223268	1	GA	1	354	1	7	1	0	6	347	0.00282485875706	0.142857142857	25223209	25223268	0	0
tfsite_809a68ffc4cdf9ae	tflocus_b8c5f97e84e83862	chr2R	25223223	25223253	2	CT	1	432	1	34	1	0	33	398	0.00231481481481	0.0294117647059	25223223	25223253	0	0
tfsite_809a68ffc4cdf9ae	tflocus_b8c5f97e84e83862	chr2R	25223223	25223253	2	GA	0	346	0	10	0	0	10	336	0	0	25223223	25223253	0	0
tfsite_5fff0bc169d79edc	tflocus_623de8961ec9822f	chr2R	25223228	25223292	1	CT	0	438	0	7	0	0	7	431	0	0	25223228	25223292	0	0
tfsite_5fff0bc169d79edc	tflocus_623de8961ec9822f	chr2R	25223228	25223292	1	GA	1	351	1	7	1	0	6	344	0.002849002849	0.142857142857	25223228	25223292	0	0
tfsite_feafb55c58825916	tflocus_f513fc192c8eb2ff	chr2R	25223285	25223342	1	CT	0	436	0	3	0	0	3	433	0	0	25223285	25223342	0	0
tfsite_feafb55c58825916	tflocus_f513fc192c8eb2ff	chr2R	25223285	25223342	1	GA	1	352	1	10	1	0	9	342	0.00284090909091	0.1	25223285	25223342	0	0
tfsite_c12ec5292195145a	tflocus_f513fc192c8eb2ff	chr2R	25223299	25223310	2	CT	2	435	2	16	2	0	14	419	0.00459770114943	0.125	25223299	25223310	2.5	3
tfsite_c12ec5292195145a	tflocus_f513fc192c8eb2ff	chr2R	25223299	25223310	2	GA	0	347	0	34	0	0	34	313	0	0	25223299	25223310	0	0
tfsite_7a9fc5812291bf17	tflocus_25906ea605b1955f	chr2R	25223334	25223404	1	CT	0	446	0	4	0	0	4	442	0	0	25223334	25223404	0	0
tfsite_7a9fc5812291bf17	tflocus_25906ea605b1955f	chr2R	25223334	25223404	1	GA	1	356	1	12	1	0	11	344	0.00280898876404	0.0833333333333	25223334	25223404	0	0
tfsite_573bb6b10f9ebe44	tflocus_bbbd4249a9f0a0bd	chr2R	25223385	25223430	1	CT	1	449	1	23	1	0	22	426	0.0022271714922	0.0434782608696	25223385	25223430	0	0
tfsite_573bb6b10f9ebe44	tflocus_bbbd4249a9f0a0bd	chr2R	25223385	25223430	1	GA	0	354	0	14	0	0	14	340	0	0	25223385	25223430	0	0
tfsite_2c85a232eae1e368	tflocus_0bb1dd3c0b70e328	chr2R	25223386	25223405	1	CT	0	442	0	40	0	0	40	402	0	0	25223386	25223405	0	0
tfsite_2c85a232eae1e368	tflocus_0bb1dd3c0b70e328	chr2R	25223386	25223405	1	GA	2	353	3	30	3	0	27	323	0.00849858356941	0.1	25223386	25223405	5	0.5
tfsite_702bbf0ea90192fd	tflocus_e66a758ff5a022e2	chr2R	25223403	25223470	1	CT	0	444	0	9	0	0	9	435	0	0	25223403	25223470	0	0
tfsite_702bbf0ea90192fd	tflocus_e66a758ff5a022e2	chr2R	25223403	25223470	1	GA	1	351	1	7	1	0	6	344	0.002849002849	0.142857142857	25223403	25223470	0	0
tfsite_2bd6292069ea3a38	tflocus_bb41403b846bdd40	chr2R	25223411	25223437	1	CT	1	449	1	27	1	0	26	422	0.0022271714922	0.037037037037	25223411	25223437	0	0
tfsite_2bd6292069ea3a38	tflocus_bb41403b846bdd40	chr2R	25223411	25223437	1	GA	0	352	0	16	0	0	16	336	0	0	25223411	25223437	0	0
tfsite_21fb4eb2cadfde94	tflocus_f43ee196c5e72569	chr2R	25223415	25223487	1	CT	0	442	0	7	0	0	7	435	0	0	25223415	25223487	0	0
tfsite_21fb4eb2cadfde94	tflocus_f43ee196c5e72569	chr2R	25223415	25223487	1	GA	1	349	1	7	0	1	7	341	0.00286532951289	0	25223415	25223487	0	0
tfsite_bb52307b190795a0	tflocus_f43ee196c5e72569	chr2R	25223433	25223489	2	CT	1	435	1	9	1	0	8	426	0.00229885057471	0.111111111111	25223429	25223490	0	0
tfsite_bb52307b190795a0	tflocus_f43ee196c5e72569	chr2R	25223433	25223489	2	GA	1	343	1	9	1	0	8	334	0.00291545189504	0.111111111111	25223436	25223487	0	0
tfsite_5ec7ef3a04c321eb	tflocus_f43ee196c5e72569	chr2R	25223437	25223473	3	CT	1	445	1	13	1	0	12	432	0.00224719101124	0.0769230769231	25223437	25223473	0	0
tfsite_5ec7ef3a04c321eb	tflocus_f43ee196c5e72569	chr2R	25223437	25223473	3	GA	0	343	0	10	0	0	10	333	0	0	25223437	25223473	0	0
tfsite_52c97330ea2cbad3	tflocus_e66a758ff5a022e2	chr2R	25223439	25223453	2	CT	1	444	1	19	1	0	18	425	0.00225225225225	0.0526315789474	25223439	25223453	0	0
tfsite_52c97330ea2cbad3	tflocus_e66a758ff5a022e2	chr2R	25223439	25223453	2	GA	0	351	0	15	0	0	15	336	0	0	25223439	25223453	0	0
tfsite_4d9608d6eb9d911c	tflocus_e75a8f9b2cadbd7c	chr2R	25223451	25223512	1	CT	0	440	0	8	0	0	8	432	0	0	25223451	25223512	0	0
tfsite_4d9608d6eb9d911c	tflocus_e75a8f9b2cadbd7c	chr2R	25223451	25223512	1	GA	1	338	1	5	1	0	4	333	0.00295857988166	0.2	25223451	25223512	0	0
tfsite_6cc7c1174e5e6178	tflocus_e75a8f9b2cadbd7c	chr2R	25223477	25223494	2	CT	0	433	0	22	0	0	22	411	0	0	25223477	25223494	0	0
tfsite_6cc7c1174e5e6178	tflocus_e75a8f9b2cadbd7c	chr2R	25223477	25223494	2	GA	2	344	2	27	2	0	25	317	0.00581395348837	0.0740740740741	25223477	25223494	0	1
tfsite_a235599caedbb227	tflocus_c2b9fc855470e8cc	chr2R	25223480	25223528	1	CT	1	423	1	9	1	0	8	414	0.00236406619385	0.111111111111	25223480	25223528	0	0
tfsite_a235599caedbb227	tflocus_c2b9fc855470e8cc	chr2R	25223480	25223528	1	GA	0	329	0	12	0	0	12	317	0	0	25223480	25223528	0	0
tfsite_236603e30116fdc3	tflocus_c2b9fc855470e8cc	chr2R	25223482	25223509	2	CT	1	390	1	16	1	0	15	374	0.0025641025641	0.0625	25223478	25223509	0	0
tfsite_236603e30116fdc3	tflocus_c2b9fc855470e8cc	chr2R	25223482	25223509	2	GA	1	315	1	20	1	0	19	295	0.0031746031746	0.05	25223485	25223508	0	0
tfsite_f0aaaddbfa045843	tflocus_2372cb04a4482885	chr2R	25223483	25223536	1	CT	0	423	0	8	0	0	8	415	0	0	25223483	25223536	0	0
tfsite_f0aaaddbfa045843	tflocus_2372cb04a4482885	chr2R	25223483	25223536	1	GA	1	329	1	12	1	0	11	317	0.00303951367781	0.0833333333333	25223483	25223536	0	0
tfsite_4e5f3bcba3b58cdd	tflocus_2372cb04a4482885	chr2R	25223487	25223560	2	CT	1	441	1	6	1	0	5	435	0.00226757369615	0.166666666667	25223481	25223560	0	0
tfsite_4e5f3bcba3b58cdd	tflocus_2372cb04a4482885	chr2R	25223487	25223560	2	GA	1	344	1	9	1	0	8	335	0.00290697674419	0.111111111111	25223492	25223559	0	0
tfsite_270ad9ec4ee195be	tflocus_c2b9fc855470e8cc	chr2R	25223494	25223508	3	CT	1	392	1	20	1	0	19	372	0.00255102040816	0.05	25223494	25223508	0	0
tfsite_270ad9ec4ee195be	tflocus_c2b9fc855470e8cc	chr2R	25223494	25223508	3	GA	0	316	0	26	0	0	26	290	0	0	25223494	25223508	0	0
tfsite_6a7944d4fde6afbd	tflocus_2372cb04a4482885	chr2R	25223510	25223526	3	CT	2	447	2	31	2	0	29	416	0.00447427293065	0.0645161290323	25223510	25223526	1	1
tfsite_6a7944d4fde6afbd	tflocus_2372cb04a4482885	chr2R	25223510	25223526	3	GA	0	347	0	25	0	0	25	322	0	0	25223510	25223526	0	0
tfsite_010c0326c73193db	tflocus_e65221281fbc078c	chr2R	25223514	25223573	1	CT	1	448	1	9	1	0	8	439	0.00223214285714	0.111111111111	25223514	25223573	0	0
tfsite_010c0326c73193db	tflocus_e65221281fbc078c	chr2R	25223514	25223573	1	GA	0	348	0	9	0	0	9	339	0	0	25223514	25223573	0	0
tfsite_3bf3c6237a9104cf	tflocus_e65221281fbc078c	chr2R	25223529	25223553	2	CT	1	446	1	19	1	0	18	427	0.00224215246637	0.0526315789474	25223529	25223553	0	0
tfsite_3bf3c6237a9104cf	tflocus_e65221281fbc078c	chr2R	25223529	25223553	2	GA	0	355	0	17	0	0	17	338	0	0	25223529	25223553	0	0
tfsite_f90cd5c00743f868	tflocus_dc90e1fa20f5e80e	chr2R	25223605	25223653	1	CT	1	443	1	9	1	0	8	434	0.00225733634312	0.111111111111	25223605	25223653	0	0
tfsite_f90cd5c00743f868	tflocus_dc90e1fa20f5e80e	chr2R	25223605	25223653	1	GA	0	354	0	3	0	0	3	351	0	0	25223605	25223653	0	0
tfsite_403154f793904862	tflocus_dc90e1fa20f5e80e	chr2R	25223611	25223626	2	CT	1	431	1	21	1	0	20	410	0.00232018561485	0.047619047619	25223611	25223626	0	0
tfsite_403154f793904862	tflocus_dc90e1fa20f5e80e	chr2R	25223611	25223626	2	GA	0	336	0	7	0	0	7	329	0	0	25223611	25223626	0	0
tfsite_2ef8ab7b2ba96a1d	tflocus_d0d539c362e60a13	chr2R	25223647	25223676	1	CT	3	446	3	24	3	0	21	422	0.0067264573991	0.125	25223647	25223676	4	0
tfsite_2ef8ab7b2ba96a1d	tflocus_d0d539c362e60a13	chr2R	25223647	25223676	1	GA	1	353	1	10	1	0	9	343	0.0028328611898	0.1	25223644	25223677	0	0
tfsite_00b2b4d7120ebfc2	tflocus_4074070ad895a8b5	chr2R	25223653	25223702	1	CT	0	445	0	11	0	0	11	434	0	0	25223653	25223702	0	0
tfsite_00b2b4d7120ebfc2	tflocus_4074070ad895a8b5	chr2R	25223653	25223702	1	GA	1	352	1	8	1	0	7	344	0.00284090909091	0.125	25223653	25223702	0	0
tfsite_51a053b60b37cff4	tflocus_d0d539c362e60a13	chr2R	25223654	25223674	2	CT	1	447	1	28	1	0	27	419	0.00223713646532	0.0357142857143	25223654	25223674	0	0
tfsite_51a053b60b37cff4	tflocus_d0d539c362e60a13	chr2R	25223654	25223674	2	GA	0	354	0	13	0	0	13	341	0	0	25223654	25223674	0	0
tfsite_6d6b75dc40df1165	tflocus_4074070ad895a8b5	chr2R	25223655	25223690	2	CT	2	445	2	14	2	0	12	431	0.00449438202247	0.142857142857	25223655	25223690	3	0.5
tfsite_6d6b75dc40df1165	tflocus_4074070ad895a8b5	chr2R	25223655	25223690	2	GA	0	352	0	10	0	0	10	342	0	0	25223655	25223690	0	0
tfsite_56ee42a669233944	tflocus_7e5271c2750e69be	chr2R	25223667	25223722	1	CT	1	447	1	11	1	0	10	436	0.00223713646532	0.0909090909091	25223667	25223722	0	0
tfsite_56ee42a669233944	tflocus_7e5271c2750e69be	chr2R	25223667	25223722	1	GA	0	349	0	4	0	0	4	345	0	0	25223667	25223722	0	0
tfsite_27ecaa14828c57d3	tflocus_7e5271c2750e69be	chr2R	25223680	25223699	2	CT	1	446	1	21	1	0	20	425	0.00224215246637	0.047619047619	25223680	25223699	0	0
tfsite_27ecaa14828c57d3	tflocus_7e5271c2750e69be	chr2R	25223680	25223699	2	GA	0	352	0	17	0	0	17	335	0	0	25223680	25223699	0	0
tfsite_0c6a349b96f6a8cc	tflocus_df991d8051606c81	chr2R	25223719	25223764	1	CT	1	443	1	5	1	0	4	438	0.00225733634312	0.2	25223719	25223764	0	0
tfsite_0c6a349b96f6a8cc	tflocus_df991d8051606c81	chr2R	25223719	25223764	1	GA	0	352	0	5	0	0	5	347	0	0	25223719	25223764	0	0
tfsite_60d1e002fc4b5c55	tflocus_df991d8051606c81	chr2R	25223722	25223781	2	CT	1	441	1	6	1	0	5	435	0.00226757369615	0.166666666667	25223722	25223781	0	0
tfsite_60d1e002fc4b5c55	tflocus_df991d8051606c81	chr2R	25223722	25223781	2	GA	0	352	0	2	0	0	2	350	0	0	25223722	25223781	0	0
tfsite_0b9fc1cd974b52ac	tflocus_f773975f8375772a	chr2R	25223739	25223789	1	CT	1	443	1	8	1	0	7	435	0.00225733634312	0.125	25223739	25223789	0	0
tfsite_0b9fc1cd974b52ac	tflocus_f773975f8375772a	chr2R	25223739	25223789	1	GA	0	353	0	6	0	0	6	347	0	0	25223739	25223789	0	0
tfsite_d40980b345e10609	tflocus_f773975f8375772a	chr2R	25223763	25223772	2	CT	1	435	1	10	1	0	9	425	0.00229885057471	0.1	25223763	25223772	0	0
tfsite_d40980b345e10609	tflocus_f773975f8375772a	chr2R	25223763	25223772	2	GA	0	351	0	10	0	0	10	341	0	0	25223763	25223772	0	0
tfsite_8d21a0023c935242	tflocus_fa45799247e5fbb1	chr2R	25223813	25223893	1	CT	0	441	0	5	0	0	5	436	0	0	25223813	25223893	0	0
tfsite_8d21a0023c935242	tflocus_fa45799247e5fbb1	chr2R	25223813	25223893	1	GA	1	353	1	0	0	1	0	352	0.0028328611898	.	25223813	25223893	0	0
tfsite_24e1b0a4a138546a	tflocus_dfabd5b18b76bd6e	chr2R	25223814	25223820	1	CT	4	444	4	33	4	0	29	411	0.00900900900901	0.121212121212	25223814	25223820	0	0
tfsite_24e1b0a4a138546a	tflocus_dfabd5b18b76bd6e	chr2R	25223814	25223820	1	GA	0	355	0	8	0	0	8	347	0	0	25223814	25223820	0	0
tfsite_8f1d76b2c45a0089	tflocus_fa4e34a8096d88ff	chr2R	25223814	25223856	1	CT	1	440	1	17	1	0	16	423	0.00227272727273	0.0588235294118	25223814	25223856	0	0
tfsite_8f1d76b2c45a0089	tflocus_fa4e34a8096d88ff	chr2R	25223814	25223856	1	GA	0	350	0	7	0	0	7	343	0	0	25223814	25223856	0	0
tfsite_ffe66ed199b4a490	tflocus_fa4e34a8096d88ff	chr2R	25223819	25223838	2	CT	1	436	1	26	1	0	25	410	0.00229357798165	0.0384615384615	25223819	25223838	0	0
tfsite_ffe66ed199b4a490	tflocus_fa4e34a8096d88ff	chr2R	25223819	25223838	2	GA	0	347	0	7	0	0	7	340	0	0	25223819	25223838	0	0
tfsite_b895a5441fe22dac	tflocus_fa4e34a8096d88ff	chr2R	25223831	25223851	3	CT	1	445	1	25	1	0	24	420	0.00224719101124	0.04	25223831	25223851	0	0
tfsite_b895a5441fe22dac	tflocus_fa4e34a8096d88ff	chr2R	25223831	25223851	3	GA	0	354	0	7	0	0	7	347	0	0	25223831	25223851	0	0
tfsite_113e05e901623cc0	tflocus_3edf5c2eb17e7a0b	chr2R	25223852	25223880	1	CT	1	440	1	12	1	0	11	428	0.00227272727273	0.0833333333333	25223852	25223880	0	0
tfsite_113e05e901623cc0	tflocus_3edf5c2eb17e7a0b	chr2R	25223852	25223880	1	GA	0	354	0	0	0	0	0	354	0	.	25223852	25223880	0	0
tfsite_1120c4857674690c	tflocus_ad2fc39d1a7fb8fd	chr2R	25223863	25223944	1	CT	1	442	1	5	0	1	5	436	0.00226244343891	0	25223863	25223944	0	0
tfsite_1120c4857674690c	tflocus_ad2fc39d1a7fb8fd	chr2R	25223863	25223944	1	GA	0	351	0	0	0	0	0	351	0	.	25223863	25223944	0	0
tfsite_46e2f042b4b78638	tflocus_fe62aac9cf8108ef	chr2R	25223886	25223952	1	CT	1	446	1	6	1	0	5	440	0.00224215246637	0.166666666667	25223885	25223947	0	0
tfsite_46e2f042b4b78638	tflocus_fe62aac9cf8108ef	chr2R	25223886	25223952	1	GA	1	354	1	0	0	1	0	353	0.00282485875706	.	25223886	25223956	0	0
tfsite_b86ccbbae2305ebc	tflocus_fe62aac9cf8108ef	chr2R	25223887	25223935	2	CT	1	442	1	12	1	0	11	430	0.00226244343891	0.0833333333333	25223887	25223935	0	0
tfsite_b86ccbbae2305ebc	tflocus_fe62aac9cf8108ef	chr2R	25223887	25223935	2	GA	0	354	0	0	0	0	0	354	0	.	25223887	25223935	0	0
tfsite_9af7b98e89efed78	tflocus_7b2a1d3bdf3836cb	chr2R	25223938	25223970	1	CT	0	435	0	6	0	0	6	429	0	0	25223938	25223970	0	0
tfsite_9af7b98e89efed78	tflocus_7b2a1d3bdf3836cb	chr2R	25223938	25223970	1	GA	1	347	1	5	1	0	4	342	0.0028818443804	0.2	25223938	25223970	0	0
tfsite_b158c8cd42d61d73	tflocus_84fa65ce8e8e3af0	chr2R	25223962	25223975	1	CT	4	443	4	14	4	0	10	429	0.00902934537246	0.285714285714	25223962	25223975	0	0
tfsite_b158c8cd42d61d73	tflocus_84fa65ce8e8e3af0	chr2R	25223962	25223975	1	GA	0	356	0	6	0	0	6	350	0	0	25223962	25223975	0	0
tfsite_bc8b0917295fbc51	tflocus_84fa65ce8e8e3af0	chr2R	25223963	25223992	2	CT	1	441	1	12	1	0	11	429	0.00226757369615	0.0833333333333	25223963	25223992	0	0
tfsite_bc8b0917295fbc51	tflocus_84fa65ce8e8e3af0	chr2R	25223963	25223992	2	GA	0	356	0	4	0	0	4	352	0	0	25223963	25223992	0	0
tfsite_6ad50204da4e06dc	tflocus_7732e3f56e51fdbd	chr2R	25223969	25224009	1	CT	1	441	1	12	1	0	11	429	0.00226757369615	0.0833333333333	25223969	25224009	0	0
tfsite_6ad50204da4e06dc	tflocus_7732e3f56e51fdbd	chr2R	25223969	25224009	1	GA	0	356	0	5	0	0	5	351	0	0	25223969	25224009	0	0
tfsite_00e95674f77f1d39	tflocus_30c7f62a0865bfd5	chr2R	25223990	25224014	1	CT	0	441	0	17	0	0	17	424	0	0	25223990	25224014	0	0
tfsite_00e95674f77f1d39	tflocus_30c7f62a0865bfd5	chr2R	25223990	25224014	1	GA	1	354	1	10	1	0	9	344	0.00282485875706	0.1	25223990	25224014	0	0
tfsite_739e4c8df6ae24e5	tflocus_3114de1f9bde636e	chr2R	25224004	25224051	1	CT	0	431	0	13	0	0	13	418	0	0	25224004	25224051	0	0
tfsite_739e4c8df6ae24e5	tflocus_3114de1f9bde636e	chr2R	25224004	25224051	1	GA	1	354	1	5	0	1	5	348	0.00282485875706	0	25224004	25224051	0	0
tfsite_a99789e80a1812b7	tflocus_3114de1f9bde636e	chr2R	25224021	25224053	2	CT	1	435	1	12	1	0	11	423	0.00229885057471	0.0833333333333	25224021	25224053	0	0
tfsite_a99789e80a1812b7	tflocus_3114de1f9bde636e	chr2R	25224021	25224053	2	GA	0	352	0	13	0	0	13	339	0	0	25224021	25224053	0	0
tfsite_0c178c676f68167e	tflocus_a8b3c1cd484460e0	chr2R	25224047	25224062	1	CT	2	433	2	18	2	0	16	415	0.00461893764434	0.111111111111	25224047	25224062	0	0.5
tfsite_0c178c676f68167e	tflocus_a8b3c1cd484460e0	chr2R	25224047	25224062	1	GA	1	350	1	19	1	0	18	331	0.00285714285714	0.0526315789474	25224042	25224073	0	0
tfsite_61e484f4ad82bbef	tflocus_8d2643625fcdf6a5	chr2R	25224047	25224113	1	CT	3	444	3	8	3	0	5	436	0.00675675675676	0.375	25224047	25224113	0	0
tfsite_61e484f4ad82bbef	tflocus_8d2643625fcdf6a5	chr2R	25224047	25224113	1	GA	1	355	1	5	1	0	4	350	0.00281690140845	0.2	25224046	25224108	0	0
tfsite_0764b0847b423579	tflocus_6d4b8193caebe65f	chr2R	25224057	25224128	1	CT	1	441	1	9	0	1	9	431	0.00226757369615	0	25224052	25224128	0	0
tfsite_0764b0847b423579	tflocus_6d4b8193caebe65f	chr2R	25224057	25224128	1	GA	1	354	1	2	1	0	1	352	0.00282485875706	0.5	25224061	25224128	0	0
tfsite_895240cc7a13557b	tflocus_8d2643625fcdf6a5	chr2R	25224068	25224097	2	CT	1	444	1	24	1	0	23	420	0.00225225225225	0.0416666666667	25224068	25224097	0	0
tfsite_895240cc7a13557b	tflocus_8d2643625fcdf6a5	chr2R	25224068	25224097	2	GA	0	357	0	8	0	0	8	349	0	0	25224068	25224097	0	0
tfsite_cadcf99cfb39ebfd	tflocus_8d2643625fcdf6a5	chr2R	25224069	25224082	3	CT	0	444	0	35	0	0	35	409	0	0	25224069	25224082	0	0
tfsite_cadcf99cfb39ebfd	tflocus_8d2643625fcdf6a5	chr2R	25224069	25224082	3	GA	1	357	1	15	1	0	14	342	0.00280112044818	0.0666666666667	25224069	25224082	0	0
tfsite_6b78c3205f376229	tflocus_6d4b8193caebe65f	chr2R	25224075	25224100	2	CT	0	443	0	26	0	0	26	417	0	0	25224075	25224100	0	0
tfsite_6b78c3205f376229	tflocus_6d4b8193caebe65f	chr2R	25224075	25224100	2	GA	1	357	1	9	1	0	8	348	0.00280112044818	0.111111111111	25224075	25224100	0	0
tfsite_7d6b82a0c8702c41	tflocus_95af88a854ab8c0d	chr2R	25224087	25224124	1	CT	1	437	1	22	1	0	21	415	0.00228832951945	0.0454545454545	25224087	25224124	0	0
tfsite_7d6b82a0c8702c41	tflocus_95af88a854ab8c0d	chr2R	25224087	25224124	1	GA	0	354	0	5	0	0	5	349	0	0	25224087	25224124	0	0
tfsite_20d10db287be8a38	tflocus_3c991d954f889c38	chr2R	25224128	25224191	1	CT	1	439	1	25	1	0	24	414	0.00227790432802	0.04	25224128	25224191	0	0
tfsite_20d10db287be8a38	tflocus_3c991d954f889c38	chr2R	25224128	25224191	1	GA	0	351	0	7	0	0	7	344	0	0	25224128	25224191	0	0
tfsite_bc5b615eb241f217	tflocus_3c991d954f889c38	chr2R	25224131	25224172	2	CT	1	442	1	29	1	0	28	413	0.00226244343891	0.0344827586207	25224131	25224166	0	0
tfsite_bc5b615eb241f217	tflocus_3c991d954f889c38	chr2R	25224131	25224172	2	GA	1	356	1	8	0	1	8	347	0.00280898876404	0	25224130	25224178	0	0
tfsite_75cca0fbaf2bb334	tflocus_2c78ad4d47dc68ff	chr2R	25224142	25224206	1	CT	3	436	3	15	3	0	12	421	0.00688073394495	0.2	25224142	25224206	0	0
tfsite_75cca0fbaf2bb334	tflocus_2c78ad4d47dc68ff	chr2R	25224142	25224206	1	GA	1	354	1	7	1	0	6	347	0.00282485875706	0.142857142857	25224135	25224218	0	0
tfsite_1655e760a4208cde	tflocus_3c991d954f889c38	chr2R	25224151	25224162	3	CT	1	443	1	52	1	0	51	391	0.00225733634312	0.0192307692308	25224151	25224162	0	0
tfsite_1655e760a4208cde	tflocus_3c991d954f889c38	chr2R	25224151	25224162	3	GA	0	355	0	20	0	0	20	335	0	0	25224151	25224162	0	0
tfsite_7807ecb5d40d25c1	tflocus_2c78ad4d47dc68ff	chr2R	25224155	25224187	2	CT	1	438	1	37	1	0	36	401	0.00228310502283	0.027027027027	25224155	25224187	0	0
tfsite_7807ecb5d40d25c1	tflocus_2c78ad4d47dc68ff	chr2R	25224155	25224187	2	GA	0	352	0	15	0	0	15	337	0	0	25224155	25224187	0	0
tfsite_b7a7f290f3a76c5c	tflocus_99cec673b03408e4	chr2R	25224157	25224213	1	CT	2	437	2	19	2	0	17	418	0.0045766590389	0.105263157895	25224157	25224213	2.5	0.5
tfsite_b7a7f290f3a76c5c	tflocus_99cec673b03408e4	chr2R	25224157	25224213	1	GA	2	353	2	10	2	0	8	343	0.0056657223796	0.2	25224155	25224215	5.5	4.5
tfsite_5d67b185d1267e8f	tflocus_a373109b0544f5ac	chr2R	25224160	25224231	1	CT	1	440	1	15	1	0	14	425	0.00227272727273	0.0666666666667	25224160	25224231	0	0
tfsite_5d67b185d1267e8f	tflocus_a373109b0544f5ac	chr2R	25224160	25224231	1	GA	0	356	0	7	0	0	7	349	0	0	25224160	25224231	0	0
tfsite_640aed5f422dc8ba	tflocus_99cec673b03408e4	chr2R	25224174	25224190	2	CT	1	439	1	45	1	0	44	394	0.00227790432802	0.0222222222222	25224174	25224190	0	0
tfsite_640aed5f422dc8ba	tflocus_99cec673b03408e4	chr2R	25224174	25224190	2	GA	0	347	0	22	0	0	22	325	0	0	25224174	25224190	0	0
tfsite_9fa69bed717d543e	tflocus_a373109b0544f5ac	chr2R	25224176	25224205	2	CT	1	438	1	22	1	0	21	416	0.00228310502283	0.0454545454545	25224176	25224205	0	0
tfsite_9fa69bed717d543e	tflocus_a373109b0544f5ac	chr2R	25224176	25224205	2	GA	0	352	0	15	0	0	15	337	0	0	25224176	25224205	0	0
tfsite_bebf6fb0153b919d	tflocus_2b41921c753e36ac	chr2R	25224189	25224254	1	CT	0	440	0	9	0	0	9	431	0	0	25224189	25224254	0	0
tfsite_bebf6fb0153b919d	tflocus_2b41921c753e36ac	chr2R	25224189	25224254	1	GA	1	354	1	1	0	1	1	352	0.00282485875706	0	25224189	25224254	0	0
tfsite_35348efe3e7e80e3	tflocus_a9f34694d5b0bbea	chr2R	25224190	25224225	1	CT	0	437	0	24	0	0	24	413	0	0	25224190	25224225	0	0
tfsite_35348efe3e7e80e3	tflocus_a9f34694d5b0bbea	chr2R	25224190	25224225	1	GA	1	355	1	14	1	0	13	341	0.00281690140845	0.0714285714286	25224190	25224225	0	0
tfsite_5717c51867e5b902	tflocus_a373109b0544f5ac	chr2R	25224191	25224213	3	CT	1	441	1	32	1	0	31	409	0.00226757369615	0.03125	25224191	25224213	0	0
tfsite_5717c51867e5b902	tflocus_a373109b0544f5ac	chr2R	25224191	25224213	3	GA	0	359	0	21	0	0	21	338	0	0	25224191	25224213	0	0
tfsite_837170b55046e4f6	tflocus_a9f34694d5b0bbea	chr2R	25224196	25224211	2	CT	1	442	1	40	1	0	39	402	0.00226244343891	0.025	25224196	25224211	0	0
tfsite_837170b55046e4f6	tflocus_a9f34694d5b0bbea	chr2R	25224196	25224211	2	GA	0	358	0	30	0	0	30	328	0	0	25224196	25224211	0	0
tfsite_5b0084384ee7c153	tflocus_a9f34694d5b0bbea	chr2R	25224204	25224216	3	CT	0	443	0	36	0	0	36	407	0	0	25224204	25224216	0	0
tfsite_5b0084384ee7c153	tflocus_a9f34694d5b0bbea	chr2R	25224204	25224216	3	GA	5	357	5	28	4	1	24	328	0.0140056022409	0.142857142857	25224204	25224216	0	0
tfsite_32b970d99149f9e6	tflocus_2b41921c753e36ac	chr2R	25224204	25224241	2	CT	2	439	2	15	0	2	15	422	0.00455580865604	0	25224204	25224241	1.5	0
tfsite_32b970d99149f9e6	tflocus_2b41921c753e36ac	chr2R	25224204	25224241	2	GA	0	354	0	8	0	0	8	346	0	0	25224204	25224241	0	0
tfsite_f4672ec8c3934bcd	tflocus_2b41921c753e36ac	chr2R	25224205	25224231	3	CT	1	442	1	25	1	0	24	417	0.00226244343891	0.04	25224205	25224231	0	0
tfsite_f4672ec8c3934bcd	tflocus_2b41921c753e36ac	chr2R	25224205	25224231	3	GA	0	357	0	17	0	0	17	340	0	0	25224205	25224231	0	0
tfsite_c749d9cd888a5ee7	tflocus_78f1d860714ba0fd	chr2R	25224297	25224328	1	CT	0	440	0	9	0	0	9	431	0	0	25224297	25224328	0	0
tfsite_c749d9cd888a5ee7	tflocus_78f1d860714ba0fd	chr2R	25224297	25224328	1	GA	1	349	1	13	0	1	13	335	0.00286532951289	0	25224297	25224328	0	0
tfsite_1b702a2d5dd823ed	tflocus_85df4ff2475750e7	chr2R	25224320	25224385	1	CT	1	444	1	11	1	0	10	433	0.00225225225225	0.0909090909091	25224320	25224385	0	0
tfsite_1b702a2d5dd823ed	tflocus_85df4ff2475750e7	chr2R	25224320	25224385	1	GA	0	353	0	3	0	0	3	350	0	0	25224320	25224385	0	0
tfsite_e15cdbe8b337a06f	tflocus_3effc03904cb6a74	chr2R	25224321	25224336	1	CT	3	441	3	26	3	0	23	415	0.00680272108844	0.115384615385	25224321	25224336	0	0
tfsite_e15cdbe8b337a06f	tflocus_3effc03904cb6a74	chr2R	25224321	25224336	1	GA	0	353	0	14	0	0	14	339	0	0	25224321	25224336	0	0
tfsite_28179b6abcc3393d	tflocus_45176211c8f31112	chr2R	25224326	25224411	1	CT	0	440	0	7	0	0	7	433	0	0	25224326	25224411	0	0
tfsite_28179b6abcc3393d	tflocus_45176211c8f31112	chr2R	25224326	25224411	1	GA	1	354	1	4	0	1	4	349	0.00282485875706	0	25224326	25224411	0	0
tfsite_76691b0c797fa4ea	tflocus_85df4ff2475750e7	chr2R	25224335	25224347	2	CT	2	442	2	31	2	0	29	411	0.00452488687783	0.0645161290323	25224335	25224347	0	0
tfsite_76691b0c797fa4ea	tflocus_85df4ff2475750e7	chr2R	25224335	25224347	2	GA	0	356	0	28	0	0	28	328	0	0	25224335	25224347	0	0
tfsite_d3c99e99a99c8adb	tflocus_85df4ff2475750e7	chr2R	25224335	25224361	3	CT	1	441	1	24	1	0	23	417	0.00226757369615	0.0416666666667	25224335	25224361	0	0
tfsite_d3c99e99a99c8adb	tflocus_85df4ff2475750e7	chr2R	25224335	25224361	3	GA	0	353	0	17	0	0	17	336	0	0	25224335	25224361	0	0
tfsite_f426a2238286e11d	tflocus_45176211c8f31112	chr2R	25224356	25224379	2	CT	1	442	1	22	1	0	21	420	0.00226244343891	0.0454545454545	25224356	25224379	0	0
tfsite_f426a2238286e11d	tflocus_45176211c8f31112	chr2R	25224356	25224379	2	GA	0	356	0	25	0	0	25	331	0	0	25224356	25224379	0	0
tfsite_89d49a57d2c9467d	tflocus_4ebc2e168c511f2c	chr2R	25224360	25224413	1	CT	1	438	1	14	1	0	13	424	0.00228310502283	0.0714285714286	25224360	25224413	0	0
tfsite_89d49a57d2c9467d	tflocus_4ebc2e168c511f2c	chr2R	25224360	25224413	1	GA	0	353	0	14	0	0	14	339	0	0	25224360	25224413	0	0
tfsite_200e14d4822bb8bc	tflocus_45176211c8f31112	chr2R	25224369	25224386	3	CT	1	444	1	30	1	0	29	414	0.00225225225225	0.0333333333333	25224369	25224386	0	0
tfsite_200e14d4822bb8bc	tflocus_45176211c8f31112	chr2R	25224369	25224386	3	GA	0	353	0	29	0	0	29	324	0	0	25224369	25224386	0	0
tfsite_e3b369e761f30be6	tflocus_e6206fdfa265ca38	chr2R	25224377	25224435	1	CT	1	438	1	18	1	0	17	420	0.00228310502283	0.0555555555556	25224377	25224435	0	0
tfsite_e3b369e761f30be6	tflocus_e6206fdfa265ca38	chr2R	25224377	25224435	1	GA	0	354	0	20	0	0	20	334	0	0	25224377	25224435	0	0
tfsite_61c3898175da73b1	tflocus_4ebc2e168c511f2c	chr2R	25224379	25224404	2	CT	1	425	2	31	2	0	29	394	0.00470588235294	0.0645161290323	25224375	25224404	0	0
tfsite_61c3898175da73b1	tflocus_4ebc2e168c511f2c	chr2R	25224379	25224404	2	GA	2	346	2	25	2	0	23	321	0.00578034682081	0.08	25224382	25224403	2.5	2.5
tfsite_145d196555878f7c	tflocus_4ebc2e168c511f2c	chr2R	25224379	25224416	3	CT	1	439	1	27	1	0	26	412	0.00227790432802	0.037037037037	25224375	25224417	0	0
tfsite_145d196555878f7c	tflocus_4ebc2e168c511f2c	chr2R	25224379	25224416	3	GA	1	351	1	23	1	0	22	328	0.002849002849	0.0434782608696	25224383	25224414	0	0
tfsite_1126b39c9fe9bc4b	tflocus_4ebc2e168c511f2c	chr2R	25224388	25224410	4	CT	0	439	0	36	0	0	36	403	0	0	25224388	25224410	0	0
tfsite_1126b39c9fe9bc4b	tflocus_4ebc2e168c511f2c	chr2R	25224388	25224410	4	GA	1	354	1	26	1	0	25	328	0.00282485875706	0.0384615384615	25224388	25224410	0	0
tfsite_93ed66746ffccdec	tflocus_96c16d3318903cdb	chr2R	25224391	25224469	1	CT	1	439	1	23	1	0	22	416	0.00227790432802	0.0434782608696	25224391	25224469	0	0
tfsite_93ed66746ffccdec	tflocus_96c16d3318903cdb	chr2R	25224391	25224469	1	GA	0	355	0	15	0	0	15	340	0	0	25224391	25224469	0	0
tfsite_6478f6227d3f1aed	tflocus_e6206fdfa265ca38	chr2R	25224392	25224428	2	CT	1	437	2	31	2	0	29	406	0.0045766590389	0.0645161290323	25224391	25224429	0	0
tfsite_6478f6227d3f1aed	tflocus_e6206fdfa265ca38	chr2R	25224392	25224428	2	GA	2	353	2	24	2	0	22	329	0.0056657223796	0.0833333333333	25224395	25224426	2.5	2.5
tfsite_011f6f12019b6ea6	tflocus_96c16d3318903cdb	chr2R	25224395	25224444	2	CT	0	438	0	28	0	0	28	410	0	0	25224395	25224444	0	0
tfsite_011f6f12019b6ea6	tflocus_96c16d3318903cdb	chr2R	25224395	25224444	2	GA	1	357	1	24	1	0	23	333	0.00280112044818	0.0416666666667	25224395	25224444	0	0
tfsite_2e7704c74b9125a5	tflocus_6bbd3faa2c470c74	chr2R	25224398	25224481	1	CT	1	435	1	19	1	0	18	416	0.00229885057471	0.0526315789474	25224398	25224481	0	0
tfsite_2e7704c74b9125a5	tflocus_6bbd3faa2c470c74	chr2R	25224398	25224481	1	GA	0	353	0	15	0	0	15	338	0	0	25224398	25224481	0	0
tfsite_2f46e5053ec5213a	tflocus_96c16d3318903cdb	chr2R	25224404	25224431	3	CT	0	437	0	39	0	0	39	398	0	0	25224404	25224431	0	0
tfsite_2f46e5053ec5213a	tflocus_96c16d3318903cdb	chr2R	25224404	25224431	3	GA	2	355	2	27	2	0	25	328	0.0056338028169	0.0740740740741	25224404	25224431	2.5	1.5
tfsite_b467c10c92d88cac	tflocus_96c16d3318903cdb	chr2R	25224406	25224443	4	CT	1	438	1	33	1	0	32	405	0.00228310502283	0.030303030303	25224402	25224443	0	0
tfsite_b467c10c92d88cac	tflocus_96c16d3318903cdb	chr2R	25224406	25224443	4	GA	2	356	3	28	3	0	25	328	0.00842696629213	0.107142857143	25224408	25224441	1.5	3
tfsite_9ca344079f2d94f5	tflocus_6bbd3faa2c470c74	chr2R	25224413	25224485	2	CT	1	437	1	20	1	0	19	417	0.00228832951945	0.05	25224413	25224485	0	0
tfsite_9ca344079f2d94f5	tflocus_6bbd3faa2c470c74	chr2R	25224413	25224485	2	GA	0	355	0	16	0	0	16	339	0	0	25224413	25224485	0	0
tfsite_53b4dccc8d76c5b9	tflocus_2035539ea405a256	chr2R	25224432	25224489	1	CT	1	436	1	26	1	0	25	410	0.00229357798165	0.0384615384615	25224432	25224489	0	0
tfsite_53b4dccc8d76c5b9	tflocus_2035539ea405a256	chr2R	25224432	25224489	1	GA	0	354	0	22	0	0	22	332	0	0	25224432	25224489	0	0
tfsite_296eb41f3a4154ec	tflocus_93a1a51f258f428d	chr2R	25224449	25224512	1	CT	1	440	1	24	1	0	23	416	0.00227272727273	0.0416666666667	25224453	25224509	0	0
tfsite_296eb41f3a4154ec	tflocus_93a1a51f258f428d	chr2R	25224449	25224512	1	GA	1	354	1	27	1	0	26	327	0.00282485875706	0.037037037037	25224444	25224514	0	0
tfsite_a417409f83db6875	tflocus_2035539ea405a256	chr2R	25224451	25224481	2	CT	1	436	1	37	1	0	36	399	0.00229357798165	0.027027027027	25224453	25224475	0	0
tfsite_a417409f83db6875	tflocus_2035539ea405a256	chr2R	25224451	25224481	2	GA	1	353	2	39	2	0	37	314	0.0056657223796	0.0512820512821	25224449	25224487	0	0
tfsite_1e7a0f386a02d43d	tflocus_2035539ea405a256	chr2R	25224456	25224461	3	CT	0	441	0	52	0	0	52	389	0	0	25224456	25224461	0	0
tfsite_1e7a0f386a02d43d	tflocus_2035539ea405a256	chr2R	25224456	25224461	3	GA	1	359	1	54	1	0	53	305	0.00278551532033	0.0185185185185	25224456	25224461	0	0
tfsite_efbe9dbafb74f1e5	tflocus_93a1a51f258f428d	chr2R	25224461	25224488	2	CT	1	438	1	34	1	0	33	404	0.00228310502283	0.0294117647059	25224464	25224485	0	0
tfsite_efbe9dbafb74f1e5	tflocus_93a1a51f258f428d	chr2R	25224461	25224488	2	GA	1	354	1	37	1	0	36	317	0.00282485875706	0.027027027027	25224458	25224490	0	0
tfsite_fceee198abfddc14	tflocus_cf20f3c0f857f366	chr2R	25224465	25224511	1	CT	1	438	1	28	1	0	27	410	0.00228310502283	0.0357142857143	25224465	25224514	0	0
tfsite_fceee198abfddc14	tflocus_cf20f3c0f857f366	chr2R	25224465	25224511	1	GA	2	352	2	29	2	0	27	323	0.00568181818182	0.0689655172414	25224468	25224510	3.5	1
tfsite_6277fdc2033854b3	tflocus_cf20f3c0f857f366	chr2R	25224466	25224527	2	CT	0	440	0	24	0	0	24	416	0	0	25224466	25224527	0	0
tfsite_6277fdc2033854b3	tflocus_cf20f3c0f857f366	chr2R	25224466	25224527	2	GA	1	356	1	23	1	0	22	333	0.00280898876404	0.0434782608696	25224466	25224527	0	0
tfsite_87181ab991119ce5	tflocus_c166516dc97d234d	chr2R	25224471	25224541	1	CT	1	437	1	22	1	0	21	415	0.00228832951945	0.0454545454545	25224471	25224541	0	0
tfsite_87181ab991119ce5	tflocus_c166516dc97d234d	chr2R	25224471	25224541	1	GA	0	355	0	22	0	0	22	333	0	0	25224471	25224541	0	0
tfsite_42e3c6a31733c5b2	tflocus_93a1a51f258f428d	chr2R	25224473	25224478	3	CT	0	438	0	55	0	0	55	383	0	0	25224473	25224478	0	0
tfsite_42e3c6a31733c5b2	tflocus_93a1a51f258f428d	chr2R	25224473	25224478	3	GA	1	355	1	53	1	0	52	302	0.00281690140845	0.0188679245283	25224473	25224478	0	0
tfsite_cb697e3e66f291a8	tflocus_c166516dc97d234d	chr2R	25224477	25224540	2	CT	1	437	1	29	1	0	28	408	0.00228832951945	0.0344827586207	25224477	25224540	0	0
tfsite_cb697e3e66f291a8	tflocus_c166516dc97d234d	chr2R	25224477	25224540	2	GA	0	355	0	23	0	0	23	332	0	0	25224477	25224540	0	0
tfsite_4a8e7f6f0cb14465	tflocus_cf20f3c0f857f366	chr2R	25224479	25224509	3	CT	5	439	5	41	5	0	36	398	0.0113895216401	0.121951219512	25224479	25224509	0	0
tfsite_4a8e7f6f0cb14465	tflocus_cf20f3c0f857f366	chr2R	25224479	25224509	3	GA	1	352	1	39	1	0	38	313	0.00284090909091	0.025641025641	25224476	25224514	0	0
tfsite_41519874f3cee3b5	tflocus_93a1a51f258f428d	chr2R	25224481	25224486	4	CT	0	441	0	59	0	0	59	382	0	0	25224481	25224486	0	0
tfsite_41519874f3cee3b5	tflocus_93a1a51f258f428d	chr2R	25224481	25224486	4	GA	1	358	2	54	1	1	53	303	0.00558659217877	0.0185185185185	25224481	25224486	0	0
tfsite_a2accbbdd15a5e0c	tflocus_cf20f3c0f857f366	chr2R	25224482	25224518	4	CT	2	435	2	39	2	0	37	396	0.00459770114943	0.0512820512821	25224482	25224518	2.5	3.5
tfsite_a2accbbdd15a5e0c	tflocus_cf20f3c0f857f366	chr2R	25224482	25224518	4	GA	0	351	0	35	0	0	35	316	0	0	25224482	25224518	0	0
tfsite_81ef9965178c3fe4	tflocus_c166516dc97d234d	chr2R	25224488	25224520	3	CT	2	435	2	37	2	0	35	398	0.00459770114943	0.0540540540541	25224488	25224520	3.5	4
tfsite_81ef9965178c3fe4	tflocus_c166516dc97d234d	chr2R	25224488	25224520	3	GA	0	352	1	36	1	0	35	316	0.00284090909091	0.0277777777778	25224488	25224520	0	0
tfsite_b0dfc2e891744a0c	tflocus_c166516dc97d234d	chr2R	25224488	25224526	4	CT	0	434	0	36	0	0	36	398	0	0	25224488	25224526	0	0
tfsite_b0dfc2e891744a0c	tflocus_c166516dc97d234d	chr2R	25224488	25224526	4	GA	1	351	1	33	1	0	32	318	0.002849002849	0.030303030303	25224488	25224526	0	0
tfsite_06927246c3a0cc86	tflocus_c166516dc97d234d	chr2R	25224488	25224535	5	CT	1	435	1	31	1	0	30	404	0.00229885057471	0.0322580645161	25224491	25224532	0	0
tfsite_06927246c3a0cc86	tflocus_c166516dc97d234d	chr2R	25224488	25224535	5	GA	1	354	1	27	1	0	26	327	0.00282485875706	0.037037037037	25224484	25224538	0	0
tfsite_bae7c76c7137acfc	tflocus_c166516dc97d234d	chr2R	25224499	25224504	6	CT	0	436	0	51	0	0	51	385	0	0	25224499	25224504	0	0
tfsite_bae7c76c7137acfc	tflocus_c166516dc97d234d	chr2R	25224499	25224504	6	GA	1	359	1	54	1	0	53	305	0.00278551532033	0.0185185185185	25224499	25224504	0	0
tfsite_0346b1e261980913	tflocus_ccc9f41ab85c5c22	chr2R	25224502	25224542	1	CT	0	437	0	31	0	0	31	406	0	0	25224502	25224542	0	0
tfsite_0346b1e261980913	tflocus_ccc9f41ab85c5c22	chr2R	25224502	25224542	1	GA	1	357	1	27	1	0	26	330	0.00280112044818	0.037037037037	25224502	25224542	0	0
tfsite_ff3905210c36e4c8	tflocus_c166516dc97d234d	chr2R	25224508	25224521	7	CT	1	432	1	57	1	0	56	375	0.00231481481481	0.0175438596491	25224508	25224521	0	0
tfsite_ff3905210c36e4c8	tflocus_c166516dc97d234d	chr2R	25224508	25224521	7	GA	0	349	0	43	0	0	43	306	0	0	25224508	25224521	0	0
tfsite_b19f71148c585d0b	tflocus_ccc9f41ab85c5c22	chr2R	25224515	25224540	2	CT	6	433	6	49	6	0	43	384	0.013856812933	0.122448979592	25224515	25224540	1.5	0
tfsite_b19f71148c585d0b	tflocus_ccc9f41ab85c5c22	chr2R	25224515	25224540	2	GA	0	354	0	36	0	0	36	318	0	0	25224515	25224540	0	0
tfsite_78ae501e70f0239c	tflocus_6e50d1312d19edab	chr2R	25224523	25224577	1	CT	2	437	2	25	2	0	23	412	0.0045766590389	0.08	25224523	25224577	0	0
tfsite_78ae501e70f0239c	tflocus_6e50d1312d19edab	chr2R	25224523	25224577	1	GA	0	355	0	19	0	0	19	336	0	0	25224523	25224577	0	0
tfsite_84f5d90368b10ebd	tflocus_2c2adfaa20521811	chr2R	25224524	25224548	1	CT	1	437	1	49	1	0	48	388	0.00228832951945	0.0204081632653	25224520	25224553	0	0
tfsite_84f5d90368b10ebd	tflocus_2c2adfaa20521811	chr2R	25224524	25224548	1	GA	1	356	1	35	1	0	34	321	0.00280898876404	0.0285714285714	25224528	25224543	0	0
tfsite_009ee1d2a93bba59	tflocus_6e50d1312d19edab	chr2R	25224529	25224577	2	CT	1	438	1	26	1	0	25	412	0.00228310502283	0.0384615384615	25224529	25224577	0	0
tfsite_009ee1d2a93bba59	tflocus_6e50d1312d19edab	chr2R	25224529	25224577	2	GA	0	357	0	22	0	0	22	335	0	0	25224529	25224577	0	0
tfsite_3d018583177a9083	tflocus_a214bdf7fff279f2	chr2R	25224529	25224596	1	CT	1	426	1	11	0	1	11	414	0.00234741784038	0	25224529	25224596	0	0
tfsite_3d018583177a9083	tflocus_a214bdf7fff279f2	chr2R	25224529	25224596	1	GA	0	344	0	15	0	0	15	329	0	0	25224529	25224596	0	0
tfsite_dc708aecf3efd61d	tflocus_2c2adfaa20521811	chr2R	25224534	25224549	2	CT	0	433	0	55	0	0	55	378	0	0	25224534	25224549	0	0
tfsite_dc708aecf3efd61d	tflocus_2c2adfaa20521811	chr2R	25224534	25224549	2	GA	1	358	1	39	1	0	38	319	0.00279329608939	0.025641025641	25224534	25224549	0	0
tfsite_76247addb0447e38	tflocus_6e50d1312d19edab	chr2R	25224538	25224561	3	CT	1	438	1	38	1	0	37	400	0.00228310502283	0.0263157894737	25224538	25224561	0	0
tfsite_76247addb0447e38	tflocus_6e50d1312d19edab	chr2R	25224538	25224561	3	GA	0	357	0	35	0	0	35	322	0	0	25224538	25224561	0	0
tfsite_2ace19db5d6e50ab	tflocus_a214bdf7fff279f2	chr2R	25224542	25224579	2	CT	2	438	2	33	2	0	31	405	0.00456621004566	0.0606060606061	25224542	25224579	1.5	1.5
tfsite_2ace19db5d6e50ab	tflocus_a214bdf7fff279f2	chr2R	25224542	25224579	2	GA	0	355	0	22	0	0	22	333	0	0	25224542	25224579	0	0
tfsite_43c591d130707196	tflocus_6e50d1312d19edab	chr2R	25224543	25224562	4	CT	1	427	1	43	1	0	42	384	0.00234192037471	0.0232558139535	25224543	25224562	0	0
tfsite_43c591d130707196	tflocus_6e50d1312d19edab	chr2R	25224543	25224562	4	GA	0	354	0	37	0	0	37	317	0	0	25224543	25224562	0	0
tfsite_6054eb0c49a6fd2a	tflocus_6e50d1312d19edab	chr2R	25224546	25224566	5	CT	3	439	3	36	3	0	33	403	0.00683371298405	0.0833333333333	25224546	25224566	2	1
tfsite_6054eb0c49a6fd2a	tflocus_6e50d1312d19edab	chr2R	25224546	25224566	5	GA	0	355	0	31	0	0	31	324	0	0	25224546	25224566	0	0
tfsite_b195aff7c812a6a0	tflocus_7042eb52f241f1b3	chr2R	25224547	25224626	1	CT	0	422	0	11	0	0	11	411	0	0	25224547	25224626	0	0
tfsite_b195aff7c812a6a0	tflocus_7042eb52f241f1b3	chr2R	25224547	25224626	1	GA	1	344	1	8	0	1	8	335	0.00290697674419	0	25224547	25224626	0	0
tfsite_fee8b8b3e93ff0b1	tflocus_a214bdf7fff279f2	chr2R	25224553	25224577	3	CT	3	439	3	34	3	0	31	405	0.00683371298405	0.0882352941176	25224553	25224577	0	0
tfsite_fee8b8b3e93ff0b1	tflocus_a214bdf7fff279f2	chr2R	25224553	25224577	3	GA	0	355	0	25	0	0	25	330	0	0	25224553	25224577	0	0
tfsite_c6d7b47ea59bd5c4	tflocus_6f9d1f5207f28332	chr2R	25224553	25224593	1	CT	0	419	0	21	0	0	21	398	0	0	25224553	25224593	0	0
tfsite_c6d7b47ea59bd5c4	tflocus_6f9d1f5207f28332	chr2R	25224553	25224593	1	GA	1	342	1	17	1	0	16	325	0.00292397660819	0.0588235294118	25224553	25224593	0	0
tfsite_798a85d7790feea4	tflocus_2fb51b1ac82cdd67	chr2R	25224564	25224632	1	CT	1	424	1	12	1	0	11	412	0.00235849056604	0.0833333333333	25224564	25224632	0	0
tfsite_798a85d7790feea4	tflocus_2fb51b1ac82cdd67	chr2R	25224564	25224632	1	GA	0	345	0	13	0	0	13	332	0	0	25224564	25224632	0	0
tfsite_d8acb2253dec536f	tflocus_2fb51b1ac82cdd67	chr2R	25224564	25224643	2	CT	1	422	1	11	0	1	11	410	0.00236966824645	0	25224564	25224643	0	0
tfsite_d8acb2253dec536f	tflocus_2fb51b1ac82cdd67	chr2R	25224564	25224643	2	GA	0	345	0	10	0	0	10	335	0	0	25224564	25224643	0	0
tfsite_e1a1d165b703487a	tflocus_6f9d1f5207f28332	chr2R	25224571	25224586	2	CT	2	429	2	33	2	0	31	396	0.004662004662	0.0606060606061	25224569	25224587	0	0.5
tfsite_e1a1d165b703487a	tflocus_6f9d1f5207f28332	chr2R	25224571	25224586	2	GA	2	351	2	29	2	0	27	322	0.00569800569801	0.0689655172414	25224576	25224586	3.5	0.5
tfsite_0aea4a397d760540	tflocus_7042eb52f241f1b3	chr2R	25224577	25224612	2	CT	1	395	1	21	1	0	20	374	0.00253164556962	0.047619047619	25224577	25224612	0	0
tfsite_0aea4a397d760540	tflocus_7042eb52f241f1b3	chr2R	25224577	25224612	2	GA	0	311	0	19	0	0	19	292	0	0	25224577	25224612	0	0
tfsite_d26c020da00c2c4b	tflocus_7042eb52f241f1b3	chr2R	25224584	25224594	3	CT	3	382	3	36	3	0	33	346	0.00785340314136	0.0833333333333	25224584	25224594	0	0
tfsite_d26c020da00c2c4b	tflocus_7042eb52f241f1b3	chr2R	25224584	25224594	3	GA	2	308	2	31	2	0	29	277	0.00649350649351	0.0645161290323	25224585	25224595	2	1
tfsite_ba4878ff90f20aa6	tflocus_2fb51b1ac82cdd67	chr2R	25224584	25224619	3	CT	0	394	0	20	0	0	20	374	0	0	25224584	25224619	0	0
tfsite_ba4878ff90f20aa6	tflocus_2fb51b1ac82cdd67	chr2R	25224584	25224619	3	GA	3	310	3	20	3	0	17	290	0.00967741935484	0.15	25224584	25224619	1	0
tfsite_58b1e1b5d3cfc5f0	tflocus_2fb51b1ac82cdd67	chr2R	25224587	25224623	4	CT	0	394	0	20	0	0	20	374	0	0	25224587	25224623	0	0
tfsite_58b1e1b5d3cfc5f0	tflocus_2fb51b1ac82cdd67	chr2R	25224587	25224623	4	GA	1	309	1	19	1	0	18	290	0.00323624595469	0.0526315789474	25224587	25224623	0	0
tfsite_264ed86c6c994c01	tflocus_521e1da7ee9cf902	chr2R	25224587	25224642	1	CT	0	413	0	12	0	0	12	401	0	0	25224587	25224642	0	0
tfsite_264ed86c6c994c01	tflocus_521e1da7ee9cf902	chr2R	25224587	25224642	1	GA	1	330	1	13	1	0	12	317	0.0030303030303	0.0769230769231	25224587	25224642	0	0
tfsite_f171cf5b07f53274	tflocus_521e1da7ee9cf902	chr2R	25224593	25224627	2	CT	0	415	0	19	0	0	19	396	0	0	25224593	25224627	0	0
tfsite_f171cf5b07f53274	tflocus_521e1da7ee9cf902	chr2R	25224593	25224627	2	GA	1	328	1	17	1	0	16	311	0.0030487804878	0.0588235294118	25224593	25224627	0	0
tfsite_703d27191aebce5f	tflocus_9ebdda41a1350bab	chr2R	25224597	25224672	1	CT	1	417	1	13	0	1	13	403	0.00239808153477	0	25224591	25224675	0	0
tfsite_703d27191aebce5f	tflocus_9ebdda41a1350bab	chr2R	25224597	25224672	1	GA	1	336	1	9	1	0	8	327	0.00297619047619	0.111111111111	25224603	25224669	0	0
tfsite_cdc86e41bb69d33c	tflocus_9ebdda41a1350bab	chr2R	25224599	25224677	2	CT	1	430	1	12	0	1	12	417	0.00232558139535	0	25224599	25224677	0	0
tfsite_cdc86e41bb69d33c	tflocus_9ebdda41a1350bab	chr2R	25224599	25224677	2	GA	0	349	0	9	0	0	9	340	0	0	25224599	25224677	0	0
tfsite_907b6d8d76518406	tflocus_2fb51b1ac82cdd67	chr2R	25224600	25224609	5	CT	1	438	1	35	1	0	34	403	0.00228310502283	0.0285714285714	25224600	25224609	0	0
tfsite_907b6d8d76518406	tflocus_2fb51b1ac82cdd67	chr2R	25224600	25224609	5	GA	0	356	0	23	0	0	23	333	0	0	25224600	25224609	0	0
tfsite_bc32fab03046a0af	tflocus_2fb51b1ac82cdd67	chr2R	25224601	25224614	6	CT	0	437	0	31	0	0	31	406	0	0	25224601	25224614	0	0
tfsite_bc32fab03046a0af	tflocus_2fb51b1ac82cdd67	chr2R	25224601	25224614	6	GA	2	358	2	22	2	0	20	336	0.00558659217877	0.0909090909091	25224601	25224614	1	4.5
tfsite_406cf7853f1bc628	tflocus_9ebdda41a1350bab	chr2R	25224607	25224656	3	CT	1	435	1	16	1	0	15	419	0.00229885057471	0.0625	25224605	25224658	0	0
tfsite_406cf7853f1bc628	tflocus_9ebdda41a1350bab	chr2R	25224607	25224656	3	GA	1	358	1	13	1	0	12	345	0.00279329608939	0.0769230769231	25224608	25224654	0	0
tfsite_760c15cd3b42388d	tflocus_521e1da7ee9cf902	chr2R	25224609	25224616	3	CT	0	439	0	32	0	0	32	407	0	0	25224609	25224616	0	0
tfsite_760c15cd3b42388d	tflocus_521e1da7ee9cf902	chr2R	25224609	25224616	3	GA	1	357	1	22	1	0	21	335	0.00280112044818	0.0454545454545	25224609	25224616	0	0
tfsite_25de51befb9ab772	tflocus_521e1da7ee9cf902	chr2R	25224610	25224639	4	CT	0	433	0	19	0	0	19	414	0	0	25224610	25224639	0	0
tfsite_25de51befb9ab772	tflocus_521e1da7ee9cf902	chr2R	25224610	25224639	4	GA	1	357	1	15	1	0	14	342	0.00280112044818	0.0666666666667	25224610	25224639	0	0
tfsite_2a8492bbeeafeb66	tflocus_521e1da7ee9cf902	chr2R	25224613	25224621	5	CT	0	434	0	31	0	0	31	403	0	0	25224613	25224621	0	0
tfsite_2a8492bbeeafeb66	tflocus_521e1da7ee9cf902	chr2R	25224613	25224621	5	GA	2	354	2	24	2	0	22	330	0.00564971751412	0.0833333333333	25224613	25224621	0	0.5
tfsite_2add485202122f1e	tflocus_9ebdda41a1350bab	chr2R	25224625	25224649	4	CT	0	434	0	26	0	0	26	408	0	0	25224625	25224649	0	0
tfsite_2add485202122f1e	tflocus_9ebdda41a1350bab	chr2R	25224625	25224649	4	GA	1	357	1	26	1	0	25	331	0.00280112044818	0.0384615384615	25224625	25224649	0	0
tfsite_556cea3d7f5dba52	tflocus_9ebdda41a1350bab	chr2R	25224630	25224648	5	CT	0	432	0	29	0	0	29	403	0	0	25224630	25224648	0	0
tfsite_556cea3d7f5dba52	tflocus_9ebdda41a1350bab	chr2R	25224630	25224648	5	GA	1	356	1	28	1	0	27	328	0.00280898876404	0.0357142857143	25224630	25224648	0	0
tfsite_4ceb5aac9de486de	tflocus_42db33e3a441d6d3	chr2R	25224644	25224723	1	CT	0	438	0	13	0	0	13	425	0	0	25224644	25224723	0	0
tfsite_4ceb5aac9de486de	tflocus_42db33e3a441d6d3	chr2R	25224644	25224723	1	GA	1	358	1	11	1	0	10	347	0.00279329608939	0.0909090909091	25224644	25224723	0	0
tfsite_cf2bfaede0f326de	tflocus_e6e27f223e4c8f71	chr2R	25224651	25224664	1	CT	1	437	1	39	1	0	38	398	0.00228832951945	0.025641025641	25224650	25224660	0	0
tfsite_cf2bfaede0f326de	tflocus_e6e27f223e4c8f71	chr2R	25224651	25224664	1	GA	1	360	1	39	1	0	38	321	0.00277777777778	0.025641025641	25224651	25224667	0	0
tfsite_c93b459d3d79d492	tflocus_f6ef3b3f3ef2c7cf	chr2R	25224651	25224684	1	CT	1	424	1	25	1	0	24	399	0.00235849056604	0.04	25224651	25224684	0	0
tfsite_c93b459d3d79d492	tflocus_f6ef3b3f3ef2c7cf	chr2R	25224651	25224684	1	GA	0	348	0	24	0	0	24	324	0	0	25224651	25224684	0	0
tfsite_23ea868dac4bad15	tflocus_42db33e3a441d6d3	chr2R	25224661	25224703	2	CT	1	436	1	21	1	0	20	415	0.00229357798165	0.047619047619	25224661	25224703	0	0
tfsite_23ea868dac4bad15	tflocus_42db33e3a441d6d3	chr2R	25224661	25224703	2	GA	0	357	0	22	0	0	22	335	0	0	25224661	25224703	0	0
tfsite_d2cbb48ae0cd0929	tflocus_c373edcf70b8b285	chr2R	25224670	25224747	1	CT	0	435	0	12	0	0	12	423	0	0	25224670	25224747	0	0
tfsite_d2cbb48ae0cd0929	tflocus_c373edcf70b8b285	chr2R	25224670	25224747	1	GA	1	357	1	11	1	0	10	346	0.00280112044818	0.0909090909091	25224670	25224747	0	0
tfsite_d02a67e4190ddcf9	tflocus_42db33e3a441d6d3	chr2R	25224672	25224711	3	CT	0	432	0	24	0	0	24	408	0	0	25224672	25224711	0	0
tfsite_d02a67e4190ddcf9	tflocus_42db33e3a441d6d3	chr2R	25224672	25224711	3	GA	1	352	1	25	1	0	24	327	0.00284090909091	0.04	25224672	25224711	0	0
tfsite_5bdc1dbe21f80335	tflocus_c373edcf70b8b285	chr2R	25224676	25224714	2	CT	0	434	0	24	0	0	24	410	0	0	25224676	25224714	0	0
tfsite_5bdc1dbe21f80335	tflocus_c373edcf70b8b285	chr2R	25224676	25224714	2	GA	1	354	1	25	1	0	24	329	0.00282485875706	0.04	25224676	25224714	0	0
tfsite_6bc2b2a8a90ead69	tflocus_2f62a88affe6ed4f	chr2R	25224678	25224748	1	CT	0	433	0	16	0	0	16	417	0	0	25224678	25224748	0	0
tfsite_6bc2b2a8a90ead69	tflocus_2f62a88affe6ed4f	chr2R	25224678	25224748	1	GA	1	353	1	13	1	0	12	340	0.0028328611898	0.0769230769231	25224678	25224748	0	0
tfsite_277ce025a8aa002b	tflocus_c373edcf70b8b285	chr2R	25224692	25224712	3	CT	0	441	0	35	0	0	35	406	0	0	25224692	25224712	0	0
tfsite_277ce025a8aa002b	tflocus_c373edcf70b8b285	chr2R	25224692	25224712	3	GA	2	361	2	36	2	0	34	325	0.00554016620499	0.0555555555556	25224692	25224712	0.5	2.5
tfsite_6ad1f0242fda1fbd	tflocus_1c0ce62047cda5b1	chr2R	25224703	25224758	1	CT	1	434	1	18	1	0	17	416	0.00230414746544	0.0555555555556	25224703	25224758	0	0
tfsite_6ad1f0242fda1fbd	tflocus_1c0ce62047cda5b1	chr2R	25224703	25224758	1	GA	0	358	0	15	0	0	15	343	0	0	25224703	25224758	0	0
tfsite_b7135422c1bfab0a	tflocus_2f62a88affe6ed4f	chr2R	25224706	25224733	2	CT	1	436	1	28	1	0	27	408	0.00229357798165	0.0357142857143	25224704	25224739	0	0
tfsite_b7135422c1bfab0a	tflocus_2f62a88affe6ed4f	chr2R	25224706	25224733	2	GA	1	360	1	27	1	0	26	333	0.00277777777778	0.037037037037	25224708	25224727	0	0
tfsite_64e23fafbe413737	tflocus_2f62a88affe6ed4f	chr2R	25224718	25224737	3	CT	0	415	0	34	0	0	34	381	0	0	25224718	25224737	0	0
tfsite_64e23fafbe413737	tflocus_2f62a88affe6ed4f	chr2R	25224718	25224737	3	GA	1	349	1	34	1	0	33	315	0.00286532951289	0.0294117647059	25224718	25224737	0	0
tfsite_df73232b38da3098	tflocus_1c0ce62047cda5b1	chr2R	25224718	25224743	2	CT	1	436	1	33	1	0	32	403	0.00229357798165	0.030303030303	25224727	25224747	0	0
tfsite_df73232b38da3098	tflocus_1c0ce62047cda5b1	chr2R	25224718	25224743	2	GA	3	359	3	32	3	0	29	327	0.008356545961	0.09375	25224718	25224743	0	0
tfsite_ad014ef01518ccb2	tflocus_1c0ce62047cda5b1	chr2R	25224723	25224761	3	CT	1	424	1	23	1	0	22	401	0.00235849056604	0.0434782608696	25224721	25224764	0	0
tfsite_ad014ef01518ccb2	tflocus_1c0ce62047cda5b1	chr2R	25224723	25224761	3	GA	1	350	1	19	1	0	18	331	0.00285714285714	0.0526315789474	25224725	25224757	0	0
tfsite_69384328448dc04f	tflocus_0da386e6d5622793	chr2R	25224725	25224787	1	CT	2	437	2	15	2	0	13	422	0.0045766590389	0.133333333333	25224725	25224787	2.5	2
tfsite_69384328448dc04f	tflocus_0da386e6d5622793	chr2R	25224725	25224787	1	GA	0	354	0	14	0	0	14	340	0	0	25224725	25224787	0	0
tfsite_824be5d2fd36f963	tflocus_edc03c0010a868c0	chr2R	25224728	25224807	1	CT	1	438	1	15	1	0	14	423	0.00228310502283	0.0666666666667	25224731	25224807	0	0
tfsite_824be5d2fd36f963	tflocus_edc03c0010a868c0	chr2R	25224728	25224807	1	GA	1	355	1	10	1	0	9	345	0.00281690140845	0.1	25224725	25224807	0	0
tfsite_aa0dc2b289f19af1	tflocus_1c0ce62047cda5b1	chr2R	25224735	25224743	4	CT	0	438	0	42	0	0	42	396	0	0	25224735	25224743	0	0
tfsite_aa0dc2b289f19af1	tflocus_1c0ce62047cda5b1	chr2R	25224735	25224743	4	GA	3	359	3	45	3	0	42	314	0.008356545961	0.0666666666667	25224735	25224743	0	0
tfsite_01a3d0d22bed10e1	tflocus_1c0ce62047cda5b1	chr2R	25224735	25224755	5	CT	1	434	1	31	1	0	30	403	0.00230414746544	0.0322580645161	25224735	25224755	0	0
tfsite_01a3d0d22bed10e1	tflocus_1c0ce62047cda5b1	chr2R	25224735	25224755	5	GA	0	357	0	32	0	0	32	325	0	0	25224735	25224755	0	0
tfsite_887be0e5976e1c17	tflocus_0da386e6d5622793	chr2R	25224742	25224761	2	CT	0	424	0	30	0	0	30	394	0	0	25224742	25224761	0	0
tfsite_887be0e5976e1c17	tflocus_0da386e6d5622793	chr2R	25224742	25224761	2	GA	1	350	1	28	1	0	27	322	0.00285714285714	0.0357142857143	25224742	25224761	0	0
tfsite_79169ff478b848a7	tflocus_df61b1fdb2bb2e87	chr2R	25224742	25224824	1	CT	1	439	1	14	1	0	13	425	0.00227790432802	0.0714285714286	25224742	25224824	0	0
tfsite_79169ff478b848a7	tflocus_df61b1fdb2bb2e87	chr2R	25224742	25224824	1	GA	0	357	0	14	0	0	14	343	0	0	25224742	25224824	0	0
tfsite_c1540bfdd97da0dd	tflocus_0da386e6d5622793	chr2R	25224744	25224779	3	CT	1	432	1	21	1	0	20	411	0.00231481481481	0.047619047619	25224744	25224779	0	0
tfsite_c1540bfdd97da0dd	tflocus_0da386e6d5622793	chr2R	25224744	25224779	3	GA	0	350	0	23	0	0	23	327	0	0	25224744	25224779	0	0
tfsite_547af23def7042ac	tflocus_df61b1fdb2bb2e87	chr2R	25224761	25224805	2	CT	1	440	1	21	1	0	20	419	0.00227272727273	0.047619047619	25224761	25224805	0	0
tfsite_547af23def7042ac	tflocus_df61b1fdb2bb2e87	chr2R	25224761	25224805	2	GA	0	354	0	18	0	0	18	336	0	0	25224761	25224805	0	0
tfsite_acb08427beea0963	tflocus_6a72e3aec72f2dd9	chr2R	25224761	25224825	1	CT	0	438	0	14	0	0	14	424	0	0	25224761	25224825	0	0
tfsite_acb08427beea0963	tflocus_6a72e3aec72f2dd9	chr2R	25224761	25224825	1	GA	2	353	2	16	2	0	14	337	0.0056657223796	0.125	25224761	25224825	4	0
tfsite_e5bcc3bc0cfd7de0	tflocus_6a72e3aec72f2dd9	chr2R	25224762	25224842	2	CT	1	438	1	11	1	0	10	427	0.00228310502283	0.0909090909091	25224762	25224842	0	0
tfsite_e5bcc3bc0cfd7de0	tflocus_6a72e3aec72f2dd9	chr2R	25224762	25224842	2	GA	0	359	0	11	0	0	11	348	0	0	25224762	25224842	0	0
tfsite_f71cbd495a548fc3	tflocus_edc03c0010a868c0	chr2R	25224766	25224781	2	CT	2	440	2	33	2	0	31	407	0.00454545454545	0.0606060606061	25224766	25224781	2	0
tfsite_f71cbd495a548fc3	tflocus_edc03c0010a868c0	chr2R	25224766	25224781	2	GA	0	352	0	29	0	0	29	323	0	0	25224766	25224781	0	0
tfsite_6c8fbd3a7fcc4b1b	tflocus_6a72e3aec72f2dd9	chr2R	25224768	25224829	3	CT	1	441	1	14	1	0	13	427	0.00226757369615	0.0714285714286	25224768	25224829	0	0
tfsite_6c8fbd3a7fcc4b1b	tflocus_6a72e3aec72f2dd9	chr2R	25224768	25224829	3	GA	0	356	0	14	0	0	14	342	0	0	25224768	25224829	0	0
tfsite_a1d1f7c968886191	tflocus_6a72e3aec72f2dd9	chr2R	25224784	25224816	4	CT	1	441	1	29	1	0	28	412	0.00226757369615	0.0344827586207	25224784	25224816	0	0
tfsite_a1d1f7c968886191	tflocus_6a72e3aec72f2dd9	chr2R	25224784	25224816	4	GA	0	355	0	27	0	0	27	328	0	0	25224784	25224816	0	0
tfsite_c77d3c673cb11fd9	tflocus_c1bec3015aea9eae	chr2R	25224786	25224930	1	CT	0	427	0	6	0	0	6	421	0	0	25224786	25224930	0	0
tfsite_c77d3c673cb11fd9	tflocus_c1bec3015aea9eae	chr2R	25224786	25224930	1	GA	1	336	1	4	0	1	4	331	0.00297619047619	0	25224786	25224930	0	0
tfsite_1601a6329b4da3d2	tflocus_6a72e3aec72f2dd9	chr2R	25224787	25224821	5	CT	0	440	0	29	0	0	29	411	0	0	25224787	25224821	0	0
tfsite_1601a6329b4da3d2	tflocus_6a72e3aec72f2dd9	chr2R	25224787	25224821	5	GA	1	357	1	27	1	0	26	330	0.00280112044818	0.037037037037	25224787	25224821	0	0
tfsite_d3a06208c960a552	tflocus_6a72e3aec72f2dd9	chr2R	25224788	25224807	6	CT	1	438	1	33	1	0	32	405	0.00228310502283	0.030303030303	25224788	25224807	0	0
tfsite_d3a06208c960a552	tflocus_6a72e3aec72f2dd9	chr2R	25224788	25224807	6	GA	0	353	0	31	0	0	31	322	0	0	25224788	25224807	0	0
tfsite_a9b6f566178815ce	tflocus_a8efe87a00e988fe	chr2R	25224791	25224839	1	CT	2	435	2	20	2	0	18	415	0.00459770114943	0.1	25224791	25224839	2	5
tfsite_a9b6f566178815ce	tflocus_a8efe87a00e988fe	chr2R	25224791	25224839	1	GA	0	351	0	17	0	0	17	334	0	0	25224791	25224839	0	0
tfsite_cd7f057c41d72af4	tflocus_bcb111ea644044f3	chr2R	25224792	25224877	1	CT	1	436	1	14	0	1	14	421	0.00229357798165	0	25224792	25224877	0	0
tfsite_cd7f057c41d72af4	tflocus_bcb111ea644044f3	chr2R	25224792	25224877	1	GA	0	357	0	8	0	0	8	349	0	0	25224792	25224877	0	0
tfsite_a24cbd02b61eb16b	tflocus_bcb111ea644044f3	chr2R	25224795	25224863	2	CT	0	438	0	16	0	0	16	422	0	0	25224795	25224863	0	0
tfsite_a24cbd02b61eb16b	tflocus_bcb111ea644044f3	chr2R	25224795	25224863	2	GA	1	359	1	11	0	1	11	347	0.00278551532033	0	25224795	25224863	0	0
tfsite_83cb7c4697c77062	tflocus_bcb111ea644044f3	chr2R	25224799	25224883	3	CT	0	437	0	11	0	0	11	426	0	0	25224799	25224883	0	0
tfsite_83cb7c4697c77062	tflocus_bcb111ea644044f3	chr2R	25224799	25224883	3	GA	1	357	1	7	0	1	7	349	0.00280112044818	0	25224799	25224883	0	0
tfsite_a4290a426454581b	tflocus_a8efe87a00e988fe	chr2R	25224800	25224822	2	CT	4	440	4	31	3	1	28	408	0.00909090909091	0.0967741935484	25224800	25224822	3.5	2
tfsite_a4290a426454581b	tflocus_a8efe87a00e988fe	chr2R	25224800	25224822	2	GA	1	361	1	31	1	0	30	330	0.00277008310249	0.0322580645161	25224794	25224827	0	0
tfsite_dd089d1af0ee3274	tflocus_a8efe87a00e988fe	chr2R	25224805	25224833	3	CT	1	437	1	23	1	0	22	414	0.00228832951945	0.0434782608696	25224804	25224829	0	0
tfsite_dd089d1af0ee3274	tflocus_a8efe87a00e988fe	chr2R	25224805	25224833	3	GA	1	357	1	24	1	0	23	333	0.00280112044818	0.0416666666667	25224805	25224836	0	0
tfsite_3c14615590931d09	tflocus_a8efe87a00e988fe	chr2R	25224809	25224817	4	CT	1	437	1	39	1	0	38	398	0.00228832951945	0.025641025641	25224809	25224817	0	0
tfsite_3c14615590931d09	tflocus_a8efe87a00e988fe	chr2R	25224809	25224817	4	GA	0	360	0	35	0	0	35	325	0	0	25224809	25224817	0	0
tfsite_45a104b91c631862	tflocus_a8efe87a00e988fe	chr2R	25224818	25224826	5	CT	1	439	1	29	1	0	28	410	0.00227790432802	0.0344827586207	25224818	25224826	0	0
tfsite_45a104b91c631862	tflocus_a8efe87a00e988fe	chr2R	25224818	25224826	5	GA	0	354	0	33	0	0	33	321	0	0	25224818	25224826	0	0
tfsite_7d3e09070bdd8aa8	tflocus_c1bec3015aea9eae	chr2R	25224820	25224903	2	CT	0	434	0	9	0	0	9	425	0	0	25224820	25224903	0	0
tfsite_7d3e09070bdd8aa8	tflocus_c1bec3015aea9eae	chr2R	25224820	25224903	2	GA	1	359	1	8	1	0	7	351	0.00278551532033	0.125	25224820	25224903	0	0
tfsite_ab2c31ca7e2b189a	tflocus_bcb111ea644044f3	chr2R	25224821	25224832	4	CT	1	435	1	30	1	0	29	405	0.00229885057471	0.0333333333333	25224821	25224832	0	0
tfsite_ab2c31ca7e2b189a	tflocus_bcb111ea644044f3	chr2R	25224821	25224832	4	GA	0	349	0	30	0	0	30	319	0	0	25224821	25224832	0	0
tfsite_8e88277de73c1a45	tflocus_c1bec3015aea9eae	chr2R	25224823	25224894	3	CT	1	434	1	11	1	0	10	423	0.00230414746544	0.0909090909091	25224823	25224894	0	0
tfsite_8e88277de73c1a45	tflocus_c1bec3015aea9eae	chr2R	25224823	25224894	3	GA	0	357	0	10	0	0	10	347	0	0	25224823	25224894	0	0
tfsite_9bbbe8a98bfd298f	tflocus_bcb111ea644044f3	chr2R	25224828	25224836	5	CT	1	435	1	49	1	0	48	386	0.00229885057471	0.0204081632653	25224828	25224836	0	0
tfsite_9bbbe8a98bfd298f	tflocus_bcb111ea644044f3	chr2R	25224828	25224836	5	GA	0	359	0	37	0	0	37	322	0	0	25224828	25224836	0	0
tfsite_5579bb986f7cf3d9	tflocus_bcb111ea644044f3	chr2R	25224829	25224848	6	CT	2	426	2	43	2	0	41	383	0.00469483568075	0.046511627907	25224828	25224845	5.5	4.5
tfsite_5579bb986f7cf3d9	tflocus_bcb111ea644044f3	chr2R	25224829	25224848	6	GA	1	346	1	35	1	0	34	311	0.0028901734104	0.0285714285714	25224829	25224848	0	0
tfsite_48e9938aefee3df8	tflocus_c1bec3015aea9eae	chr2R	25224830	25224878	4	CT	1	433	1	30	1	0	29	403	0.00230946882217	0.0333333333333	25224830	25224878	0	0
tfsite_48e9938aefee3df8	tflocus_c1bec3015aea9eae	chr2R	25224830	25224878	4	GA	0	357	0	15	0	0	15	342	0	0	25224830	25224878	0	0
tfsite_d9722c6255525248	tflocus_c1bec3015aea9eae	chr2R	25224836	25224865	5	CT	1	432	1	41	1	0	40	391	0.00231481481481	0.0243902439024	25224836	25224865	0	0
tfsite_d9722c6255525248	tflocus_c1bec3015aea9eae	chr2R	25224836	25224865	5	GA	0	357	0	24	0	0	24	333	0	0	25224836	25224865	0	0
tfsite_5eefd9a6e8a421f6	tflocus_bcb111ea644044f3	chr2R	25224838	25224849	7	CT	1	431	1	59	1	0	58	372	0.00232018561485	0.0169491525424	25224838	25224849	0	0
tfsite_5eefd9a6e8a421f6	tflocus_bcb111ea644044f3	chr2R	25224838	25224849	7	GA	0	347	0	39	0	0	39	308	0	0	25224838	25224849	0	0
tfsite_b267c31d2913ea96	tflocus_c1bec3015aea9eae	chr2R	25224842	25224878	6	CT	2	433	2	50	2	0	48	383	0.00461893764434	0.04	25224842	25224878	1	3
tfsite_b267c31d2913ea96	tflocus_c1bec3015aea9eae	chr2R	25224842	25224878	6	GA	0	356	0	19	0	0	19	337	0	0	25224842	25224878	0	0
tfsite_1293b93416237499	tflocus_307d00acc9bd8954	chr2R	25224847	25224897	1	CT	1	435	1	46	1	0	45	389	0.00229885057471	0.0217391304348	25224847	25224897	0	0
tfsite_1293b93416237499	tflocus_307d00acc9bd8954	chr2R	25224847	25224897	1	GA	0	355	0	20	0	0	20	335	0	0	25224847	25224897	0	0
tfsite_52fc9a1f710f7ae2	tflocus_c1bec3015aea9eae	chr2R	25224851	25224865	7	CT	5	438	5	71	5	0	66	367	0.0114155251142	0.0704225352113	25224851	25224865	0	0
tfsite_52fc9a1f710f7ae2	tflocus_c1bec3015aea9eae	chr2R	25224851	25224865	7	GA	0	353	0	42	0	0	42	311	0	0	25224851	25224865	0	0
tfsite_2619a19e3f0e52e5	tflocus_307d00acc9bd8954	chr2R	25224854	25224879	2	CT	0	439	0	60	0	0	60	379	0	0	25224854	25224879	0	0
tfsite_2619a19e3f0e52e5	tflocus_307d00acc9bd8954	chr2R	25224854	25224879	2	GA	1	360	1	32	1	0	31	328	0.00277777777778	0.03125	25224854	25224879	0	0
tfsite_5f1fdaad5d8544a8	tflocus_307d00acc9bd8954	chr2R	25224855	25224895	3	CT	2	437	2	48	2	0	46	389	0.0045766590389	0.0416666666667	25224855	25224895	3.5	3.5
tfsite_5f1fdaad5d8544a8	tflocus_307d00acc9bd8954	chr2R	25224855	25224895	3	GA	0	358	0	29	0	0	29	329	0	0	25224855	25224895	0	0
tfsite_f8e39669251e4931	tflocus_307d00acc9bd8954	chr2R	25224863	25224902	4	CT	0	437	0	54	0	0	54	383	0	0	25224863	25224902	0	0
tfsite_f8e39669251e4931	tflocus_307d00acc9bd8954	chr2R	25224863	25224902	4	GA	1	356	1	29	1	0	28	327	0.00280898876404	0.0344827586207	25224863	25224902	0	0
tfsite_fcaebc292f271c15	tflocus_4f2b5b54ba9bb8b5	chr2R	25224864	25224941	1	CT	1	294	1	13	1	0	12	281	0.00340136054422	0.0769230769231	25224864	25224941	0	0
tfsite_fcaebc292f271c15	tflocus_4f2b5b54ba9bb8b5	chr2R	25224864	25224941	1	GA	0	235	0	7	0	0	7	228	0	0	25224864	25224941	0	0
tfsite_d28cf08aafd7fdf5	tflocus_307d00acc9bd8954	chr2R	25224869	25224879	5	CT	3	441	3	88	3	0	85	353	0.00680272108844	0.0340909090909	25224869	25224879	0	0
tfsite_d28cf08aafd7fdf5	tflocus_307d00acc9bd8954	chr2R	25224869	25224879	5	GA	0	360	0	41	0	0	41	319	0	0	25224869	25224879	0	0
tfsite_d550d62a2ac308ab	tflocus_307d00acc9bd8954	chr2R	25224869	25224884	6	CT	1	439	1	86	1	0	85	353	0.00227790432802	0.0116279069767	25224869	25224884	0	0
tfsite_d550d62a2ac308ab	tflocus_307d00acc9bd8954	chr2R	25224869	25224884	6	GA	0	357	0	38	0	0	38	319	0	0	25224869	25224884	0	0
tfsite_28cc26689e0aa2d9	tflocus_307d00acc9bd8954	chr2R	25224876	25224890	7	CT	1	437	1	82	1	0	81	355	0.00228832951945	0.0121951219512	25224876	25224890	0	0
tfsite_28cc26689e0aa2d9	tflocus_307d00acc9bd8954	chr2R	25224876	25224890	7	GA	0	357	0	42	0	0	42	315	0	0	25224876	25224890	0	0
tfsite_927d9916d13718f0	tflocus_fca60790f1e277ca	chr2R	25224876	25224925	1	CT	1	293	1	23	1	0	22	270	0.00341296928328	0.0434782608696	25224876	25224925	0	0
tfsite_927d9916d13718f0	tflocus_fca60790f1e277ca	chr2R	25224876	25224925	1	GA	0	235	0	12	0	0	12	223	0	0	25224876	25224925	0	0
tfsite_0d33f74837b9f6cd	tflocus_fca60790f1e277ca	chr2R	25224882	25224910	2	CT	2	287	2	40	1	1	39	246	0.00696864111498	0.025	25224882	25224910	5.5	4.5
tfsite_0d33f74837b9f6cd	tflocus_fca60790f1e277ca	chr2R	25224882	25224910	2	GA	0	232	0	18	0	0	18	214	0	0	25224882	25224910	0	0
tfsite_eac0050c2ca5a03d	tflocus_fca60790f1e277ca	chr2R	25224887	25224896	3	CT	9	438	9	97	9	0	88	341	0.0205479452055	0.0927835051546	25224887	25224896	0	0
tfsite_eac0050c2ca5a03d	tflocus_fca60790f1e277ca	chr2R	25224887	25224896	3	GA	2	357	2	47	2	0	45	310	0.00560224089636	0.0425531914894	25224877	25224900	2	4.5
tfsite_31e67ec2bc019b92	tflocus_4f2b5b54ba9bb8b5	chr2R	25224900	25224921	2	CT	0	293	0	55	0	0	55	238	0	0	25224900	25224921	0	0
tfsite_31e67ec2bc019b92	tflocus_4f2b5b54ba9bb8b5	chr2R	25224900	25224921	2	GA	1	238	1	19	1	0	18	219	0.00420168067227	0.0526315789474	25224900	25224921	0	0
tfsite_8ab87682ad1f244c	tflocus_7fdcce7f97c02f29	chr2R	25224909	25224939	1	CT	0	295	0	31	0	0	31	264	0	0	25224909	25224939	0	0
tfsite_8ab87682ad1f244c	tflocus_7fdcce7f97c02f29	chr2R	25224909	25224939	1	GA	3	235	3	17	3	0	14	218	0.0127659574468	0.176470588235	25224909	25224939	0	0
tfsite_4934379d0ddec263	tflocus_7d1278b6d10dd173	chr2R	25224914	25224998	1	CT	1	438	1	20	1	0	19	418	0.00228310502283	0.05	25224914	25224998	0	0
tfsite_4934379d0ddec263	tflocus_7d1278b6d10dd173	chr2R	25224914	25224998	1	GA	0	362	0	11	0	0	11	351	0	0	25224914	25224998	0	0
tfsite_0fa3692e7925872a	tflocus_7fdcce7f97c02f29	chr2R	25224923	25224949	2	CT	4	442	4	60	4	0	56	382	0.00904977375566	0.0666666666667	25224923	25224949	0.5	4
tfsite_0fa3692e7925872a	tflocus_7fdcce7f97c02f29	chr2R	25224923	25224949	2	GA	0	360	0	26	0	0	26	334	0	0	25224923	25224949	0	0
tfsite_9aca07df67cac9a4	tflocus_7fdcce7f97c02f29	chr2R	25224923	25224959	3	CT	1	438	1	55	1	0	54	383	0.00228310502283	0.0181818181818	25224923	25224959	0	0
tfsite_9aca07df67cac9a4	tflocus_7fdcce7f97c02f29	chr2R	25224923	25224959	3	GA	0	359	0	24	0	0	24	335	0	0	25224923	25224959	0	0
tfsite_27f73267208655e2	tflocus_7d1278b6d10dd173	chr2R	25224923	25224976	2	CT	2	441	2	38	2	0	36	403	0.00453514739229	0.0526315789474	25224923	25224976	6	6
tfsite_27f73267208655e2	tflocus_7d1278b6d10dd173	chr2R	25224923	25224976	2	GA	0	361	0	19	0	0	19	342	0	0	25224923	25224976	0	0
tfsite_b9c7d4f512f5b957	tflocus_7d1278b6d10dd173	chr2R	25224932	25224958	3	CT	0	438	0	60	0	0	60	378	0	0	25224932	25224958	0	0
tfsite_b9c7d4f512f5b957	tflocus_7d1278b6d10dd173	chr2R	25224932	25224958	3	GA	2	359	2	28	1	1	27	330	0.00557103064067	0.0357142857143	25224932	25224958	6	6
tfsite_846ea60d5083275c	tflocus_7d1278b6d10dd173	chr2R	25224936	25224973	4	CT	0	438	0	45	0	0	45	393	0	0	25224936	25224973	0	0
tfsite_846ea60d5083275c	tflocus_7d1278b6d10dd173	chr2R	25224936	25224973	4	GA	2	357	2	25	2	0	23	332	0.00560224089636	0.08	25224936	25224973	1.5	1
tfsite_69671c7c4088b70b	tflocus_200c8f7d8c16a216	chr2R	25224938	25225022	1	CT	0	439	0	15	0	0	15	424	0	0	25224938	25225022	0	0
tfsite_69671c7c4088b70b	tflocus_200c8f7d8c16a216	chr2R	25224938	25225022	1	GA	1	361	1	9	0	1	9	351	0.00277008310249	0	25224938	25225022	0	0
tfsite_d499c046e4701968	tflocus_7d1278b6d10dd173	chr2R	25224944	25224961	5	CT	4	427	4	63	4	0	59	364	0.00936768149883	0.0634920634921	25224944	25224961	0.5	0.5
tfsite_d499c046e4701968	tflocus_7d1278b6d10dd173	chr2R	25224944	25224961	5	GA	0	351	0	30	0	0	30	321	0	0	25224944	25224961	0	0
tfsite_d38fd5121f7405e0	tflocus_7d1278b6d10dd173	chr2R	25224950	25224968	6	CT	2	427	2	54	2	0	52	373	0.00468384074941	0.037037037037	25224951	25224967	0.5	0.5
tfsite_d38fd5121f7405e0	tflocus_7d1278b6d10dd173	chr2R	25224950	25224968	6	GA	4	353	4	29	4	0	25	324	0.0113314447592	0.137931034483	25224950	25224968	2.5	2.5
tfsite_ea9c1d2ce6ba46b7	tflocus_6a75f8daf3876004	chr2R	25224956	25224991	1	CT	1	440	1	32	1	0	31	408	0.00227272727273	0.03125	25224954	25224994	0	0
tfsite_ea9c1d2ce6ba46b7	tflocus_6a75f8daf3876004	chr2R	25224956	25224991	1	GA	1	362	1	27	1	0	26	335	0.00276243093923	0.037037037037	25224958	25224987	0	0
tfsite_567a83202e2328a1	tflocus_6a75f8daf3876004	chr2R	25224958	25224977	2	CT	1	440	1	48	1	0	47	392	0.00227272727273	0.0208333333333	25224958	25224977	0	0
tfsite_567a83202e2328a1	tflocus_6a75f8daf3876004	chr2R	25224958	25224977	2	GA	0	362	0	36	0	0	36	326	0	0	25224958	25224977	0	0
tfsite_c2795a2d2b9bca98	tflocus_200c8f7d8c16a216	chr2R	25224962	25224991	2	CT	1	441	1	37	1	0	36	404	0.00226757369615	0.027027027027	25224962	25224991	0	0
tfsite_c2795a2d2b9bca98	tflocus_200c8f7d8c16a216	chr2R	25224962	25224991	2	GA	0	362	0	34	0	0	34	328	0	0	25224962	25224991	0	0
tfsite_596d7636a6b2e7fd	tflocus_6a75f8daf3876004	chr2R	25224967	25224983	3	CT	2	441	2	47	2	0	45	394	0.00453514739229	0.0425531914894	25224967	25224983	0.5	0.5
tfsite_596d7636a6b2e7fd	tflocus_6a75f8daf3876004	chr2R	25224967	25224983	3	GA	0	362	0	40	0	0	40	322	0	0	25224967	25224983	0	0
tfsite_e0492637e0736ca1	tflocus_200c8f7d8c16a216	chr2R	25224967	25225003	3	CT	0	440	0	31	0	0	31	409	0	0	25224967	25225003	0	0
tfsite_e0492637e0736ca1	tflocus_200c8f7d8c16a216	chr2R	25224967	25225003	3	GA	3	364	3	30	3	0	27	334	0.00824175824176	0.1	25224967	25225003	2	3
tfsite_e64477c1108e3ae9	tflocus_200c8f7d8c16a216	chr2R	25224973	25224994	4	CT	2	440	2	35	1	1	34	404	0.00454545454545	0.0285714285714	25224975	25224990	3.5	4
tfsite_e64477c1108e3ae9	tflocus_200c8f7d8c16a216	chr2R	25224973	25224994	4	GA	2	364	2	35	2	0	33	329	0.00549450549451	0.0571428571429	25224970	25224994	4	1
tfsite_d384831e9a41b29e	tflocus_eb3cbd643c7250f4	chr2R	25224976	25225022	1	CT	1	439	1	21	1	0	20	418	0.00227790432802	0.047619047619	25224974	25225023	0	0
tfsite_d384831e9a41b29e	tflocus_eb3cbd643c7250f4	chr2R	25224976	25225022	1	GA	1	362	1	17	1	0	16	345	0.00276243093923	0.0588235294118	25224977	25225020	0	0
tfsite_5308c8c2e74814d1	tflocus_200c8f7d8c16a216	chr2R	25224982	25225003	5	CT	1	440	1	31	1	0	30	409	0.00227272727273	0.0322580645161	25224982	25225003	0	0
tfsite_5308c8c2e74814d1	tflocus_200c8f7d8c16a216	chr2R	25224982	25225003	5	GA	0	364	0	36	0	0	36	328	0	0	25224982	25225003	0	0
tfsite_901689cf4d2ccb96	tflocus_f385f97c7d94b88a	chr2R	25224984	25225063	1	CT	1	439	1	17	0	1	17	421	0.00227790432802	0	25224984	25225063	0	0
tfsite_901689cf4d2ccb96	tflocus_f385f97c7d94b88a	chr2R	25224984	25225063	1	GA	0	363	0	11	0	0	11	352	0	0	25224984	25225063	0	0
tfsite_19ce84aaf447b0da	tflocus_eb3cbd643c7250f4	chr2R	25224994	25225002	2	CT	1	440	1	45	1	0	44	395	0.00227272727273	0.0222222222222	25224994	25225002	0	0
tfsite_19ce84aaf447b0da	tflocus_eb3cbd643c7250f4	chr2R	25224994	25225002	2	GA	0	363	0	56	0	0	56	307	0	0	25224994	25225002	0	0
tfsite_3e64dddf8e55be6d	tflocus_e1d4fbfb4e99152e	chr2R	25224994	25225073	1	CT	2	440	2	20	0	2	20	418	0.00454545454545	0	25224994	25225073	2.5	0.5
tfsite_3e64dddf8e55be6d	tflocus_e1d4fbfb4e99152e	chr2R	25224994	25225073	1	GA	0	362	0	13	0	0	13	349	0	0	25224994	25225073	0	0
tfsite_2acab993a8123372	tflocus_eb3cbd643c7250f4	chr2R	25224998	25225018	3	CT	1	438	1	34	1	0	33	404	0.00228310502283	0.0294117647059	25224989	25225024	0	0
tfsite_2acab993a8123372	tflocus_eb3cbd643c7250f4	chr2R	25224998	25225018	3	GA	3	359	3	43	3	0	40	316	0.008356545961	0.0697674418605	25224998	25225018	0	0
tfsite_de3b5f9592507f51	tflocus_e1d4fbfb4e99152e	chr2R	25225007	25225084	2	CT	1	439	1	23	1	0	22	416	0.00227790432802	0.0434782608696	25225007	25225084	0	0
tfsite_de3b5f9592507f51	tflocus_e1d4fbfb4e99152e	chr2R	25225007	25225084	2	GA	0	362	0	17	0	0	17	345	0	0	25225007	25225084	0	0
tfsite_d06354159fd7e33d	tflocus_f385f97c7d94b88a	chr2R	25225009	25225025	2	CT	3	430	3	36	3	0	33	394	0.00697674418605	0.0833333333333	25225009	25225025	3	2
tfsite_d06354159fd7e33d	tflocus_f385f97c7d94b88a	chr2R	25225009	25225025	2	GA	1	352	1	39	1	0	38	313	0.00284090909091	0.025641025641	25225007	25225035	0	0
tfsite_026678530445ae21	tflocus_e1d4fbfb4e99152e	chr2R	25225015	25225069	3	CT	1	437	1	28	1	0	27	409	0.00228832951945	0.0357142857143	25225015	25225069	0	0
tfsite_026678530445ae21	tflocus_e1d4fbfb4e99152e	chr2R	25225015	25225069	3	GA	0	361	0	18	0	0	18	343	0	0	25225015	25225069	0	0
tfsite_45398a22f0248eff	tflocus_f385f97c7d94b88a	chr2R	25225018	25225036	3	CT	1	431	1	38	1	0	37	393	0.00232018561485	0.0263157894737	25225019	25225037	0	0
tfsite_45398a22f0248eff	tflocus_f385f97c7d94b88a	chr2R	25225018	25225036	3	GA	1	355	1	34	1	0	33	321	0.00281690140845	0.0294117647059	25225017	25225034	0	0
tfsite_a4d2159e34b070ba	tflocus_e1d4fbfb4e99152e	chr2R	25225027	25225051	4	CT	1	436	1	36	1	0	35	400	0.00229357798165	0.0277777777778	25225027	25225051	0	0
tfsite_a4d2159e34b070ba	tflocus_e1d4fbfb4e99152e	chr2R	25225027	25225051	4	GA	0	358	0	26	0	0	26	332	0	0	25225027	25225051	0	0
tfsite_8a670b8a92fba523	tflocus_a1bbfc446d48d4ea	chr2R	25225036	25225100	1	CT	1	439	1	31	1	0	30	408	0.00227790432802	0.0322580645161	25225036	25225100	0	0
tfsite_8a670b8a92fba523	tflocus_a1bbfc446d48d4ea	chr2R	25225036	25225100	1	GA	0	362	0	22	0	0	22	340	0	0	25225036	25225100	0	0
tfsite_5ba722fb1c971ae0	tflocus_fa02124cec8dd4d6	chr2R	25225037	25225080	1	CT	0	438	0	31	0	0	31	407	0	0	25225037	25225080	0	0
tfsite_5ba722fb1c971ae0	tflocus_fa02124cec8dd4d6	chr2R	25225037	25225080	1	GA	2	362	2	26	2	0	24	336	0.00552486187845	0.0769230769231	25225037	25225080	2.5	0
tfsite_f4aa9e35cab14a03	tflocus_fa02124cec8dd4d6	chr2R	25225041	25225065	2	CT	1	435	1	40	1	0	39	395	0.00229885057471	0.025	25225041	25225065	0	0
tfsite_f4aa9e35cab14a03	tflocus_fa02124cec8dd4d6	chr2R	25225041	25225065	2	GA	0	359	0	31	0	0	31	328	0	0	25225041	25225065	0	0
tfsite_4b708b490bba09dc	tflocus_4bbd925f168c866a	chr2R	25225047	25225120	1	CT	0	441	0	25	0	0	25	416	0	0	25225047	25225120	0	0
tfsite_4b708b490bba09dc	tflocus_4bbd925f168c866a	chr2R	25225047	25225120	1	GA	1	361	1	19	1	0	18	342	0.00277008310249	0.0526315789474	25225047	25225120	0	0
tfsite_62dcbc5301fe9c0a	tflocus_4bbd925f168c866a	chr2R	25225050	25225121	2	CT	1	439	1	25	1	0	24	414	0.00227790432802	0.04	25225050	25225121	0	0
tfsite_62dcbc5301fe9c0a	tflocus_4bbd925f168c866a	chr2R	25225050	25225121	2	GA	0	358	0	19	0	0	19	339	0	0	25225050	25225121	0	0
tfsite_b3881577579819e1	tflocus_a1bbfc446d48d4ea	chr2R	25225056	25225089	2	CT	5	434	5	37	5	0	32	397	0.0115207373272	0.135135135135	25225056	25225089	3	0
tfsite_b3881577579819e1	tflocus_a1bbfc446d48d4ea	chr2R	25225056	25225089	2	GA	0	356	0	27	0	0	27	329	0	0	25225056	25225089	0	0
tfsite_c0ba42406ea9925c	tflocus_a1bbfc446d48d4ea	chr2R	25225065	25225075	3	CT	4	440	4	62	4	0	58	378	0.00909090909091	0.0645161290323	25225065	25225075	0	2.5
tfsite_c0ba42406ea9925c	tflocus_a1bbfc446d48d4ea	chr2R	25225065	25225075	3	GA	2	358	2	33	2	0	31	325	0.00558659217877	0.0606060606061	25225064	25225080	0	0
tfsite_9f50deeea5d689d7	tflocus_4bbd925f168c866a	chr2R	25225066	25225095	3	CT	2	440	2	51	2	0	49	389	0.00454545454545	0.0392156862745	25225066	25225095	5.5	6
tfsite_9f50deeea5d689d7	tflocus_4bbd925f168c866a	chr2R	25225066	25225095	3	GA	0	360	0	27	0	0	27	333	0	0	25225066	25225095	0	0
tfsite_d8e1cc9912ce3ab7	tflocus_4bbd925f168c866a	chr2R	25225066	25225102	4	CT	1	437	1	47	1	0	46	390	0.00228832951945	0.0212765957447	25225068	25225101	0	0
tfsite_d8e1cc9912ce3ab7	tflocus_4bbd925f168c866a	chr2R	25225066	25225102	4	GA	1	358	1	26	1	0	25	332	0.00279329608939	0.0384615384615	25225064	25225103	0	0
tfsite_140d7675725db508	tflocus_2d627e6048094d25	chr2R	25225070	25225121	1	CT	2	436	2	36	2	0	34	400	0.0045871559633	0.0555555555556	25225070	25225121	0.5	3
tfsite_140d7675725db508	tflocus_2d627e6048094d25	chr2R	25225070	25225121	1	GA	0	356	0	21	0	0	21	335	0	0	25225070	25225121	0	0
tfsite_c94d86a043f0fb3f	tflocus_2d627e6048094d25	chr2R	25225073	25225128	2	CT	1	439	1	34	1	0	33	405	0.00227790432802	0.0294117647059	25225072	25225127	0	0
tfsite_c94d86a043f0fb3f	tflocus_2d627e6048094d25	chr2R	25225073	25225128	2	GA	1	359	1	19	1	0	18	340	0.00278551532033	0.0526315789474	25225074	25225128	0	0
tfsite_9cd482164a9fea6a	tflocus_516f353e478d733b	chr2R	25225075	25225152	1	CT	1	440	1	29	1	0	28	411	0.00227272727273	0.0344827586207	25225080	25225147	0	0
tfsite_9cd482164a9fea6a	tflocus_516f353e478d733b	chr2R	25225075	25225152	1	GA	1	360	1	10	1	0	9	350	0.00277777777778	0.1	25225070	25225156	0	0
tfsite_144f4e372a665bdd	tflocus_581ecbe22e4a139a	chr2R	25225085	25225165	1	CT	0	441	0	24	0	0	24	417	0	0	25225085	25225165	0	0
tfsite_144f4e372a665bdd	tflocus_581ecbe22e4a139a	chr2R	25225085	25225165	1	GA	1	361	1	12	1	0	11	349	0.00277008310249	0.0833333333333	25225085	25225165	0	0
tfsite_d658c7579fbe3c4e	tflocus_516f353e478d733b	chr2R	25225086	25225132	2	CT	1	440	1	40	1	0	39	400	0.00227272727273	0.025	25225094	25225127	0	0
tfsite_d658c7579fbe3c4e	tflocus_516f353e478d733b	chr2R	25225086	25225132	2	GA	2	360	2	22	2	0	20	338	0.00555555555556	0.0909090909091	25225084	25225133	2	1
tfsite_fe9b6b4aaf143826	tflocus_2d627e6048094d25	chr2R	25225088	25225100	3	CT	0	422	0	67	0	0	67	355	0	0	25225088	25225100	0	0
tfsite_fe9b6b4aaf143826	tflocus_2d627e6048094d25	chr2R	25225088	25225100	3	GA	1	349	1	44	1	0	43	305	0.00286532951289	0.0227272727273	25225088	25225100	0	0
tfsite_f84d3ab212c4e468	tflocus_2d627e6048094d25	chr2R	25225089	25225107	4	CT	2	420	2	62	2	0	60	358	0.0047619047619	0.0322580645161	25225089	25225107	2.5	1
tfsite_f84d3ab212c4e468	tflocus_2d627e6048094d25	chr2R	25225089	25225107	4	GA	0	347	0	42	0	0	42	305	0	0	25225089	25225107	0	0
tfsite_9997724a9a82512f	tflocus_516f353e478d733b	chr2R	25225095	25225117	3	CT	3	440	3	46	2	1	44	393	0.00681818181818	0.0434782608696	25225095	25225117	4	0
tfsite_9997724a9a82512f	tflocus_516f353e478d733b	chr2R	25225095	25225117	3	GA	0	362	0	35	0	0	35	327	0	0	25225095	25225117	0	0
tfsite_3e37933c82cb6841	tflocus_516f353e478d733b	chr2R	25225096	25225133	4	CT	1	439	1	41	1	0	40	398	0.00227790432802	0.0243902439024	25225096	25225133	0	0
tfsite_3e37933c82cb6841	tflocus_516f353e478d733b	chr2R	25225096	25225133	4	GA	0	359	0	23	0	0	23	336	0	0	25225096	25225133	0	0
tfsite_8ee73927ebe4a482	tflocus_581ecbe22e4a139a	chr2R	25225102	25225171	2	CT	1	438	1	29	1	0	28	409	0.00228310502283	0.0344827586207	25225102	25225171	0	0
tfsite_8ee73927ebe4a482	tflocus_581ecbe22e4a139a	chr2R	25225102	25225171	2	GA	0	361	0	13	0	0	13	348	0	0	25225102	25225171	0	0
tfsite_5a4433551538e35f	tflocus_581ecbe22e4a139a	chr2R	25225108	25225153	3	CT	1	434	1	39	1	0	38	395	0.00230414746544	0.025641025641	25225108	25225153	0	0
tfsite_5a4433551538e35f	tflocus_581ecbe22e4a139a	chr2R	25225108	25225153	3	GA	0	362	0	17	0	0	17	345	0	0	25225108	25225153	0	0
tfsite_517e3839df60e12b	tflocus_516f353e478d733b	chr2R	25225109	25225123	5	CT	0	437	0	59	0	0	59	378	0	0	25225109	25225123	0	0
tfsite_517e3839df60e12b	tflocus_516f353e478d733b	chr2R	25225109	25225123	5	GA	1	359	1	47	1	0	46	312	0.00278551532033	0.0212765957447	25225109	25225123	0	0
tfsite_f1ca5a097892e94a	tflocus_581ecbe22e4a139a	chr2R	25225111	25225157	4	CT	1	433	1	42	1	0	41	391	0.00230946882217	0.0238095238095	25225111	25225157	0	0
tfsite_f1ca5a097892e94a	tflocus_581ecbe22e4a139a	chr2R	25225111	25225157	4	GA	0	358	0	17	0	0	17	341	0	0	25225111	25225157	0	0
tfsite_a126c1267f0dadb9	tflocus_581ecbe22e4a139a	chr2R	25225117	25225129	5	CT	0	437	0	60	0	0	60	377	0	0	25225117	25225129	0	0
tfsite_a126c1267f0dadb9	tflocus_581ecbe22e4a139a	chr2R	25225117	25225129	5	GA	1	358	1	46	1	0	45	312	0.00279329608939	0.0217391304348	25225117	25225129	0	0
tfsite_a721b6b7e36f5086	tflocus_9eff9425b53a6035	chr2R	25225119	25225202	1	CT	0	440	0	21	0	0	21	419	0	0	25225119	25225202	0	0
tfsite_a721b6b7e36f5086	tflocus_9eff9425b53a6035	chr2R	25225119	25225202	1	GA	1	359	1	8	0	1	8	350	0.00278551532033	0	25225119	25225202	0	0
tfsite_bb389b52c251d643	tflocus_581ecbe22e4a139a	chr2R	25225121	25225142	6	CT	2	437	2	59	1	1	58	377	0.0045766590389	0.0169491525424	25225120	25225146	5.5	5
tfsite_bb389b52c251d643	tflocus_581ecbe22e4a139a	chr2R	25225121	25225142	6	GA	1	360	1	32	1	0	31	328	0.00277777777778	0.03125	25225121	25225142	0	0
tfsite_6e93b295c787a53b	tflocus_9eff9425b53a6035	chr2R	25225121	25225194	2	CT	0	439	0	23	0	0	23	416	0	0	25225121	25225194	0	0
tfsite_6e93b295c787a53b	tflocus_9eff9425b53a6035	chr2R	25225121	25225194	2	GA	1	360	1	12	0	1	12	347	0.00277777777778	0	25225121	25225194	0	0
tfsite_2a96d9d785fad196	tflocus_5e58a69377d49dd8	chr2R	25225123	25225169	1	CT	0	437	0	37	0	0	37	400	0	0	25225123	25225169	0	0
tfsite_2a96d9d785fad196	tflocus_5e58a69377d49dd8	chr2R	25225123	25225169	1	GA	1	361	1	18	1	0	17	343	0.00277008310249	0.0555555555556	25225123	25225169	0	0
tfsite_d25c5b40d502600b	tflocus_5e58a69377d49dd8	chr2R	25225129	25225152	2	CT	1	437	1	61	1	0	60	376	0.00228832951945	0.016393442623	25225129	25225152	0	0
tfsite_d25c5b40d502600b	tflocus_5e58a69377d49dd8	chr2R	25225129	25225152	2	GA	0	361	0	33	0	0	33	328	0	0	25225129	25225152	0	0
tfsite_d4e272faf1ee01f7	tflocus_581ecbe22e4a139a	chr2R	25225130	25225147	7	CT	1	430	1	67	1	0	66	363	0.00232558139535	0.0149253731343	25225130	25225147	0	0
tfsite_d4e272faf1ee01f7	tflocus_581ecbe22e4a139a	chr2R	25225130	25225147	7	GA	0	354	0	40	0	0	40	314	0	0	25225130	25225147	0	0
tfsite_abf86e8790e5e40d	tflocus_9eff9425b53a6035	chr2R	25225132	25225180	3	CT	1	437	1	40	1	0	39	397	0.00228832951945	0.025	25225134	25225180	0	0
tfsite_abf86e8790e5e40d	tflocus_9eff9425b53a6035	chr2R	25225132	25225180	3	GA	1	360	1	21	1	0	20	339	0.00277777777778	0.047619047619	25225129	25225180	0	0
tfsite_9aa63d78aa277f3c	tflocus_413f524d4acc0a2f	chr2R	25225135	25225208	1	CT	2	437	2	21	1	1	20	415	0.0045766590389	0.047619047619	25225135	25225208	4	5
tfsite_9aa63d78aa277f3c	tflocus_413f524d4acc0a2f	chr2R	25225135	25225208	1	GA	0	362	0	10	0	0	10	352	0	0	25225135	25225208	0	0
tfsite_558939998e8057c2	tflocus_413f524d4acc0a2f	chr2R	25225138	25225220	2	CT	0	437	0	20	0	0	20	417	0	0	25225138	25225220	0	0
tfsite_558939998e8057c2	tflocus_413f524d4acc0a2f	chr2R	25225138	25225220	2	GA	1	361	1	7	0	1	7	353	0.00277008310249	0	25225138	25225220	0	0
tfsite_7d9310fbcea53dea	tflocus_9eff9425b53a6035	chr2R	25225140	25225183	4	CT	1	434	1	41	1	0	40	393	0.00230414746544	0.0243902439024	25225140	25225183	0	0
tfsite_7d9310fbcea53dea	tflocus_9eff9425b53a6035	chr2R	25225140	25225183	4	GA	0	358	0	23	0	0	23	335	0	0	25225140	25225183	0	0
tfsite_ff33b2992f651687	tflocus_9eff9425b53a6035	chr2R	25225147	25225170	5	CT	1	432	1	52	1	0	51	380	0.00231481481481	0.0192307692308	25225147	25225170	0	0
tfsite_ff33b2992f651687	tflocus_9eff9425b53a6035	chr2R	25225147	25225170	5	GA	0	357	0	30	0	0	30	327	0	0	25225147	25225170	0	0
tfsite_cc353d973e897a31	tflocus_9eff9425b53a6035	chr2R	25225148	25225159	6	CT	0	428	0	66	0	0	66	362	0	0	25225148	25225159	0	0
tfsite_cc353d973e897a31	tflocus_9eff9425b53a6035	chr2R	25225148	25225159	6	GA	2	357	2	41	2	0	39	316	0.00560224089636	0.0487804878049	25225148	25225159	0	0
tfsite_09bacc21b1fcf972	tflocus_7062bfa7d6e05965	chr2R	25225150	25225230	1	CT	0	438	0	20	0	0	20	418	0	0	25225150	25225230	0	0
tfsite_09bacc21b1fcf972	tflocus_7062bfa7d6e05965	chr2R	25225150	25225230	1	GA	2	360	2	7	0	2	7	351	0.00555555555556	0	25225150	25225230	1	3
tfsite_28fe459c3a231893	tflocus_7062bfa7d6e05965	chr2R	25225152	25225233	2	CT	1	436	1	17	1	0	16	419	0.00229357798165	0.0588235294118	25225152	25225233	0	0
tfsite_28fe459c3a231893	tflocus_7062bfa7d6e05965	chr2R	25225152	25225233	2	GA	0	357	0	7	0	0	7	350	0	0	25225152	25225233	0	0
tfsite_b8eb02fd7e581dd6	tflocus_7062bfa7d6e05965	chr2R	25225154	25225211	3	CT	1	433	1	26	1	0	25	407	0.00230946882217	0.0384615384615	25225154	25225211	0	0
tfsite_b8eb02fd7e581dd6	tflocus_7062bfa7d6e05965	chr2R	25225154	25225211	3	GA	0	359	0	12	0	0	12	347	0	0	25225154	25225211	0	0
tfsite_c830a8f14fb61ec2	tflocus_413f524d4acc0a2f	chr2R	25225165	25225185	3	CT	2	442	2	60	2	0	58	382	0.00452488687783	0.0333333333333	25225165	25225185	0.5	3.5
tfsite_c830a8f14fb61ec2	tflocus_413f524d4acc0a2f	chr2R	25225165	25225185	3	GA	0	361	0	39	0	0	39	322	0	0	25225165	25225185	0	0
tfsite_ff9377fe6c331b3f	tflocus_413f524d4acc0a2f	chr2R	25225166	25225174	4	CT	1	441	1	70	1	0	69	371	0.00226757369615	0.0142857142857	25225166	25225174	0	0
tfsite_ff9377fe6c331b3f	tflocus_413f524d4acc0a2f	chr2R	25225166	25225174	4	GA	0	362	0	41	0	0	41	321	0	0	25225166	25225174	0	0
tfsite_5be2cdc368c18924	tflocus_5d327f4f7c1fa1e3	chr2R	25225168	25225248	1	CT	0	440	0	18	0	0	18	422	0	0	25225168	25225248	0	0
tfsite_5be2cdc368c18924	tflocus_5d327f4f7c1fa1e3	chr2R	25225168	25225248	1	GA	1	361	1	6	0	1	6	354	0.00277008310249	0	25225168	25225248	0	0
tfsite_7d1574c47fca1918	tflocus_7062bfa7d6e05965	chr2R	25225169	25225213	4	CT	1	437	2	29	2	0	27	408	0.0045766590389	0.0689655172414	25225169	25225213	0	0
tfsite_7d1574c47fca1918	tflocus_7062bfa7d6e05965	chr2R	25225169	25225213	4	GA	0	361	0	17	0	0	17	344	0	0	25225169	25225213	0	0
tfsite_6c06b5a5a2f77fb3	tflocus_7062bfa7d6e05965	chr2R	25225171	25225194	5	CT	0	439	0	38	0	0	38	401	0	0	25225171	25225194	0	0
tfsite_6c06b5a5a2f77fb3	tflocus_7062bfa7d6e05965	chr2R	25225171	25225194	5	GA	1	360	1	33	1	0	32	327	0.00277777777778	0.030303030303	25225171	25225194	0	0
tfsite_579c8aa716c53ddc	tflocus_7062bfa7d6e05965	chr2R	25225183	25225210	6	CT	1	439	1	36	1	0	35	403	0.00227790432802	0.0277777777778	25225180	25225211	0	0
tfsite_579c8aa716c53ddc	tflocus_7062bfa7d6e05965	chr2R	25225183	25225210	6	GA	1	359	1	22	1	0	21	337	0.00278551532033	0.0454545454545	25225186	25225209	0	0
tfsite_9be1cc106e75f1fe	tflocus_5d327f4f7c1fa1e3	chr2R	25225184	25225219	2	CT	0	437	0	29	0	0	29	408	0	0	25225184	25225219	0	0
tfsite_9be1cc106e75f1fe	tflocus_5d327f4f7c1fa1e3	chr2R	25225184	25225219	2	GA	1	359	1	12	1	0	11	347	0.00278551532033	0.0833333333333	25225184	25225219	0	0
tfsite_32f015be69450592	tflocus_7062bfa7d6e05965	chr2R	25225185	25225199	7	CT	0	433	0	43	0	0	43	390	0	0	25225185	25225199	0	0
tfsite_32f015be69450592	tflocus_7062bfa7d6e05965	chr2R	25225185	25225199	7	GA	1	359	1	32	1	0	31	327	0.00278551532033	0.03125	25225185	25225199	0	0
tfsite_19ffbec94f51a88b	tflocus_5d327f4f7c1fa1e3	chr2R	25225189	25225233	3	CT	0	437	0	23	0	0	23	414	0	0	25225189	25225233	0	0
tfsite_19ffbec94f51a88b	tflocus_5d327f4f7c1fa1e3	chr2R	25225189	25225233	3	GA	3	360	3	12	3	0	9	348	0.00833333333333	0.25	25225189	25225233	2	0
tfsite_9450bc830b0d0fd9	tflocus_3fc2370c78c63760	chr2R	25225193	25225233	1	CT	0	438	0	23	0	0	23	415	0	0	25225193	25225233	0	0
tfsite_9450bc830b0d0fd9	tflocus_3fc2370c78c63760	chr2R	25225193	25225233	1	GA	1	360	1	14	1	0	13	346	0.00277777777778	0.0714285714286	25225193	25225233	0	0
tfsite_08e611e76c68b7fd	tflocus_3fc2370c78c63760	chr2R	25225195	25225236	2	CT	0	438	0	23	0	0	23	415	0	0	25225195	25225236	0	0
tfsite_08e611e76c68b7fd	tflocus_3fc2370c78c63760	chr2R	25225195	25225236	2	GA	1	361	1	15	1	0	14	346	0.00277008310249	0.0666666666667	25225195	25225236	0	0
tfsite_f1e0417711cd0927	tflocus_65fa17a3e1db5e8c	chr2R	25225196	25225265	1	CT	1	435	1	18	1	0	17	417	0.00229885057471	0.0555555555556	25225201	25225260	0	0
tfsite_f1e0417711cd0927	tflocus_65fa17a3e1db5e8c	chr2R	25225196	25225265	1	GA	1	359	1	6	0	1	6	352	0.00278551532033	0	25225191	25225269	0	0
tfsite_c16e79ebc362c507	tflocus_5d327f4f7c1fa1e3	chr2R	25225201	25225211	4	CT	7	438	7	39	7	0	32	399	0.0159817351598	0.179487179487	25225201	25225211	0	2
tfsite_c16e79ebc362c507	tflocus_5d327f4f7c1fa1e3	chr2R	25225201	25225211	4	GA	0	362	0	32	0	0	32	330	0	0	25225201	25225211	0	0
tfsite_466204525f55c333	tflocus_65fa17a3e1db5e8c	chr2R	25225203	25225260	2	CT	1	436	1	21	1	0	20	415	0.00229357798165	0.047619047619	25225203	25225260	0	0
tfsite_466204525f55c333	tflocus_65fa17a3e1db5e8c	chr2R	25225203	25225260	2	GA	0	357	0	9	0	0	9	348	0	0	25225203	25225260	0	0
tfsite_8a0738875796eb1e	tflocus_12ca5e6b03b69729	chr2R	25225207	25225278	1	CT	0	438	0	15	0	0	15	423	0	0	25225207	25225278	0	0
tfsite_8a0738875796eb1e	tflocus_12ca5e6b03b69729	chr2R	25225207	25225278	1	GA	2	360	2	7	2	0	5	353	0.00555555555556	0.285714285714	25225207	25225278	0	0
tfsite_45944540334ef555	tflocus_3fc2370c78c63760	chr2R	25225208	25225222	3	CT	1	437	1	33	1	0	32	404	0.00228832951945	0.030303030303	25225208	25225222	0	0
tfsite_45944540334ef555	tflocus_3fc2370c78c63760	chr2R	25225208	25225222	3	GA	0	359	0	27	0	0	27	332	0	0	25225208	25225222	0	0
tfsite_649f00f4daa562a9	tflocus_12ca5e6b03b69729	chr2R	25225209	25225290	2	CT	1	440	1	14	1	0	13	426	0.00227272727273	0.0714285714286	25225209	25225290	0	0
tfsite_649f00f4daa562a9	tflocus_12ca5e6b03b69729	chr2R	25225209	25225290	2	GA	0	363	0	7	0	0	7	356	0	0	25225209	25225290	0	0
tfsite_82aa18703dd7a04d	tflocus_3fc2370c78c63760	chr2R	25225213	25225226	4	CT	3	439	3	36	3	0	33	403	0.00683371298405	0.0833333333333	25225213	25225226	4	3
tfsite_82aa18703dd7a04d	tflocus_3fc2370c78c63760	chr2R	25225213	25225226	4	GA	1	358	1	29	1	0	28	329	0.00279329608939	0.0344827586207	25225210	25225224	0	0
tfsite_048d9d63153694f4	tflocus_65fa17a3e1db5e8c	chr2R	25225214	25225240	3	CT	1	438	1	30	0	1	30	407	0.00228310502283	0	25225217	25225234	0	0
tfsite_048d9d63153694f4	tflocus_65fa17a3e1db5e8c	chr2R	25225214	25225240	3	GA	1	358	1	21	1	0	20	337	0.00279329608939	0.047619047619	25225210	25225245	0	0
tfsite_10251f199493f759	tflocus_35d73f6414c2c5e2	chr2R	25225219	25225293	1	CT	1	439	1	15	1	0	14	424	0.00227790432802	0.0666666666667	25225219	25225293	0	0
tfsite_10251f199493f759	tflocus_35d73f6414c2c5e2	chr2R	25225219	25225293	1	GA	0	361	0	7	0	0	7	354	0	0	25225219	25225293	0	0
tfsite_7873ac4ec02b1acc	tflocus_65fa17a3e1db5e8c	chr2R	25225220	25225243	4	CT	2	428	2	29	2	0	27	399	0.00467289719626	0.0689655172414	25225220	25225243	1	1.5
tfsite_7873ac4ec02b1acc	tflocus_65fa17a3e1db5e8c	chr2R	25225220	25225243	4	GA	0	348	0	20	0	0	20	328	0	0	25225220	25225243	0	0
tfsite_dbedff7b33eebf31	tflocus_65fa17a3e1db5e8c	chr2R	25225223	25225236	5	CT	0	438	0	32	0	0	32	406	0	0	25225223	25225236	0	0
tfsite_dbedff7b33eebf31	tflocus_65fa17a3e1db5e8c	chr2R	25225223	25225236	5	GA	2	358	2	27	2	0	25	331	0.00558659217877	0.0740740740741	25225223	25225236	0.5	0
tfsite_90faad8e16ec1aaa	tflocus_65fa17a3e1db5e8c	chr2R	25225225	25225239	6	CT	0	436	0	31	0	0	31	405	0	0	25225225	25225239	0	0
tfsite_90faad8e16ec1aaa	tflocus_65fa17a3e1db5e8c	chr2R	25225225	25225239	6	GA	1	358	1	27	1	0	26	331	0.00279329608939	0.037037037037	25225225	25225239	0	0
tfsite_a789b2e93c5f4601	tflocus_f1a129665fef234e	chr2R	25225228	25225300	1	CT	1	438	1	19	1	0	18	419	0.00228310502283	0.0526315789474	25225228	25225300	0	0
tfsite_a789b2e93c5f4601	tflocus_f1a129665fef234e	chr2R	25225228	25225300	1	GA	0	358	0	7	0	0	7	351	0	0	25225228	25225300	0	0
tfsite_8c23eacb6d3eb89e	tflocus_12ca5e6b03b69729	chr2R	25225231	25225247	3	CT	1	429	1	35	1	0	34	394	0.002331002331	0.0285714285714	25225231	25225247	0	0
tfsite_8c23eacb6d3eb89e	tflocus_12ca5e6b03b69729	chr2R	25225231	25225247	3	GA	0	351	0	23	0	0	23	328	0	0	25225231	25225247	0	0
tfsite_80bd38b2f59a3a6d	tflocus_35d73f6414c2c5e2	chr2R	25225235	25225270	2	CT	0	437	0	28	0	0	28	409	0	0	25225235	25225270	0	0
tfsite_80bd38b2f59a3a6d	tflocus_35d73f6414c2c5e2	chr2R	25225235	25225270	2	GA	1	359	1	23	1	0	22	336	0.00278551532033	0.0434782608696	25225235	25225270	0	0
tfsite_0d43ea698f114592	tflocus_12ca5e6b03b69729	chr2R	25225239	25225254	4	CT	1	427	1	40	1	0	39	387	0.00234192037471	0.025	25225237	25225254	0	0
tfsite_0d43ea698f114592	tflocus_12ca5e6b03b69729	chr2R	25225239	25225254	4	GA	1	352	1	30	1	0	29	322	0.00284090909091	0.0333333333333	25225240	25225254	0	0
tfsite_5bece73d06e3ea23	tflocus_35d73f6414c2c5e2	chr2R	25225243	25225275	3	CT	1	438	1	28	1	0	27	410	0.00228310502283	0.0357142857143	25225242	25225278	0	0
tfsite_5bece73d06e3ea23	tflocus_35d73f6414c2c5e2	chr2R	25225243	25225275	3	GA	1	358	1	25	1	0	24	333	0.00279329608939	0.04	25225244	25225272	0	0
tfsite_12457c47fd30a285	tflocus_f1a129665fef234e	chr2R	25225246	25225290	2	CT	0	440	0	21	0	0	21	419	0	0	25225246	25225290	0	0
tfsite_12457c47fd30a285	tflocus_f1a129665fef234e	chr2R	25225246	25225290	2	GA	1	361	1	19	1	0	18	342	0.00277008310249	0.0526315789474	25225246	25225290	0	0
tfsite_badce2e92df0304d	tflocus_7d86b0b8cafc19a9	chr2R	25225247	25225325	1	CT	1	437	1	16	1	0	15	421	0.00228832951945	0.0625	25225247	25225325	0	0
tfsite_badce2e92df0304d	tflocus_7d86b0b8cafc19a9	chr2R	25225247	25225325	1	GA	0	361	0	9	0	0	9	352	0	0	25225247	25225325	0	0
tfsite_6f747e2dde6f9045	tflocus_547ad83c8ba18f7c	chr2R	25225272	25225343	1	CT	1	438	1	19	0	1	19	418	0.00228310502283	0	25225272	25225343	0	0
tfsite_6f747e2dde6f9045	tflocus_547ad83c8ba18f7c	chr2R	25225272	25225343	1	GA	0	361	0	11	0	0	11	350	0	0	25225272	25225343	0	0
tfsite_07b4996b532a8f80	tflocus_7d86b0b8cafc19a9	chr2R	25225273	25225288	2	CT	0	440	0	41	0	0	41	399	0	0	25225273	25225288	0	0
tfsite_07b4996b532a8f80	tflocus_7d86b0b8cafc19a9	chr2R	25225273	25225288	2	GA	1	360	1	34	1	0	33	326	0.00277777777778	0.0294117647059	25225273	25225288	0	0
tfsite_b9f704cf93a9d9c4	tflocus_2e90a56646e98bd2	chr2R	25225274	25225318	1	CT	0	440	0	22	0	0	22	418	0	0	25225274	25225318	0	0
tfsite_b9f704cf93a9d9c4	tflocus_2e90a56646e98bd2	chr2R	25225274	25225318	1	GA	1	361	1	15	1	0	14	346	0.00277008310249	0.0666666666667	25225274	25225318	0	0
tfsite_b85ac03642c42da1	tflocus_547ad83c8ba18f7c	chr2R	25225287	25225338	2	CT	0	438	0	23	0	0	23	415	0	0	25225287	25225338	0	0
tfsite_b85ac03642c42da1	tflocus_547ad83c8ba18f7c	chr2R	25225287	25225338	2	GA	1	361	1	15	1	0	14	346	0.00277008310249	0.0666666666667	25225287	25225338	0	0
tfsite_75d879c4be222793	tflocus_44c143aad583d3af	chr2R	25225294	25225371	1	CT	1	435	1	19	1	0	18	416	0.00229885057471	0.0526315789474	25225294	25225371	0	0
tfsite_75d879c4be222793	tflocus_44c143aad583d3af	chr2R	25225294	25225371	1	GA	0	361	0	10	0	0	10	351	0	0	25225294	25225371	0	0
tfsite_50fd8fa4ff349263	tflocus_547ad83c8ba18f7c	chr2R	25225295	25225322	3	CT	0	439	0	24	0	0	24	415	0	0	25225295	25225322	0	0
tfsite_50fd8fa4ff349263	tflocus_547ad83c8ba18f7c	chr2R	25225295	25225322	3	GA	1	361	1	23	1	0	22	338	0.00277008310249	0.0434782608696	25225295	25225322	0	0
tfsite_8edb3d0f3e8ecc4e	tflocus_44c143aad583d3af	chr2R	25225295	25225378	2	CT	0	436	0	17	0	0	17	419	0	0	25225295	25225378	0	0
tfsite_8edb3d0f3e8ecc4e	tflocus_44c143aad583d3af	chr2R	25225295	25225378	2	GA	1	361	1	10	1	0	9	351	0.00277008310249	0.1	25225295	25225378	0	0
tfsite_573f6e97b2ce34eb	tflocus_44c143aad583d3af	chr2R	25225306	25225371	3	CT	1	436	1	21	1	0	20	415	0.00229357798165	0.047619047619	25225306	25225371	0	0
tfsite_573f6e97b2ce34eb	tflocus_44c143aad583d3af	chr2R	25225306	25225371	3	GA	0	361	0	14	0	0	14	347	0	0	25225306	25225371	0	0
tfsite_9c2f563aab8a7e08	tflocus_1d91e0ae5159fedc	chr2R	25225310	25225332	1	CT	3	438	3	29	3	0	26	409	0.00684931506849	0.103448275862	25225310	25225332	4	2
tfsite_9c2f563aab8a7e08	tflocus_1d91e0ae5159fedc	chr2R	25225310	25225332	1	GA	2	362	2	32	1	1	31	329	0.00552486187845	0.03125	25225317	25225330	0	0
tfsite_86fc638a2667e40a	tflocus_1d91e0ae5159fedc	chr2R	25225312	25225322	2	CT	1	439	1	31	1	0	30	408	0.00227790432802	0.0322580645161	25225303	25225331	0	0
tfsite_86fc638a2667e40a	tflocus_1d91e0ae5159fedc	chr2R	25225312	25225322	2	GA	3	360	3	36	3	0	33	324	0.00833333333333	0.0833333333333	25225312	25225322	0	0
tfsite_e568806b648a41f1	tflocus_44c143aad583d3af	chr2R	25225313	25225347	4	CT	1	438	1	25	1	0	24	413	0.00228310502283	0.04	25225318	25225343	0	0
tfsite_e568806b648a41f1	tflocus_44c143aad583d3af	chr2R	25225313	25225347	4	GA	1	362	1	27	1	0	26	335	0.00276243093923	0.037037037037	25225308	25225350	0	0
tfsite_4cd7a517d362660a	tflocus_44c143aad583d3af	chr2R	25225314	25225357	5	CT	0	439	0	26	0	0	26	413	0	0	25225314	25225357	0	0
tfsite_4cd7a517d362660a	tflocus_44c143aad583d3af	chr2R	25225314	25225357	5	GA	1	362	1	21	1	0	20	341	0.00276243093923	0.047619047619	25225314	25225357	0	0
tfsite_cb18d4e9b9e6e209	tflocus_53dcffc525d0970f	chr2R	25225314	25225392	1	CT	0	434	0	16	0	0	16	418	0	0	25225314	25225392	0	0
tfsite_cb18d4e9b9e6e209	tflocus_53dcffc525d0970f	chr2R	25225314	25225392	1	GA	1	361	1	15	1	0	14	346	0.00277008310249	0.0666666666667	25225314	25225392	0	0
tfsite_725830411fdd895a	tflocus_44c143aad583d3af	chr2R	25225324	25225350	6	CT	0	438	0	31	0	0	31	407	0	0	25225324	25225350	0	0
tfsite_725830411fdd895a	tflocus_44c143aad583d3af	chr2R	25225324	25225350	6	GA	2	362	2	28	2	0	26	334	0.00552486187845	0.0714285714286	25225324	25225350	1	0.5
tfsite_942de06a530ed038	tflocus_53dcffc525d0970f	chr2R	25225325	25225373	2	CT	1	434	1	26	1	0	25	408	0.00230414746544	0.0384615384615	25225325	25225373	0	0
tfsite_942de06a530ed038	tflocus_53dcffc525d0970f	chr2R	25225325	25225373	2	GA	0	359	0	16	0	0	16	343	0	0	25225325	25225373	0	0
tfsite_7c2c35eb135468d7	tflocus_5ac7b3567ef8a3cb	chr2R	25225331	25225397	1	CT	0	434	0	18	0	0	18	416	0	0	25225331	25225397	0	0
tfsite_7c2c35eb135468d7	tflocus_5ac7b3567ef8a3cb	chr2R	25225331	25225397	1	GA	4	362	4	15	4	0	11	347	0.0110497237569	0.266666666667	25225331	25225397	2	0
tfsite_d091a656be532f16	tflocus_44c143aad583d3af	chr2R	25225332	25225348	7	CT	1	435	1	37	1	0	36	398	0.00229885057471	0.027027027027	25225334	25225343	0	0
tfsite_d091a656be532f16	tflocus_44c143aad583d3af	chr2R	25225332	25225348	7	GA	1	358	1	35	1	0	34	323	0.00279329608939	0.0285714285714	25225329	25225353	0	0
tfsite_b20f4dda5a9148b3	tflocus_53dcffc525d0970f	chr2R	25225332	25225357	3	CT	2	440	2	34	2	0	32	406	0.00454545454545	0.0588235294118	25225335	25225357	3.5	0.5
tfsite_b20f4dda5a9148b3	tflocus_53dcffc525d0970f	chr2R	25225332	25225357	3	GA	1	362	1	27	1	0	26	335	0.00276243093923	0.037037037037	25225332	25225364	0	0
tfsite_ffb1d0922ebd60b9	tflocus_5ac7b3567ef8a3cb	chr2R	25225340	25225380	2	CT	2	435	3	33	3	0	30	402	0.00689655172414	0.0909090909091	25225338	25225382	6	2
tfsite_ffb1d0922ebd60b9	tflocus_5ac7b3567ef8a3cb	chr2R	25225340	25225380	2	GA	1	357	1	20	1	0	19	337	0.00280112044818	0.05	25225340	25225378	0	0
tfsite_c45c05e26089b658	tflocus_53dcffc525d0970f	chr2R	25225342	25225363	4	CT	1	438	1	42	1	0	41	396	0.00228310502283	0.0238095238095	25225342	25225363	0	0
tfsite_c45c05e26089b658	tflocus_53dcffc525d0970f	chr2R	25225342	25225363	4	GA	0	361	0	27	0	0	27	334	0	0	25225342	25225363	0	0
tfsite_eca36f764eaf8b44	tflocus_5ac7b3567ef8a3cb	chr2R	25225347	25225386	3	CT	1	432	1	31	1	0	30	401	0.00231481481481	0.0322580645161	25225347	25225386	0	0
tfsite_eca36f764eaf8b44	tflocus_5ac7b3567ef8a3cb	chr2R	25225347	25225386	3	GA	0	355	0	20	0	0	20	335	0	0	25225347	25225386	0	0
tfsite_3ba1cd83a377f6e6	tflocus_8533a46a90d16472	chr2R	25225375	25225407	1	CT	1	434	1	38	1	0	37	396	0.00230414746544	0.0263157894737	25225375	25225407	0	0
tfsite_3ba1cd83a377f6e6	tflocus_8533a46a90d16472	chr2R	25225375	25225407	1	GA	0	360	0	33	0	0	33	327	0	0	25225375	25225407	0	0
tfsite_4dd5c7169bbc34b4	tflocus_8533a46a90d16472	chr2R	25225376	25225391	2	CT	1	432	1	59	1	0	58	373	0.00231481481481	0.0169491525424	25225376	25225391	0	0
tfsite_4dd5c7169bbc34b4	tflocus_8533a46a90d16472	chr2R	25225376	25225391	2	GA	0	358	0	48	0	0	48	310	0	0	25225376	25225391	0	0
tfsite_0478701d7b512525	tflocus_296d9537eeda88ab	chr2R	25225387	25225406	1	CT	0	422	0	42	0	0	42	380	0	0	25225387	25225406	0	0
tfsite_0478701d7b512525	tflocus_296d9537eeda88ab	chr2R	25225387	25225406	1	GA	1	348	1	42	1	0	41	306	0.00287356321839	0.0238095238095	25225387	25225406	0	0
tfsite_bb00f42fa8996b72	tflocus_296d9537eeda88ab	chr2R	25225387	25225418	2	CT	1	431	1	36	1	0	35	395	0.00232018561485	0.0277777777778	25225381	25225419	0	0
tfsite_bb00f42fa8996b72	tflocus_296d9537eeda88ab	chr2R	25225387	25225418	2	GA	1	359	1	31	1	0	30	328	0.00278551532033	0.0322580645161	25225392	25225417	0	0
tfsite_c4ae654af3ce8e8e	tflocus_673dfbaf60071af4	chr2R	25225390	25225435	1	CT	1	436	1	30	1	0	29	406	0.00229357798165	0.0333333333333	25225390	25225435	0	0
tfsite_c4ae654af3ce8e8e	tflocus_673dfbaf60071af4	chr2R	25225390	25225435	1	GA	0	361	0	17	0	0	17	344	0	0	25225390	25225435	0	0
tfsite_7744a674fb73eec8	tflocus_673dfbaf60071af4	chr2R	25225404	25225420	2	CT	0	428	0	42	0	0	42	386	0	0	25225404	25225420	0	0
tfsite_7744a674fb73eec8	tflocus_673dfbaf60071af4	chr2R	25225404	25225420	2	GA	1	350	1	32	1	0	31	318	0.00285714285714	0.03125	25225404	25225420	0	0
tfsite_f36f5970b6f53eb1	tflocus_673dfbaf60071af4	chr2R	25225410	25225427	3	CT	3	435	3	42	3	0	39	393	0.00689655172414	0.0714285714286	25225410	25225427	1	1
tfsite_f36f5970b6f53eb1	tflocus_673dfbaf60071af4	chr2R	25225410	25225427	3	GA	0	359	0	34	0	0	34	325	0	0	25225410	25225427	0	0
tfsite_cc25e79a2659b812	tflocus_673dfbaf60071af4	chr2R	25225412	25225419	4	CT	8	438	8	50	8	0	42	388	0.0182648401826	0.16	25225412	25225419	0.5	0
tfsite_cc25e79a2659b812	tflocus_673dfbaf60071af4	chr2R	25225412	25225419	4	GA	0	362	0	40	0	0	40	322	0	0	25225412	25225419	0	0
tfsite_3fd076a199c4b14e	tflocus_f858b5c8db0ba904	chr2R	25225414	25225500	1	CT	1	438	1	19	0	1	19	418	0.00228310502283	0	25225414	25225500	0	0
tfsite_3fd076a199c4b14e	tflocus_f858b5c8db0ba904	chr2R	25225414	25225500	1	GA	0	364	0	6	0	0	6	358	0	0	25225414	25225500	0	0
tfsite_b6eec991cf2c58eb	tflocus_c6cb93766a26458f	chr2R	25225415	25225443	1	CT	1	439	1	38	1	0	37	401	0.00227790432802	0.0263157894737	25225415	25225443	0	0
tfsite_b6eec991cf2c58eb	tflocus_c6cb93766a26458f	chr2R	25225415	25225443	1	GA	0	361	0	19	0	0	19	342	0	0	25225415	25225443	0	0
tfsite_eb65997223b4dc24	tflocus_8e6359e86526972a	chr2R	25225421	25225470	1	CT	1	439	1	30	1	0	29	409	0.00227790432802	0.0333333333333	25225417	25225470	0	0
tfsite_eb65997223b4dc24	tflocus_8e6359e86526972a	chr2R	25225421	25225470	1	GA	2	362	2	16	2	0	14	346	0.00552486187845	0.125	25225422	25225469	1	1
tfsite_0a6ab48ac6932045	tflocus_8e6359e86526972a	chr2R	25225427	25225451	2	CT	1	438	1	40	1	0	39	398	0.00228310502283	0.025	25225421	25225454	0	0
tfsite_0a6ab48ac6932045	tflocus_8e6359e86526972a	chr2R	25225427	25225451	2	GA	1	362	1	21	1	0	20	341	0.00276243093923	0.047619047619	25225433	25225447	0	0
tfsite_b384edd700476459	tflocus_8e6359e86526972a	chr2R	25225434	25225462	3	CT	1	439	1	37	1	0	36	402	0.00227790432802	0.027027027027	25225434	25225462	0	0
tfsite_b384edd700476459	tflocus_8e6359e86526972a	chr2R	25225434	25225462	3	GA	0	363	0	20	0	0	20	343	0	0	25225434	25225462	0	0
tfsite_7b68793f19002dd1	tflocus_f858b5c8db0ba904	chr2R	25225434	25225477	2	CT	0	438	0	28	0	0	28	410	0	0	25225434	25225477	0	0
tfsite_7b68793f19002dd1	tflocus_f858b5c8db0ba904	chr2R	25225434	25225477	2	GA	1	364	1	13	1	0	12	351	0.00274725274725	0.0769230769231	25225434	25225477	0	0
tfsite_b31b785ad7ae2cf2	tflocus_f858b5c8db0ba904	chr2R	25225441	25225475	3	CT	0	437	0	36	0	0	36	401	0	0	25225441	25225475	0	0
tfsite_b31b785ad7ae2cf2	tflocus_f858b5c8db0ba904	chr2R	25225441	25225475	3	GA	1	363	1	14	1	0	13	349	0.00275482093664	0.0714285714286	25225441	25225475	0	0
tfsite_03826bde8fc87c36	tflocus_8506e3d22f21f3e7	chr2R	25225450	25225484	1	CT	4	438	4	37	4	0	33	401	0.00913242009132	0.108108108108	25225450	25225484	0.5	2
tfsite_03826bde8fc87c36	tflocus_8506e3d22f21f3e7	chr2R	25225450	25225484	1	GA	1	364	1	9	1	0	8	355	0.00274725274725	0.111111111111	25225453	25225481	0	0
tfsite_a428e6e9a2288201	tflocus_3826fc83f2508c31	chr2R	25225450	25225509	1	CT	1	436	1	28	1	0	27	408	0.00229357798165	0.0357142857143	25225450	25225509	0	0
tfsite_a428e6e9a2288201	tflocus_3826fc83f2508c31	chr2R	25225450	25225509	1	GA	0	364	0	7	0	0	7	357	0	0	25225450	25225509	0	0
tfsite_87501f1b67f93a89	tflocus_3826fc83f2508c31	chr2R	25225451	25225514	2	CT	0	433	0	27	0	0	27	406	0	0	25225451	25225514	0	0
tfsite_87501f1b67f93a89	tflocus_3826fc83f2508c31	chr2R	25225451	25225514	2	GA	1	360	1	7	1	0	6	353	0.00277777777778	0.142857142857	25225451	25225514	0	0
tfsite_bed1282025d27bbf	tflocus_3826fc83f2508c31	chr2R	25225455	25225518	3	CT	0	434	0	26	0	0	26	408	0	0	25225455	25225518	0	0
tfsite_bed1282025d27bbf	tflocus_3826fc83f2508c31	chr2R	25225455	25225518	3	GA	1	362	1	6	1	0	5	356	0.00276243093923	0.166666666667	25225455	25225518	0	0
tfsite_c20bd8f2a4f3a0f1	tflocus_3826fc83f2508c31	chr2R	25225465	25225497	4	CT	2	438	2	39	2	0	37	399	0.00456621004566	0.0512820512821	25225465	25225497	1	2
tfsite_c20bd8f2a4f3a0f1	tflocus_3826fc83f2508c31	chr2R	25225465	25225497	4	GA	0	364	0	8	0	0	8	356	0	0	25225465	25225497	0	0
tfsite_2171f4bc49ab86f8	tflocus_3826fc83f2508c31	chr2R	25225466	25225487	5	CT	1	438	1	46	1	0	45	392	0.00228310502283	0.0217391304348	25225466	25225487	0	0
tfsite_2171f4bc49ab86f8	tflocus_3826fc83f2508c31	chr2R	25225466	25225487	5	GA	0	364	0	9	0	0	9	355	0	0	25225466	25225487	0	0
tfsite_74455a79012c709a	tflocus_3826fc83f2508c31	chr2R	25225471	25225499	6	CT	4	438	4	43	4	0	39	395	0.00913242009132	0.093023255814	25225471	25225499	1	1
tfsite_74455a79012c709a	tflocus_3826fc83f2508c31	chr2R	25225471	25225499	6	GA	0	364	0	9	0	0	9	355	0	0	25225471	25225499	0	0
tfsite_2343d08a14ad0720	tflocus_3826fc83f2508c31	chr2R	25225472	25225509	7	CT	3	436	3	40	3	0	37	396	0.00688073394495	0.075	25225472	25225509	0	0
tfsite_2343d08a14ad0720	tflocus_3826fc83f2508c31	chr2R	25225472	25225509	7	GA	0	364	0	8	0	0	8	356	0	0	25225472	25225509	0	0
tfsite_fbf57a9e15e39f8c	tflocus_3826fc83f2508c31	chr2R	25225483	25225506	8	CT	2	441	2	46	2	0	44	395	0.00453514739229	0.0434782608696	25225481	25225507	2	0.5
tfsite_fbf57a9e15e39f8c	tflocus_3826fc83f2508c31	chr2R	25225483	25225506	8	GA	1	364	1	9	1	0	8	355	0.00274725274725	0.111111111111	25225485	25225497	0	0
tfsite_05d82b37925fb92f	tflocus_ced42cdc1a7d19fa	chr2R	25225486	25225537	1	CT	1	434	1	27	1	0	26	407	0.00230414746544	0.037037037037	25225486	25225537	0	0
tfsite_05d82b37925fb92f	tflocus_ced42cdc1a7d19fa	chr2R	25225486	25225537	1	GA	0	360	0	10	0	0	10	350	0	0	25225486	25225537	0	0
tfsite_7d74698e7241eff5	tflocus_240cde36d775e826	chr2R	25225490	25225521	1	CT	2	431	2	40	2	0	38	391	0.0046403712297	0.05	25225492	25225520	2	1
tfsite_7d74698e7241eff5	tflocus_240cde36d775e826	chr2R	25225490	25225521	1	GA	1	360	1	10	1	0	9	350	0.00277777777778	0.1	25225485	25225523	0	0
tfsite_f15df7b27bec1dc6	tflocus_240cde36d775e826	chr2R	25225498	25225507	2	CT	1	436	1	55	1	0	54	381	0.00229357798165	0.0181818181818	25225498	25225507	0	0
tfsite_f15df7b27bec1dc6	tflocus_240cde36d775e826	chr2R	25225498	25225507	2	GA	0	361	0	15	0	0	15	346	0	0	25225498	25225507	0	0
tfsite_a47fa84789980b0f	tflocus_8d735a9f30f22fdc	chr2R	25225501	25225552	1	CT	1	432	1	29	1	0	28	403	0.00231481481481	0.0344827586207	25225501	25225552	0	0
tfsite_a47fa84789980b0f	tflocus_8d735a9f30f22fdc	chr2R	25225501	25225552	1	GA	0	356	0	8	0	0	8	348	0	0	25225501	25225552	0	0
tfsite_9bf220daaf4f23dd	tflocus_f27456029e3ce898	chr2R	25225502	25225571	1	CT	1	431	1	21	1	0	20	410	0.00232018561485	0.047619047619	25225502	25225571	0	0
tfsite_9bf220daaf4f23dd	tflocus_f27456029e3ce898	chr2R	25225502	25225571	1	GA	0	355	0	8	0	0	8	347	0	0	25225502	25225571	0	0
tfsite_9527fe0b2dd615f9	tflocus_f27456029e3ce898	chr2R	25225511	25225585	2	CT	0	434	0	23	0	0	23	411	0	0	25225511	25225585	0	0
tfsite_9527fe0b2dd615f9	tflocus_f27456029e3ce898	chr2R	25225511	25225585	2	GA	1	354	1	12	1	0	11	342	0.00282485875706	0.0833333333333	25225511	25225585	0	0
tfsite_35c70e1b51025c29	tflocus_8d735a9f30f22fdc	chr2R	25225513	25225558	2	CT	1	433	1	41	1	0	40	392	0.00230946882217	0.0243902439024	25225513	25225558	0	0
tfsite_35c70e1b51025c29	tflocus_8d735a9f30f22fdc	chr2R	25225513	25225558	2	GA	0	354	0	16	0	0	16	338	0	0	25225513	25225558	0	0
tfsite_4f8f8b273eff11a7	tflocus_ced42cdc1a7d19fa	chr2R	25225514	25225523	2	CT	2	432	2	84	2	0	82	348	0.00462962962963	0.0238095238095	25225511	25225522	3.5	5.5
tfsite_4f8f8b273eff11a7	tflocus_ced42cdc1a7d19fa	chr2R	25225514	25225523	2	GA	3	360	3	29	3	0	26	331	0.00833333333333	0.103448275862	25225514	25225523	1	1
tfsite_632ff0568ad70927	tflocus_8d735a9f30f22fdc	chr2R	25225520	25225532	3	CT	2	436	2	77	2	0	75	359	0.0045871559633	0.025974025974	25225519	25225532	2	0
tfsite_632ff0568ad70927	tflocus_8d735a9f30f22fdc	chr2R	25225520	25225532	3	GA	1	358	1	29	1	0	28	329	0.00279329608939	0.0344827586207	25225520	25225532	0	0
tfsite_754385ef8fdecfe2	tflocus_8d735a9f30f22fdc	chr2R	25225523	25225538	4	CT	0	436	0	71	0	0	71	365	0	0	25225523	25225538	0	0
tfsite_754385ef8fdecfe2	tflocus_8d735a9f30f22fdc	chr2R	25225523	25225538	4	GA	4	356	4	25	4	0	21	331	0.0112359550562	0.16	25225523	25225538	2.5	3
tfsite_28387b91ca89d03d	tflocus_e4e7a931ff1bc47f	chr2R	25225524	25225607	1	CT	1	439	1	27	1	0	26	412	0.00227790432802	0.037037037037	25225524	25225607	0	0
tfsite_28387b91ca89d03d	tflocus_e4e7a931ff1bc47f	chr2R	25225524	25225607	1	GA	0	358	0	11	0	0	11	347	0	0	25225524	25225607	0	0
tfsite_9e4653615a4353e7	tflocus_f27456029e3ce898	chr2R	25225531	25225552	3	CT	4	436	4	66	3	1	63	369	0.00917431192661	0.0454545454545	25225531	25225552	2	5
tfsite_9e4653615a4353e7	tflocus_f27456029e3ce898	chr2R	25225531	25225552	3	GA	2	359	2	27	2	0	25	332	0.00557103064067	0.0740740740741	25225531	25225555	4	2
tfsite_ff50ec68a0cfb19b	tflocus_f27456029e3ce898	chr2R	25225534	25225566	4	CT	0	433	0	46	0	0	46	387	0	0	25225534	25225566	0	0
tfsite_ff50ec68a0cfb19b	tflocus_f27456029e3ce898	chr2R	25225534	25225566	4	GA	2	355	2	26	2	0	24	329	0.0056338028169	0.0769230769231	25225534	25225566	0	2
tfsite_68bd354a0c4df0ad	tflocus_f27456029e3ce898	chr2R	25225538	25225556	5	CT	1	433	1	54	1	0	53	379	0.00230946882217	0.0185185185185	25225533	25225558	0	0
tfsite_68bd354a0c4df0ad	tflocus_f27456029e3ce898	chr2R	25225538	25225556	5	GA	1	357	1	30	1	0	29	327	0.00280112044818	0.0333333333333	25225542	25225554	0	0
tfsite_8a6d31132c37ca97	tflocus_e4e7a931ff1bc47f	chr2R	25225543	25225593	2	CT	1	440	1	32	1	0	31	408	0.00227272727273	0.03125	25225543	25225593	0	0
tfsite_8a6d31132c37ca97	tflocus_e4e7a931ff1bc47f	chr2R	25225543	25225593	2	GA	0	355	0	23	0	0	23	332	0	0	25225543	25225593	0	0
tfsite_9517ee7af718a71b	tflocus_a310cc4438fc4ea9	chr2R	25225546	25225603	1	CT	0	438	0	31	0	0	31	407	0	0	25225546	25225603	0	0
tfsite_9517ee7af718a71b	tflocus_a310cc4438fc4ea9	chr2R	25225546	25225603	1	GA	1	351	1	23	1	0	22	328	0.002849002849	0.0434782608696	25225546	25225603	0	0
tfsite_b1eb63e488d0231f	tflocus_a310cc4438fc4ea9	chr2R	25225550	25225607	2	CT	0	438	0	31	0	0	31	407	0	0	25225550	25225607	0	0
tfsite_b1eb63e488d0231f	tflocus_a310cc4438fc4ea9	chr2R	25225550	25225607	2	GA	1	352	1	23	1	0	22	329	0.00284090909091	0.0434782608696	25225550	25225607	0	0
tfsite_3c21b29ee4a3da35	tflocus_e4e7a931ff1bc47f	chr2R	25225552	25225574	3	CT	3	437	3	46	3	0	43	391	0.00686498855835	0.0652173913043	25225552	25225574	1	4
tfsite_3c21b29ee4a3da35	tflocus_e4e7a931ff1bc47f	chr2R	25225552	25225574	3	GA	1	355	1	30	1	0	29	325	0.00281690140845	0.0333333333333	25225559	25225571	0	0
tfsite_5240db838c76da6d	tflocus_e4e7a931ff1bc47f	chr2R	25225553	25225565	4	CT	0	436	0	55	0	0	55	381	0	0	25225553	25225565	0	0
tfsite_5240db838c76da6d	tflocus_e4e7a931ff1bc47f	chr2R	25225553	25225565	4	GA	1	359	1	36	1	0	35	323	0.00278551532033	0.0277777777778	25225553	25225565	0	0
tfsite_ff89a5cb39e0a7f4	tflocus_a310cc4438fc4ea9	chr2R	25225557	25225588	3	CT	2	435	2	43	2	0	41	392	0.00459770114943	0.046511627907	25225557	25225588	1	2
tfsite_ff89a5cb39e0a7f4	tflocus_a310cc4438fc4ea9	chr2R	25225557	25225588	3	GA	0	355	0	31	0	0	31	324	0	0	25225557	25225588	0	0
tfsite_434115be3115b555	tflocus_a310cc4438fc4ea9	chr2R	25225563	25225590	4	CT	0	438	0	48	0	0	48	390	0	0	25225563	25225590	0	0
tfsite_434115be3115b555	tflocus_a310cc4438fc4ea9	chr2R	25225563	25225590	4	GA	3	355	3	37	3	0	34	318	0.00845070422535	0.0810810810811	25225563	25225590	2	2
tfsite_e8c4a4dbd466aee8	tflocus_3d84af153abd64a1	chr2R	25225564	25225627	1	CT	1	437	1	28	1	0	27	409	0.00228832951945	0.0357142857143	25225569	25225624	0	0
tfsite_e8c4a4dbd466aee8	tflocus_3d84af153abd64a1	chr2R	25225564	25225627	1	GA	1	356	1	23	1	0	22	333	0.00280898876404	0.0434782608696	25225559	25225629	0	0
tfsite_8c35736dacaf8c98	tflocus_9f223147bb723030	chr2R	25225564	25225645	1	CT	0	430	0	23	0	0	23	407	0	0	25225564	25225645	0	0
tfsite_8c35736dacaf8c98	tflocus_9f223147bb723030	chr2R	25225564	25225645	1	GA	1	350	1	21	0	1	21	328	0.00285714285714	0	25225564	25225645	0	0
tfsite_c78beafd1075840b	tflocus_a310cc4438fc4ea9	chr2R	25225567	25225593	5	CT	6	435	6	51	6	0	45	384	0.0137931034483	0.117647058824	25225567	25225593	1	2
tfsite_c78beafd1075840b	tflocus_a310cc4438fc4ea9	chr2R	25225567	25225593	5	GA	0	356	0	36	0	0	36	320	0	0	25225567	25225593	0	0
tfsite_c8b65fb08db4eaa4	tflocus_a310cc4438fc4ea9	chr2R	25225575	25225596	6	CT	2	440	2	52	2	0	50	388	0.00454545454545	0.0384615384615	25225578	25225594	2.5	3.5
tfsite_c8b65fb08db4eaa4	tflocus_a310cc4438fc4ea9	chr2R	25225575	25225596	6	GA	1	357	1	41	1	0	40	316	0.00280112044818	0.0243902439024	25225574	25225596	0	0
tfsite_872adefa0d945e90	tflocus_3d84af153abd64a1	chr2R	25225576	25225598	2	CT	3	440	3	49	3	0	46	391	0.00681818181818	0.0612244897959	25225576	25225598	0	0
tfsite_872adefa0d945e90	tflocus_3d84af153abd64a1	chr2R	25225576	25225598	2	GA	0	356	0	41	0	0	41	315	0	0	25225576	25225598	0	0
tfsite_6faf84cec4d8167e	tflocus_3d84af153abd64a1	chr2R	25225582	25225604	3	CT	1	437	1	45	1	0	44	392	0.00228832951945	0.0222222222222	25225582	25225604	0	0
tfsite_6faf84cec4d8167e	tflocus_3d84af153abd64a1	chr2R	25225582	25225604	3	GA	2	357	2	40	2	0	38	317	0.00560224089636	0.05	25225582	25225605	0.5	1.5
tfsite_8057a3713c42f12c	tflocus_b901a4a3168ceb69	chr2R	25225582	25225650	1	CT	1	429	1	24	1	0	23	405	0.002331002331	0.0416666666667	25225582	25225650	0	0
tfsite_8057a3713c42f12c	tflocus_b901a4a3168ceb69	chr2R	25225582	25225650	1	GA	0	351	0	26	0	0	26	325	0	0	25225582	25225650	0	0
tfsite_62aecb94b61a6ef1	tflocus_3d84af153abd64a1	chr2R	25225586	25225608	4	CT	0	439	0	44	0	0	44	395	0	0	25225586	25225608	0	0
tfsite_62aecb94b61a6ef1	tflocus_3d84af153abd64a1	chr2R	25225586	25225608	4	GA	1	358	1	45	1	0	44	313	0.00279329608939	0.0222222222222	25225586	25225608	0	0
tfsite_eea0bb4f69431366	tflocus_9f223147bb723030	chr2R	25225592	25225614	2	CT	1	439	1	40	1	0	39	399	0.00227790432802	0.025	25225592	25225614	0	0
tfsite_eea0bb4f69431366	tflocus_9f223147bb723030	chr2R	25225592	25225614	2	GA	0	356	0	42	0	0	42	314	0	0	25225592	25225614	0	0
tfsite_3f2f52ef2c5940cc	tflocus_b901a4a3168ceb69	chr2R	25225593	25225637	2	CT	1	424	1	24	1	0	23	400	0.00235849056604	0.0416666666667	25225593	25225637	0	0
tfsite_3f2f52ef2c5940cc	tflocus_b901a4a3168ceb69	chr2R	25225593	25225637	2	GA	0	352	0	31	0	0	31	321	0	0	25225593	25225637	0	0
tfsite_5c6a09ee00829623	tflocus_e7ffd380457dae87	chr2R	25225599	25225653	1	CT	1	427	1	27	1	0	26	400	0.00234192037471	0.037037037037	25225599	25225654	0	0
tfsite_5c6a09ee00829623	tflocus_e7ffd380457dae87	chr2R	25225599	25225653	1	GA	1	351	1	27	1	0	26	324	0.002849002849	0.037037037037	25225598	25225651	0	0
tfsite_1c8352ac49cb2821	tflocus_b901a4a3168ceb69	chr2R	25225603	25225622	3	CT	2	438	2	42	2	0	40	396	0.00456621004566	0.047619047619	25225603	25225622	1.5	1.5
tfsite_1c8352ac49cb2821	tflocus_b901a4a3168ceb69	chr2R	25225603	25225622	3	GA	0	358	0	49	0	0	49	309	0	0	25225603	25225622	0	0
tfsite_a024f76d78287273	tflocus_b901a4a3168ceb69	chr2R	25225608	25225630	4	CT	3	436	3	40	3	0	37	396	0.00688073394495	0.075	25225608	25225630	1	1
tfsite_a024f76d78287273	tflocus_b901a4a3168ceb69	chr2R	25225608	25225630	4	GA	0	358	0	50	0	0	50	308	0	0	25225608	25225630	0	0
tfsite_c7ec857b22024590	tflocus_e7ffd380457dae87	chr2R	25225612	25225653	2	CT	0	428	0	31	0	0	31	397	0	0	25225612	25225653	0	0
tfsite_c7ec857b22024590	tflocus_e7ffd380457dae87	chr2R	25225612	25225653	2	GA	1	354	1	33	1	0	32	321	0.00282485875706	0.030303030303	25225612	25225653	0	0
tfsite_65c3ca774bc78a84	tflocus_8236840d9d30f798	chr2R	25225616	25225681	1	CT	1	429	1	29	1	0	28	400	0.002331002331	0.0344827586207	25225616	25225681	0	0
tfsite_65c3ca774bc78a84	tflocus_8236840d9d30f798	chr2R	25225616	25225681	1	GA	0	354	0	28	0	0	28	326	0	0	25225616	25225681	0	0
tfsite_34963f1390f55723	tflocus_8236840d9d30f798	chr2R	25225619	25225672	2	CT	0	428	0	32	0	0	32	396	0	0	25225619	25225672	0	0
tfsite_34963f1390f55723	tflocus_8236840d9d30f798	chr2R	25225619	25225672	2	GA	1	354	1	29	1	0	28	325	0.00282485875706	0.0344827586207	25225619	25225672	0	0
tfsite_374bd01ba4498987	tflocus_e7ffd380457dae87	chr2R	25225620	25225638	3	CT	4	406	3	40	3	0	37	366	0.00738916256158	0.075	25225620	25225638	0.5	0.5
tfsite_374bd01ba4498987	tflocus_e7ffd380457dae87	chr2R	25225620	25225638	3	GA	2	345	2	45	2	0	43	300	0.00579710144928	0.0444444444444	25225614	25225640	0	0.5
tfsite_615bc6a75db8ccee	tflocus_5e5b221c2e569587	chr2R	25225621	25225784	1	CT	1	430	1	18	0	1	18	411	0.00232558139535	0	25225621	25225784	0	0
tfsite_615bc6a75db8ccee	tflocus_5e5b221c2e569587	chr2R	25225621	25225784	1	GA	0	360	0	15	0	0	15	345	0	0	25225621	25225784	0	0
tfsite_2c14420ffeeb7a83	tflocus_8236840d9d30f798	chr2R	25225627	25225656	3	CT	0	420	0	38	0	0	38	382	0	0	25225627	25225656	0	0
tfsite_2c14420ffeeb7a83	tflocus_8236840d9d30f798	chr2R	25225627	25225656	3	GA	2	350	2	39	2	0	37	311	0.00571428571429	0.0512820512821	25225627	25225656	3.5	0.5
tfsite_076e0ea20a394e8a	tflocus_a60f307df5bc930b	chr2R	25225630	25225687	1	CT	0	427	0	33	0	0	33	394	0	0	25225630	25225687	0	0
tfsite_076e0ea20a394e8a	tflocus_a60f307df5bc930b	chr2R	25225630	25225687	1	GA	1	354	1	30	1	0	29	324	0.00282485875706	0.0333333333333	25225630	25225687	0	0
tfsite_c61522e9f932a6f2	tflocus_8236840d9d30f798	chr2R	25225641	25225655	4	CT	1	434	1	50	1	0	49	384	0.00230414746544	0.02	25225641	25225655	0	0
tfsite_c61522e9f932a6f2	tflocus_8236840d9d30f798	chr2R	25225641	25225655	4	GA	0	354	0	48	0	0	48	306	0	0	25225641	25225655	0	0
tfsite_800a12d13038b892	tflocus_87dc6ee34a0f25ff	chr2R	25225644	25225702	1	CT	0	434	0	31	0	0	31	403	0	0	25225644	25225702	0	0
tfsite_800a12d13038b892	tflocus_87dc6ee34a0f25ff	chr2R	25225644	25225702	1	GA	1	353	1	36	1	0	35	317	0.0028328611898	0.0277777777778	25225644	25225702	0	0
tfsite_eb98603559f75c20	tflocus_a60f307df5bc930b	chr2R	25225650	25225681	2	CT	2	438	2	45	2	0	43	393	0.00456621004566	0.0444444444444	25225650	25225681	2	0.5
tfsite_eb98603559f75c20	tflocus_a60f307df5bc930b	chr2R	25225650	25225681	2	GA	0	361	0	55	0	0	55	306	0	0	25225650	25225681	0	0
tfsite_397e24a89bfd6e3e	tflocus_e2a15e6fea276455	chr2R	25225658	25225730	1	CT	1	436	1	38	1	0	37	398	0.00229357798165	0.0263157894737	25225658	25225730	0	0
tfsite_397e24a89bfd6e3e	tflocus_e2a15e6fea276455	chr2R	25225658	25225730	1	GA	0	358	0	45	0	0	45	313	0	0	25225658	25225730	0	0
tfsite_e673bc91e3c836e3	tflocus_e2a15e6fea276455	chr2R	25225658	25225741	2	CT	1	435	1	36	1	0	35	399	0.00229885057471	0.0277777777778	25225658	25225741	0	0
tfsite_e673bc91e3c836e3	tflocus_e2a15e6fea276455	chr2R	25225658	25225741	2	GA	0	360	0	42	0	0	42	318	0	0	25225658	25225741	0	0
tfsite_531239d33e27e867	tflocus_87dc6ee34a0f25ff	chr2R	25225659	25225692	2	CT	1	437	1	41	1	0	40	396	0.00228832951945	0.0243902439024	25225659	25225692	0	0
tfsite_531239d33e27e867	tflocus_87dc6ee34a0f25ff	chr2R	25225659	25225692	2	GA	0	360	0	56	0	0	56	304	0	0	25225659	25225692	0	0
tfsite_d01bd9f8ef2c5da1	tflocus_87dc6ee34a0f25ff	chr2R	25225665	25225675	3	CT	1	439	1	54	1	0	53	385	0.00227790432802	0.0185185185185	25225665	25225675	0	0
tfsite_d01bd9f8ef2c5da1	tflocus_87dc6ee34a0f25ff	chr2R	25225665	25225675	3	GA	0	362	0	69	0	0	69	293	0	0	25225665	25225675	0	0
tfsite_a2f436bc80a0deb3	tflocus_e2a15e6fea276455	chr2R	25225668	25225724	3	CT	1	436	1	46	1	0	45	390	0.00229357798165	0.0217391304348	25225668	25225724	0	0
tfsite_a2f436bc80a0deb3	tflocus_e2a15e6fea276455	chr2R	25225668	25225724	3	GA	0	357	0	51	0	0	51	306	0	0	25225668	25225724	0	0
tfsite_b1e22143b55ab620	tflocus_5e5b221c2e569587	chr2R	25225669	25225735	2	CT	0	434	0	45	0	0	45	389	0	0	25225669	25225735	0	0
tfsite_b1e22143b55ab620	tflocus_5e5b221c2e569587	chr2R	25225669	25225735	2	GA	1	359	1	48	1	0	47	311	0.00278551532033	0.0208333333333	25225669	25225735	0	0
tfsite_10691cc9b01cc364	tflocus_87dc6ee34a0f25ff	chr2R	25225671	25225685	4	CT	2	440	2	60	2	0	58	380	0.00454545454545	0.0333333333333	25225671	25225685	3	0
tfsite_10691cc9b01cc364	tflocus_87dc6ee34a0f25ff	chr2R	25225671	25225685	4	GA	0	362	0	66	0	0	66	296	0	0	25225671	25225685	0	0
tfsite_3cc395c00e213af5	tflocus_e2a15e6fea276455	chr2R	25225671	25225708	4	CT	1	436	1	48	1	0	47	388	0.00229357798165	0.0208333333333	25225671	25225708	0	0
tfsite_3cc395c00e213af5	tflocus_e2a15e6fea276455	chr2R	25225671	25225708	4	GA	0	356	0	53	0	0	53	303	0	0	25225671	25225708	0	0
tfsite_556cf5f5ae7c3710	tflocus_e2a15e6fea276455	chr2R	25225682	25225705	5	CT	4	435	5	52	5	0	47	383	0.0114942528736	0.0961538461538	25225682	25225705	2.5	2
tfsite_556cf5f5ae7c3710	tflocus_e2a15e6fea276455	chr2R	25225682	25225705	5	GA	0	355	0	72	0	0	72	283	0	0	25225682	25225705	0	0
tfsite_62ab5ad29a6b5cd4	tflocus_e2a15e6fea276455	chr2R	25225683	25225707	6	CT	1	436	1	59	1	0	58	377	0.00229357798165	0.0169491525424	25225683	25225707	0	0
tfsite_62ab5ad29a6b5cd4	tflocus_e2a15e6fea276455	chr2R	25225683	25225707	6	GA	0	356	0	72	0	0	72	284	0	0	25225683	25225707	0	0
tfsite_ae37ad597a21f7f9	tflocus_5e5b221c2e569587	chr2R	25225687	25225718	3	CT	1	435	1	63	1	0	62	372	0.00229885057471	0.015873015873	25225684	25225724	0	0
tfsite_ae37ad597a21f7f9	tflocus_5e5b221c2e569587	chr2R	25225687	25225718	3	GA	2	354	2	70	2	0	68	284	0.00564971751412	0.0285714285714	25225687	25225718	0	0
tfsite_ee78d651bb56debd	tflocus_e2a15e6fea276455	chr2R	25225689	25225703	7	CT	15	424	15	68	15	0	53	356	0.0353773584906	0.220588235294	25225689	25225703	0	0
tfsite_ee78d651bb56debd	tflocus_e2a15e6fea276455	chr2R	25225689	25225703	7	GA	1	354	1	78	1	0	77	276	0.00282485875706	0.0128205128205	25225686	25225707	0	0
tfsite_757f2028e6342a67	tflocus_5e5b221c2e569587	chr2R	25225689	25225731	4	CT	1	434	1	62	1	0	61	372	0.00230414746544	0.0161290322581	25225689	25225731	0	0
tfsite_757f2028e6342a67	tflocus_5e5b221c2e569587	chr2R	25225689	25225731	4	GA	0	356	0	66	0	0	66	290	0	0	25225689	25225731	0	0
tfsite_77b3776a8ccd6065	tflocus_5e5b221c2e569587	chr2R	25225693	25225718	5	CT	0	435	0	67	0	0	67	368	0	0	25225693	25225718	0	0
tfsite_77b3776a8ccd6065	tflocus_5e5b221c2e569587	chr2R	25225693	25225718	5	GA	9	355	9	74	9	0	65	281	0.0253521126761	0.121621621622	25225693	25225718	0	1
tfsite_848fb536de689c82	tflocus_d382a3659e9dcdb5	chr2R	25225695	25225741	1	CT	2	429	2	60	2	0	58	369	0.004662004662	0.0333333333333	25225695	25225741	1	3.5
tfsite_848fb536de689c82	tflocus_d382a3659e9dcdb5	chr2R	25225695	25225741	1	GA	0	358	0	66	0	0	66	292	0	0	25225695	25225741	0	0
tfsite_4abd3885a16f5d81	tflocus_5e5b221c2e569587	chr2R	25225697	25225707	6	CT	1	429	1	71	1	0	70	358	0.002331002331	0.0140845070423	25225697	25225707	0	0
tfsite_4abd3885a16f5d81	tflocus_5e5b221c2e569587	chr2R	25225697	25225707	6	GA	0	349	0	79	0	0	79	270	0	0	25225697	25225707	0	0
tfsite_ec7f1c2fd4393c2a	tflocus_5e5b221c2e569587	chr2R	25225701	25225720	7	CT	2	430	2	69	2	0	67	361	0.0046511627907	0.0289855072464	25225712	25225720	0	0
tfsite_ec7f1c2fd4393c2a	tflocus_5e5b221c2e569587	chr2R	25225701	25225720	7	GA	7	343	7	72	7	0	65	271	0.0204081632653	0.0972222222222	25225701	25225720	0	1
tfsite_3ce69439d381cd5b	tflocus_d382a3659e9dcdb5	chr2R	25225702	25225747	2	CT	1	432	1	64	1	0	63	368	0.00231481481481	0.015625	25225704	25225745	0	0
tfsite_3ce69439d381cd5b	tflocus_d382a3659e9dcdb5	chr2R	25225702	25225747	2	GA	1	358	1	63	1	0	62	295	0.00279329608939	0.015873015873	25225700	25225749	0	0
tfsite_f9a2cbedca253910	tflocus_d382a3659e9dcdb5	chr2R	25225703	25225750	3	CT	1	424	1	63	1	0	62	361	0.00235849056604	0.015873015873	25225703	25225750	0	0
tfsite_f9a2cbedca253910	tflocus_d382a3659e9dcdb5	chr2R	25225703	25225750	3	GA	0	353	0	57	0	0	57	296	0	0	25225703	25225750	0	0
tfsite_727904477ab3e297	tflocus_5c4e175b04940cab	chr2R	25225708	25225764	1	CT	1	428	1	67	1	0	66	361	0.00233644859813	0.0149253731343	25225708	25225764	0	0
tfsite_727904477ab3e297	tflocus_5c4e175b04940cab	chr2R	25225708	25225764	1	GA	0	353	0	52	0	0	52	301	0	0	25225708	25225764	0	0
tfsite_184a58a2126206e0	tflocus_d382a3659e9dcdb5	chr2R	25225712	25225731	4	CT	2	433	2	88	2	0	86	345	0.00461893764434	0.0227272727273	25225712	25225734	4.5	2.5
tfsite_184a58a2126206e0	tflocus_d382a3659e9dcdb5	chr2R	25225712	25225731	4	GA	1	351	1	76	1	0	75	275	0.002849002849	0.0131578947368	25225712	25225731	0	0
tfsite_1aad80a3a67e65a8	tflocus_5c4e175b04940cab	chr2R	25225712	25225770	2	CT	0	422	0	67	0	0	67	355	0	0	25225712	25225770	0	0
tfsite_1aad80a3a67e65a8	tflocus_5c4e175b04940cab	chr2R	25225712	25225770	2	GA	1	346	1	54	1	0	53	292	0.0028901734104	0.0185185185185	25225712	25225770	0	0
tfsite_0cc42aa91c5366e0	tflocus_5c4e175b04940cab	chr2R	25225713	25225753	3	CT	1	430	1	76	1	0	75	354	0.00232558139535	0.0131578947368	25225713	25225753	0	0
tfsite_0cc42aa91c5366e0	tflocus_5c4e175b04940cab	chr2R	25225713	25225753	3	GA	0	353	0	61	0	0	61	292	0	0	25225713	25225753	0	0
tfsite_55ae702667d933fd	tflocus_d382a3659e9dcdb5	chr2R	25225718	25225733	5	CT	1	433	1	93	1	0	92	340	0.00230946882217	0.010752688172	25225718	25225733	0	0
tfsite_55ae702667d933fd	tflocus_d382a3659e9dcdb5	chr2R	25225718	25225733	5	GA	0	356	1	79	0	1	79	276	0.00280898876404	0	25225718	25225733	0	0
tfsite_b19860e2179d009d	tflocus_d382a3659e9dcdb5	chr2R	25225720	25225736	6	CT	1	434	1	92	1	0	91	342	0.00230414746544	0.0108695652174	25225720	25225736	0	0
tfsite_b19860e2179d009d	tflocus_d382a3659e9dcdb5	chr2R	25225720	25225736	6	GA	0	356	0	80	0	0	80	276	0	0	25225720	25225736	0	0
tfsite_e267fe61529a921f	tflocus_5c4e175b04940cab	chr2R	25225723	25225756	4	CT	1	428	1	80	1	0	79	348	0.00233644859813	0.0125	25225723	25225756	0	0
tfsite_e267fe61529a921f	tflocus_5c4e175b04940cab	chr2R	25225723	25225756	4	GA	0	352	0	73	0	0	73	279	0	0	25225723	25225756	0	0
tfsite_1ee902e3168b5519	tflocus_5c4e175b04940cab	chr2R	25225729	25225743	5	CT	1	427	1	87	1	0	86	340	0.00234192037471	0.0114942528736	25225732	25225740	0	0
tfsite_1ee902e3168b5519	tflocus_5c4e175b04940cab	chr2R	25225729	25225743	5	GA	1	361	1	89	1	0	88	272	0.00277008310249	0.0112359550562	25225726	25225745	0	0
tfsite_438d1e50ba6c0165	tflocus_5c4e175b04940cab	chr2R	25225736	25225744	6	CT	0	430	0	110	0	0	110	320	0	0	25225736	25225744	0	0
tfsite_438d1e50ba6c0165	tflocus_5c4e175b04940cab	chr2R	25225736	25225744	6	GA	1	362	1	94	1	0	93	268	0.00276243093923	0.0106382978723	25225736	25225744	0	0
tfsite_6e396b18ba67a0f6	tflocus_484339668a665e8f	chr2R	25225738	25225764	1	CT	2	430	2	95	2	0	93	335	0.0046511627907	0.0210526315789	25225745	25225763	0.5	6
tfsite_6e396b18ba67a0f6	tflocus_484339668a665e8f	chr2R	25225738	25225764	1	GA	3	353	3	73	3	0	70	280	0.00849858356941	0.041095890411	25225738	25225764	2	3
tfsite_e1ade7ca002a1aed	tflocus_15d9b46163006816	chr2R	25225744	25225784	1	CT	4	422	4	91	4	0	87	331	0.00947867298578	0.043956043956	25225744	25225784	0	0
tfsite_e1ade7ca002a1aed	tflocus_15d9b46163006816	chr2R	25225744	25225784	1	GA	1	350	1	68	1	0	67	282	0.00285714285714	0.0147058823529	25225750	25225778	0	0
tfsite_88b6f4f30fb17ec3	tflocus_1bb1d2dfe7e79656	chr2R	25225744	25225808	1	CT	1	428	1	80	1	0	79	348	0.00233644859813	0.0125	25225744	25225808	0	0
tfsite_88b6f4f30fb17ec3	tflocus_1bb1d2dfe7e79656	chr2R	25225744	25225808	1	GA	0	353	0	61	0	0	61	292	0	0	25225744	25225808	0	0
tfsite_73e68ac9f0990abb	tflocus_15d9b46163006816	chr2R	25225747	25225772	2	CT	2	423	2	99	2	0	97	324	0.00472813238771	0.020202020202	25225744	25225773	0	2
tfsite_73e68ac9f0990abb	tflocus_15d9b46163006816	chr2R	25225747	25225772	2	GA	2	348	2	76	1	1	75	271	0.00574712643678	0.0131578947368	25225751	25225769	0.5	4
tfsite_5835a482eaed0800	tflocus_1bb1d2dfe7e79656	chr2R	25225754	25225807	2	CT	1	427	1	83	1	0	82	344	0.00234192037471	0.0120481927711	25225760	25225802	0	0
tfsite_5835a482eaed0800	tflocus_1bb1d2dfe7e79656	chr2R	25225754	25225807	2	GA	1	348	1	68	1	0	67	280	0.00287356321839	0.0147058823529	25225748	25225812	0	0
tfsite_97964a83f69fa6b4	tflocus_15d9b46163006816	chr2R	25225756	25225775	3	CT	4	411	4	102	4	0	98	309	0.00973236009732	0.0392156862745	25225756	25225775	0	0
tfsite_97964a83f69fa6b4	tflocus_15d9b46163006816	chr2R	25225756	25225775	3	GA	0	343	0	76	0	0	76	267	0	0	25225756	25225775	0	0
tfsite_acd03a24af77a3bf	tflocus_15d9b46163006816	chr2R	25225759	25225780	4	CT	10	425	10	114	10	0	104	311	0.0235294117647	0.0877192982456	25225762	25225775	0	0
tfsite_acd03a24af77a3bf	tflocus_15d9b46163006816	chr2R	25225759	25225780	4	GA	3	352	3	80	3	0	77	272	0.00852272727273	0.0375	25225756	25225784	5	1
tfsite_5b140bb23532b3f6	tflocus_1bb1d2dfe7e79656	chr2R	25225759	25225787	3	CT	2	421	2	105	2	0	103	316	0.00475059382423	0.0190476190476	25225759	25225789	3.5	5
tfsite_5b140bb23532b3f6	tflocus_1bb1d2dfe7e79656	chr2R	25225759	25225787	3	GA	1	349	1	79	1	0	78	270	0.00286532951289	0.0126582278481	25225759	25225787	0	0
tfsite_7fcc03f00f9aaf3d	tflocus_1bb1d2dfe7e79656	chr2R	25225762	25225794	4	CT	4	421	4	104	4	0	100	317	0.00950118764846	0.0384615384615	25225762	25225794	1.5	0.5
tfsite_7fcc03f00f9aaf3d	tflocus_1bb1d2dfe7e79656	chr2R	25225762	25225794	4	GA	1	350	1	84	1	0	83	266	0.00285714285714	0.0119047619048	25225766	25225789	0	0
tfsite_e0d60af05d05d01d	tflocus_4e8fef41fa66a806	chr2R	25225766	25225808	1	CT	1	422	1	94	1	0	93	328	0.00236966824645	0.0106382978723	25225766	25225808	0	0
tfsite_e0d60af05d05d01d	tflocus_4e8fef41fa66a806	chr2R	25225766	25225808	1	GA	0	352	0	77	0	0	77	275	0	0	25225766	25225808	0	0
tfsite_03491598fb492ea5	tflocus_1bb1d2dfe7e79656	chr2R	25225769	25225783	5	CT	1	416	1	116	1	0	115	300	0.00240384615385	0.00862068965517	25225769	25225783	0	0
tfsite_03491598fb492ea5	tflocus_1bb1d2dfe7e79656	chr2R	25225769	25225783	5	GA	0	349	0	87	0	0	87	262	0	0	25225769	25225783	0	0
tfsite_77e5e2b482942b37	tflocus_cc50716c053f987c	chr2R	25225769	25225844	1	CT	1	427	1	84	1	0	83	343	0.00234192037471	0.0119047619048	25225769	25225844	0	0
tfsite_77e5e2b482942b37	tflocus_cc50716c053f987c	chr2R	25225769	25225844	1	GA	0	356	0	65	0	0	65	291	0	0	25225769	25225844	0	0
tfsite_a83c215124abd7e8	tflocus_1bb1d2dfe7e79656	chr2R	25225776	25225788	6	CT	1	426	1	116	1	0	115	310	0.00234741784038	0.00862068965517	25225776	25225788	0	0
tfsite_a83c215124abd7e8	tflocus_1bb1d2dfe7e79656	chr2R	25225776	25225788	6	GA	0	357	0	94	0	0	94	263	0	0	25225776	25225788	0	0
tfsite_1ead4cc668fe8350	tflocus_4e8fef41fa66a806	chr2R	25225778	25225806	2	CT	0	428	0	111	0	0	111	317	0	0	25225778	25225806	0	0
tfsite_1ead4cc668fe8350	tflocus_4e8fef41fa66a806	chr2R	25225778	25225806	2	GA	3	358	3	85	3	0	82	273	0.00837988826816	0.0352941176471	25225778	25225806	1	1
tfsite_1f88854a8386966d	tflocus_cc50716c053f987c	chr2R	25225784	25225831	2	CT	1	431	1	104	1	0	103	327	0.00232018561485	0.00961538461538	25225781	25225834	0	0
tfsite_1f88854a8386966d	tflocus_cc50716c053f987c	chr2R	25225784	25225831	2	GA	1	359	2	74	2	0	72	285	0.00557103064067	0.027027027027	25225786	25225828	0	0
tfsite_f9b0ac4c50571a18	tflocus_cc50716c053f987c	chr2R	25225786	25225819	3	CT	7	433	7	123	6	1	117	309	0.0161662817552	0.0487804878049	25225786	25225819	0	0
tfsite_f9b0ac4c50571a18	tflocus_cc50716c053f987c	chr2R	25225786	25225819	3	GA	0	358	0	84	0	0	84	274	0	0	25225786	25225819	0	0
tfsite_c2eb5a742ae8fbbe	tflocus_cc50716c053f987c	chr2R	25225789	25225809	4	CT	1	436	1	134	0	1	134	301	0.00229357798165	0	25225793	25225805	0	0
tfsite_c2eb5a742ae8fbbe	tflocus_cc50716c053f987c	chr2R	25225789	25225809	4	GA	1	360	1	87	1	0	86	273	0.00277777777778	0.0114942528736	25225784	25225813	0	0
tfsite_19c02a96c633cf8a	tflocus_d03cddd1ab148bcd	chr2R	25225797	25225850	1	CT	0	434	0	101	0	0	101	333	0	0	25225797	25225850	0	0
tfsite_19c02a96c633cf8a	tflocus_d03cddd1ab148bcd	chr2R	25225797	25225850	1	GA	2	359	2	72	2	0	70	287	0.00557103064067	0.0277777777778	25225797	25225850	0	0
tfsite_11132650642dc625	tflocus_d03cddd1ab148bcd	chr2R	25225797	25225869	2	CT	0	434	0	89	0	0	89	345	0	0	25225797	25225869	0	0
tfsite_11132650642dc625	tflocus_d03cddd1ab148bcd	chr2R	25225797	25225869	2	GA	1	359	1	67	0	1	67	291	0.00278551532033	0	25225797	25225869	0	0
tfsite_ba5514156626285d	tflocus_cc50716c053f987c	chr2R	25225798	25225816	5	CT	1	429	1	131	1	0	130	298	0.002331002331	0.00763358778626	25225798	25225816	0	0
tfsite_ba5514156626285d	tflocus_cc50716c053f987c	chr2R	25225798	25225816	5	GA	0	353	0	90	0	0	90	263	0	0	25225798	25225816	0	0
tfsite_1b5c22026837606d	tflocus_a7db007b8f168077	chr2R	25225802	25225833	1	CT	1	432	1	113	1	0	112	319	0.00231481481481	0.00884955752212	25225804	25225832	0	0
tfsite_1b5c22026837606d	tflocus_a7db007b8f168077	chr2R	25225802	25225833	1	GA	5	359	5	78	5	0	73	281	0.0139275766017	0.0641025641026	25225802	25225833	0	0
tfsite_3419411fed4b4a4f	tflocus_d03cddd1ab148bcd	chr2R	25225802	25225850	3	CT	0	434	0	103	0	0	103	331	0	0	25225802	25225850	0	0
tfsite_3419411fed4b4a4f	tflocus_d03cddd1ab148bcd	chr2R	25225802	25225850	3	GA	1	359	1	72	1	0	71	287	0.00278551532033	0.0138888888889	25225802	25225850	0	0
tfsite_1779d24c94ed37f7	tflocus_a7db007b8f168077	chr2R	25225807	25225819	2	CT	5	430	5	146	5	0	141	284	0.0116279069767	0.0342465753425	25225807	25225819	0	0
tfsite_1779d24c94ed37f7	tflocus_a7db007b8f168077	chr2R	25225807	25225819	2	GA	2	357	2	92	2	0	90	265	0.00560224089636	0.0217391304348	25225799	25225825	1.5	4.5
tfsite_d1f8c1549f45b1a2	tflocus_d03cddd1ab148bcd	chr2R	25225807	25225848	4	CT	1	431	1	114	1	0	113	317	0.00232018561485	0.00877192982456	25225807	25225848	0	0
tfsite_d1f8c1549f45b1a2	tflocus_d03cddd1ab148bcd	chr2R	25225807	25225848	4	GA	0	361	0	76	0	0	76	285	0	0	25225807	25225848	0	0
tfsite_86b2e9da4334d658	tflocus_d03cddd1ab148bcd	chr2R	25225811	25225834	5	CT	2	434	2	127	2	0	125	307	0.00460829493088	0.0157480314961	25225811	25225834	0	0
tfsite_86b2e9da4334d658	tflocus_d03cddd1ab148bcd	chr2R	25225811	25225834	5	GA	0	361	0	77	0	0	77	284	0	0	25225811	25225834	0	0
tfsite_2e708422c3bed545	tflocus_d03cddd1ab148bcd	chr2R	25225813	25225837	6	CT	0	434	0	127	0	0	127	307	0	0	25225813	25225837	0	0
tfsite_2e708422c3bed545	tflocus_d03cddd1ab148bcd	chr2R	25225813	25225837	6	GA	1	362	1	76	1	0	75	286	0.00276243093923	0.0131578947368	25225813	25225837	0	0
tfsite_bbbf9491ad60876f	tflocus_d03cddd1ab148bcd	chr2R	25225821	25225833	7	CT	1	434	1	140	1	0	139	294	0.00230414746544	0.00714285714286	25225820	25225835	0	0
tfsite_bbbf9491ad60876f	tflocus_d03cddd1ab148bcd	chr2R	25225821	25225833	7	GA	3	364	3	85	3	0	82	279	0.00824175824176	0.0352941176471	25225821	25225833	0	0
tfsite_b592929a8f7e1a54	tflocus_d03cddd1ab148bcd	chr2R	25225824	25225843	8	CT	2	436	2	134	2	0	132	302	0.0045871559633	0.0149253731343	25225824	25225843	0	0
tfsite_b592929a8f7e1a54	tflocus_d03cddd1ab148bcd	chr2R	25225824	25225843	8	GA	0	357	0	79	0	0	79	278	0	0	25225824	25225843	0	0
tfsite_dae0dda35d1b013f	tflocus_831f90563f6b7d37	chr2R	25225824	25225854	1	CT	9	438	9	121	9	0	112	317	0.0205479452055	0.0743801652893	25225824	25225854	0	1
tfsite_dae0dda35d1b013f	tflocus_831f90563f6b7d37	chr2R	25225824	25225854	1	GA	1	364	1	76	1	0	75	288	0.00274725274725	0.0131578947368	25225821	25225856	0	0
tfsite_72a93b62fd2fa774	tflocus_d03cddd1ab148bcd	chr2R	25225826	25225833	9	CT	2	438	2	144	2	0	142	294	0.00456621004566	0.0138888888889	25225824	25225834	0	0
tfsite_72a93b62fd2fa774	tflocus_d03cddd1ab148bcd	chr2R	25225826	25225833	9	GA	10	364	10	86	10	0	76	278	0.0274725274725	0.116279069767	25225826	25225833	0	0
tfsite_237321b97f9a9360	tflocus_831f90563f6b7d37	chr2R	25225826	25225847	2	CT	6	438	6	136	6	0	130	302	0.013698630137	0.0441176470588	25225826	25225847	1.5	1
tfsite_237321b97f9a9360	tflocus_831f90563f6b7d37	chr2R	25225826	25225847	2	GA	0	364	0	82	0	0	82	282	0	0	25225826	25225847	0	0
tfsite_d05b45ae0fbf15f8	tflocus_9b554a83a97f3306	chr2R	25225827	25225881	1	CT	2	435	2	107	2	0	105	328	0.00459770114943	0.018691588785	25225827	25225881	2.5	0.5
tfsite_d05b45ae0fbf15f8	tflocus_9b554a83a97f3306	chr2R	25225827	25225881	1	GA	0	364	0	69	0	0	69	295	0	0	25225827	25225881	0	0
tfsite_b4b10113bad3bbaa	tflocus_9b554a83a97f3306	chr2R	25225829	25225890	2	CT	1	436	1	106	1	0	105	330	0.00229357798165	0.00943396226415	25225829	25225890	0	0
tfsite_b4b10113bad3bbaa	tflocus_9b554a83a97f3306	chr2R	25225829	25225890	2	GA	0	364	0	69	0	0	69	295	0	0	25225829	25225890	0	0
tfsite_882d91f0871f4726	tflocus_9b554a83a97f3306	chr2R	25225836	25225878	3	CT	2	435	2	107	2	0	105	328	0.00459770114943	0.018691588785	25225840	25225876	3.5	2
tfsite_882d91f0871f4726	tflocus_9b554a83a97f3306	chr2R	25225836	25225878	3	GA	1	364	1	72	1	0	71	292	0.00274725274725	0.0138888888889	25225831	25225882	0	0
tfsite_4c98eeb37f558541	tflocus_9088a64faaf226b4	chr2R	25225838	25225911	1	CT	1	436	1	99	1	0	98	337	0.00229357798165	0.010101010101	25225838	25225911	0	0
tfsite_4c98eeb37f558541	tflocus_9088a64faaf226b4	chr2R	25225838	25225911	1	GA	0	363	0	67	0	0	67	296	0	0	25225838	25225911	0	0
tfsite_d78bfd39e276369f	tflocus_9b554a83a97f3306	chr2R	25225848	25225862	4	CT	1	432	1	122	1	0	121	310	0.00231481481481	0.00819672131148	25225848	25225862	0	0
tfsite_d78bfd39e276369f	tflocus_9b554a83a97f3306	chr2R	25225848	25225862	4	GA	0	361	0	88	0	0	88	273	0	0	25225848	25225862	0	0
tfsite_2fc8fceff793211a	tflocus_9b554a83a97f3306	chr2R	25225850	25225873	5	CT	1	435	1	113	1	0	112	322	0.00229885057471	0.00884955752212	25225848	25225880	0	0
tfsite_2fc8fceff793211a	tflocus_9b554a83a97f3306	chr2R	25225850	25225873	5	GA	2	360	2	86	2	0	84	274	0.00555555555556	0.0232558139535	25225852	25225871	2	2
tfsite_ccac1e1434501b9c	tflocus_9088a64faaf226b4	chr2R	25225850	25225888	2	CT	4	428	3	109	3	0	106	319	0.00700934579439	0.0275229357798	25225850	25225888	2	0
tfsite_ccac1e1434501b9c	tflocus_9088a64faaf226b4	chr2R	25225850	25225888	2	GA	0	357	0	79	0	0	79	278	0	0	25225850	25225888	0	0
tfsite_7721a74cbe8a5557	tflocus_9088a64faaf226b4	chr2R	25225856	25225896	3	CT	2	433	2	108	2	0	106	325	0.00461893764434	0.0185185185185	25225856	25225896	4.5	4
tfsite_7721a74cbe8a5557	tflocus_9088a64faaf226b4	chr2R	25225856	25225896	3	GA	0	362	0	92	0	0	92	270	0	0	25225856	25225896	0	0
tfsite_781b8a71a7f89ac8	tflocus_9088a64faaf226b4	chr2R	25225860	25225882	4	CT	5	427	5	113	5	0	108	314	0.0117096018735	0.0442477876106	25225860	25225882	2	2
tfsite_781b8a71a7f89ac8	tflocus_9088a64faaf226b4	chr2R	25225860	25225882	4	GA	1	359	1	95	1	0	94	264	0.00278551532033	0.0105263157895	25225858	25225889	0	0
tfsite_564a813d8f57ceb8	tflocus_9088a64faaf226b4	chr2R	25225863	25225888	5	CT	1	428	1	114	1	0	113	314	0.00233644859813	0.00877192982456	25225862	25225888	0	0
tfsite_564a813d8f57ceb8	tflocus_9088a64faaf226b4	chr2R	25225863	25225888	5	GA	1	356	0	94	0	0	94	262	0	0	25225863	25225887	0	0
tfsite_d945f157d4b03bd6	tflocus_1634ccad1c02e2de	chr2R	25225876	25225943	1	CT	0	437	0	97	0	0	97	340	0	0	25225876	25225943	0	0
tfsite_d945f157d4b03bd6	tflocus_1634ccad1c02e2de	chr2R	25225876	25225943	1	GA	1	363	1	80	1	0	79	283	0.00275482093664	0.0125	25225876	25225943	0	0
tfsite_6f974d81adfe2ddd	tflocus_bfe45159ca5eed06	chr2R	25225879	25225888	1	CT	15	428	15	116	15	0	101	312	0.035046728972	0.129310344828	25225879	25225888	0	0
tfsite_6f974d81adfe2ddd	tflocus_bfe45159ca5eed06	chr2R	25225879	25225888	1	GA	1	360	1	103	1	0	102	257	0.00277777777778	0.00970873786408	25225870	25225889	0	0
tfsite_97923bd74b72affd	tflocus_1634ccad1c02e2de	chr2R	25225879	25225931	2	CT	1	430	1	101	1	0	100	329	0.00232558139535	0.00990099009901	25225879	25225931	0	0
tfsite_97923bd74b72affd	tflocus_1634ccad1c02e2de	chr2R	25225879	25225931	2	GA	0	359	0	80	0	0	80	279	0	0	25225879	25225931	0	0
tfsite_ff3345b4c5499056	tflocus_0323e48dd5a246c2	chr2R	25225889	25225899	1	CT	2	439	2	128	2	0	126	311	0.00455580865604	0.015625	25225889	25225899	2	1
tfsite_ff3345b4c5499056	tflocus_0323e48dd5a246c2	chr2R	25225889	25225899	1	GA	0	358	0	98	0	0	98	260	0	0	25225889	25225899	0	0
tfsite_52f5d3ad8393d61c	tflocus_0323e48dd5a246c2	chr2R	25225893	25225909	2	CT	5	432	5	124	5	0	119	308	0.0115740740741	0.0403225806452	25225893	25225909	0	0
tfsite_52f5d3ad8393d61c	tflocus_0323e48dd5a246c2	chr2R	25225893	25225909	2	GA	0	357	0	95	0	0	95	262	0	0	25225893	25225909	0	0
tfsite_0b413f0ce99f3304	tflocus_1634ccad1c02e2de	chr2R	25225893	25225924	3	CT	1	435	1	117	1	0	116	318	0.00229885057471	0.00854700854701	25225893	25225924	0	0
tfsite_0b413f0ce99f3304	tflocus_1634ccad1c02e2de	chr2R	25225893	25225924	3	GA	0	363	0	90	0	0	90	273	0	0	25225893	25225924	0	0
tfsite_27389305d13d3f26	tflocus_1634ccad1c02e2de	chr2R	25225893	25225931	4	CT	5	432	5	113	5	0	108	319	0.0115740740741	0.0442477876106	25225893	25225931	0	1
tfsite_27389305d13d3f26	tflocus_1634ccad1c02e2de	chr2R	25225893	25225931	4	GA	0	360	0	83	0	0	83	277	0	0	25225893	25225931	0	0
tfsite_933923bfc0bca348	tflocus_1634ccad1c02e2de	chr2R	25225906	25225928	5	CT	6	435	7	122	6	1	116	312	0.016091954023	0.0491803278689	25225906	25225928	1	1.5
tfsite_933923bfc0bca348	tflocus_1634ccad1c02e2de	chr2R	25225906	25225928	5	GA	0	364	0	89	0	0	89	275	0	0	25225906	25225928	0	0
tfsite_ab444a4791baab7e	tflocus_ccb744ebf8a765ae	chr2R	25225906	25225961	1	CT	1	435	1	104	1	0	103	331	0.00229885057471	0.00961538461538	25225913	25225958	0	0
tfsite_ab444a4791baab7e	tflocus_ccb744ebf8a765ae	chr2R	25225906	25225961	1	GA	4	363	4	87	4	0	83	276	0.0110192837466	0.0459770114943	25225906	25225961	0	0
tfsite_4f6ef5d47ae5a6d2	tflocus_8ecca17975fcc96b	chr2R	25225906	25225978	1	CT	0	437	0	102	0	0	102	335	0	0	25225906	25225978	0	0
tfsite_4f6ef5d47ae5a6d2	tflocus_8ecca17975fcc96b	chr2R	25225906	25225978	1	GA	1	362	1	84	1	0	83	278	0.00276243093923	0.0119047619048	25225906	25225978	0	0
tfsite_cb56c13bc00840ee	tflocus_ccb744ebf8a765ae	chr2R	25225914	25225965	2	CT	1	434	1	109	1	0	108	325	0.00230414746544	0.00917431192661	25225914	25225965	0	0
tfsite_cb56c13bc00840ee	tflocus_ccb744ebf8a765ae	chr2R	25225914	25225965	2	GA	0	363	0	92	0	0	92	271	0	0	25225914	25225965	0	0
tfsite_9e42be1e53c05c55	tflocus_ccb744ebf8a765ae	chr2R	25225917	25225942	3	CT	6	432	6	117	6	0	111	315	0.0138888888889	0.0512820512821	25225917	25225942	2	1
tfsite_9e42be1e53c05c55	tflocus_ccb744ebf8a765ae	chr2R	25225917	25225942	3	GA	0	361	0	95	0	0	95	266	0	0	25225917	25225942	0	0
tfsite_2366dbd46860b299	tflocus_1544e62653173838	chr2R	25225920	25225992	1	CT	1	435	1	103	1	0	102	332	0.00229885057471	0.00970873786408	25225917	25225992	0	0
tfsite_2366dbd46860b299	tflocus_1544e62653173838	chr2R	25225920	25225992	1	GA	1	360	1	82	1	0	81	278	0.00277777777778	0.0121951219512	25225922	25225991	0	0
tfsite_3475c73ab860a07c	tflocus_8ecca17975fcc96b	chr2R	25225921	25225978	2	CT	0	430	0	109	0	0	109	321	0	0	25225921	25225978	0	0
tfsite_3475c73ab860a07c	tflocus_8ecca17975fcc96b	chr2R	25225921	25225978	2	GA	2	356	2	92	2	0	90	264	0.00561797752809	0.0217391304348	25225921	25225978	0	0
tfsite_dfe128b92b97e81c	tflocus_ccb744ebf8a765ae	chr2R	25225930	25225943	4	CT	3	429	3	128	3	0	125	301	0.00699300699301	0.0234375	25225930	25225943	0	0
tfsite_dfe128b92b97e81c	tflocus_ccb744ebf8a765ae	chr2R	25225930	25225943	4	GA	0	347	0	100	0	0	100	247	0	0	25225930	25225943	0	0
tfsite_03c044e6f1106c93	tflocus_8ecca17975fcc96b	chr2R	25225930	25225962	3	CT	3	435	3	123	3	0	120	312	0.00689655172414	0.0243902439024	25225930	25225962	0	0
tfsite_03c044e6f1106c93	tflocus_8ecca17975fcc96b	chr2R	25225930	25225962	3	GA	0	356	0	99	0	0	99	257	0	0	25225930	25225962	0	0
tfsite_cb19492b8ae77fed	tflocus_438410026335f5cc	chr2R	25225931	25226020	1	CT	3	433	3	88	0	3	88	342	0.00692840646651	0	25225931	25226020	0	0
tfsite_cb19492b8ae77fed	tflocus_438410026335f5cc	chr2R	25225931	25226020	1	GA	0	360	0	61	0	0	61	299	0	0	25225931	25226020	0	0
tfsite_53ec6560eb0eb06e	tflocus_1544e62653173838	chr2R	25225932	25225993	2	CT	2	435	2	113	2	0	111	322	0.00459770114943	0.0176991150442	25225932	25225993	2	1
tfsite_53ec6560eb0eb06e	tflocus_1544e62653173838	chr2R	25225932	25225993	2	GA	0	361	0	91	0	0	91	270	0	0	25225932	25225993	0	0
tfsite_e1c86f46479a905e	tflocus_1544e62653173838	chr2R	25225938	25225978	3	CT	1	436	1	124	0	1	124	311	0.00229357798165	0	25225931	25225986	0	0
tfsite_e1c86f46479a905e	tflocus_1544e62653173838	chr2R	25225938	25225978	3	GA	3	360	3	105	3	0	102	255	0.00833333333333	0.0285714285714	25225938	25225978	0	0
tfsite_2bc8b700e67f1cf1	tflocus_8ecca17975fcc96b	chr2R	25225943	25225963	4	CT	1	440	1	134	1	0	133	306	0.00227272727273	0.00746268656716	25225943	25225963	0	0
tfsite_2bc8b700e67f1cf1	tflocus_8ecca17975fcc96b	chr2R	25225943	25225963	4	GA	0	364	0	113	0	0	113	251	0	0	25225943	25225963	0	0
tfsite_9bc5ffe1d386cb2a	tflocus_1544e62653173838	chr2R	25225947	25225979	4	CT	0	419	0	127	0	0	127	292	0	0	25225947	25225979	0	0
tfsite_9bc5ffe1d386cb2a	tflocus_1544e62653173838	chr2R	25225947	25225979	4	GA	2	354	2	107	2	0	105	247	0.00564971751412	0.018691588785	25225947	25225979	0	0
tfsite_aa58d9aec284274a	tflocus_1544e62653173838	chr2R	25225951	25225971	5	CT	0	418	0	135	0	0	135	283	0	0	25225951	25225971	0	0
tfsite_aa58d9aec284274a	tflocus_1544e62653173838	chr2R	25225951	25225971	5	GA	1	353	1	114	1	0	113	239	0.0028328611898	0.00877192982456	25225951	25225971	0	0
tfsite_6664a5db3a8804e4	tflocus_438410026335f5cc	chr2R	25225960	25225979	2	CT	0	410	0	135	0	0	135	275	0	0	25225960	25225979	0	0
tfsite_6664a5db3a8804e4	tflocus_438410026335f5cc	chr2R	25225960	25225979	2	GA	3	348	3	112	3	0	109	236	0.00862068965517	0.0267857142857	25225960	25225979	0	0
tfsite_719b1646a6614c41	tflocus_ad4cc2b950cd92bd	chr2R	25225965	25226037	1	CT	1	434	1	74	1	0	73	360	0.00230414746544	0.0135135135135	25225965	25226037	0	0
tfsite_719b1646a6614c41	tflocus_ad4cc2b950cd92bd	chr2R	25225965	25226037	1	GA	0	362	0	63	0	0	63	299	0	0	25225965	25226037	0	0
tfsite_0d902b8e0f339337	tflocus_438410026335f5cc	chr2R	25225974	25225991	3	CT	1	423	1	136	1	0	135	287	0.00236406619385	0.00735294117647	25225970	25225990	0	0
tfsite_0d902b8e0f339337	tflocus_438410026335f5cc	chr2R	25225974	25225991	3	GA	1	352	1	109	0	1	109	242	0.00284090909091	0	25225977	25225991	0	0
tfsite_740195e01fd25499	tflocus_ad4cc2b950cd92bd	chr2R	25225983	25226001	2	CT	0	428	0	123	0	0	123	305	0	0	25225983	25226001	0	0
tfsite_740195e01fd25499	tflocus_ad4cc2b950cd92bd	chr2R	25225983	25226001	2	GA	2	358	2	119	2	0	117	239	0.00558659217877	0.0168067226891	25225983	25226001	0	0
tfsite_7671638dacc81d32	tflocus_ad4cc2b950cd92bd	chr2R	25225983	25226028	3	CT	1	433	1	89	1	0	88	344	0.00230946882217	0.0112359550562	25225984	25226024	0	0
tfsite_7671638dacc81d32	tflocus_ad4cc2b950cd92bd	chr2R	25225983	25226028	3	GA	1	360	1	73	1	0	72	287	0.00277777777778	0.013698630137	25225982	25226032	0	0
tfsite_0c9a29e487b1dc1a	tflocus_ad4cc2b950cd92bd	chr2R	25225989	25226011	4	CT	0	436	0	123	0	0	123	313	0	0	25225989	25226011	0	0
tfsite_0c9a29e487b1dc1a	tflocus_ad4cc2b950cd92bd	chr2R	25225989	25226011	4	GA	8	363	8	106	8	0	98	257	0.0220385674931	0.0754716981132	25225989	25226011	0	1
tfsite_c9852966136d4b4b	tflocus_2cb6599d22530200	chr2R	25225989	25226046	1	CT	0	433	0	51	0	0	51	382	0	0	25225989	25226046	0	0
tfsite_c9852966136d4b4b	tflocus_2cb6599d22530200	chr2R	25225989	25226046	1	GA	1	361	1	69	1	0	68	292	0.00277008310249	0.0144927536232	25225989	25226046	0	0
tfsite_9f4a8e0930bfbf7f	tflocus_2cb6599d22530200	chr2R	25225996	25226021	2	CT	1	435	1	115	1	0	114	320	0.00229885057471	0.00869565217391	25225996	25226022	0	0
tfsite_9f4a8e0930bfbf7f	tflocus_2cb6599d22530200	chr2R	25225996	25226021	2	GA	1	361	1	85	1	0	84	276	0.00277008310249	0.0117647058824	25225996	25226019	0	0
tfsite_d8e2c0ec9229ddf4	tflocus_2cb6599d22530200	chr2R	25225996	25226036	3	CT	2	434	2	84	2	0	82	350	0.00460829493088	0.0238095238095	25225996	25226036	0	3.5
tfsite_d8e2c0ec9229ddf4	tflocus_2cb6599d22530200	chr2R	25225996	25226036	3	GA	0	362	0	78	0	0	78	284	0	0	25225996	25226036	0	0
tfsite_4893185b318e0991	tflocus_30290edcf07bb235	chr2R	25225997	25226050	1	CT	1	434	1	52	1	0	51	382	0.00230414746544	0.0192307692308	25225997	25226050	0	0
tfsite_4893185b318e0991	tflocus_30290edcf07bb235	chr2R	25225997	25226050	1	GA	0	362	0	60	0	0	60	302	0	0	25225997	25226050	0	0
tfsite_dd760c2e7fe54768	tflocus_30290edcf07bb235	chr2R	25226014	25226042	2	CT	2	434	2	88	2	0	86	346	0.00460829493088	0.0227272727273	25226014	25226042	2.5	3
tfsite_dd760c2e7fe54768	tflocus_30290edcf07bb235	chr2R	25226014	25226042	2	GA	0	360	0	83	0	0	83	277	0	0	25226014	25226042	0	0
tfsite_4ee39c37452bddc6	tflocus_2cb6599d22530200	chr2R	25226016	25226026	4	CT	1	436	2	109	2	0	107	327	0.0045871559633	0.0183486238532	25226016	25226026	0	0
tfsite_4ee39c37452bddc6	tflocus_2cb6599d22530200	chr2R	25226016	25226026	4	GA	0	359	0	91	0	0	91	268	0	0	25226016	25226026	0	0
tfsite_193fa3d6e94eb5a3	tflocus_30290edcf07bb235	chr2R	25226020	25226032	3	CT	7	433	7	113	7	0	106	320	0.0161662817552	0.0619469026549	25226020	25226032	0	0
tfsite_193fa3d6e94eb5a3	tflocus_30290edcf07bb235	chr2R	25226020	25226032	3	GA	0	363	0	92	0	0	92	271	0	0	25226020	25226032	0	0
tfsite_5086e7bcb4c45dcb	tflocus_30290edcf07bb235	chr2R	25226025	25226042	4	CT	19	428	19	101	19	0	82	327	0.0443925233645	0.188118811881	25226025	25226042	1	3
tfsite_5086e7bcb4c45dcb	tflocus_30290edcf07bb235	chr2R	25226025	25226042	4	GA	0	360	0	89	0	0	89	271	0	0	25226025	25226042	0	0
tfsite_4c0ed3c3110794bc	tflocus_83d4d73e2fcf524b	chr2R	25226027	25226065	1	CT	2	431	2	59	2	0	57	372	0.0046403712297	0.0338983050847	25226027	25226065	2	5
tfsite_4c0ed3c3110794bc	tflocus_83d4d73e2fcf524b	chr2R	25226027	25226065	1	GA	0	362	0	47	0	0	47	315	0	0	25226027	25226065	0	0
tfsite_347d49eea7f1839b	tflocus_c7c84a8a550dc091	chr2R	25226031	25226091	1	CT	2	435	2	42	2	0	40	393	0.00459770114943	0.047619047619	25226031	25226091	5.5	4.5
tfsite_347d49eea7f1839b	tflocus_c7c84a8a550dc091	chr2R	25226031	25226091	1	GA	0	365	0	30	0	0	30	335	0	0	25226031	25226091	0	0
tfsite_68c268ee1c16d004	tflocus_83d4d73e2fcf524b	chr2R	25226044	25226056	2	CT	2	437	2	78	2	0	76	359	0.0045766590389	0.025641025641	25226044	25226056	0.5	0.5
tfsite_68c268ee1c16d004	tflocus_83d4d73e2fcf524b	chr2R	25226044	25226056	2	GA	0	363	0	82	0	0	82	281	0	0	25226044	25226056	0	0
tfsite_2fbd4a8b683d93e4	tflocus_bf972de6af105872	chr2R	25226046	25226104	1	CT	1	433	1	44	1	0	43	389	0.00230946882217	0.0227272727273	25226046	25226104	0	0
tfsite_2fbd4a8b683d93e4	tflocus_bf972de6af105872	chr2R	25226046	25226104	1	GA	0	359	0	22	0	0	22	337	0	0	25226046	25226104	0	0
tfsite_b895efc0bd0e59b8	tflocus_bf972de6af105872	chr2R	25226047	25226096	2	CT	2	436	2	48	2	0	46	388	0.0045871559633	0.0416666666667	25226047	25226096	2.5	1.5
tfsite_b895efc0bd0e59b8	tflocus_bf972de6af105872	chr2R	25226047	25226096	2	GA	0	361	0	31	0	0	31	330	0	0	25226047	25226096	0	0
tfsite_80b78953d356dc66	tflocus_bf972de6af105872	chr2R	25226050	25226105	3	CT	3	432	3	43	3	0	40	389	0.00694444444444	0.0697674418605	25226050	25226105	0	0
tfsite_80b78953d356dc66	tflocus_bf972de6af105872	chr2R	25226050	25226105	3	GA	0	359	0	23	0	0	23	336	0	0	25226050	25226105	0	0
tfsite_6d7dc15fc9fd1b68	tflocus_bf972de6af105872	chr2R	25226058	25226082	4	CT	0	436	0	51	0	0	51	385	0	0	25226058	25226082	0	0
tfsite_6d7dc15fc9fd1b68	tflocus_bf972de6af105872	chr2R	25226058	25226082	4	GA	3	360	3	43	3	0	40	317	0.00833333333333	0.0697674418605	25226058	25226082	1	0
tfsite_46f6cce8aa420cd1	tflocus_bf972de6af105872	chr2R	25226066	25226080	5	CT	2	434	2	56	2	0	54	378	0.00460829493088	0.0357142857143	25226068	25226080	1.5	0.5
tfsite_46f6cce8aa420cd1	tflocus_bf972de6af105872	chr2R	25226066	25226080	5	GA	1	358	1	45	1	0	44	313	0.00279329608939	0.0222222222222	25226060	25226089	0	0
tfsite_89fdb446644a1b19	tflocus_86e30af808a93ae9	chr2R	25226070	25226095	1	CT	1	437	1	51	1	0	50	386	0.00228832951945	0.0196078431373	25226070	25226095	0	0
tfsite_89fdb446644a1b19	tflocus_86e30af808a93ae9	chr2R	25226070	25226095	1	GA	0	361	0	33	0	0	33	328	0	0	25226070	25226095	0	0
tfsite_c9fb1d493c4bd80c	tflocus_bf972de6af105872	chr2R	25226072	25226082	6	CT	0	440	0	55	0	0	55	385	0	0	25226072	25226082	0	0
tfsite_c9fb1d493c4bd80c	tflocus_bf972de6af105872	chr2R	25226072	25226082	6	GA	1	363	1	49	1	0	48	314	0.00275482093664	0.0204081632653	25226072	25226082	0	0
tfsite_294b895648d37fea	tflocus_86e30af808a93ae9	chr2R	25226072	25226110	2	CT	1	434	2	41	2	0	39	393	0.00460829493088	0.0487804878049	25226073	25226111	0	0
tfsite_294b895648d37fea	tflocus_86e30af808a93ae9	chr2R	25226072	25226110	2	GA	3	361	3	22	3	0	19	339	0.00831024930748	0.136363636364	25226072	25226110	0	0
tfsite_5d531b899aa9998b	tflocus_8c4fbdeefddb7a38	chr2R	25226072	25226138	1	CT	0	437	0	32	0	0	32	405	0	0	25226072	25226138	0	0
tfsite_5d531b899aa9998b	tflocus_8c4fbdeefddb7a38	chr2R	25226072	25226138	1	GA	1	363	1	10	0	1	10	352	0.00275482093664	0	25226072	25226138	0	0
tfsite_8590cb3078d90cee	tflocus_8c4fbdeefddb7a38	chr2R	25226073	25226151	2	CT	1	434	1	28	1	0	27	406	0.00230414746544	0.0357142857143	25226073	25226151	0	0
tfsite_8590cb3078d90cee	tflocus_8c4fbdeefddb7a38	chr2R	25226073	25226151	2	GA	0	362	0	9	0	0	9	353	0	0	25226073	25226151	0	0
tfsite_4fd672d1dc6458de	tflocus_8c4fbdeefddb7a38	chr2R	25226077	25226126	3	CT	2	434	2	36	2	0	34	398	0.00460829493088	0.0555555555556	25226077	25226126	3.5	1.5
tfsite_4fd672d1dc6458de	tflocus_8c4fbdeefddb7a38	chr2R	25226077	25226126	3	GA	0	363	0	14	0	0	14	349	0	0	25226077	25226126	0	0
tfsite_83d3f611154288be	tflocus_8c4fbdeefddb7a38	chr2R	25226084	25226113	4	CT	0	434	0	43	0	0	43	391	0	0	25226084	25226113	0	0
tfsite_83d3f611154288be	tflocus_8c4fbdeefddb7a38	chr2R	25226084	25226113	4	GA	1	362	1	26	1	0	25	336	0.00276243093923	0.0384615384615	25226084	25226113	0	0
tfsite_429b8f63842ec923	tflocus_8c4fbdeefddb7a38	chr2R	25226086	25226137	5	CT	1	434	1	34	1	0	33	400	0.00230414746544	0.0294117647059	25226086	25226137	0	0
tfsite_429b8f63842ec923	tflocus_8c4fbdeefddb7a38	chr2R	25226086	25226137	5	GA	0	363	0	14	0	0	14	349	0	0	25226086	25226137	0	0
tfsite_2b1c411b58ae1030	tflocus_8be49a8d7aa5449e	chr2R	25226087	25226152	1	CT	2	436	2	30	2	0	28	406	0.0045871559633	0.0666666666667	25226087	25226152	5	3.5
tfsite_2b1c411b58ae1030	tflocus_8be49a8d7aa5449e	chr2R	25226087	25226152	1	GA	0	363	0	12	0	0	12	351	0	0	25226087	25226152	0	0
tfsite_a120729e4314d036	tflocus_8be49a8d7aa5449e	chr2R	25226089	25226160	2	CT	0	436	0	28	0	0	28	408	0	0	25226089	25226160	0	0
tfsite_a120729e4314d036	tflocus_8be49a8d7aa5449e	chr2R	25226089	25226160	2	GA	2	362	2	10	2	0	8	352	0.00552486187845	0.2	25226089	25226160	0	0
tfsite_5f1522750483a78f	tflocus_8c4fbdeefddb7a38	chr2R	25226092	25226112	6	CT	0	434	0	45	0	0	45	389	0	0	25226092	25226112	0	0
tfsite_5f1522750483a78f	tflocus_8c4fbdeefddb7a38	chr2R	25226092	25226112	6	GA	3	362	3	28	3	0	25	334	0.00828729281768	0.107142857143	25226092	25226112	0	0
tfsite_d350b7fbe929b15f	tflocus_8be49a8d7aa5449e	chr2R	25226105	25226141	3	CT	2	437	2	36	2	0	34	401	0.0045766590389	0.0555555555556	25226105	25226141	1	0
tfsite_d350b7fbe929b15f	tflocus_8be49a8d7aa5449e	chr2R	25226105	25226141	3	GA	0	359	0	19	0	0	19	340	0	0	25226105	25226141	0	0
tfsite_a4ffa5cabc5f3a15	tflocus_8be49a8d7aa5449e	chr2R	25226114	25226123	4	CT	0	439	0	50	0	0	50	389	0	0	25226114	25226123	0	0
tfsite_a4ffa5cabc5f3a15	tflocus_8be49a8d7aa5449e	chr2R	25226114	25226123	4	GA	1	366	1	25	1	0	24	341	0.00273224043716	0.04	25226114	25226123	0	0
tfsite_92e1a1d93810831e	tflocus_e85889f0ed9e0662	chr2R	25226117	25226156	1	CT	1	435	1	34	1	0	33	401	0.00229885057471	0.0294117647059	25226126	25226156	0	0
tfsite_92e1a1d93810831e	tflocus_e85889f0ed9e0662	chr2R	25226117	25226156	1	GA	2	359	2	16	2	0	14	343	0.00557103064067	0.125	25226117	25226154	0	6
tfsite_f0de9b05042d6377	tflocus_a7e281197e577128	chr2R	25226149	25226173	1	CT	1	434	1	47	1	0	46	387	0.00230414746544	0.0212765957447	25226147	25226170	0	0
tfsite_f0de9b05042d6377	tflocus_a7e281197e577128	chr2R	25226149	25226173	1	GA	1	364	1	19	1	0	18	345	0.00274725274725	0.0526315789474	25226151	25226176	0	0
tfsite_c45c33fa6577220d	tflocus_d6e469947eb1d2c1	chr2R	25226152	25226196	1	CT	1	434	1	38	1	0	37	396	0.00230414746544	0.0263157894737	25226153	25226195	0	0
tfsite_c45c33fa6577220d	tflocus_d6e469947eb1d2c1	chr2R	25226152	25226196	1	GA	1	364	1	11	1	0	10	353	0.00274725274725	0.0909090909091	25226150	25226196	0	0
tfsite_39b1f987ecfc6e10	tflocus_81b168e536eead51	chr2R	25226153	25226223	1	CT	1	435	1	25	1	0	24	410	0.00229885057471	0.04	25226153	25226223	0	0
tfsite_39b1f987ecfc6e10	tflocus_81b168e536eead51	chr2R	25226153	25226223	1	GA	0	359	0	7	0	0	7	352	0	0	25226153	25226223	0	0
tfsite_0866ca71e2e45f01	tflocus_81b168e536eead51	chr2R	25226162	25226225	2	CT	2	433	2	35	2	0	33	398	0.00461893764434	0.0571428571429	25226162	25226225	0.5	5
tfsite_0866ca71e2e45f01	tflocus_81b168e536eead51	chr2R	25226162	25226225	2	GA	0	359	0	8	0	0	8	351	0	0	25226162	25226225	0	0
tfsite_34dcb67fef26f9a8	tflocus_d6e469947eb1d2c1	chr2R	25226172	25226186	2	CT	1	434	1	64	1	0	63	370	0.00230414746544	0.015625	25226172	25226186	0	0
tfsite_34dcb67fef26f9a8	tflocus_d6e469947eb1d2c1	chr2R	25226172	25226186	2	GA	0	363	0	25	0	0	25	338	0	0	25226172	25226186	0	0
tfsite_5f7ab307a2027c6a	tflocus_771476542912009d	chr2R	25226176	25226236	1	CT	1	435	1	33	1	0	32	402	0.00229885057471	0.030303030303	25226176	25226236	0	0
tfsite_5f7ab307a2027c6a	tflocus_771476542912009d	chr2R	25226176	25226236	1	GA	0	360	0	11	0	0	11	349	0	0	25226176	25226236	0	0
tfsite_f7b7ce92903ea15b	tflocus_81b168e536eead51	chr2R	25226183	25226197	3	CT	1	432	1	66	1	0	65	366	0.00231481481481	0.0151515151515	25226183	25226197	0	0
tfsite_f7b7ce92903ea15b	tflocus_81b168e536eead51	chr2R	25226183	25226197	3	GA	0	364	0	21	0	0	21	343	0	0	25226183	25226197	0	0
tfsite_a3be52a8ca871f01	tflocus_771476542912009d	chr2R	25226185	25226221	2	CT	2	426	2	37	2	0	35	389	0.00469483568075	0.0540540540541	25226185	25226221	2	2.5
tfsite_a3be52a8ca871f01	tflocus_771476542912009d	chr2R	25226185	25226221	2	GA	0	359	0	23	0	0	23	336	0	0	25226185	25226221	0	0
tfsite_85ceb6ea105d3608	tflocus_40c2e69ce81323c3	chr2R	25226192	25226271	1	CT	1	431	1	9	0	1	9	421	0.00232018561485	0	25226192	25226271	0	0
tfsite_85ceb6ea105d3608	tflocus_40c2e69ce81323c3	chr2R	25226192	25226271	1	GA	0	361	0	10	0	0	10	351	0	0	25226192	25226271	0	0
tfsite_78604adea1cebc6a	tflocus_771476542912009d	chr2R	25226200	25226222	3	CT	2	434	2	47	1	1	46	386	0.00460829493088	0.0212765957447	25226207	25226221	3.5	2.5
tfsite_78604adea1cebc6a	tflocus_771476542912009d	chr2R	25226200	25226222	3	GA	16	360	16	31	16	0	15	329	0.0444444444444	0.516129032258	25226200	25226222	0	0
tfsite_189b606c9679a0ec	tflocus_cdcf86b4ec489a54	chr2R	25226217	25226296	1	CT	1	435	1	14	0	1	14	420	0.00229885057471	0	25226217	25226296	0	0
tfsite_189b606c9679a0ec	tflocus_cdcf86b4ec489a54	chr2R	25226217	25226296	1	GA	0	364	0	9	0	0	9	355	0	0	25226217	25226296	0	0
tfsite_708a8e39da775604	tflocus_40c2e69ce81323c3	chr2R	25226227	25226247	2	CT	0	437	0	68	0	0	68	369	0	0	25226227	25226247	0	0
tfsite_708a8e39da775604	tflocus_40c2e69ce81323c3	chr2R	25226227	25226247	2	GA	1	366	1	25	1	0	24	341	0.00273224043716	0.04	25226227	25226247	0	0
tfsite_551b6864f3f86cf8	tflocus_cdcf86b4ec489a54	chr2R	25226235	25226262	2	CT	8	435	8	70	8	0	62	365	0.0183908045977	0.114285714286	25226235	25226262	0	0
tfsite_551b6864f3f86cf8	tflocus_cdcf86b4ec489a54	chr2R	25226235	25226262	2	GA	0	367	0	23	0	0	23	344	0	0	25226235	25226262	0	0
tfsite_7599b18a339315f2	tflocus_2a2cfa5d53941c18	chr2R	25226259	25226278	1	CT	0	431	0	34	0	0	34	397	0	0	25226259	25226278	0	0
tfsite_7599b18a339315f2	tflocus_2a2cfa5d53941c18	chr2R	25226259	25226278	1	GA	1	366	1	25	1	0	24	341	0.00273224043716	0.04	25226259	25226278	0	0
tfsite_b2d765f7faeeca3b	tflocus_ad3d92ff0e707391	chr2R	25226267	25226302	1	CT	3	435	3	28	3	0	25	407	0.00689655172414	0.107142857143	25226267	25226302	0	0
tfsite_b2d765f7faeeca3b	tflocus_ad3d92ff0e707391	chr2R	25226267	25226302	1	GA	1	360	1	21	1	0	20	339	0.00277777777778	0.047619047619	25226266	25226290	0	0
tfsite_a00b503853c799b7	tflocus_ca7cd4f8f7dbff64	chr2R	25226268	25226327	1	CT	1	436	1	26	1	0	25	410	0.00229357798165	0.0384615384615	25226268	25226327	0	0
tfsite_a00b503853c799b7	tflocus_ca7cd4f8f7dbff64	chr2R	25226268	25226327	1	GA	0	361	0	20	0	0	20	341	0	0	25226268	25226327	0	0
tfsite_90dbe0527cad6719	tflocus_ca7cd4f8f7dbff64	chr2R	25226281	25226313	2	CT	1	437	1	33	1	0	32	404	0.00228832951945	0.030303030303	25226278	25226314	0	0
tfsite_90dbe0527cad6719	tflocus_ca7cd4f8f7dbff64	chr2R	25226281	25226313	2	GA	2	359	2	30	2	0	28	329	0.00557103064067	0.0666666666667	25226284	25226310	2.5	3
tfsite_fb94932b590799e1	tflocus_fd995543799715a8	chr2R	25226287	25226358	1	CT	2	440	2	26	2	0	24	414	0.00454545454545	0.0769230769231	25226287	25226358	0	0
tfsite_fb94932b590799e1	tflocus_fd995543799715a8	chr2R	25226287	25226358	1	GA	0	362	0	23	0	0	23	339	0	0	25226287	25226358	0	0
tfsite_8fa4258b83875b70	tflocus_9bfa09bfeca3540e	chr2R	25226300	25226366	1	CT	0	439	0	26	0	0	26	413	0	0	25226300	25226366	0	0
tfsite_8fa4258b83875b70	tflocus_9bfa09bfeca3540e	chr2R	25226300	25226366	1	GA	1	362	1	27	1	0	26	335	0.00276243093923	0.037037037037	25226300	25226366	0	0
tfsite_ff40ff58972d8d81	tflocus_d8fa766e13acb650	chr2R	25226306	25226380	1	CT	0	440	0	24	0	0	24	416	0	0	25226306	25226380	0	0
tfsite_ff40ff58972d8d81	tflocus_d8fa766e13acb650	chr2R	25226306	25226380	1	GA	1	362	1	25	1	0	24	337	0.00276243093923	0.04	25226306	25226380	0	0
tfsite_c6452c577b9c55f1	tflocus_fd995543799715a8	chr2R	25226313	25226326	2	CT	3	438	3	48	3	0	45	390	0.00684931506849	0.0625	25226313	25226326	0	1
tfsite_c6452c577b9c55f1	tflocus_fd995543799715a8	chr2R	25226313	25226326	2	GA	0	359	0	53	0	0	53	306	0	0	25226313	25226326	0	0
tfsite_687786863aae90ad	tflocus_9bfa09bfeca3540e	chr2R	25226316	25226343	2	CT	1	441	1	44	1	0	43	397	0.00226757369615	0.0227272727273	25226316	25226343	0	0
tfsite_687786863aae90ad	tflocus_9bfa09bfeca3540e	chr2R	25226316	25226343	2	GA	2	362	2	46	2	0	44	316	0.00552486187845	0.0434782608696	25226313	25226349	3	5.5
tfsite_f2272d65f0805873	tflocus_d8fa766e13acb650	chr2R	25226316	25226367	2	CT	0	440	0	36	0	0	36	404	0	0	25226316	25226367	0	0
tfsite_f2272d65f0805873	tflocus_d8fa766e13acb650	chr2R	25226316	25226367	2	GA	1	362	1	33	1	0	32	329	0.00276243093923	0.030303030303	25226316	25226367	0	0
tfsite_3ca086f6ad2e9e6e	tflocus_9bfa09bfeca3540e	chr2R	25226319	25226356	3	CT	1	438	1	41	1	0	40	397	0.00228310502283	0.0243902439024	25226313	25226358	0	0
tfsite_3ca086f6ad2e9e6e	tflocus_9bfa09bfeca3540e	chr2R	25226319	25226356	3	GA	1	363	1	40	1	0	39	323	0.00275482093664	0.025	25226324	25226353	0	0
tfsite_260c2af1da3769ff	tflocus_9bfa09bfeca3540e	chr2R	25226322	25226346	4	CT	0	441	0	46	0	0	46	395	0	0	25226322	25226346	0	0
tfsite_260c2af1da3769ff	tflocus_9bfa09bfeca3540e	chr2R	25226322	25226346	4	GA	2	364	2	52	2	0	50	312	0.00549450549451	0.0384615384615	25226322	25226346	1.5	1.5
tfsite_ac4fb509e6d5dc9a	tflocus_d8fa766e13acb650	chr2R	25226330	25226360	3	CT	1	439	1	56	1	0	55	383	0.00227790432802	0.0178571428571	25226330	25226360	0	0
tfsite_ac4fb509e6d5dc9a	tflocus_d8fa766e13acb650	chr2R	25226330	25226360	3	GA	0	363	0	40	0	0	40	323	0	0	25226330	25226360	0	0
tfsite_13ea78296ca83bf1	tflocus_e4b526e086f737cb	chr2R	25226337	25226386	1	CT	2	439	2	47	2	0	45	392	0.00455580865604	0.0425531914894	25226337	25226386	5	4.5
tfsite_13ea78296ca83bf1	tflocus_e4b526e086f737cb	chr2R	25226337	25226386	1	GA	0	364	0	31	0	0	31	333	0	0	25226337	25226386	0	0
tfsite_c9df05a7f9a8dbdc	tflocus_e4b526e086f737cb	chr2R	25226346	25226373	2	CT	0	438	0	55	0	0	55	383	0	0	25226346	25226373	0	0
tfsite_c9df05a7f9a8dbdc	tflocus_e4b526e086f737cb	chr2R	25226346	25226373	2	GA	2	362	2	40	2	0	38	322	0.00552486187845	0.05	25226346	25226373	5	4
tfsite_3a51f92a581edfe3	tflocus_e4b526e086f737cb	chr2R	25226356	25226376	3	CT	0	440	0	60	0	0	60	380	0	0	25226356	25226376	0	0
tfsite_3a51f92a581edfe3	tflocus_e4b526e086f737cb	chr2R	25226356	25226376	3	GA	4	359	4	61	4	0	57	298	0.0111420612813	0.0655737704918	25226356	25226376	0	0
tfsite_53bb8fd9deef9100	tflocus_091832bdcb1d1071	chr2R	25226372	25226410	1	CT	0	437	0	55	0	0	55	382	0	0	25226372	25226410	0	0
tfsite_53bb8fd9deef9100	tflocus_091832bdcb1d1071	chr2R	25226372	25226410	1	GA	2	363	2	53	2	0	51	310	0.00550964187328	0.0377358490566	25226372	25226410	3	4
tfsite_95f8a3923c4fd901	tflocus_24a9e7621f8ba915	chr2R	25226377	25226382	1	CT	0	439	0	76	0	0	76	363	0	0	25226377	25226382	0	0
tfsite_95f8a3923c4fd901	tflocus_24a9e7621f8ba915	chr2R	25226377	25226382	1	GA	1	365	1	87	1	0	86	278	0.0027397260274	0.0114942528736	25226377	25226382	0	0
tfsite_a3b83aed084d4777	tflocus_091832bdcb1d1071	chr2R	25226381	25226419	2	CT	0	431	0	83	0	0	83	348	0	0	25226381	25226419	0	0
tfsite_a3b83aed084d4777	tflocus_091832bdcb1d1071	chr2R	25226381	25226419	2	GA	1	363	1	61	1	0	60	302	0.00275482093664	0.016393442623	25226381	25226419	0	0
tfsite_6ca4bf72a7fcca27	tflocus_aa03e25fe2603ea5	chr2R	25226390	25226429	1	CT	1	434	1	98	1	0	97	336	0.00230414746544	0.0102040816327	25226396	25226425	0	0
tfsite_6ca4bf72a7fcca27	tflocus_aa03e25fe2603ea5	chr2R	25226390	25226429	1	GA	1	362	1	66	1	0	65	296	0.00276243093923	0.0151515151515	25226384	25226433	0	0
tfsite_576bfc7f7ad42f94	tflocus_aa03e25fe2603ea5	chr2R	25226391	25226418	2	CT	1	437	1	101	1	0	100	336	0.00228832951945	0.00990099009901	25226394	25226417	0	0
tfsite_576bfc7f7ad42f94	tflocus_aa03e25fe2603ea5	chr2R	25226391	25226418	2	GA	1	364	1	69	1	0	68	295	0.00274725274725	0.0144927536232	25226388	25226418	0	0
tfsite_98689a26ea8b9987	tflocus_3f9a82d435ca2c23	chr2R	25226405	25226445	1	CT	0	438	0	115	0	0	115	323	0	0	25226405	25226445	0	0
tfsite_98689a26ea8b9987	tflocus_3f9a82d435ca2c23	chr2R	25226405	25226445	1	GA	1	362	1	64	1	0	63	298	0.00276243093923	0.015625	25226405	25226445	0	0
tfsite_71b686ea3cbf7281	tflocus_af57c3fb56082292	chr2R	25226410	25226463	1	CT	0	438	0	112	0	0	112	326	0	0	25226410	25226463	0	0
tfsite_71b686ea3cbf7281	tflocus_af57c3fb56082292	chr2R	25226410	25226463	1	GA	2	360	2	80	2	0	78	280	0.00555555555556	0.025	25226410	25226463	0	0
tfsite_1074b91f37421aac	tflocus_3f9a82d435ca2c23	chr2R	25226414	25226434	2	CT	6	439	6	127	6	0	121	312	0.0136674259681	0.0472440944882	25226414	25226434	0	0.5
tfsite_1074b91f37421aac	tflocus_3f9a82d435ca2c23	chr2R	25226414	25226434	2	GA	2	363	2	88	2	0	86	275	0.00550964187328	0.0227272727273	25226408	25226438	2.5	1.5
tfsite_c3e7c5521fb734c0	tflocus_af57c3fb56082292	chr2R	25226416	25226464	2	CT	1	438	1	117	1	0	116	321	0.00228310502283	0.00854700854701	25226414	25226465	0	0
tfsite_c3e7c5521fb734c0	tflocus_af57c3fb56082292	chr2R	25226416	25226464	2	GA	1	359	1	80	1	0	79	279	0.00278551532033	0.0125	25226417	25226463	0	0
tfsite_2bc171fc8ad7be7a	tflocus_af57c3fb56082292	chr2R	25226417	25226448	3	CT	0	435	0	121	0	0	121	314	0	0	25226417	25226448	0	0
tfsite_2bc171fc8ad7be7a	tflocus_af57c3fb56082292	chr2R	25226417	25226448	3	GA	2	363	2	84	2	0	82	279	0.00550964187328	0.0238095238095	25226417	25226448	0	2.5
tfsite_ac6ad1e6e9140ebc	tflocus_c5a335d178b21c85	chr2R	25226418	25226470	1	CT	1	434	1	113	1	0	112	321	0.00230414746544	0.00884955752212	25226418	25226472	0	0
tfsite_ac6ad1e6e9140ebc	tflocus_c5a335d178b21c85	chr2R	25226418	25226470	1	GA	1	359	2	79	2	0	77	280	0.00557103064067	0.0253164556962	25226417	25226468	0	0
tfsite_abbc081a234531af	tflocus_af57c3fb56082292	chr2R	25226424	25226434	4	CT	3	438	3	134	3	0	131	304	0.00684931506849	0.0223880597015	25226424	25226434	0	0
tfsite_abbc081a234531af	tflocus_af57c3fb56082292	chr2R	25226424	25226434	4	GA	0	364	0	91	0	0	91	273	0	0	25226424	25226434	0	0
tfsite_d93e643c3bc6b1ac	tflocus_c5a335d178b21c85	chr2R	25226427	25226477	2	CT	0	436	0	121	0	0	121	315	0	0	25226427	25226477	0	0
tfsite_d93e643c3bc6b1ac	tflocus_c5a335d178b21c85	chr2R	25226427	25226477	2	GA	1	361	1	79	1	0	78	282	0.00277008310249	0.0126582278481	25226427	25226477	0	0
tfsite_7d6c1e759d72e4aa	tflocus_af57c3fb56082292	chr2R	25226430	25226440	5	CT	4	436	4	141	4	0	137	295	0.00917431192661	0.0283687943262	25226430	25226440	0	0
tfsite_7d6c1e759d72e4aa	tflocus_af57c3fb56082292	chr2R	25226430	25226440	5	GA	0	363	0	89	0	0	89	274	0	0	25226430	25226440	0	0
tfsite_960976c47545bc31	tflocus_af57c3fb56082292	chr2R	25226432	25226446	6	CT	0	427	0	138	0	0	138	289	0	0	25226432	25226446	0	0
tfsite_960976c47545bc31	tflocus_af57c3fb56082292	chr2R	25226432	25226446	6	GA	1	361	1	86	1	0	85	275	0.00277008310249	0.0116279069767	25226432	25226446	0	0
tfsite_fa64dc5f0c4b5c14	tflocus_e9722e8789069226	chr2R	25226439	25226478	1	CT	1	430	1	136	1	0	135	294	0.00232558139535	0.00735294117647	25226439	25226478	0	0
tfsite_fa64dc5f0c4b5c14	tflocus_e9722e8789069226	chr2R	25226439	25226478	1	GA	0	360	0	83	0	0	83	277	0	0	25226439	25226478	0	0
tfsite_9c2796cfc791c243	tflocus_c65895f4af8f195f	chr2R	25226439	25226521	1	CT	1	438	1	129	0	1	129	308	0.00228310502283	0	25226439	25226521	0	0
tfsite_9c2796cfc791c243	tflocus_c65895f4af8f195f	chr2R	25226439	25226521	1	GA	0	357	0	79	0	0	79	278	0	0	25226439	25226521	0	0
tfsite_622ca5e7086aa10e	tflocus_c5a335d178b21c85	chr2R	25226441	25226453	3	CT	1	431	1	141	1	0	140	290	0.00232018561485	0.00709219858156	25226434	25226457	0	0
tfsite_622ca5e7086aa10e	tflocus_c5a335d178b21c85	chr2R	25226441	25226453	3	GA	2	362	2	89	2	0	87	273	0.00552486187845	0.0224719101124	25226442	25226452	0.5	1
tfsite_25e5a26108cfe657	tflocus_c5a335d178b21c85	chr2R	25226442	25226465	4	CT	1	429	1	137	1	0	136	292	0.002331002331	0.00729927007299	25226442	25226465	0	0
tfsite_25e5a26108cfe657	tflocus_c5a335d178b21c85	chr2R	25226442	25226465	4	GA	0	359	0	88	0	0	88	271	0	0	25226442	25226465	0	0
tfsite_4410a8d8fc87d0b0	tflocus_c65895f4af8f195f	chr2R	25226449	25226500	2	CT	0	433	0	126	0	0	126	307	0	0	25226449	25226500	0	0
tfsite_4410a8d8fc87d0b0	tflocus_c65895f4af8f195f	chr2R	25226449	25226500	2	GA	1	357	1	88	1	0	87	269	0.00280112044818	0.0113636363636	25226449	25226500	0	0
tfsite_d7bca829c4f6a02d	tflocus_77b9d07b9082d3ba	chr2R	25226455	25226522	1	CT	1	432	1	129	1	0	128	303	0.00231481481481	0.0077519379845	25226455	25226522	0	0
tfsite_d7bca829c4f6a02d	tflocus_77b9d07b9082d3ba	chr2R	25226455	25226522	1	GA	0	355	0	85	0	0	85	270	0	0	25226455	25226522	0	0
tfsite_b9919bd5564083cd	tflocus_e9722e8789069226	chr2R	25226457	25226465	2	CT	19	437	20	143	20	0	123	294	0.045766590389	0.13986013986	25226457	25226465	0	0
tfsite_b9919bd5564083cd	tflocus_e9722e8789069226	chr2R	25226457	25226465	2	GA	0	359	0	99	0	0	99	260	0	0	25226457	25226465	0	0
tfsite_0f9f4ea3f0765e00	tflocus_e9722e8789069226	chr2R	25226457	25226477	3	CT	4	434	4	142	4	0	138	292	0.00921658986175	0.0281690140845	25226457	25226477	0	0
tfsite_0f9f4ea3f0765e00	tflocus_e9722e8789069226	chr2R	25226457	25226477	3	GA	1	360	1	95	1	0	94	265	0.00277777777778	0.0105263157895	25226462	25226473	0	0
tfsite_3b582fae339c22a2	tflocus_c65895f4af8f195f	chr2R	25226463	25226478	3	CT	7	427	7	144	7	0	137	283	0.016393442623	0.0486111111111	25226463	25226478	0	0
tfsite_3b582fae339c22a2	tflocus_c65895f4af8f195f	chr2R	25226463	25226478	3	GA	0	357	0	94	0	0	94	263	0	0	25226463	25226478	0	0
tfsite_b3e719f2fc82573a	tflocus_c65895f4af8f195f	chr2R	25226463	25226489	4	CT	4	436	4	146	4	0	142	290	0.00917431192661	0.027397260274	25226463	25226489	0	0.5
tfsite_b3e719f2fc82573a	tflocus_c65895f4af8f195f	chr2R	25226463	25226489	4	GA	1	357	1	91	1	0	90	266	0.00280112044818	0.010989010989	25226456	25226500	0	0
tfsite_47bd4e4804fa0cc2	tflocus_77b9d07b9082d3ba	chr2R	25226463	25226521	2	CT	4	433	4	134	4	0	130	299	0.00923787528868	0.0298507462687	25226463	25226521	0	0.5
tfsite_47bd4e4804fa0cc2	tflocus_77b9d07b9082d3ba	chr2R	25226463	25226521	2	GA	0	353	0	85	0	0	85	268	0	0	25226463	25226521	0	0
tfsite_412ead55f152ad97	tflocus_c65895f4af8f195f	chr2R	25226472	25226485	5	CT	0	424	0	148	0	0	148	276	0	0	25226472	25226485	0	0
tfsite_412ead55f152ad97	tflocus_c65895f4af8f195f	chr2R	25226472	25226485	5	GA	1	355	1	103	1	0	102	252	0.00281690140845	0.00970873786408	25226472	25226485	0	0
tfsite_fa6428dd75652780	tflocus_c65895f4af8f195f	chr2R	25226476	25226489	6	CT	6	433	6	153	6	0	147	280	0.013856812933	0.0392156862745	25226476	25226489	0	0
tfsite_fa6428dd75652780	tflocus_c65895f4af8f195f	chr2R	25226476	25226489	6	GA	0	356	0	101	0	0	101	255	0	0	25226476	25226489	0	0
tfsite_a5d4c7c7f739681b	tflocus_77b9d07b9082d3ba	chr2R	25226479	25226501	3	CT	2	438	2	150	2	0	148	288	0.00456621004566	0.0133333333333	25226479	25226501	2.5	0
tfsite_a5d4c7c7f739681b	tflocus_77b9d07b9082d3ba	chr2R	25226479	25226501	3	GA	0	359	0	101	0	0	101	258	0	0	25226479	25226501	0	0
tfsite_84fe777d96799383	tflocus_77b9d07b9082d3ba	chr2R	25226488	25226501	4	CT	3	438	3	160	3	0	157	278	0.00684931506849	0.01875	25226488	25226501	0	0
tfsite_84fe777d96799383	tflocus_77b9d07b9082d3ba	chr2R	25226488	25226501	4	GA	1	362	1	104	1	0	103	258	0.00276243093923	0.00961538461538	25226483	25226506	0	0
tfsite_22ce546868212c3a	tflocus_dd2d1a79b93ae74c	chr2R	25226488	25226542	1	CT	1	437	1	152	1	0	151	285	0.00228832951945	0.00657894736842	25226492	25226539	0	0
tfsite_22ce546868212c3a	tflocus_dd2d1a79b93ae74c	chr2R	25226488	25226542	1	GA	1	359	1	98	1	0	97	261	0.00278551532033	0.0102040816327	25226483	25226545	0	0
tfsite_725b67b42e475f04	tflocus_dd2d1a79b93ae74c	chr2R	25226492	25226505	2	CT	4	438	4	160	4	0	156	278	0.00913242009132	0.025	25226492	25226505	0	0
tfsite_725b67b42e475f04	tflocus_dd2d1a79b93ae74c	chr2R	25226492	25226505	2	GA	0	362	0	104	0	0	104	258	0	0	25226492	25226505	0	0
tfsite_033f789d9a6b95e4	tflocus_dd2d1a79b93ae74c	chr2R	25226492	25226522	3	CT	30	435	32	157	32	0	125	278	0.0735632183908	0.203821656051	25226492	25226522	0	0
tfsite_033f789d9a6b95e4	tflocus_dd2d1a79b93ae74c	chr2R	25226492	25226522	3	GA	1	359	1	100	1	0	99	259	0.00278551532033	0.01	25226487	25226516	0	0
tfsite_04107629b4f52695	tflocus_dd2d1a79b93ae74c	chr2R	25226492	25226531	4	CT	3	431	3	152	3	0	149	279	0.00696055684455	0.0197368421053	25226492	25226531	0	0
tfsite_04107629b4f52695	tflocus_dd2d1a79b93ae74c	chr2R	25226492	25226531	4	GA	1	357	1	99	1	0	98	258	0.00280112044818	0.010101010101	25226487	25226537	0	0
tfsite_3e9a82dec6099f7f	tflocus_a8af8b18d5942620	chr2R	25226492	25226544	1	CT	2	436	2	154	2	0	152	282	0.0045871559633	0.012987012987	25226492	25226544	0	0
tfsite_3e9a82dec6099f7f	tflocus_a8af8b18d5942620	chr2R	25226492	25226544	1	GA	0	359	0	99	0	0	99	260	0	0	25226492	25226544	0	0
tfsite_ebca97059a4230ef	tflocus_a8af8b18d5942620	chr2R	25226495	25226564	2	CT	2	431	2	150	2	0	148	281	0.0046403712297	0.0133333333333	25226495	25226564	2.5	1
tfsite_ebca97059a4230ef	tflocus_a8af8b18d5942620	chr2R	25226495	25226564	2	GA	0	360	0	95	0	0	95	265	0	0	25226495	25226564	0	0
tfsite_583709a8b8b3f7ea	tflocus_a8af8b18d5942620	chr2R	25226498	25226542	3	CT	2	438	2	156	2	0	154	282	0.00456621004566	0.0128205128205	25226498	25226542	6	6
tfsite_583709a8b8b3f7ea	tflocus_a8af8b18d5942620	chr2R	25226498	25226542	3	GA	0	359	0	99	0	0	99	260	0	0	25226498	25226542	0	0
tfsite_6a14f9dee8d847cb	tflocus_a8af8b18d5942620	chr2R	25226507	25226531	4	CT	0	434	0	162	0	0	162	272	0	0	25226507	25226531	0	0
tfsite_6a14f9dee8d847cb	tflocus_a8af8b18d5942620	chr2R	25226507	25226531	4	GA	2	359	2	111	2	0	109	248	0.00557103064067	0.018018018018	25226507	25226531	4	4
tfsite_a0e4226922af6d02	tflocus_a8af8b18d5942620	chr2R	25226515	25226545	5	CT	1	434	1	167	1	0	166	267	0.00230414746544	0.0059880239521	25226508	25226553	0	0
tfsite_a0e4226922af6d02	tflocus_a8af8b18d5942620	chr2R	25226515	25226545	5	GA	2	362	2	113	2	0	111	249	0.00552486187845	0.0176991150442	25226516	25226544	1	1
tfsite_933c3154940f52ae	tflocus_7020547dbf400262	chr2R	25226515	25226586	1	CT	2	431	2	156	1	1	155	274	0.0046403712297	0.00641025641026	25226515	25226586	1	1
tfsite_933c3154940f52ae	tflocus_7020547dbf400262	chr2R	25226515	25226586	1	GA	0	353	0	96	0	0	96	257	0	0	25226515	25226586	0	0
tfsite_8e2bffc29e7279c0	tflocus_a8af8b18d5942620	chr2R	25226519	25226535	6	CT	1	433	1	166	1	0	165	267	0.00230946882217	0.00602409638554	25226509	25226533	0	0
tfsite_8e2bffc29e7279c0	tflocus_a8af8b18d5942620	chr2R	25226519	25226535	6	GA	17	352	17	116	17	0	99	236	0.0482954545455	0.146551724138	25226519	25226535	0	0
tfsite_8074194b1af12cee	tflocus_c4674075fff878d5	chr2R	25226524	25226560	1	CT	0	430	0	168	0	0	168	262	0	0	25226524	25226560	0	0
tfsite_8074194b1af12cee	tflocus_c4674075fff878d5	chr2R	25226524	25226560	1	GA	1	359	1	123	1	0	122	236	0.00278551532033	0.00813008130081	25226524	25226560	0	0
tfsite_54a3ce433939b7cf	tflocus_cf5baf0d125860a5	chr2R	25226530	25226589	1	CT	1	427	1	160	1	0	159	267	0.00234192037471	0.00625	25226530	25226589	0	0
tfsite_54a3ce433939b7cf	tflocus_cf5baf0d125860a5	chr2R	25226530	25226589	1	GA	0	346	0	114	0	0	114	232	0	0	25226530	25226589	0	0
tfsite_91abca134caba08b	tflocus_c4674075fff878d5	chr2R	25226531	25226544	2	CT	6	434	6	179	6	0	173	255	0.0138248847926	0.0335195530726	25226531	25226544	0	0
tfsite_91abca134caba08b	tflocus_c4674075fff878d5	chr2R	25226531	25226544	2	GA	0	359	0	136	0	0	136	223	0	0	25226531	25226544	0	0
tfsite_1b892ccd26ff8e57	tflocus_7020547dbf400262	chr2R	25226532	25226565	2	CT	9	430	9	175	9	0	166	255	0.0209302325581	0.0514285714286	25226532	25226565	0	0
tfsite_1b892ccd26ff8e57	tflocus_7020547dbf400262	chr2R	25226532	25226565	2	GA	1	355	1	126	1	0	125	229	0.00281690140845	0.00793650793651	25226528	25226560	0	0
tfsite_0b18a50f7602c08b	tflocus_1eb3c76c06612bf7	chr2R	25226532	25226606	1	CT	1	432	1	159	1	0	158	273	0.00231481481481	0.0062893081761	25226532	25226606	0	0
tfsite_0b18a50f7602c08b	tflocus_1eb3c76c06612bf7	chr2R	25226532	25226606	1	GA	0	352	0	118	0	0	118	234	0	0	25226532	25226606	0	0
tfsite_e29f54b508258f3d	tflocus_7020547dbf400262	chr2R	25226533	25226575	3	CT	1	428	1	164	1	0	163	264	0.00233644859813	0.00609756097561	25226526	25226577	0	0
tfsite_e29f54b508258f3d	tflocus_7020547dbf400262	chr2R	25226533	25226575	3	GA	2	354	2	130	2	0	128	224	0.00564971751412	0.0153846153846	25226535	25226572	1.5	3.5
tfsite_abad9398d25aeade	tflocus_1eb3c76c06612bf7	chr2R	25226533	25226601	2	CT	2	429	2	161	2	0	159	268	0.004662004662	0.0124223602484	25226532	25226601	0	0
tfsite_abad9398d25aeade	tflocus_1eb3c76c06612bf7	chr2R	25226533	25226601	2	GA	2	348	2	118	2	0	116	230	0.00574712643678	0.0169491525424	25226538	25226596	5	5
tfsite_7ff642c522dadcc7	tflocus_cf5baf0d125860a5	chr2R	25226535	25226583	2	CT	2	431	2	166	2	0	164	265	0.0046403712297	0.0120481927711	25226529	25226583	2	1
tfsite_7ff642c522dadcc7	tflocus_cf5baf0d125860a5	chr2R	25226535	25226583	2	GA	3	353	3	127	3	0	124	226	0.00849858356941	0.0236220472441	25226535	25226583	0	0
tfsite_b6772f604aafd2b5	tflocus_1eb3c76c06612bf7	chr2R	25226540	25226605	3	CT	0	432	0	165	0	0	165	267	0	0	25226540	25226605	0	0
tfsite_b6772f604aafd2b5	tflocus_1eb3c76c06612bf7	chr2R	25226540	25226605	3	GA	1	354	1	132	1	0	131	222	0.00282485875706	0.00757575757576	25226540	25226605	0	0
tfsite_d8bed702ec1807d6	tflocus_cf5baf0d125860a5	chr2R	25226542	25226580	3	CT	5	424	5	172	5	0	167	252	0.0117924528302	0.0290697674419	25226542	25226578	1	4
tfsite_d8bed702ec1807d6	tflocus_cf5baf0d125860a5	chr2R	25226542	25226580	3	GA	4	352	4	136	4	0	132	216	0.0113636363636	0.0294117647059	25226541	25226582	1.5	3
tfsite_32ca15d079ca6ebe	tflocus_cf5baf0d125860a5	chr2R	25226548	25226570	4	CT	1	431	1	187	1	0	186	244	0.00232018561485	0.00534759358289	25226543	25226575	0	0
tfsite_32ca15d079ca6ebe	tflocus_cf5baf0d125860a5	chr2R	25226548	25226570	4	GA	2	358	2	150	2	0	148	208	0.00558659217877	0.0133333333333	25226548	25226570	0	0
tfsite_6e85989a636964c6	tflocus_1eb3c76c06612bf7	chr2R	25226548	25226589	4	CT	1	430	1	179	1	0	178	251	0.00232558139535	0.00558659217877	25226552	25226585	0	0
tfsite_6e85989a636964c6	tflocus_1eb3c76c06612bf7	chr2R	25226548	25226589	4	GA	1	351	1	138	1	0	137	213	0.002849002849	0.00724637681159	25226544	25226592	0	0
tfsite_9c3bdd5dbaf042b1	tflocus_1eb3c76c06612bf7	chr2R	25226552	25226581	5	CT	1	428	1	185	1	0	184	243	0.00233644859813	0.00540540540541	25226552	25226581	0	0
tfsite_9c3bdd5dbaf042b1	tflocus_1eb3c76c06612bf7	chr2R	25226552	25226581	5	GA	0	353	1	146	1	0	145	207	0.0028328611898	0.00684931506849	25226552	25226581	0	0
tfsite_5d103a70ddd4e83b	tflocus_1eb3c76c06612bf7	chr2R	25226552	25226600	6	CT	1	431	1	184	1	0	183	247	0.00232018561485	0.0054347826087	25226557	25226595	0	0
tfsite_5d103a70ddd4e83b	tflocus_1eb3c76c06612bf7	chr2R	25226552	25226600	6	GA	3	352	3	142	3	0	139	210	0.00852272727273	0.0211267605634	25226552	25226600	4	3
tfsite_e60c9b6ae2712b1d	tflocus_1eb3c76c06612bf7	chr2R	25226553	25226588	7	CT	5	427	5	183	5	0	178	244	0.0117096018735	0.0273224043716	25226553	25226588	1	2
tfsite_e60c9b6ae2712b1d	tflocus_1eb3c76c06612bf7	chr2R	25226553	25226588	7	GA	1	346	1	138	1	0	137	208	0.0028901734104	0.00724637681159	25226547	25226593	0	0
tfsite_b60276637ad0ef56	tflocus_1eb3c76c06612bf7	chr2R	25226559	25226591	8	CT	1	431	2	190	2	0	188	241	0.0046403712297	0.0105263157895	25226560	25226589	0	0
tfsite_b60276637ad0ef56	tflocus_1eb3c76c06612bf7	chr2R	25226559	25226591	8	GA	1	349	1	144	1	0	143	205	0.00286532951289	0.00694444444444	25226557	25226593	0	0
tfsite_757077ce20316159	tflocus_1eb3c76c06612bf7	chr2R	25226561	25226595	9	CT	1	434	1	189	1	0	188	245	0.00230414746544	0.00529100529101	25226561	25226595	0	0
tfsite_757077ce20316159	tflocus_1eb3c76c06612bf7	chr2R	25226561	25226595	9	GA	2	348	2	147	2	0	145	201	0.00574712643678	0.0136054421769	25226566	25226590	5.5	5
tfsite_591aa0506f6b8f24	tflocus_bc6e8a03e3ac7a38	chr2R	25226561	25226644	1	CT	1	438	1	167	0	1	167	270	0.00228310502283	0	25226561	25226644	0	0
tfsite_591aa0506f6b8f24	tflocus_bc6e8a03e3ac7a38	chr2R	25226561	25226644	1	GA	0	357	0	129	0	0	129	228	0	0	25226561	25226644	0	0
tfsite_bace613d9cf19347	tflocus_1b53b69855864508	chr2R	25226564	25226597	1	CT	2	434	2	192	2	0	190	242	0.00460829493088	0.0104166666667	25226564	25226597	0	0
tfsite_bace613d9cf19347	tflocus_1b53b69855864508	chr2R	25226564	25226597	1	GA	1	350	1	152	1	0	151	198	0.00285714285714	0.00657894736842	25226558	25226606	0	0
tfsite_d7979467fe303aa0	tflocus_1b53b69855864508	chr2R	25226564	25226617	2	CT	1	436	1	187	1	0	186	249	0.00229357798165	0.00534759358289	25226564	25226617	0	0
tfsite_d7979467fe303aa0	tflocus_1b53b69855864508	chr2R	25226564	25226617	2	GA	0	353	0	152	0	0	152	201	0	0	25226564	25226617	0	0
tfsite_24315a708ba55280	tflocus_bc6e8a03e3ac7a38	chr2R	25226564	25226631	2	CT	1	438	1	183	1	0	182	255	0.00228310502283	0.00546448087432	25226564	25226631	0	0
tfsite_24315a708ba55280	tflocus_bc6e8a03e3ac7a38	chr2R	25226564	25226631	2	GA	0	355	0	140	0	0	140	215	0	0	25226564	25226631	0	0
tfsite_c6bc6e00b4ab46a9	tflocus_bc6e8a03e3ac7a38	chr2R	25226565	25226645	3	CT	0	434	0	169	0	0	169	265	0	0	25226565	25226645	0	0
tfsite_c6bc6e00b4ab46a9	tflocus_bc6e8a03e3ac7a38	chr2R	25226565	25226645	3	GA	1	352	1	134	1	0	133	218	0.00284090909091	0.00746268656716	25226565	25226645	0	0
tfsite_963c305b908b4614	tflocus_1b53b69855864508	chr2R	25226568	25226599	3	CT	12	432	13	193	13	0	180	239	0.0300925925926	0.0673575129534	25226570	25226597	0	0
tfsite_963c305b908b4614	tflocus_1b53b69855864508	chr2R	25226568	25226599	3	GA	3	349	3	155	3	0	152	194	0.00859598853868	0.0193548387097	25226566	25226601	0	1
tfsite_93d79206883ea579	tflocus_1b53b69855864508	chr2R	25226568	25226608	4	CT	0	436	0	190	0	0	190	246	0	0	25226568	25226608	0	0
tfsite_93d79206883ea579	tflocus_1b53b69855864508	chr2R	25226568	25226608	4	GA	1	352	1	157	1	0	156	195	0.00284090909091	0.00636942675159	25226568	25226608	0	0
tfsite_26b52d891ce6c1df	tflocus_bc6e8a03e3ac7a38	chr2R	25226575	25226615	4	CT	0	437	0	197	0	0	197	240	0	0	25226575	25226615	0	0
tfsite_26b52d891ce6c1df	tflocus_bc6e8a03e3ac7a38	chr2R	25226575	25226615	4	GA	2	358	2	168	2	0	166	190	0.00558659217877	0.0119047619048	25226575	25226615	4	4
tfsite_855d23b6e5ed509e	tflocus_1b53b69855864508	chr2R	25226576	25226597	5	CT	22	437	22	203	22	0	181	234	0.0503432494279	0.108374384236	25226576	25226597	0	0
tfsite_855d23b6e5ed509e	tflocus_1b53b69855864508	chr2R	25226576	25226597	5	GA	5	357	5	171	5	0	166	186	0.0140056022409	0.0292397660819	25226575	25226596	3	1
tfsite_cb6f127a8c4a391b	tflocus_bc6e8a03e3ac7a38	chr2R	25226576	25226623	5	CT	1	437	1	193	1	0	192	244	0.00228832951945	0.00518134715026	25226580	25226617	0	0
tfsite_cb6f127a8c4a391b	tflocus_bc6e8a03e3ac7a38	chr2R	25226576	25226623	5	GA	3	359	3	163	3	0	160	196	0.008356545961	0.0184049079755	25226576	25226623	1	1
tfsite_4061782599961bbe	tflocus_1b53b69855864508	chr2R	25226578	25226600	6	CT	25	434	25	200	25	0	175	234	0.0576036866359	0.125	25226581	25226597	0	0
tfsite_4061782599961bbe	tflocus_1b53b69855864508	chr2R	25226578	25226600	6	GA	3	357	3	174	3	0	171	183	0.00840336134454	0.0172413793103	25226575	25226603	1	2
tfsite_5894bd0ad3dda0dc	tflocus_1b53b69855864508	chr2R	25226578	25226605	7	CT	0	432	0	196	0	0	196	236	0	0	25226578	25226605	0	0
tfsite_5894bd0ad3dda0dc	tflocus_1b53b69855864508	chr2R	25226578	25226605	7	GA	6	356	6	173	6	0	167	183	0.0168539325843	0.0346820809249	25226578	25226605	0	0
tfsite_1bafb8d0b3601525	tflocus_1b8c6a4efcd1e008	chr2R	25226578	25226658	1	CT	0	434	0	166	0	0	166	268	0	0	25226578	25226658	0	0
tfsite_1bafb8d0b3601525	tflocus_1b8c6a4efcd1e008	chr2R	25226578	25226658	1	GA	1	360	1	144	0	1	144	215	0.00277777777778	0	25226578	25226658	0	0
tfsite_82ee7b25624c83e2	tflocus_ca40d66c809cbd24	chr2R	25226579	25226663	1	CT	1	438	1	169	0	1	169	268	0.00228310502283	0	25226579	25226663	0	0
tfsite_82ee7b25624c83e2	tflocus_ca40d66c809cbd24	chr2R	25226579	25226663	1	GA	0	360	0	139	0	0	139	221	0	0	25226579	25226663	0	0
tfsite_a5f3c112dcfb8da1	tflocus_1b8c6a4efcd1e008	chr2R	25226580	25226639	2	CT	0	438	0	179	0	0	179	259	0	0	25226580	25226639	0	0
tfsite_a5f3c112dcfb8da1	tflocus_1b8c6a4efcd1e008	chr2R	25226580	25226639	2	GA	2	356	2	156	2	0	154	200	0.00561797752809	0.0128205128205	25226580	25226639	0.5	0.5
tfsite_b74cb7e71b682ae4	tflocus_bc6e8a03e3ac7a38	chr2R	25226581	25226606	6	CT	1	436	1	201	0	1	201	234	0.00229357798165	0	25226581	25226606	0	0
tfsite_b74cb7e71b682ae4	tflocus_bc6e8a03e3ac7a38	chr2R	25226581	25226606	6	GA	0	356	0	174	0	0	174	182	0	0	25226581	25226606	0	0
tfsite_a7944f27f45adc30	tflocus_1b8c6a4efcd1e008	chr2R	25226582	25226649	3	CT	1	440	1	184	1	0	183	256	0.00227272727273	0.0054347826087	25226582	25226649	0	0
tfsite_a7944f27f45adc30	tflocus_1b8c6a4efcd1e008	chr2R	25226582	25226649	3	GA	0	357	1	146	1	0	145	211	0.00280112044818	0.00684931506849	25226582	25226649	0	0
tfsite_928c21a272e90940	tflocus_bc6e8a03e3ac7a38	chr2R	25226585	25226606	7	CT	1	437	1	209	1	0	208	228	0.00228832951945	0.00478468899522	25226585	25226606	0	0
tfsite_928c21a272e90940	tflocus_bc6e8a03e3ac7a38	chr2R	25226585	25226606	7	GA	0	358	0	184	0	0	184	174	0	0	25226585	25226606	0	0
tfsite_d4bd9de1c2ad442f	tflocus_ca40d66c809cbd24	chr2R	25226585	25226668	2	CT	1	438	1	177	0	1	177	260	0.00228310502283	0	25226585	25226668	0	0
tfsite_d4bd9de1c2ad442f	tflocus_ca40d66c809cbd24	chr2R	25226585	25226668	2	GA	0	360	0	145	0	0	145	215	0	0	25226585	25226668	0	0
tfsite_fa4389b4d31b0a06	tflocus_bc6e8a03e3ac7a38	chr2R	25226591	25226605	8	CT	1	436	1	217	1	0	216	219	0.00229357798165	0.00460829493088	25226581	25226614	0	0
tfsite_fa4389b4d31b0a06	tflocus_bc6e8a03e3ac7a38	chr2R	25226591	25226605	8	GA	26	362	26	188	26	0	162	174	0.0718232044199	0.13829787234	25226591	25226605	0	0
tfsite_b6d5f858ca2a8d63	tflocus_bc6e8a03e3ac7a38	chr2R	25226591	25226615	9	CT	1	438	1	215	1	0	214	223	0.00228310502283	0.0046511627907	25226586	25226619	0	0
tfsite_b6d5f858ca2a8d63	tflocus_bc6e8a03e3ac7a38	chr2R	25226591	25226615	9	GA	4	364	4	185	4	0	181	179	0.010989010989	0.0216216216216	25226591	25226615	2	1
tfsite_1a2f2904811d65d2	tflocus_bc6e8a03e3ac7a38	chr2R	25226591	25226619	10	CT	0	436	0	211	0	0	211	225	0	0	25226591	25226619	0	0
tfsite_1a2f2904811d65d2	tflocus_bc6e8a03e3ac7a38	chr2R	25226591	25226619	10	GA	8	364	8	183	8	0	175	181	0.021978021978	0.0437158469945	25226591	25226619	0	0
tfsite_91eb42e3cb4d1fbe	tflocus_bc6e8a03e3ac7a38	chr2R	25226593	25226609	11	CT	0	436	0	219	0	0	219	217	0	0	25226593	25226609	0	0
tfsite_91eb42e3cb4d1fbe	tflocus_bc6e8a03e3ac7a38	chr2R	25226593	25226609	11	GA	3	361	3	188	3	0	185	173	0.00831024930748	0.0159574468085	25226593	25226609	2	4
tfsite_4c695901eea498ac	tflocus_1b8c6a4efcd1e008	chr2R	25226596	25226629	4	CT	1	437	1	214	1	0	213	223	0.00228832951945	0.00467289719626	25226585	25226640	0	0
tfsite_4c695901eea498ac	tflocus_1b8c6a4efcd1e008	chr2R	25226596	25226629	4	GA	3	364	3	176	3	0	173	188	0.00824175824176	0.0170454545455	25226596	25226629	0	1
tfsite_ebf9987a5cec5346	tflocus_ca40d66c809cbd24	chr2R	25226597	25226650	3	CT	1	440	1	196	1	0	195	244	0.00227272727273	0.00510204081633	25226597	25226650	0	0
tfsite_ebf9987a5cec5346	tflocus_ca40d66c809cbd24	chr2R	25226597	25226650	3	GA	0	361	0	159	0	0	159	202	0	0	25226597	25226650	0	0
tfsite_3438708b9eb564c7	tflocus_6d95b6d5ea493574	chr2R	25226598	25226665	1	CT	1	438	1	193	1	0	192	245	0.00228310502283	0.00518134715026	25226598	25226665	0	0
tfsite_3438708b9eb564c7	tflocus_6d95b6d5ea493574	chr2R	25226598	25226665	1	GA	0	361	0	152	0	0	152	209	0	0	25226598	25226665	0	0
tfsite_5965dc1985e9dbdc	tflocus_bc6e8a03e3ac7a38	chr2R	25226599	25226615	12	CT	1	434	1	228	1	0	227	206	0.00230414746544	0.00438596491228	25226599	25226615	0	0
tfsite_5965dc1985e9dbdc	tflocus_bc6e8a03e3ac7a38	chr2R	25226599	25226615	12	GA	0	360	0	187	0	0	187	173	0	0	25226599	25226615	0	0
tfsite_39a346bcf608f250	tflocus_1b8c6a4efcd1e008	chr2R	25226600	25226630	5	CT	1	437	1	224	1	0	223	213	0.00228832951945	0.00446428571429	25226595	25226634	0	0
tfsite_39a346bcf608f250	tflocus_1b8c6a4efcd1e008	chr2R	25226600	25226630	5	GA	4	363	4	176	4	0	172	187	0.0110192837466	0.0227272727273	25226600	25226630	0.5	1.5
tfsite_e6fd282a12b5bed5	tflocus_1b8c6a4efcd1e008	chr2R	25226602	25226631	6	CT	7	439	7	228	7	0	221	211	0.0159453302961	0.030701754386	25226602	25226631	0	0
tfsite_e6fd282a12b5bed5	tflocus_1b8c6a4efcd1e008	chr2R	25226602	25226631	6	GA	2	364	2	178	2	0	176	186	0.00549450549451	0.0112359550562	25226611	25226623	1.5	0.5
tfsite_e896a1cb7887bcd1	tflocus_6d95b6d5ea493574	chr2R	25226602	25226665	2	CT	1	438	1	199	1	0	198	239	0.00228310502283	0.00502512562814	25226602	25226665	0	0
tfsite_e896a1cb7887bcd1	tflocus_6d95b6d5ea493574	chr2R	25226602	25226665	2	GA	0	361	0	153	0	0	153	208	0	0	25226602	25226665	0	0
tfsite_53823d1f3806d270	tflocus_1b8c6a4efcd1e008	chr2R	25226604	25226619	7	CT	0	437	0	235	0	0	235	202	0	0	25226604	25226619	0	0
tfsite_53823d1f3806d270	tflocus_1b8c6a4efcd1e008	chr2R	25226604	25226619	7	GA	3	363	3	190	3	0	187	173	0.00826446280992	0.0157894736842	25226604	25226619	0	0
tfsite_7f75d35c74dd84b7	tflocus_6d95b6d5ea493574	chr2R	25226604	25226661	3	CT	1	440	1	202	1	0	201	238	0.00227272727273	0.0049504950495	25226604	25226661	0	0
tfsite_7f75d35c74dd84b7	tflocus_6d95b6d5ea493574	chr2R	25226604	25226661	3	GA	0	362	0	161	0	0	161	201	0	0	25226604	25226661	0	0
tfsite_173965d17eb4136b	tflocus_1b8c6a4efcd1e008	chr2R	25226605	25226623	8	CT	1	438	1	231	1	0	230	207	0.00228310502283	0.004329004329	25226596	25226631	0	0
tfsite_173965d17eb4136b	tflocus_1b8c6a4efcd1e008	chr2R	25226605	25226623	8	GA	4	363	4	183	4	0	179	180	0.0110192837466	0.0218579234973	25226605	25226623	1.5	2
tfsite_ffa232d6855e7c21	tflocus_ca40d66c809cbd24	chr2R	25226605	25226656	4	CT	0	441	0	203	0	0	203	238	0	0	25226605	25226656	0	0
tfsite_ffa232d6855e7c21	tflocus_ca40d66c809cbd24	chr2R	25226605	25226656	4	GA	2	364	2	163	2	0	161	201	0.00549450549451	0.0122699386503	25226605	25226656	3	4
tfsite_f38dc2eef5defdd9	tflocus_ca40d66c809cbd24	chr2R	25226607	25226648	5	CT	0	441	0	214	0	0	214	227	0	0	25226607	25226648	0	0
tfsite_f38dc2eef5defdd9	tflocus_ca40d66c809cbd24	chr2R	25226607	25226648	5	GA	2	364	2	165	2	0	163	199	0.00549450549451	0.0121212121212	25226607	25226648	3	3
tfsite_83c79a3fecc3c83c	tflocus_6d95b6d5ea493574	chr2R	25226608	25226677	4	CT	1	440	1	181	1	0	180	259	0.00227272727273	0.00552486187845	25226612	25226672	0	0
tfsite_83c79a3fecc3c83c	tflocus_6d95b6d5ea493574	chr2R	25226608	25226677	4	GA	1	360	1	156	1	0	155	204	0.00277777777778	0.00641025641026	25226604	25226681	0	0
tfsite_f16afc76ebb65395	tflocus_ca40d66c809cbd24	chr2R	25226610	25226631	6	CT	1	442	1	237	1	0	236	205	0.00226244343891	0.0042194092827	25226610	25226631	0	0
tfsite_f16afc76ebb65395	tflocus_ca40d66c809cbd24	chr2R	25226610	25226631	6	GA	0	365	0	181	0	0	181	184	0	0	25226610	25226631	0	0
tfsite_50ededdcae63f648	tflocus_1b8c6a4efcd1e008	chr2R	25226612	25226626	9	CT	0	438	0	235	0	0	235	203	0	0	25226612	25226626	0	0
tfsite_50ededdcae63f648	tflocus_1b8c6a4efcd1e008	chr2R	25226612	25226626	9	GA	1	364	1	183	1	0	182	181	0.00274725274725	0.00546448087432	25226612	25226626	0	0
tfsite_eb607d4badba6522	tflocus_6d95b6d5ea493574	chr2R	25226612	25226662	5	CT	1	440	1	207	1	0	206	233	0.00227272727273	0.0048309178744	25226612	25226662	0	0
tfsite_eb607d4badba6522	tflocus_6d95b6d5ea493574	chr2R	25226612	25226662	5	GA	0	364	0	161	0	0	161	203	0	0	25226612	25226662	0	0
tfsite_044a8f27f0194a33	tflocus_6d95b6d5ea493574	chr2R	25226612	25226675	6	CT	1	439	1	184	1	0	183	255	0.00227790432802	0.0054347826087	25226612	25226675	0	0
tfsite_044a8f27f0194a33	tflocus_6d95b6d5ea493574	chr2R	25226612	25226675	6	GA	0	361	0	159	0	0	159	202	0	0	25226612	25226675	0	0
tfsite_96c8997d79bbcec6	tflocus_ca40d66c809cbd24	chr2R	25226614	25226629	7	CT	1	439	1	237	1	0	236	202	0.00227790432802	0.0042194092827	25226603	25226639	0	0
tfsite_96c8997d79bbcec6	tflocus_ca40d66c809cbd24	chr2R	25226614	25226629	7	GA	3	365	3	184	3	0	181	181	0.00821917808219	0.0163043478261	25226614	25226629	1	0
tfsite_b4e5378a09e1f606	tflocus_d65d671fa5d23948	chr2R	25226614	25226694	1	CT	1	441	1	169	1	0	168	272	0.00226757369615	0.00591715976331	25226614	25226694	0	0
tfsite_b4e5378a09e1f606	tflocus_d65d671fa5d23948	chr2R	25226614	25226694	1	GA	0	360	0	122	0	0	122	238	0	0	25226614	25226694	0	0
tfsite_b475a1bbbe682533	tflocus_6d95b6d5ea493574	chr2R	25226615	25226671	7	CT	1	439	1	206	1	0	205	233	0.00227790432802	0.00485436893204	25226615	25226671	0	0
tfsite_b475a1bbbe682533	tflocus_6d95b6d5ea493574	chr2R	25226615	25226671	7	GA	0	362	0	159	0	0	159	203	0	0	25226615	25226671	0	0
tfsite_0d1fbba83a439671	tflocus_ca40d66c809cbd24	chr2R	25226617	25226632	8	CT	1	440	1	237	1	0	236	203	0.00227272727273	0.0042194092827	25226611	25226638	0	0
tfsite_0d1fbba83a439671	tflocus_ca40d66c809cbd24	chr2R	25226617	25226632	8	GA	3	363	3	184	3	0	181	179	0.00826446280992	0.0163043478261	25226617	25226632	1	1
tfsite_24c86b2bbe9ca049	tflocus_ca40d66c809cbd24	chr2R	25226617	25226641	9	CT	1	440	2	219	2	0	217	221	0.00454545454545	0.00913242009132	25226619	25226637	0	0
tfsite_24c86b2bbe9ca049	tflocus_ca40d66c809cbd24	chr2R	25226617	25226641	9	GA	4	363	4	183	4	0	179	180	0.0110192837466	0.0218579234973	25226617	25226641	1	1.5
tfsite_c9d27822c0ccf448	tflocus_6d95b6d5ea493574	chr2R	25226618	25226672	8	CT	1	439	1	194	1	0	193	245	0.00227790432802	0.00515463917526	25226618	25226672	0	0
tfsite_c9d27822c0ccf448	tflocus_6d95b6d5ea493574	chr2R	25226618	25226672	8	GA	0	363	0	161	0	0	161	202	0	0	25226618	25226672	0	0
tfsite_99b39f40f2febc70	tflocus_ca40d66c809cbd24	chr2R	25226619	25226635	10	CT	2	441	2	233	2	0	231	208	0.00453514739229	0.00858369098712	25226619	25226635	0	0
tfsite_99b39f40f2febc70	tflocus_ca40d66c809cbd24	chr2R	25226619	25226635	10	GA	0	360	0	183	0	0	183	177	0	0	25226619	25226635	0	0
tfsite_ee13e7c6a9d64f0d	tflocus_ca40d66c809cbd24	chr2R	25226623	25226639	11	CT	1	436	2	219	2	0	217	217	0.0045871559633	0.00913242009132	25226623	25226639	0	0
tfsite_ee13e7c6a9d64f0d	tflocus_ca40d66c809cbd24	chr2R	25226623	25226639	11	GA	2	358	2	186	2	0	184	172	0.00558659217877	0.010752688172	25226622	25226640	2	2
tfsite_9d1d3c5fa107861e	tflocus_d65d671fa5d23948	chr2R	25226623	25226676	2	CT	0	439	0	184	0	0	184	255	0	0	25226623	25226676	0	0
tfsite_9d1d3c5fa107861e	tflocus_d65d671fa5d23948	chr2R	25226623	25226676	2	GA	4	358	4	164	4	0	160	194	0.0111731843575	0.0243902439024	25226623	25226676	0	0
tfsite_80a08476feb7f192	tflocus_6d95b6d5ea493574	chr2R	25226624	25226651	9	CT	3	438	3	215	3	0	212	223	0.00684931506849	0.0139534883721	25226624	25226651	3	3
tfsite_80a08476feb7f192	tflocus_6d95b6d5ea493574	chr2R	25226624	25226651	9	GA	1	361	2	175	2	0	173	186	0.00554016620499	0.0114285714286	25226630	25226644	0	0
tfsite_07937fb023ffcdba	tflocus_6d95b6d5ea493574	chr2R	25226624	25226662	10	CT	1	437	1	209	0	1	209	227	0.00228832951945	0	25226620	25226665	0	0
tfsite_07937fb023ffcdba	tflocus_6d95b6d5ea493574	chr2R	25226624	25226662	10	GA	1	360	1	166	1	0	165	194	0.00277777777778	0.00602409638554	25226627	25226658	0	0
tfsite_b289bbe913d6f2f3	tflocus_6d95b6d5ea493574	chr2R	25226625	25226639	11	CT	0	437	0	219	0	0	219	218	0	0	25226625	25226639	0	0
tfsite_b289bbe913d6f2f3	tflocus_6d95b6d5ea493574	chr2R	25226625	25226639	11	GA	1	358	1	186	1	0	185	172	0.00279329608939	0.00537634408602	25226625	25226639	0	0
tfsite_c58ff603f223ed7a	tflocus_6d95b6d5ea493574	chr2R	25226625	25226646	12	CT	3	441	3	220	3	0	217	221	0.00680272108844	0.0136363636364	25226625	25226646	2	2
tfsite_c58ff603f223ed7a	tflocus_6d95b6d5ea493574	chr2R	25226625	25226646	12	GA	6	361	6	183	6	0	177	178	0.016620498615	0.0327868852459	25226624	25226645	2.5	3
tfsite_d14e423e048ec8d1	tflocus_6d95b6d5ea493574	chr2R	25226626	25226640	13	CT	0	436	0	219	0	0	219	217	0	0	25226626	25226640	0	0
tfsite_d14e423e048ec8d1	tflocus_6d95b6d5ea493574	chr2R	25226626	25226640	13	GA	1	359	1	186	1	0	185	173	0.00278551532033	0.00537634408602	25226626	25226640	0	0
tfsite_8fe70a94c065ace1	tflocus_6d95b6d5ea493574	chr2R	25226628	25226658	14	CT	0	438	0	209	0	0	209	229	0	0	25226628	25226658	0	0
tfsite_8fe70a94c065ace1	tflocus_6d95b6d5ea493574	chr2R	25226628	25226658	14	GA	1	361	1	176	1	0	175	185	0.00277008310249	0.00568181818182	25226628	25226658	0	0
tfsite_55eb3aeb1c27954e	tflocus_d65d671fa5d23948	chr2R	25226628	25226663	3	CT	1	438	1	209	1	0	208	229	0.00228310502283	0.00478468899522	25226621	25226671	0	0
tfsite_55eb3aeb1c27954e	tflocus_d65d671fa5d23948	chr2R	25226628	25226663	3	GA	2	359	2	167	2	0	165	192	0.00557103064067	0.0119760479042	25226628	25226663	0	0
tfsite_1ec2fb65f22c24ba	tflocus_d65d671fa5d23948	chr2R	25226628	25226676	4	CT	0	439	0	184	0	0	184	255	0	0	25226628	25226676	0	0
tfsite_1ec2fb65f22c24ba	tflocus_d65d671fa5d23948	chr2R	25226628	25226676	4	GA	14	358	14	166	14	0	152	192	0.0391061452514	0.0843373493976	25226628	25226676	0	0
tfsite_0e767c52ffcf3561	tflocus_6d95b6d5ea493574	chr2R	25226629	25226650	15	CT	4	439	4	215	4	0	211	224	0.00911161731207	0.0186046511628	25226629	25226650	0.5	2
tfsite_0e767c52ffcf3561	tflocus_6d95b6d5ea493574	chr2R	25226629	25226650	15	GA	2	361	2	178	2	0	176	183	0.00554016620499	0.0112359550562	25226623	25226654	4.5	4.5
tfsite_38475ec37470c375	tflocus_6d95b6d5ea493574	chr2R	25226629	25226654	16	CT	5	438	6	209	5	1	204	228	0.013698630137	0.0239234449761	25226629	25226654	1	3
tfsite_38475ec37470c375	tflocus_6d95b6d5ea493574	chr2R	25226629	25226654	16	GA	1	361	1	178	1	0	177	183	0.00277008310249	0.00561797752809	25226630	25226652	0	0
tfsite_c84fb282c6e17dcd	tflocus_3303cb5b8d07d733	chr2R	25226629	25226696	1	CT	1	440	1	167	1	0	166	273	0.00227272727273	0.0059880239521	25226629	25226696	0	0
tfsite_c84fb282c6e17dcd	tflocus_3303cb5b8d07d733	chr2R	25226629	25226696	1	GA	0	358	0	130	0	0	130	228	0	0	25226629	25226696	0	0
tfsite_84cac00aed705c1f	tflocus_6d95b6d5ea493574	chr2R	25226630	25226659	17	CT	3	438	3	209	3	0	206	229	0.00684931506849	0.0143540669856	25226630	25226659	0	0
tfsite_84cac00aed705c1f	tflocus_6d95b6d5ea493574	chr2R	25226630	25226659	17	GA	1	360	1	175	1	0	174	185	0.00277777777778	0.00571428571429	25226633	25226655	0	0
tfsite_fc3e878fb713d864	tflocus_d65d671fa5d23948	chr2R	25226633	25226662	5	CT	8	439	8	213	8	0	205	226	0.0182232346241	0.037558685446	25226633	25226662	3	3.5
tfsite_fc3e878fb713d864	tflocus_d65d671fa5d23948	chr2R	25226633	25226662	5	GA	1	358	1	169	1	0	168	189	0.00279329608939	0.00591715976331	25226641	25226655	0	0
tfsite_524d16fc2e5fc778	tflocus_3303cb5b8d07d733	chr2R	25226633	25226698	2	CT	1	441	1	170	1	0	169	271	0.00226757369615	0.00588235294118	25226633	25226698	0	0
tfsite_524d16fc2e5fc778	tflocus_3303cb5b8d07d733	chr2R	25226633	25226698	2	GA	0	356	0	129	0	0	129	227	0	0	25226633	25226698	0	0
tfsite_694daeb023271f8b	tflocus_d65d671fa5d23948	chr2R	25226636	25226677	6	CT	1	438	1	186	1	0	185	252	0.00228310502283	0.00537634408602	25226636	25226677	0	0
tfsite_694daeb023271f8b	tflocus_d65d671fa5d23948	chr2R	25226636	25226677	6	GA	0	359	0	170	0	0	170	189	0	0	25226636	25226677	0	0
tfsite_3fa5fe214ae9583f	tflocus_d65d671fa5d23948	chr2R	25226637	25226669	7	CT	2	437	2	209	2	0	207	228	0.0045766590389	0.00956937799043	25226637	25226670	0.5	0.5
tfsite_3fa5fe214ae9583f	tflocus_d65d671fa5d23948	chr2R	25226637	25226669	7	GA	1	357	1	171	1	0	170	186	0.00280112044818	0.00584795321637	25226642	25226664	0	0
tfsite_8211409850302637	tflocus_d65d671fa5d23948	chr2R	25226639	25226676	8	CT	6	437	6	186	6	0	180	251	0.0137299771167	0.0322580645161	25226639	25226676	0	1
tfsite_8211409850302637	tflocus_d65d671fa5d23948	chr2R	25226639	25226676	8	GA	7	353	7	170	7	0	163	183	0.0198300283286	0.0411764705882	25226638	25226676	0	0
tfsite_6d22a0923819678a	tflocus_d65d671fa5d23948	chr2R	25226642	25226660	9	CT	1	440	1	214	1	0	213	226	0.00227272727273	0.00467289719626	25226640	25226661	0	0
tfsite_6d22a0923819678a	tflocus_d65d671fa5d23948	chr2R	25226642	25226660	9	GA	3	363	3	187	3	0	184	176	0.00826446280992	0.0160427807487	25226642	25226660	1	3
tfsite_c04389dabc849776	tflocus_d65d671fa5d23948	chr2R	25226643	25226676	10	CT	1	438	1	186	1	0	185	252	0.00228310502283	0.00537634408602	25226643	25226676	0	0
tfsite_c04389dabc849776	tflocus_d65d671fa5d23948	chr2R	25226643	25226676	10	GA	2	355	2	177	2	0	175	178	0.0056338028169	0.0112994350282	25226642	25226676	4	4.5
tfsite_3b2d996a7617feae	tflocus_3303cb5b8d07d733	chr2R	25226644	25226700	3	CT	2	441	2	168	2	0	166	273	0.00453514739229	0.0119047619048	25226644	25226700	4.5	5
tfsite_3b2d996a7617feae	tflocus_3303cb5b8d07d733	chr2R	25226644	25226700	3	GA	0	356	0	136	0	0	136	220	0	0	25226644	25226700	0	0
tfsite_a472d7b97926b4fd	tflocus_a79ba565f52b91ee	chr2R	25226644	25226717	1	CT	0	441	0	138	0	0	138	303	0	0	25226644	25226717	0	0
tfsite_a472d7b97926b4fd	tflocus_a79ba565f52b91ee	chr2R	25226644	25226717	1	GA	1	357	1	132	1	0	131	225	0.00280112044818	0.00757575757576	25226644	25226717	0	0
tfsite_854e9cdbfdb3d780	tflocus_d65d671fa5d23948	chr2R	25226648	25226664	11	CT	3	441	3	217	3	0	214	224	0.00680272108844	0.0138248847926	25226648	25226664	0	0
tfsite_854e9cdbfdb3d780	tflocus_d65d671fa5d23948	chr2R	25226648	25226664	11	GA	2	363	2	181	2	0	179	182	0.00550964187328	0.0110497237569	25226645	25226666	3.5	3.5
tfsite_5b2fb62e188d2440	tflocus_3303cb5b8d07d733	chr2R	25226648	25226687	4	CT	4	439	4	183	4	0	179	256	0.00911161731207	0.0218579234973	25226648	25226687	0.5	3
tfsite_5b2fb62e188d2440	tflocus_3303cb5b8d07d733	chr2R	25226648	25226687	4	GA	0	355	0	166	0	0	166	189	0	0	25226648	25226687	0	0
tfsite_1cd3126c600e3dc1	tflocus_d65d671fa5d23948	chr2R	25226649	25226672	12	CT	4	440	4	199	4	0	195	241	0.00909090909091	0.0201005025126	25226648	25226674	0	0.5
tfsite_1cd3126c600e3dc1	tflocus_d65d671fa5d23948	chr2R	25226649	25226672	12	GA	3	361	3	180	3	0	177	181	0.00831024930748	0.0166666666667	25226650	25226670	6	4
tfsite_4d02217bd3d9f900	tflocus_3303cb5b8d07d733	chr2R	25226651	25226677	5	CT	5	441	5	190	5	0	185	251	0.0113378684807	0.0263157894737	25226651	25226677	3	0
tfsite_4d02217bd3d9f900	tflocus_3303cb5b8d07d733	chr2R	25226651	25226677	5	GA	2	358	2	181	2	0	179	177	0.00558659217877	0.0110497237569	25226658	25226672	0.5	0.5
tfsite_6e1a526108a484d1	tflocus_8105c482b668d661	chr2R	25226657	25226725	1	CT	0	441	0	124	0	0	124	317	0	0	25226657	25226725	0	0
tfsite_6e1a526108a484d1	tflocus_8105c482b668d661	chr2R	25226657	25226725	1	GA	1	360	1	136	1	0	135	224	0.00277777777778	0.00735294117647	25226657	25226725	0	0
tfsite_3a20e8c97f58fdd0	tflocus_3303cb5b8d07d733	chr2R	25226658	25226688	6	CT	3	441	3	185	3	0	182	256	0.00680272108844	0.0162162162162	25226658	25226688	2	1
tfsite_3a20e8c97f58fdd0	tflocus_3303cb5b8d07d733	chr2R	25226658	25226688	6	GA	1	356	1	173	1	0	172	183	0.00280898876404	0.00578034682081	25226667	25226677	0	0
tfsite_d23ca6f9eaadc7cd	tflocus_3303cb5b8d07d733	chr2R	25226662	25226677	7	CT	2	439	2	191	2	0	189	248	0.00455580865604	0.0104712041885	25226658	25226682	1.5	1.5
tfsite_d23ca6f9eaadc7cd	tflocus_3303cb5b8d07d733	chr2R	25226662	25226677	7	GA	3	359	3	189	3	0	186	170	0.008356545961	0.015873015873	25226662	25226677	1	1
tfsite_d5d9705d0287095f	tflocus_8105c482b668d661	chr2R	25226662	25226723	2	CT	0	442	0	140	0	0	140	302	0	0	25226662	25226723	0	0
tfsite_d5d9705d0287095f	tflocus_8105c482b668d661	chr2R	25226662	25226723	2	GA	1	360	1	140	1	0	139	220	0.00277777777778	0.00714285714286	25226662	25226723	0	0
tfsite_68df5aa69654c177	tflocus_3303cb5b8d07d733	chr2R	25226663	25226684	8	CT	2	441	2	188	2	0	186	253	0.00453514739229	0.0106382978723	25226660	25226687	3	3
tfsite_68df5aa69654c177	tflocus_3303cb5b8d07d733	chr2R	25226663	25226684	8	GA	1	357	1	176	1	0	175	181	0.00280112044818	0.00568181818182	25226669	25226683	0	0
tfsite_d3a3450bed630e44	tflocus_537ebd2033506beb	chr2R	25226666	25226745	1	CT	0	442	0	124	0	0	124	318	0	0	25226666	25226745	0	0
tfsite_d3a3450bed630e44	tflocus_537ebd2033506beb	chr2R	25226666	25226745	1	GA	1	360	1	128	1	0	127	232	0.00277777777778	0.0078125	25226666	25226745	0	0
tfsite_7fdd25333d7d2655	tflocus_a79ba565f52b91ee	chr2R	25226668	25226687	2	CT	4	437	4	196	4	0	192	241	0.0091533180778	0.0204081632653	25226669	25226687	1.5	2.5
tfsite_7fdd25333d7d2655	tflocus_a79ba565f52b91ee	chr2R	25226668	25226687	2	GA	3	358	3	177	3	0	174	181	0.00837988826816	0.0169491525424	25226667	25226687	0	1
tfsite_75b44a32c675d2be	tflocus_a79ba565f52b91ee	chr2R	25226673	25226703	3	CT	1	441	1	181	1	0	180	260	0.00226757369615	0.00552486187845	25226673	25226703	0	0
tfsite_75b44a32c675d2be	tflocus_a79ba565f52b91ee	chr2R	25226673	25226703	3	GA	0	359	0	151	0	0	151	208	0	0	25226673	25226703	0	0
tfsite_d4a7ced16aa3ed1d	tflocus_a79ba565f52b91ee	chr2R	25226675	25226693	4	CT	2	439	2	192	2	0	190	247	0.00455580865604	0.0104166666667	25226673	25226694	0	5
tfsite_d4a7ced16aa3ed1d	tflocus_a79ba565f52b91ee	chr2R	25226675	25226693	4	GA	8	357	8	153	8	0	145	204	0.0224089635854	0.0522875816993	25226675	25226693	1.5	2.5
tfsite_208f587dfe471540	tflocus_537ebd2033506beb	chr2R	25226676	25226761	2	CT	1	439	1	121	0	1	121	317	0.00227790432802	0	25226676	25226761	0	0
tfsite_208f587dfe471540	tflocus_537ebd2033506beb	chr2R	25226676	25226761	2	GA	0	358	0	125	0	0	125	233	0	0	25226676	25226761	0	0
tfsite_e02e2e23afb9ee9e	tflocus_8105c482b668d661	chr2R	25226677	25226711	3	CT	0	442	0	161	0	0	161	281	0	0	25226677	25226711	0	0
tfsite_e02e2e23afb9ee9e	tflocus_8105c482b668d661	chr2R	25226677	25226711	3	GA	2	358	2	148	2	0	146	210	0.00558659217877	0.0135135135135	25226677	25226711	1	1
tfsite_c132a95dd2da998b	tflocus_8105c482b668d661	chr2R	25226679	25226700	4	CT	1	442	1	188	1	0	187	254	0.00226244343891	0.00531914893617	25226679	25226700	0	0
tfsite_c132a95dd2da998b	tflocus_8105c482b668d661	chr2R	25226679	25226700	4	GA	0	359	0	152	0	0	152	207	0	0	25226679	25226700	0	0
tfsite_5aa9101f4ee7dd5f	tflocus_537ebd2033506beb	chr2R	25226680	25226739	3	CT	1	441	1	132	1	0	131	309	0.00226757369615	0.00757575757576	25226680	25226739	0	0
tfsite_5aa9101f4ee7dd5f	tflocus_537ebd2033506beb	chr2R	25226680	25226739	3	GA	0	358	0	136	0	0	136	222	0	0	25226680	25226739	0	0
tfsite_81c9f457252f5292	tflocus_8105c482b668d661	chr2R	25226683	25226701	5	CT	0	441	0	189	0	0	189	252	0	0	25226683	25226701	0	0
tfsite_81c9f457252f5292	tflocus_8105c482b668d661	chr2R	25226683	25226701	5	GA	1	361	1	153	1	0	152	208	0.00277008310249	0.00653594771242	25226683	25226701	0	0
tfsite_476651c4eb6b5fb3	tflocus_537ebd2033506beb	chr2R	25226687	25226726	4	CT	1	441	1	134	1	0	133	307	0.00226757369615	0.00746268656716	25226687	25226726	0	0
tfsite_476651c4eb6b5fb3	tflocus_537ebd2033506beb	chr2R	25226687	25226726	4	GA	0	360	0	144	0	0	144	216	0	0	25226687	25226726	0	0
tfsite_c7b2f49f93e6aa95	tflocus_8105c482b668d661	chr2R	25226690	25226708	6	CT	0	436	0	179	0	0	179	257	0	0	25226690	25226708	0	0
tfsite_c7b2f49f93e6aa95	tflocus_8105c482b668d661	chr2R	25226690	25226708	6	GA	7	363	7	154	7	0	147	209	0.0192837465565	0.0454545454545	25226690	25226708	2	1
tfsite_4dfb68aa12cb3787	tflocus_537ebd2033506beb	chr2R	25226690	25226746	5	CT	1	442	1	130	1	0	129	312	0.00226244343891	0.00769230769231	25226690	25226746	0	0
tfsite_4dfb68aa12cb3787	tflocus_537ebd2033506beb	chr2R	25226690	25226746	5	GA	0	363	0	133	0	0	133	230	0	0	25226690	25226746	0	0
tfsite_03720ccd560a55a4	tflocus_537ebd2033506beb	chr2R	25226693	25226728	6	CT	2	440	2	134	2	0	132	306	0.00454545454545	0.0149253731343	25226693	25226728	2	2.5
tfsite_03720ccd560a55a4	tflocus_537ebd2033506beb	chr2R	25226693	25226728	6	GA	0	359	0	137	0	0	137	222	0	0	25226693	25226728	0	0
tfsite_239fe7849fee42e0	tflocus_537ebd2033506beb	chr2R	25226694	25226713	7	CT	0	433	0	152	0	0	152	281	0	0	25226694	25226713	0	0
tfsite_239fe7849fee42e0	tflocus_537ebd2033506beb	chr2R	25226694	25226713	7	GA	4	360	4	150	4	0	146	210	0.0111111111111	0.0266666666667	25226694	25226713	1	1.5
tfsite_cee4355eef7c3bbe	tflocus_66ec4d1de6883c23	chr2R	25226694	25226759	1	CT	1	438	1	124	1	0	123	314	0.00228310502283	0.00806451612903	25226694	25226759	0	0
tfsite_cee4355eef7c3bbe	tflocus_66ec4d1de6883c23	chr2R	25226694	25226759	1	GA	0	356	0	125	0	0	125	231	0	0	25226694	25226759	0	0
tfsite_be9b77990e3d9878	tflocus_537ebd2033506beb	chr2R	25226699	25226724	8	CT	1	442	1	153	1	0	152	289	0.00226244343891	0.00653594771242	25226704	25226718	0	0
tfsite_be9b77990e3d9878	tflocus_537ebd2033506beb	chr2R	25226699	25226724	8	GA	2	363	2	148	2	0	146	215	0.00550964187328	0.0135135135135	25226697	25226727	2	3
tfsite_463e0ea5cec5d52e	tflocus_537ebd2033506beb	chr2R	25226700	25226717	9	CT	4	434	4	154	4	0	150	280	0.00921658986175	0.025974025974	25226700	25226717	1	3
tfsite_463e0ea5cec5d52e	tflocus_537ebd2033506beb	chr2R	25226700	25226717	9	GA	4	361	4	149	4	0	145	212	0.01108033241	0.0268456375839	25226700	25226716	0.5	0.5
tfsite_ea6f4667ae023789	tflocus_66ec4d1de6883c23	chr2R	25226700	25226759	2	CT	1	439	1	125	1	0	124	314	0.00227790432802	0.008	25226700	25226759	0	0
tfsite_ea6f4667ae023789	tflocus_66ec4d1de6883c23	chr2R	25226700	25226759	2	GA	0	355	0	124	0	0	124	231	0	0	25226700	25226759	0	0
tfsite_b58aa739ace8e8db	tflocus_537ebd2033506beb	chr2R	25226701	25226729	10	CT	7	440	7	136	7	0	129	304	0.0159090909091	0.0514705882353	25226701	25226729	1	2
tfsite_b58aa739ace8e8db	tflocus_537ebd2033506beb	chr2R	25226701	25226729	10	GA	1	363	1	141	1	0	140	222	0.00275482093664	0.00709219858156	25226701	25226727	0	0
tfsite_c722e00a339a9335	tflocus_66ec4d1de6883c23	chr2R	25226705	25226740	3	CT	2	441	2	134	2	0	132	307	0.00453514739229	0.0149253731343	25226703	25226741	2	0.5
tfsite_c722e00a339a9335	tflocus_66ec4d1de6883c23	chr2R	25226705	25226740	3	GA	1	362	1	139	1	0	138	223	0.00276243093923	0.00719424460432	25226706	25226734	0	0
tfsite_c7173404e4cec00c	tflocus_537ebd2033506beb	chr2R	25226707	25226731	11	CT	1	439	1	137	1	0	136	302	0.00227790432802	0.00729927007299	25226707	25226731	0	0
tfsite_c7173404e4cec00c	tflocus_537ebd2033506beb	chr2R	25226707	25226731	11	GA	0	363	0	140	0	0	140	223	0	0	25226707	25226731	0	0
tfsite_ef221434aa8e44e3	tflocus_66ec4d1de6883c23	chr2R	25226708	25226759	4	CT	1	439	1	126	1	0	125	313	0.00227790432802	0.00793650793651	25226708	25226759	0	0
tfsite_ef221434aa8e44e3	tflocus_66ec4d1de6883c23	chr2R	25226708	25226759	4	GA	0	355	0	124	0	0	124	231	0	0	25226708	25226759	0	0
tfsite_0331cbadba152944	tflocus_ad5c0990396e5f43	chr2R	25226708	25226776	1	CT	1	440	1	118	1	0	117	322	0.00227272727273	0.00847457627119	25226708	25226776	0	0
tfsite_0331cbadba152944	tflocus_ad5c0990396e5f43	chr2R	25226708	25226776	1	GA	0	361	0	119	0	0	119	242	0	0	25226708	25226776	0	0
tfsite_17e44b5687d6ca65	tflocus_66ec4d1de6883c23	chr2R	25226711	25226742	5	CT	3	441	3	136	3	0	133	305	0.00680272108844	0.0220588235294	25226711	25226742	0	1
tfsite_17e44b5687d6ca65	tflocus_66ec4d1de6883c23	chr2R	25226711	25226742	5	GA	0	363	0	140	0	0	140	223	0	0	25226711	25226742	0	0
tfsite_52e9b4969731016e	tflocus_66ec4d1de6883c23	chr2R	25226717	25226730	6	CT	1	440	1	138	1	0	137	302	0.00227272727273	0.00724637681159	25226717	25226730	0	0
tfsite_52e9b4969731016e	tflocus_66ec4d1de6883c23	chr2R	25226717	25226730	6	GA	0	361	0	139	0	0	139	222	0	0	25226717	25226730	0	0
tfsite_bcbc6531b5580e54	tflocus_ad8619155b1ac63e	chr2R	25226717	25226788	1	CT	1	439	1	115	0	1	115	323	0.00227790432802	0	25226717	25226788	0	0
tfsite_bcbc6531b5580e54	tflocus_ad8619155b1ac63e	chr2R	25226717	25226788	1	GA	0	361	0	110	0	0	110	251	0	0	25226717	25226788	0	0
tfsite_cfa8b146a421e393	tflocus_12eade5d7ffe008e	chr2R	25226720	25226845	1	CT	1	442	1	74	1	0	73	368	0.00226244343891	0.0135135135135	25226720	25226845	0	0
tfsite_cfa8b146a421e393	tflocus_12eade5d7ffe008e	chr2R	25226720	25226845	1	GA	0	365	0	78	0	0	78	287	0	0	25226720	25226845	0	0
tfsite_5e3eb4a9c9cef3e9	tflocus_66ec4d1de6883c23	chr2R	25226721	25226742	7	CT	4	442	4	137	4	0	133	305	0.00904977375566	0.029197080292	25226721	25226742	4	4
tfsite_5e3eb4a9c9cef3e9	tflocus_66ec4d1de6883c23	chr2R	25226721	25226742	7	GA	2	367	2	145	2	0	143	222	0.00544959128065	0.0137931034483	25226723	25226741	0.5	1.5
tfsite_40e39f0f5f499796	tflocus_66ec4d1de6883c23	chr2R	25226722	25226735	8	CT	2	440	2	137	2	0	135	303	0.00454545454545	0.014598540146	25226722	25226735	1	1
tfsite_40e39f0f5f499796	tflocus_66ec4d1de6883c23	chr2R	25226722	25226735	8	GA	0	364	0	142	0	0	142	222	0	0	25226722	25226735	0	0
tfsite_7af9068ff407dad7	tflocus_66ec4d1de6883c23	chr2R	25226727	25226743	9	CT	0	439	0	137	0	0	137	302	0	0	25226727	25226743	0	0
tfsite_7af9068ff407dad7	tflocus_66ec4d1de6883c23	chr2R	25226727	25226743	9	GA	1	362	1	137	1	0	136	225	0.00276243093923	0.00729927007299	25226727	25226743	0	0
tfsite_6dae512ed0c82332	tflocus_ad5c0990396e5f43	chr2R	25226730	25226752	2	CT	2	442	2	131	2	0	129	311	0.00452488687783	0.0152671755725	25226728	25226749	3.5	5
tfsite_6dae512ed0c82332	tflocus_ad5c0990396e5f43	chr2R	25226730	25226752	2	GA	2	366	2	138	2	0	136	228	0.00546448087432	0.0144927536232	25226731	25226752	1.5	2
tfsite_3b11d7ed448fadf2	tflocus_738da22b13c9f78d	chr2R	25226730	25226788	1	CT	1	436	1	114	1	0	113	322	0.00229357798165	0.00877192982456	25226730	25226788	0	0
tfsite_3b11d7ed448fadf2	tflocus_738da22b13c9f78d	chr2R	25226730	25226788	1	GA	0	359	0	111	0	0	111	248	0	0	25226730	25226788	0	0
tfsite_7eccb4b7c8a3d570	tflocus_738da22b13c9f78d	chr2R	25226730	25226799	2	CT	2	439	2	117	2	0	115	322	0.00455580865604	0.017094017094	25226730	25226799	0	0
tfsite_7eccb4b7c8a3d570	tflocus_738da22b13c9f78d	chr2R	25226730	25226799	2	GA	0	363	0	105	0	0	105	258	0	0	25226730	25226799	0	0
tfsite_87be481265f54523	tflocus_738da22b13c9f78d	chr2R	25226732	25226791	3	CT	0	437	0	116	0	0	116	321	0	0	25226732	25226791	0	0
tfsite_87be481265f54523	tflocus_738da22b13c9f78d	chr2R	25226732	25226791	3	GA	1	359	1	109	1	0	108	250	0.00278551532033	0.00917431192661	25226732	25226791	0	0
tfsite_06b4d807da4f7bf6	tflocus_738da22b13c9f78d	chr2R	25226735	25226797	4	CT	0	440	0	120	0	0	120	320	0	0	25226735	25226797	0	0
tfsite_06b4d807da4f7bf6	tflocus_738da22b13c9f78d	chr2R	25226735	25226797	4	GA	1	364	1	106	1	0	105	258	0.00274725274725	0.00943396226415	25226735	25226797	0	0
tfsite_5d6202789d17c522	tflocus_ad5c0990396e5f43	chr2R	25226737	25226750	3	CT	3	437	3	133	3	0	130	304	0.00686498855835	0.0225563909774	25226737	25226750	0	3
tfsite_5d6202789d17c522	tflocus_ad5c0990396e5f43	chr2R	25226737	25226750	3	GA	1	362	1	135	1	0	134	227	0.00276243093923	0.00740740740741	25226728	25226756	0	0
tfsite_aedf6d571ad5b536	tflocus_738da22b13c9f78d	chr2R	25226739	25226805	5	CT	1	440	1	119	1	0	118	321	0.00227272727273	0.00840336134454	25226739	25226805	0	0
tfsite_aedf6d571ad5b536	tflocus_738da22b13c9f78d	chr2R	25226739	25226805	5	GA	0	364	0	104	0	0	104	260	0	0	25226739	25226805	0	0
tfsite_b8cdaf13517ee579	tflocus_ad8619155b1ac63e	chr2R	25226741	25226754	2	CT	5	439	6	136	6	0	130	303	0.0136674259681	0.0441176470588	25226741	25226754	2	2
tfsite_b8cdaf13517ee579	tflocus_ad8619155b1ac63e	chr2R	25226741	25226754	2	GA	0	360	0	134	0	0	134	226	0	0	25226741	25226754	0	0
tfsite_137651e257a5214f	tflocus_ad8619155b1ac63e	chr2R	25226744	25226765	3	CT	8	433	8	126	8	0	118	307	0.0184757505774	0.0634920634921	25226744	25226765	3	3.5
tfsite_137651e257a5214f	tflocus_ad8619155b1ac63e	chr2R	25226744	25226765	3	GA	0	351	0	123	0	0	123	228	0	0	25226744	25226765	0	0
tfsite_e4a17b0c8b7c42af	tflocus_738da22b13c9f78d	chr2R	25226746	25226781	6	CT	1	427	1	119	1	0	118	308	0.00234192037471	0.00840336134454	25226751	25226777	0	0
tfsite_e4a17b0c8b7c42af	tflocus_738da22b13c9f78d	chr2R	25226746	25226781	6	GA	1	349	1	112	1	0	111	237	0.00286532951289	0.00892857142857	25226741	25226785	0	0
tfsite_8e5c402dab4bfb18	tflocus_12eade5d7ffe008e	chr2R	25226746	25226813	2	CT	1	435	1	112	1	0	111	323	0.00229885057471	0.00892857142857	25226746	25226813	0	0
tfsite_8e5c402dab4bfb18	tflocus_12eade5d7ffe008e	chr2R	25226746	25226813	2	GA	0	363	0	103	0	0	103	260	0	0	25226746	25226813	0	0
tfsite_146adde7e985460b	tflocus_ad8619155b1ac63e	chr2R	25226747	25226768	4	CT	3	432	3	126	3	0	123	306	0.00694444444444	0.0238095238095	25226747	25226768	4	4
tfsite_146adde7e985460b	tflocus_ad8619155b1ac63e	chr2R	25226747	25226768	4	GA	1	352	1	121	1	0	120	231	0.00284090909091	0.00826446280992	25226745	25226768	0	0
tfsite_ef4ea5fb1352ec3b	tflocus_12eade5d7ffe008e	chr2R	25226747	25226806	3	CT	1	437	1	115	1	0	114	322	0.00228832951945	0.00869565217391	25226747	25226806	0	0
tfsite_ef4ea5fb1352ec3b	tflocus_12eade5d7ffe008e	chr2R	25226747	25226806	3	GA	0	358	0	104	0	0	104	254	0	0	25226747	25226806	0	0
tfsite_fd2219f519737c3b	tflocus_738da22b13c9f78d	chr2R	25226756	25226765	7	CT	2	432	2	129	2	0	127	303	0.00462962962963	0.015503875969	25226756	25226765	0.5	1.5
tfsite_fd2219f519737c3b	tflocus_738da22b13c9f78d	chr2R	25226756	25226765	7	GA	0	350	0	124	0	0	124	226	0	0	25226756	25226765	0	0
tfsite_4b7821c51b017730	tflocus_738da22b13c9f78d	chr2R	25226756	25226769	8	CT	2	430	2	128	2	0	126	302	0.0046511627907	0.015625	25226756	25226769	1	1.5
tfsite_4b7821c51b017730	tflocus_738da22b13c9f78d	chr2R	25226756	25226769	8	GA	0	349	0	121	0	0	121	228	0	0	25226756	25226769	0	0
tfsite_deb8fc4c694c6f17	tflocus_738da22b13c9f78d	chr2R	25226757	25226773	9	CT	4	428	4	124	4	0	120	304	0.00934579439252	0.0322580645161	25226757	25226773	3.5	3
tfsite_deb8fc4c694c6f17	tflocus_738da22b13c9f78d	chr2R	25226757	25226773	9	GA	0	346	0	118	0	0	118	228	0	0	25226757	25226773	0	0
tfsite_19174d7a59ff0d51	tflocus_12eade5d7ffe008e	chr2R	25226760	25226796	4	CT	0	434	0	122	0	0	122	312	0	0	25226760	25226796	0	0
tfsite_19174d7a59ff0d51	tflocus_12eade5d7ffe008e	chr2R	25226760	25226796	4	GA	1	357	1	107	1	0	106	250	0.00280112044818	0.00934579439252	25226760	25226796	0	0
tfsite_b24f37a1272f599f	tflocus_12eade5d7ffe008e	chr2R	25226761	25226791	5	CT	1	437	1	126	1	0	125	311	0.00228832951945	0.00793650793651	25226769	25226782	0	0
tfsite_b24f37a1272f599f	tflocus_12eade5d7ffe008e	chr2R	25226761	25226791	5	GA	2	361	2	110	2	0	108	251	0.00554016620499	0.0181818181818	25226761	25226792	0	0.5
tfsite_ec2989c3b9353ee1	tflocus_738da22b13c9f78d	chr2R	25226762	25226774	10	CT	4	431	4	131	4	0	127	300	0.0092807424594	0.030534351145	25226762	25226774	1	2.5
tfsite_ec2989c3b9353ee1	tflocus_738da22b13c9f78d	chr2R	25226762	25226774	10	GA	1	354	1	123	1	0	122	231	0.00282485875706	0.00813008130081	25226753	25226783	0	0
tfsite_5fc680c006ba41b5	tflocus_738da22b13c9f78d	chr2R	25226762	25226785	11	CT	2	436	2	129	2	0	127	307	0.0045871559633	0.015503875969	25226762	25226785	2	1.5
tfsite_5fc680c006ba41b5	tflocus_738da22b13c9f78d	chr2R	25226762	25226785	11	GA	0	361	0	116	0	0	116	245	0	0	25226762	25226785	0	0
tfsite_f62c7a5f2505658a	tflocus_5b543f794fbc327b	chr2R	25226762	25226844	1	CT	0	437	0	78	0	0	78	359	0	0	25226762	25226844	0	0
tfsite_f62c7a5f2505658a	tflocus_5b543f794fbc327b	chr2R	25226762	25226844	1	GA	1	365	2	78	0	2	78	285	0.00547945205479	0	25226762	25226844	0	0
tfsite_bdcdbc5fe59f76c0	tflocus_12eade5d7ffe008e	chr2R	25226767	25226793	6	CT	0	439	0	133	0	0	133	306	0	0	25226767	25226793	0	0
tfsite_bdcdbc5fe59f76c0	tflocus_12eade5d7ffe008e	chr2R	25226767	25226793	6	GA	1	363	1	112	1	0	111	251	0.00275482093664	0.00892857142857	25226767	25226793	0	0
tfsite_3fd6ea1e745950ed	tflocus_12eade5d7ffe008e	chr2R	25226770	25226798	7	CT	1	440	1	131	1	0	130	309	0.00227272727273	0.00763358778626	25226767	25226801	0	0
tfsite_3fd6ea1e745950ed	tflocus_12eade5d7ffe008e	chr2R	25226770	25226798	7	GA	3	363	3	107	3	0	104	256	0.00826446280992	0.0280373831776	25226770	25226798	0	2
tfsite_ebc9e4d1fd060ae2	tflocus_5b543f794fbc327b	chr2R	25226771	25226818	2	CT	2	438	2	114	2	0	112	324	0.00456621004566	0.0175438596491	25226771	25226818	1	2
tfsite_ebc9e4d1fd060ae2	tflocus_5b543f794fbc327b	chr2R	25226771	25226818	2	GA	0	365	0	99	0	0	99	266	0	0	25226771	25226818	0	0
tfsite_804b9a19d8c7885b	tflocus_5b543f794fbc327b	chr2R	25226771	25226833	3	CT	0	442	0	99	0	0	99	343	0	0	25226771	25226833	0	0
tfsite_804b9a19d8c7885b	tflocus_5b543f794fbc327b	chr2R	25226771	25226833	3	GA	1	367	1	90	1	0	89	277	0.00272479564033	0.0111111111111	25226771	25226833	0	0
tfsite_b0763babbef49260	tflocus_12eade5d7ffe008e	chr2R	25226772	25226783	8	CT	1	439	1	138	1	0	137	301	0.00227790432802	0.00724637681159	25226772	25226782	0	0
tfsite_b0763babbef49260	tflocus_12eade5d7ffe008e	chr2R	25226772	25226783	8	GA	2	361	2	120	2	0	118	241	0.00554016620499	0.0166666666667	25226772	25226783	0	0
tfsite_324cfd1d3c1810b8	tflocus_12eade5d7ffe008e	chr2R	25226772	25226806	9	CT	2	439	2	127	2	0	125	312	0.00455580865604	0.0157480314961	25226776	25226805	4	1
tfsite_324cfd1d3c1810b8	tflocus_12eade5d7ffe008e	chr2R	25226772	25226806	9	GA	1	363	1	105	1	0	104	258	0.00275482093664	0.00952380952381	25226772	25226808	0	0
tfsite_945191706af692f9	tflocus_12eade5d7ffe008e	chr2R	25226775	25226783	10	CT	1	440	1	140	1	0	139	300	0.00227272727273	0.00714285714286	25226775	25226783	0	0
tfsite_945191706af692f9	tflocus_12eade5d7ffe008e	chr2R	25226775	25226783	10	GA	0	362	0	121	0	0	121	241	0	0	25226775	25226783	0	0
tfsite_93807cb592c63b44	tflocus_12eade5d7ffe008e	chr2R	25226779	25226795	11	CT	6	438	6	133	6	0	127	305	0.013698630137	0.0451127819549	25226779	25226795	4	4
tfsite_93807cb592c63b44	tflocus_12eade5d7ffe008e	chr2R	25226779	25226795	11	GA	1	361	1	111	1	0	110	250	0.00277008310249	0.00900900900901	25226771	25226801	0	0
tfsite_fe29392fa2d83081	tflocus_5b543f794fbc327b	chr2R	25226781	25226838	4	CT	0	438	0	90	0	0	90	348	0	0	25226781	25226838	0	0
tfsite_fe29392fa2d83081	tflocus_5b543f794fbc327b	chr2R	25226781	25226838	4	GA	1	366	1	82	1	0	81	284	0.00273224043716	0.0121951219512	25226781	25226838	0	0
tfsite_efb4c0b4ff8f3f72	tflocus_5b543f794fbc327b	chr2R	25226786	25226801	5	CT	1	437	1	133	1	0	132	304	0.00228832951945	0.00751879699248	25226786	25226801	0	0
tfsite_efb4c0b4ff8f3f72	tflocus_5b543f794fbc327b	chr2R	25226786	25226801	5	GA	0	364	0	124	0	0	124	240	0	0	25226786	25226801	0	0
tfsite_93764bec7505d7c6	tflocus_12eade5d7ffe008e	chr2R	25226788	25226798	12	CT	1	439	1	138	1	0	137	301	0.00227790432802	0.00724637681159	25226788	25226798	0	0
tfsite_93764bec7505d7c6	tflocus_12eade5d7ffe008e	chr2R	25226788	25226798	12	GA	0	364	0	124	0	0	124	240	0	0	25226788	25226798	0	0
tfsite_adfc37b60af20ff1	tflocus_5b543f794fbc327b	chr2R	25226789	25226822	6	CT	1	439	1	118	1	0	117	321	0.00227790432802	0.00847457627119	25226794	25226813	0	0
tfsite_adfc37b60af20ff1	tflocus_5b543f794fbc327b	chr2R	25226789	25226822	6	GA	3	366	3	104	3	0	101	262	0.00819672131148	0.0288461538462	25226789	25226822	2	2
tfsite_a92677da9c1c9f60	tflocus_5b543f794fbc327b	chr2R	25226792	25226801	7	CT	2	442	2	137	2	0	135	305	0.00452488687783	0.014598540146	25226792	25226801	0.5	1.5
tfsite_a92677da9c1c9f60	tflocus_5b543f794fbc327b	chr2R	25226792	25226801	7	GA	0	366	0	125	0	0	125	241	0	0	25226792	25226801	0	0
tfsite_c2e8d30f57319c8a	tflocus_5b543f794fbc327b	chr2R	25226793	25226806	8	CT	3	438	3	133	3	0	130	305	0.00684931506849	0.0225563909774	25226793	25226806	2	1
tfsite_c2e8d30f57319c8a	tflocus_5b543f794fbc327b	chr2R	25226793	25226806	8	GA	2	361	2	122	2	0	120	239	0.00554016620499	0.016393442623	25226785	25226815	1	0.5
tfsite_216feb2d6c1005a0	tflocus_5b543f794fbc327b	chr2R	25226795	25226809	9	CT	0	432	0	128	0	0	128	304	0	0	25226795	25226809	0	0
tfsite_216feb2d6c1005a0	tflocus_5b543f794fbc327b	chr2R	25226795	25226809	9	GA	1	357	1	114	1	0	113	243	0.00280112044818	0.00877192982456	25226795	25226809	0	0
tfsite_36f06513a5b6a91e	tflocus_4be10a10c0050b75	chr2R	25226797	25226844	1	CT	1	437	1	79	1	0	78	358	0.00228832951945	0.0126582278481	25226794	25226842	0	0
tfsite_36f06513a5b6a91e	tflocus_4be10a10c0050b75	chr2R	25226797	25226844	1	GA	1	367	1	88	1	0	87	279	0.00272479564033	0.0113636363636	25226800	25226846	0	0
tfsite_d15d7361f9ee5ea1	tflocus_3b2f442bbd8263cb	chr2R	25226804	25226867	1	CT	1	441	1	62	1	0	61	379	0.00226757369615	0.0161290322581	25226804	25226867	0	0
tfsite_d15d7361f9ee5ea1	tflocus_3b2f442bbd8263cb	chr2R	25226804	25226867	1	GA	0	367	0	67	0	0	67	300	0	0	25226804	25226867	0	0
tfsite_361dd42a99eef4d1	tflocus_4be10a10c0050b75	chr2R	25226808	25226842	2	CT	0	435	0	87	0	0	87	348	0	0	25226808	25226842	0	0
tfsite_361dd42a99eef4d1	tflocus_4be10a10c0050b75	chr2R	25226808	25226842	2	GA	4	366	4	94	4	0	90	272	0.0109289617486	0.0425531914894	25226808	25226842	1	0
tfsite_e778209a586f54c7	tflocus_5540b6bdaa3ec504	chr2R	25226813	25226883	1	CT	1	439	1	47	1	0	46	392	0.00227790432802	0.0212765957447	25226813	25226883	0	0
tfsite_e778209a586f54c7	tflocus_5540b6bdaa3ec504	chr2R	25226813	25226883	1	GA	0	366	0	51	0	0	51	315	0	0	25226813	25226883	0	0
tfsite_c59593b0dd1ae8e1	tflocus_5540b6bdaa3ec504	chr2R	25226820	25226870	2	CT	1	438	1	58	1	0	57	380	0.00228310502283	0.0172413793103	25226820	25226870	0	0
tfsite_c59593b0dd1ae8e1	tflocus_5540b6bdaa3ec504	chr2R	25226820	25226870	2	GA	0	365	0	67	0	0	67	298	0	0	25226820	25226870	0	0
tfsite_ed78b87f2ac34556	tflocus_3b2f442bbd8263cb	chr2R	25226827	25226837	2	CT	1	441	1	109	1	0	108	332	0.00226757369615	0.00917431192661	25226827	25226837	0	0
tfsite_ed78b87f2ac34556	tflocus_3b2f442bbd8263cb	chr2R	25226827	25226837	2	GA	0	368	0	104	0	0	104	264	0	0	25226827	25226837	0	0
tfsite_7663bf866ac73bd4	tflocus_3b2f442bbd8263cb	chr2R	25226827	25226851	3	CT	2	433	2	84	2	0	82	349	0.00461893764434	0.0238095238095	25226830	25226847	2.5	4.5
tfsite_7663bf866ac73bd4	tflocus_3b2f442bbd8263cb	chr2R	25226827	25226851	3	GA	1	365	1	90	1	0	89	275	0.0027397260274	0.0111111111111	25226827	25226854	0	0
tfsite_6601be9b0d8d0c11	tflocus_4acf4b785c1938ca	chr2R	25226827	25226894	1	CT	1	436	1	40	1	0	39	396	0.00229357798165	0.025	25226831	25226892	0	0
tfsite_6601be9b0d8d0c11	tflocus_4acf4b785c1938ca	chr2R	25226827	25226894	1	GA	1	364	1	43	0	1	43	320	0.00274725274725	0	25226822	25226896	0	0
tfsite_d9755f2ceda1f2e6	tflocus_5540b6bdaa3ec504	chr2R	25226836	25226863	3	CT	2	433	2	73	2	0	71	360	0.00461893764434	0.027397260274	25226836	25226863	0.5	0.5
tfsite_d9755f2ceda1f2e6	tflocus_5540b6bdaa3ec504	chr2R	25226836	25226863	3	GA	2	363	2	75	2	0	73	288	0.00550964187328	0.0266666666667	25226838	25226865	2.5	5
tfsite_9bc1fe358bec06da	tflocus_5540b6bdaa3ec504	chr2R	25226838	25226848	4	CT	1	433	1	91	1	0	90	342	0.00230946882217	0.010989010989	25226838	25226848	0	0
tfsite_9bc1fe358bec06da	tflocus_5540b6bdaa3ec504	chr2R	25226838	25226848	4	GA	0	364	0	102	0	0	102	262	0	0	25226838	25226848	0	0
tfsite_79e16da27f13dbbc	tflocus_5540b6bdaa3ec504	chr2R	25226840	25226855	5	CT	2	431	2	85	2	0	83	346	0.0046403712297	0.0235294117647	25226840	25226855	2.5	2.5
tfsite_79e16da27f13dbbc	tflocus_5540b6bdaa3ec504	chr2R	25226840	25226855	5	GA	0	360	0	87	0	0	87	273	0	0	25226840	25226855	0	0
tfsite_d9c5d04518ee0cdb	tflocus_4acf4b785c1938ca	chr2R	25226842	25226870	2	CT	1	434	1	61	1	0	60	373	0.00230414746544	0.016393442623	25226842	25226870	0	0
tfsite_d9c5d04518ee0cdb	tflocus_4acf4b785c1938ca	chr2R	25226842	25226870	2	GA	2	364	2	73	2	0	71	291	0.00549450549451	0.027397260274	25226842	25226870	5	2.5
tfsite_e379590806802c9b	tflocus_79fe151d6beb8197	chr2R	25226848	25226920	1	CT	0	435	0	26	0	0	26	409	0	0	25226848	25226920	0	0
tfsite_e379590806802c9b	tflocus_79fe151d6beb8197	chr2R	25226848	25226920	1	GA	1	363	1	31	1	0	30	332	0.00275482093664	0.0322580645161	25226848	25226920	0	0
tfsite_4d9295ac426b922b	tflocus_4acf4b785c1938ca	chr2R	25226856	25226874	3	CT	0	441	0	66	0	0	66	375	0	0	25226856	25226874	0	0
tfsite_4d9295ac426b922b	tflocus_4acf4b785c1938ca	chr2R	25226856	25226874	3	GA	1	365	1	79	1	0	78	286	0.0027397260274	0.0126582278481	25226856	25226874	0	0
tfsite_ab3e42955fb123ce	tflocus_89eb5bc729e0bcdf	chr2R	25226856	25226889	1	CT	1	440	1	48	1	0	47	392	0.00227272727273	0.0208333333333	25226861	25226889	0	0
tfsite_ab3e42955fb123ce	tflocus_89eb5bc729e0bcdf	chr2R	25226856	25226889	1	GA	2	363	2	57	2	0	55	306	0.00550964187328	0.0350877192982	25226855	25226893	1.5	3.5
tfsite_16db00edca01d33b	tflocus_cf41391f40543c0c	chr2R	25226856	25226939	1	CT	0	431	0	21	0	0	21	410	0	0	25226856	25226939	0	0
tfsite_16db00edca01d33b	tflocus_cf41391f40543c0c	chr2R	25226856	25226939	1	GA	1	358	1	28	0	1	28	329	0.00279329608939	0	25226856	25226939	0	0
tfsite_d080ea902c31d224	tflocus_79fe151d6beb8197	chr2R	25226860	25226934	2	CT	1	436	1	27	1	0	26	409	0.00229357798165	0.037037037037	25226860	25226934	0	0
tfsite_d080ea902c31d224	tflocus_79fe151d6beb8197	chr2R	25226860	25226934	2	GA	0	362	0	31	0	0	31	331	0	0	25226860	25226934	0	0
tfsite_3066e1b9f66db4ae	tflocus_cf41391f40543c0c	chr2R	25226873	25226939	2	CT	0	432	0	24	0	0	24	408	0	0	25226873	25226939	0	0
tfsite_3066e1b9f66db4ae	tflocus_cf41391f40543c0c	chr2R	25226873	25226939	2	GA	1	356	1	33	1	0	32	323	0.00280898876404	0.030303030303	25226873	25226939	0	0
tfsite_a5f233eaab6f0df0	tflocus_79fe151d6beb8197	chr2R	25226874	25226904	3	CT	0	433	0	61	0	0	61	372	0	0	25226874	25226904	0	0
tfsite_a5f233eaab6f0df0	tflocus_79fe151d6beb8197	chr2R	25226874	25226904	3	GA	2	355	2	43	2	0	41	312	0.0056338028169	0.046511627907	25226874	25226904	0.5	2
tfsite_3d459d153ebe0ce6	tflocus_cf41391f40543c0c	chr2R	25226884	25226929	3	CT	2	435	2	33	2	0	31	402	0.00459770114943	0.0606060606061	25226888	25226925	5	4
tfsite_3d459d153ebe0ce6	tflocus_cf41391f40543c0c	chr2R	25226884	25226929	3	GA	1	357	1	35	1	0	34	322	0.00280112044818	0.0285714285714	25226884	25226931	0	0
tfsite_6743db2c7027c055	tflocus_cf41391f40543c0c	chr2R	25226885	25226915	4	CT	0	432	0	42	0	0	42	390	0	0	25226885	25226915	0	0
tfsite_6743db2c7027c055	tflocus_cf41391f40543c0c	chr2R	25226885	25226915	4	GA	1	348	1	43	1	0	42	305	0.00287356321839	0.0232558139535	25226885	25226915	0	0
tfsite_c5013a3e9b69669f	tflocus_364e6810066c108a	chr2R	25226900	25226941	1	CT	3	430	3	23	3	0	20	407	0.00697674418605	0.130434782609	25226900	25226941	0	1
tfsite_c5013a3e9b69669f	tflocus_364e6810066c108a	chr2R	25226900	25226941	1	GA	2	358	2	39	1	1	38	318	0.00558659217877	0.025641025641	25226893	25226939	4.5	0
tfsite_e0c33ccab435441f	tflocus_7953289f8630a2e6	chr2R	25226908	25226970	1	CT	1	437	1	23	1	0	22	414	0.00228832951945	0.0434782608696	25226908	25226970	0	0
tfsite_e0c33ccab435441f	tflocus_7953289f8630a2e6	chr2R	25226908	25226970	1	GA	0	359	0	19	0	0	19	340	0	0	25226908	25226970	0	0
tfsite_a411da57cd4a18a6	tflocus_7953289f8630a2e6	chr2R	25226914	25226952	2	CT	3	433	3	24	3	0	21	409	0.00692840646651	0.125	25226914	25226952	0	0
tfsite_a411da57cd4a18a6	tflocus_7953289f8630a2e6	chr2R	25226914	25226952	2	GA	0	355	0	28	0	0	28	327	0	0	25226914	25226952	0	0
tfsite_b61909fe615c994e	tflocus_7953289f8630a2e6	chr2R	25226918	25226939	3	CT	0	438	0	29	0	0	29	409	0	0	25226918	25226939	0	0
tfsite_b61909fe615c994e	tflocus_7953289f8630a2e6	chr2R	25226918	25226939	3	GA	6	358	6	43	6	0	37	315	0.0167597765363	0.139534883721	25226918	25226939	0	0
tfsite_4035f92e1c49c41a	tflocus_af44a3ce353adfef	chr2R	25226933	25227013	1	CT	1	443	1	19	1	0	18	424	0.00225733634312	0.0526315789474	25226933	25227013	0	0
tfsite_4035f92e1c49c41a	tflocus_af44a3ce353adfef	chr2R	25226933	25227013	1	GA	0	363	0	9	0	0	9	354	0	0	25226933	25227013	0	0
tfsite_39b5843056c06fbc	tflocus_ecc662c7b752feaf	chr2R	25226940	25226973	1	CT	1	439	1	29	1	0	28	410	0.00227790432802	0.0344827586207	25226940	25226973	0	0
tfsite_39b5843056c06fbc	tflocus_ecc662c7b752feaf	chr2R	25226940	25226973	1	GA	0	360	0	24	0	0	24	336	0	0	25226940	25226973	0	0
tfsite_c089488af7f76ad6	tflocus_af44a3ce353adfef	chr2R	25226950	25226982	2	CT	1	442	1	31	1	0	30	411	0.00226244343891	0.0322580645161	25226953	25226980	0	0
tfsite_c089488af7f76ad6	tflocus_af44a3ce353adfef	chr2R	25226950	25226982	2	GA	1	362	1	27	1	0	26	335	0.00276243093923	0.037037037037	25226947	25226984	0	0
tfsite_14b9216f44c2ed61	tflocus_af44a3ce353adfef	chr2R	25226963	25226985	3	CT	4	443	4	47	4	0	43	396	0.00902934537246	0.0851063829787	25226961	25226986	0	1
tfsite_14b9216f44c2ed61	tflocus_af44a3ce353adfef	chr2R	25226963	25226985	3	GA	3	363	3	29	3	0	26	334	0.00826446280992	0.103448275862	25226965	25226984	0	0
tfsite_739013c3fc1a1fc6	tflocus_582ec01caf60b241	chr2R	25226965	25227022	1	CT	0	442	0	22	0	0	22	420	0	0	25226965	25227022	0	0
tfsite_739013c3fc1a1fc6	tflocus_582ec01caf60b241	chr2R	25226965	25227022	1	GA	2	360	2	18	2	0	16	342	0.00555555555556	0.111111111111	25226965	25227022	0	0
tfsite_60b67392e46517fc	tflocus_1f59e55fbb5a7ae6	chr2R	25226966	25227017	1	CT	1	442	1	27	1	0	26	415	0.00226244343891	0.037037037037	25226966	25227017	0	0
tfsite_60b67392e46517fc	tflocus_1f59e55fbb5a7ae6	chr2R	25226966	25227017	1	GA	0	361	0	18	0	0	18	343	0	0	25226966	25227017	0	0
tfsite_5c725a383cf888fc	tflocus_1f59e55fbb5a7ae6	chr2R	25226973	25226995	2	CT	3	441	3	52	3	0	49	389	0.00680272108844	0.0576923076923	25226973	25226995	2	4
tfsite_5c725a383cf888fc	tflocus_1f59e55fbb5a7ae6	chr2R	25226973	25226995	2	GA	1	361	1	25	1	0	24	336	0.00277008310249	0.04	25226974	25226996	0	0
tfsite_1f7f1f1f047e0ae6	tflocus_582ec01caf60b241	chr2R	25226976	25227023	2	CT	1	440	1	28	1	0	27	412	0.00227272727273	0.0357142857143	25226976	25227023	0	0
tfsite_1f7f1f1f047e0ae6	tflocus_582ec01caf60b241	chr2R	25226976	25227023	2	GA	0	360	0	21	0	0	21	339	0	0	25226976	25227023	0	0
tfsite_d4ebc61a89b5bdf1	tflocus_d48ac893d80deff1	chr2R	25226984	25227053	1	CT	1	442	1	22	1	0	21	420	0.00226244343891	0.0454545454545	25226984	25227053	0	0
tfsite_d4ebc61a89b5bdf1	tflocus_d48ac893d80deff1	chr2R	25226984	25227053	1	GA	0	363	0	14	0	0	14	349	0	0	25226984	25227053	0	0
tfsite_f4ffd40c10d21df7	tflocus_582ec01caf60b241	chr2R	25226986	25227009	3	CT	2	441	2	56	2	0	54	385	0.00453514739229	0.0357142857143	25226983	25227010	3.5	4
tfsite_f4ffd40c10d21df7	tflocus_582ec01caf60b241	chr2R	25226986	25227009	3	GA	1	365	1	26	1	0	25	339	0.0027397260274	0.0384615384615	25226987	25227009	0	0
tfsite_e77637ff0255f0b7	tflocus_d48ac893d80deff1	chr2R	25226989	25227050	2	CT	0	441	0	23	0	0	23	418	0	0	25226989	25227050	0	0
tfsite_e77637ff0255f0b7	tflocus_d48ac893d80deff1	chr2R	25226989	25227050	2	GA	1	363	1	17	1	0	16	346	0.00275482093664	0.0588235294118	25226989	25227050	0	0
tfsite_8cc449ec3e550a04	tflocus_582ec01caf60b241	chr2R	25226992	25227014	4	CT	2	441	2	57	2	0	55	384	0.00453514739229	0.0350877192982	25226988	25227015	0.5	0.5
tfsite_8cc449ec3e550a04	tflocus_582ec01caf60b241	chr2R	25226992	25227014	4	GA	4	364	4	29	4	0	25	335	0.010989010989	0.137931034483	25226992	25227014	2	2
tfsite_49251ffb7f5c25de	tflocus_d48ac893d80deff1	chr2R	25227007	25227029	3	CT	2	437	2	43	2	0	41	394	0.0045766590389	0.046511627907	25227002	25227023	1.5	4.5
tfsite_49251ffb7f5c25de	tflocus_d48ac893d80deff1	chr2R	25227007	25227029	3	GA	4	360	4	31	4	0	27	329	0.0111111111111	0.129032258065	25227007	25227029	0.5	0
tfsite_37205dad9d5fd683	tflocus_d48ac893d80deff1	chr2R	25227008	25227030	4	CT	0	436	0	43	0	0	43	393	0	0	25227008	25227030	0	0
tfsite_37205dad9d5fd683	tflocus_d48ac893d80deff1	chr2R	25227008	25227030	4	GA	1	360	1	31	1	0	30	329	0.00277777777778	0.0322580645161	25227008	25227030	0	0
tfsite_807c7e5c2be726a2	tflocus_d48ac893d80deff1	chr2R	25227014	25227033	5	CT	1	422	1	45	1	0	44	377	0.00236966824645	0.0222222222222	25227015	25227032	0	0
tfsite_807c7e5c2be726a2	tflocus_d48ac893d80deff1	chr2R	25227014	25227033	5	GA	1	346	1	30	1	0	29	316	0.0028901734104	0.0333333333333	25227013	25227034	0	0
tfsite_546ceee7437cb268	tflocus_33ae4534c126367d	chr2R	25227016	25227087	1	CT	2	437	2	17	1	1	16	419	0.0045766590389	0.0588235294118	25227016	25227087	0	0.5
tfsite_546ceee7437cb268	tflocus_33ae4534c126367d	chr2R	25227016	25227087	1	GA	0	361	0	10	0	0	10	351	0	0	25227016	25227087	0	0
tfsite_23a984aa49196114	tflocus_33ae4534c126367d	chr2R	25227017	25227076	2	CT	1	436	1	20	1	0	19	416	0.00229357798165	0.05	25227017	25227076	0	0
tfsite_23a984aa49196114	tflocus_33ae4534c126367d	chr2R	25227017	25227076	2	GA	0	361	1	13	1	0	12	348	0.00277008310249	0.0769230769231	25227017	25227076	0	0
tfsite_762f372e771c1b95	tflocus_8a7d6029fa7dc13d	chr2R	25227019	25227043	1	CT	2	434	2	40	0	2	40	392	0.00460829493088	0	25227019	25227045	4.5	4
tfsite_762f372e771c1b95	tflocus_8a7d6029fa7dc13d	chr2R	25227019	25227043	1	GA	2	356	2	32	2	0	30	324	0.00561797752809	0.0625	25227019	25227041	3	3
tfsite_dfaf148b83be3dbb	tflocus_33ae4534c126367d	chr2R	25227030	25227069	3	CT	2	433	2	23	1	1	22	409	0.00461893764434	0.0434782608696	25227030	25227071	0.5	1.5
tfsite_dfaf148b83be3dbb	tflocus_33ae4534c126367d	chr2R	25227030	25227069	3	GA	1	358	1	21	0	1	21	336	0.00279329608939	0	25227040	25227062	0	0
tfsite_dd91547221f73db8	tflocus_33ae4534c126367d	chr2R	25227033	25227055	4	CT	0	433	0	30	0	0	30	403	0	0	25227033	25227055	0	0
tfsite_dd91547221f73db8	tflocus_33ae4534c126367d	chr2R	25227033	25227055	4	GA	3	356	3	34	3	0	31	322	0.00842696629213	0.0882352941176	25227033	25227055	1	1
tfsite_168a99a29243a85f	tflocus_33ae4534c126367d	chr2R	25227036	25227058	5	CT	0	435	0	30	0	0	30	405	0	0	25227036	25227058	0	0
tfsite_168a99a29243a85f	tflocus_33ae4534c126367d	chr2R	25227036	25227058	5	GA	1	361	1	25	1	0	24	336	0.00277008310249	0.04	25227036	25227058	0	0
tfsite_02e23df83174b43c	tflocus_33ae4534c126367d	chr2R	25227047	25227065	6	CT	2	426	2	28	2	0	26	398	0.00469483568075	0.0714285714286	25227047	25227065	3.5	1
tfsite_02e23df83174b43c	tflocus_33ae4534c126367d	chr2R	25227047	25227065	6	GA	0	353	0	25	0	0	25	328	0	0	25227047	25227065	0	0
tfsite_6de53e9bf7266b21	tflocus_4eab179507485a79	chr2R	25227050	25227121	1	CT	0	431	0	15	0	0	15	416	0	0	25227050	25227121	0	0
tfsite_6de53e9bf7266b21	tflocus_4eab179507485a79	chr2R	25227050	25227121	1	GA	1	358	1	11	1	0	10	347	0.00279329608939	0.0909090909091	25227050	25227121	0	0
tfsite_a0a7d48dde440065	tflocus_4eab179507485a79	chr2R	25227058	25227126	2	CT	0	435	0	18	0	0	18	417	0	0	25227058	25227126	0	0
tfsite_a0a7d48dde440065	tflocus_4eab179507485a79	chr2R	25227058	25227126	2	GA	1	363	1	16	1	0	15	347	0.00275482093664	0.0625	25227058	25227126	0	0
tfsite_bd8760746bcfa5d1	tflocus_4eab179507485a79	chr2R	25227078	25227098	3	CT	1	439	1	27	1	0	26	412	0.00227790432802	0.037037037037	25227078	25227098	0	0
tfsite_bd8760746bcfa5d1	tflocus_4eab179507485a79	chr2R	25227078	25227098	3	GA	0	359	0	23	0	0	23	336	0	0	25227078	25227098	0	0
tfsite_6cfd6ac309ae84e8	tflocus_44e678d16053e88c	chr2R	25227084	25227133	1	CT	0	436	0	21	0	0	21	415	0	0	25227084	25227133	0	0
tfsite_6cfd6ac309ae84e8	tflocus_44e678d16053e88c	chr2R	25227084	25227133	1	GA	1	363	2	17	2	0	15	346	0.00550964187328	0.117647058824	25227084	25227133	0	0
tfsite_e19fb15d056aa1bc	tflocus_44e678d16053e88c	chr2R	25227084	25227146	2	CT	0	436	0	21	0	0	21	415	0	0	25227084	25227146	0	0
tfsite_e19fb15d056aa1bc	tflocus_44e678d16053e88c	chr2R	25227084	25227146	2	GA	1	364	1	14	1	0	13	350	0.00274725274725	0.0714285714286	25227084	25227146	0	0
tfsite_f919952c2042de26	tflocus_ef25617014a37444	chr2R	25227086	25227161	1	CT	1	434	1	19	0	1	19	414	0.00230414746544	0	25227086	25227161	0	0
tfsite_f919952c2042de26	tflocus_ef25617014a37444	chr2R	25227086	25227161	1	GA	0	361	0	14	0	0	14	347	0	0	25227086	25227161	0	0
tfsite_7f32ffa3ede0f698	tflocus_ef25617014a37444	chr2R	25227097	25227148	2	CT	1	440	1	22	1	0	21	418	0.00227272727273	0.0454545454545	25227098	25227146	0	0
tfsite_7f32ffa3ede0f698	tflocus_ef25617014a37444	chr2R	25227097	25227148	2	GA	1	361	1	15	1	0	14	346	0.00277008310249	0.0666666666667	25227096	25227150	0	0
tfsite_998c649e3b67917a	tflocus_44e678d16053e88c	chr2R	25227099	25227117	3	CT	0	440	0	31	0	0	31	409	0	0	25227099	25227117	0	0
tfsite_998c649e3b67917a	tflocus_44e678d16053e88c	chr2R	25227099	25227117	3	GA	1	363	1	28	1	0	27	335	0.00275482093664	0.0357142857143	25227099	25227117	0	0
tfsite_344c7cc7578548cf	tflocus_44e678d16053e88c	chr2R	25227099	25227122	4	CT	0	440	0	29	0	0	29	411	0	0	25227099	25227122	0	0
tfsite_344c7cc7578548cf	tflocus_44e678d16053e88c	chr2R	25227099	25227122	4	GA	1	363	1	24	1	0	23	339	0.00275482093664	0.0416666666667	25227099	25227122	0	0
tfsite_59223f35b4470337	tflocus_ef25617014a37444	chr2R	25227107	25227145	3	CT	1	437	1	27	1	0	26	410	0.00228832951945	0.037037037037	25227107	25227145	0	0
tfsite_59223f35b4470337	tflocus_ef25617014a37444	chr2R	25227107	25227145	3	GA	0	366	0	19	0	0	19	347	0	0	25227107	25227145	0	0
tfsite_03d4947dea8df487	tflocus_ef25617014a37444	chr2R	25227109	25227123	4	CT	0	441	0	39	0	0	39	402	0	0	25227109	25227123	0	0
tfsite_03d4947dea8df487	tflocus_ef25617014a37444	chr2R	25227109	25227123	4	GA	1	365	1	29	1	0	28	336	0.0027397260274	0.0344827586207	25227109	25227123	0	0
tfsite_ff2d28f8daad9436	tflocus_c094bd83466d009c	chr2R	25227109	25227180	1	CT	1	439	1	22	1	0	21	417	0.00227790432802	0.0454545454545	25227109	25227180	0	0
tfsite_ff2d28f8daad9436	tflocus_c094bd83466d009c	chr2R	25227109	25227180	1	GA	0	364	0	17	0	0	17	347	0	0	25227109	25227180	0	0
tfsite_dc1e3f105d18d183	tflocus_fce6edf1aaf8909a	chr2R	25227113	25227164	1	CT	0	440	0	23	0	0	23	417	0	0	25227113	25227164	0	0
tfsite_dc1e3f105d18d183	tflocus_fce6edf1aaf8909a	chr2R	25227113	25227164	1	GA	1	365	1	20	1	0	19	345	0.0027397260274	0.05	25227113	25227164	0	0
tfsite_4ee14b10af5ef09b	tflocus_c094bd83466d009c	chr2R	25227121	25227169	2	CT	1	437	1	32	1	0	31	405	0.00228832951945	0.03125	25227122	25227167	0	0
tfsite_4ee14b10af5ef09b	tflocus_c094bd83466d009c	chr2R	25227121	25227169	2	GA	1	364	1	19	1	0	18	345	0.00274725274725	0.0526315789474	25227119	25227170	0	0
tfsite_56d405f4a66cb87d	tflocus_c094bd83466d009c	chr2R	25227122	25227180	3	CT	2	437	2	34	2	0	32	403	0.0045766590389	0.0588235294118	25227122	25227180	0	0
tfsite_56d405f4a66cb87d	tflocus_c094bd83466d009c	chr2R	25227122	25227180	3	GA	1	362	1	18	1	0	17	344	0.00276243093923	0.0555555555556	25227119	25227181	0	0
tfsite_e7e10bc98f05a89e	tflocus_fce6edf1aaf8909a	chr2R	25227123	25227148	2	CT	1	439	1	43	1	0	42	396	0.00227790432802	0.0232558139535	25227120	25227151	0	0
tfsite_e7e10bc98f05a89e	tflocus_fce6edf1aaf8909a	chr2R	25227123	25227148	2	GA	1	366	1	20	1	0	19	346	0.00273224043716	0.05	25227125	25227145	0	0
tfsite_a5cedb91662149ac	tflocus_c9ba799edf720aaf	chr2R	25227127	25227196	1	CT	2	436	2	30	2	0	28	406	0.0045871559633	0.0666666666667	25227127	25227196	1.5	5
tfsite_a5cedb91662149ac	tflocus_c9ba799edf720aaf	chr2R	25227127	25227196	1	GA	0	362	0	18	0	0	18	344	0	0	25227127	25227196	0	0
tfsite_b75bc6dccf9129da	tflocus_fce6edf1aaf8909a	chr2R	25227131	25227149	3	CT	0	437	0	49	0	0	49	388	0	0	25227131	25227149	0	0
tfsite_b75bc6dccf9129da	tflocus_fce6edf1aaf8909a	chr2R	25227131	25227149	3	GA	1	364	1	24	1	0	23	340	0.00274725274725	0.0416666666667	25227131	25227149	0	0
tfsite_a6d11469f2ba758d	tflocus_c9ba799edf720aaf	chr2R	25227135	25227175	2	CT	0	437	0	41	0	0	41	396	0	0	25227135	25227175	0	0
tfsite_a6d11469f2ba758d	tflocus_c9ba799edf720aaf	chr2R	25227135	25227175	2	GA	1	363	1	22	1	0	21	341	0.00275482093664	0.0454545454545	25227135	25227175	0	0
tfsite_449b551213feca36	tflocus_37d270c8c0ae4b58	chr2R	25227142	25227203	1	CT	1	440	1	36	1	0	35	404	0.00227272727273	0.0277777777778	25227142	25227203	0	0
tfsite_449b551213feca36	tflocus_37d270c8c0ae4b58	chr2R	25227142	25227203	1	GA	0	365	0	22	0	0	22	343	0	0	25227142	25227203	0	0
tfsite_34750652da77ab23	tflocus_37d270c8c0ae4b58	chr2R	25227150	25227211	2	CT	1	439	1	45	1	0	44	394	0.00227790432802	0.0222222222222	25227150	25227211	0	0
tfsite_34750652da77ab23	tflocus_37d270c8c0ae4b58	chr2R	25227150	25227211	2	GA	0	364	0	24	0	0	24	340	0	0	25227150	25227211	0	0
tfsite_8e5406fe99136a7f	tflocus_37d270c8c0ae4b58	chr2R	25227167	25227178	3	CT	6	437	6	69	6	0	63	368	0.0137299771167	0.0869565217391	25227167	25227178	0	0
tfsite_8e5406fe99136a7f	tflocus_37d270c8c0ae4b58	chr2R	25227167	25227178	3	GA	0	365	0	61	0	0	61	304	0	0	25227167	25227178	0	0
tfsite_979a9132dfeb2f82	tflocus_37d270c8c0ae4b58	chr2R	25227167	25227181	4	CT	4	436	4	65	4	0	61	371	0.00917431192661	0.0615384615385	25227167	25227181	1	0.5
tfsite_979a9132dfeb2f82	tflocus_37d270c8c0ae4b58	chr2R	25227167	25227181	4	GA	1	363	1	59	1	0	58	304	0.00275482093664	0.0169491525424	25227169	25227179	0	0
tfsite_192d15c20bebfaea	tflocus_095993e4638a126c	chr2R	25227171	25227232	1	CT	1	437	1	58	1	0	57	379	0.00228832951945	0.0172413793103	25227171	25227232	0	0
tfsite_192d15c20bebfaea	tflocus_095993e4638a126c	chr2R	25227171	25227232	1	GA	0	365	0	52	0	0	52	313	0	0	25227171	25227232	0	0
tfsite_e0d573dd0d53e7b7	tflocus_253e65964ca75f4c	chr2R	25227176	25227195	1	CT	3	435	3	75	3	0	72	360	0.00689655172414	0.04	25227176	25227195	0	1
tfsite_e0d573dd0d53e7b7	tflocus_253e65964ca75f4c	chr2R	25227176	25227195	1	GA	0	359	0	63	0	0	63	296	0	0	25227176	25227195	0	0
tfsite_22337c9c5fdd8ebc	tflocus_253e65964ca75f4c	chr2R	25227177	25227186	2	CT	1	437	1	84	1	0	83	353	0.00228832951945	0.0119047619048	25227177	25227186	0	0
tfsite_22337c9c5fdd8ebc	tflocus_253e65964ca75f4c	chr2R	25227177	25227186	2	GA	0	362	0	67	0	0	67	295	0	0	25227177	25227186	0	0
tfsite_1d9979b12534c758	tflocus_253e65964ca75f4c	chr2R	25227184	25227201	3	CT	4	435	4	87	4	0	83	348	0.00919540229885	0.0459770114943	25227184	25227201	1.5	0.5
tfsite_1d9979b12534c758	tflocus_253e65964ca75f4c	chr2R	25227184	25227201	3	GA	0	359	0	73	0	0	73	286	0	0	25227184	25227201	0	0
tfsite_8bb71db24c391de2	tflocus_095993e4638a126c	chr2R	25227185	25227234	2	CT	1	433	1	76	1	0	75	357	0.00230946882217	0.0131578947368	25227185	25227234	0	0
tfsite_8bb71db24c391de2	tflocus_095993e4638a126c	chr2R	25227185	25227234	2	GA	0	364	0	63	0	0	63	301	0	0	25227185	25227234	0	0
tfsite_0172cc5bdc642938	tflocus_095993e4638a126c	chr2R	25227188	25227234	3	CT	1	435	1	77	1	0	76	358	0.00229885057471	0.012987012987	25227188	25227234	0	0
tfsite_0172cc5bdc642938	tflocus_095993e4638a126c	chr2R	25227188	25227234	3	GA	0	363	0	70	0	0	70	293	0	0	25227188	25227234	0	0
tfsite_4e7ea592e4e9e7ce	tflocus_095993e4638a126c	chr2R	25227198	25227204	4	CT	1	441	1	107	1	0	106	334	0.00226757369615	0.00934579439252	25227198	25227204	0	0
tfsite_4e7ea592e4e9e7ce	tflocus_095993e4638a126c	chr2R	25227198	25227204	4	GA	0	366	0	95	0	0	95	271	0	0	25227198	25227204	0	0
tfsite_b18b23db1572f374	tflocus_095993e4638a126c	chr2R	25227198	25227211	5	CT	5	438	5	104	5	0	99	334	0.0114155251142	0.0480769230769	25227198	25227211	1	3
tfsite_b18b23db1572f374	tflocus_095993e4638a126c	chr2R	25227198	25227211	5	GA	0	365	0	93	0	0	93	272	0	0	25227198	25227211	0	0
tfsite_ec207e62dbbff90c	tflocus_095993e4638a126c	chr2R	25227202	25227219	6	CT	3	433	3	108	3	0	105	325	0.00692840646651	0.0277777777778	25227202	25227219	0	1
tfsite_ec207e62dbbff90c	tflocus_095993e4638a126c	chr2R	25227202	25227219	6	GA	0	363	0	91	0	0	91	272	0	0	25227202	25227219	0	0
tfsite_b7bd139d8e061f76	tflocus_095993e4638a126c	chr2R	25227205	25227222	7	CT	3	434	3	111	3	0	108	323	0.00691244239631	0.027027027027	25227205	25227222	0	3
tfsite_b7bd139d8e061f76	tflocus_095993e4638a126c	chr2R	25227205	25227222	7	GA	2	363	2	89	2	0	87	274	0.00550964187328	0.0224719101124	25227205	25227227	2	1.5
tfsite_dad93f7c5f4a3847	tflocus_12a4e42f45594db6	chr2R	25227205	25227251	1	CT	2	426	2	91	2	0	89	335	0.00469483568075	0.021978021978	25227205	25227251	4.5	6
tfsite_dad93f7c5f4a3847	tflocus_12a4e42f45594db6	chr2R	25227205	25227251	1	GA	0	362	0	80	0	0	80	282	0	0	25227205	25227251	0	0
tfsite_ef585dca609f1100	tflocus_6fffd5b34f293244	chr2R	25227215	25227290	1	CT	1	431	1	81	1	0	80	350	0.00232018561485	0.0123456790123	25227215	25227290	0	0
tfsite_ef585dca609f1100	tflocus_6fffd5b34f293244	chr2R	25227215	25227290	1	GA	0	359	0	75	0	0	75	284	0	0	25227215	25227290	0	0
tfsite_d8984b340e293f1c	tflocus_12a4e42f45594db6	chr2R	25227218	25227233	2	CT	2	433	2	117	2	0	115	316	0.00461893764434	0.017094017094	25227218	25227233	5	2
tfsite_d8984b340e293f1c	tflocus_12a4e42f45594db6	chr2R	25227218	25227233	2	GA	0	358	0	108	0	0	108	250	0	0	25227218	25227233	0	0
tfsite_64ae807c85c671de	tflocus_12a4e42f45594db6	chr2R	25227221	25227248	3	CT	1	421	1	108	1	0	107	313	0.00237529691211	0.00925925925926	25227221	25227238	0	0
tfsite_64ae807c85c671de	tflocus_12a4e42f45594db6	chr2R	25227221	25227248	3	GA	3	354	3	108	3	0	105	246	0.00847457627119	0.0277777777778	25227221	25227248	1	1
tfsite_166d3bfd7fc7d9bc	tflocus_9cda4ee2b3e687c1	chr2R	25227221	25227303	1	CT	0	434	0	87	0	0	87	347	0	0	25227221	25227303	0	0
tfsite_166d3bfd7fc7d9bc	tflocus_9cda4ee2b3e687c1	chr2R	25227221	25227303	1	GA	1	362	1	83	1	0	82	279	0.00276243093923	0.0120481927711	25227221	25227303	0	0
tfsite_4d65e47d592af265	tflocus_6fffd5b34f293244	chr2R	25227222	25227261	2	CT	1	411	1	99	1	0	98	312	0.00243309002433	0.010101010101	25227222	25227261	0	0
tfsite_4d65e47d592af265	tflocus_6fffd5b34f293244	chr2R	25227222	25227261	2	GA	0	346	0	95	0	0	95	251	0	0	25227222	25227261	0	0
tfsite_dcb2eae203674543	tflocus_6fffd5b34f293244	chr2R	25227222	25227276	3	CT	1	427	1	93	1	0	92	334	0.00234192037471	0.010752688172	25227222	25227276	0	0
tfsite_dcb2eae203674543	tflocus_6fffd5b34f293244	chr2R	25227222	25227276	3	GA	0	358	0	90	0	0	90	268	0	0	25227222	25227276	0	0
tfsite_7b1b39bbfd0671b5	tflocus_6fffd5b34f293244	chr2R	25227235	25227265	4	CT	1	413	1	122	1	0	121	291	0.00242130750605	0.00819672131148	25227235	25227265	0	0
tfsite_7b1b39bbfd0671b5	tflocus_6fffd5b34f293244	chr2R	25227235	25227265	4	GA	0	347	0	107	0	0	107	240	0	0	25227235	25227265	0	0
tfsite_00eeb469617ffcae	tflocus_df5eeb221ad6baff	chr2R	25227235	25227320	1	CT	1	424	1	90	0	1	90	333	0.00235849056604	0	25227235	25227320	0	0
tfsite_00eeb469617ffcae	tflocus_df5eeb221ad6baff	chr2R	25227235	25227320	1	GA	0	358	0	78	0	0	78	280	0	0	25227235	25227320	0	0
tfsite_d22912b5336a75a2	tflocus_6fffd5b34f293244	chr2R	25227236	25227258	5	CT	2	420	2	130	2	0	128	290	0.0047619047619	0.0153846153846	25227236	25227259	4.5	2
tfsite_d22912b5336a75a2	tflocus_6fffd5b34f293244	chr2R	25227236	25227258	5	GA	1	353	1	115	1	0	114	238	0.0028328611898	0.00869565217391	25227236	25227258	0	0
tfsite_44722b3691876250	tflocus_9cda4ee2b3e687c1	chr2R	25227237	25227303	2	CT	0	431	0	104	0	0	104	327	0	0	25227237	25227303	0	0
tfsite_44722b3691876250	tflocus_9cda4ee2b3e687c1	chr2R	25227237	25227303	2	GA	1	360	2	93	2	0	91	267	0.00555555555556	0.0215053763441	25227237	25227303	0	0
tfsite_c639b3f47c0c535d	tflocus_9cda4ee2b3e687c1	chr2R	25227241	25227281	3	CT	0	429	0	111	0	0	111	318	0	0	25227241	25227281	0	0
tfsite_c639b3f47c0c535d	tflocus_9cda4ee2b3e687c1	chr2R	25227241	25227281	3	GA	1	356	1	108	1	0	107	248	0.00280898876404	0.00925925925926	25227241	25227281	0	0
tfsite_e88f1972d9e0c1c4	tflocus_df5eeb221ad6baff	chr2R	25227242	25227307	2	CT	2	424	2	101	2	0	99	323	0.00471698113208	0.019801980198	25227242	25227307	3	1.5
tfsite_e88f1972d9e0c1c4	tflocus_df5eeb221ad6baff	chr2R	25227242	25227307	2	GA	0	358	0	91	0	0	91	267	0	0	25227242	25227307	0	0
tfsite_13ef74fb466a7436	tflocus_9cda4ee2b3e687c1	chr2R	25227244	25227283	4	CT	0	430	0	118	0	0	118	312	0	0	25227244	25227283	0	0
tfsite_13ef74fb466a7436	tflocus_9cda4ee2b3e687c1	chr2R	25227244	25227283	4	GA	3	351	3	98	3	0	95	253	0.00854700854701	0.030612244898	25227244	25227283	2	1
tfsite_6ac85d9610c23f70	tflocus_6fffd5b34f293244	chr2R	25227245	25227261	6	CT	0	418	0	146	0	0	146	272	0	0	25227245	25227261	0	0
tfsite_6ac85d9610c23f70	tflocus_6fffd5b34f293244	chr2R	25227245	25227261	6	GA	1	349	1	119	1	0	118	230	0.00286532951289	0.00840336134454	25227245	25227261	0	0
tfsite_60a56c8eb8c6f037	tflocus_df5eeb221ad6baff	chr2R	25227248	25227316	3	CT	0	437	0	110	0	0	110	327	0	0	25227248	25227316	0	0
tfsite_60a56c8eb8c6f037	tflocus_df5eeb221ad6baff	chr2R	25227248	25227316	3	GA	1	362	1	91	1	0	90	271	0.00276243093923	0.010989010989	25227248	25227316	0	0
tfsite_1a3d3d93273f7a2c	tflocus_9cda4ee2b3e687c1	chr2R	25227249	25227266	5	CT	0	420	0	146	0	0	146	274	0	0	25227249	25227266	0	0
tfsite_1a3d3d93273f7a2c	tflocus_9cda4ee2b3e687c1	chr2R	25227249	25227266	5	GA	2	353	2	123	2	0	121	230	0.0056657223796	0.0162601626016	25227249	25227266	0	0.5
tfsite_236dfb6312013d29	tflocus_df5eeb221ad6baff	chr2R	25227252	25227308	4	CT	1	428	1	110	1	0	109	318	0.00233644859813	0.00909090909091	25227256	25227304	0	0
tfsite_236dfb6312013d29	tflocus_df5eeb221ad6baff	chr2R	25227252	25227308	4	GA	3	354	3	94	3	0	91	260	0.00847457627119	0.031914893617	25227252	25227308	1	0
tfsite_bb8e5245cade5023	tflocus_9cda4ee2b3e687c1	chr2R	25227255	25227285	6	CT	1	436	1	129	1	0	128	307	0.00229357798165	0.0077519379845	25227255	25227285	0	0
tfsite_bb8e5245cade5023	tflocus_9cda4ee2b3e687c1	chr2R	25227255	25227285	6	GA	0	358	0	102	0	0	102	256	0	0	25227255	25227285	0	0
tfsite_30575e924288d3ba	tflocus_df5eeb221ad6baff	chr2R	25227263	25227303	5	CT	0	431	0	119	0	0	119	312	0	0	25227263	25227303	0	0
tfsite_30575e924288d3ba	tflocus_df5eeb221ad6baff	chr2R	25227263	25227303	5	GA	1	359	1	104	1	0	103	255	0.00278551532033	0.00961538461538	25227263	25227303	0	0
tfsite_3f3570e4353ab7f9	tflocus_88d366cb77669eb7	chr2R	25227265	25227308	1	CT	1	432	1	111	1	0	110	321	0.00231481481481	0.00900900900901	25227264	25227310	0	0
tfsite_3f3570e4353ab7f9	tflocus_88d366cb77669eb7	chr2R	25227265	25227308	1	GA	1	359	1	96	1	0	95	263	0.00278551532033	0.0104166666667	25227266	25227306	0	0
tfsite_2e85f205f5861c8f	tflocus_df5eeb221ad6baff	chr2R	25227266	25227284	6	CT	1	438	1	134	1	0	133	304	0.00228310502283	0.00746268656716	25227266	25227284	0	0
tfsite_2e85f205f5861c8f	tflocus_df5eeb221ad6baff	chr2R	25227266	25227284	6	GA	0	360	0	108	0	0	108	252	0	0	25227266	25227284	0	0
tfsite_18848d09e7944b33	tflocus_df5eeb221ad6baff	chr2R	25227268	25227289	7	CT	1	440	1	134	1	0	133	306	0.00227272727273	0.00746268656716	25227266	25227291	0	0
tfsite_18848d09e7944b33	tflocus_df5eeb221ad6baff	chr2R	25227268	25227289	7	GA	1	364	1	107	1	0	106	257	0.00274725274725	0.00934579439252	25227269	25227286	0	0
tfsite_8d78029e22f3f0cb	tflocus_df5eeb221ad6baff	chr2R	25227278	25227290	8	CT	1	439	1	138	1	0	137	301	0.00227790432802	0.00724637681159	25227278	25227290	0	0
tfsite_8d78029e22f3f0cb	tflocus_df5eeb221ad6baff	chr2R	25227278	25227290	8	GA	0	362	0	111	0	0	111	251	0	0	25227278	25227290	0	0
tfsite_257f694cd9f3e984	tflocus_88d366cb77669eb7	chr2R	25227279	25227301	2	CT	1	414	1	114	1	0	113	300	0.0024154589372	0.00877192982456	25227279	25227301	0	0
tfsite_257f694cd9f3e984	tflocus_88d366cb77669eb7	chr2R	25227279	25227301	2	GA	0	350	0	104	0	0	104	246	0	0	25227279	25227301	0	0
tfsite_533047fd84f7794a	tflocus_f655c66fa00ae2bc	chr2R	25227287	25227317	1	CT	3	410	3	101	3	0	98	309	0.00731707317073	0.029702970297	25227287	25227317	2	2
tfsite_533047fd84f7794a	tflocus_f655c66fa00ae2bc	chr2R	25227287	25227317	1	GA	1	346	1	97	1	0	96	249	0.0028901734104	0.0103092783505	25227282	25227324	0	0
tfsite_f996960856a4e699	tflocus_a3cd817247faf306	chr2R	25227287	25227342	1	CT	0	428	0	91	0	0	91	337	0	0	25227287	25227342	0	0
tfsite_f996960856a4e699	tflocus_a3cd817247faf306	chr2R	25227287	25227342	1	GA	1	355	1	89	1	0	88	266	0.00281690140845	0.0112359550562	25227287	25227342	0	0
tfsite_578aa920ae31b764	tflocus_f655c66fa00ae2bc	chr2R	25227293	25227317	2	CT	1	397	1	93	1	0	92	304	0.00251889168766	0.010752688172	25227291	25227321	0	0
tfsite_578aa920ae31b764	tflocus_f655c66fa00ae2bc	chr2R	25227293	25227317	2	GA	1	346	1	100	1	0	99	246	0.0028901734104	0.01	25227295	25227313	0	0
tfsite_2816cbd03b694228	tflocus_a3cd817247faf306	chr2R	25227294	25227330	2	CT	1	421	1	98	1	0	97	323	0.00237529691211	0.0102040816327	25227296	25227331	0	0
tfsite_2816cbd03b694228	tflocus_a3cd817247faf306	chr2R	25227294	25227330	2	GA	1	347	1	94	1	0	93	253	0.0028818443804	0.0106382978723	25227292	25227329	0	0
tfsite_cc9021ea8081c8a0	tflocus_f655c66fa00ae2bc	chr2R	25227295	25227306	3	CT	1	402	1	111	1	0	110	291	0.00248756218905	0.00900900900901	25227295	25227306	0	0
tfsite_cc9021ea8081c8a0	tflocus_f655c66fa00ae2bc	chr2R	25227295	25227306	3	GA	0	337	0	107	0	0	107	230	0	0	25227295	25227306	0	0
tfsite_dabcdcf025a79f86	tflocus_9001b8688125efc3	chr2R	25227303	25227383	1	CT	1	436	1	90	1	0	89	346	0.00229357798165	0.0111111111111	25227303	25227383	0	0
tfsite_dabcdcf025a79f86	tflocus_9001b8688125efc3	chr2R	25227303	25227383	1	GA	0	360	0	80	0	0	80	280	0	0	25227303	25227383	0	0
tfsite_ec9ee47e9485e607	tflocus_a3cd817247faf306	chr2R	25227306	25227334	3	CT	3	430	2	107	2	0	105	323	0.0046511627907	0.018691588785	25227306	25227334	4	3
tfsite_ec9ee47e9485e607	tflocus_a3cd817247faf306	chr2R	25227306	25227334	3	GA	0	357	0	101	0	0	101	256	0	0	25227306	25227334	0	0
tfsite_455dc5d910c82d30	tflocus_9001b8688125efc3	chr2R	25227309	25227340	2	CT	0	429	0	99	0	0	99	330	0	0	25227309	25227340	0	0
tfsite_455dc5d910c82d30	tflocus_9001b8688125efc3	chr2R	25227309	25227340	2	GA	1	355	1	100	1	0	99	255	0.00281690140845	0.01	25227309	25227340	0	0
tfsite_c7c2813d485e79e8	tflocus_9001b8688125efc3	chr2R	25227311	25227359	3	CT	0	426	0	100	0	0	100	326	0	0	25227311	25227359	0	0
tfsite_c7c2813d485e79e8	tflocus_9001b8688125efc3	chr2R	25227311	25227359	3	GA	1	352	1	92	1	0	91	260	0.00284090909091	0.0108695652174	25227311	25227359	0	0
tfsite_75e4f3606ae09900	tflocus_a3cd817247faf306	chr2R	25227313	25227322	4	CT	1	431	1	112	1	0	111	319	0.00232018561485	0.00892857142857	25227313	25227322	0	0
tfsite_75e4f3606ae09900	tflocus_a3cd817247faf306	chr2R	25227313	25227322	4	GA	0	359	0	108	0	0	108	251	0	0	25227313	25227322	0	0
tfsite_35116779234e897c	tflocus_a3cd817247faf306	chr2R	25227316	25227330	5	CT	2	434	2	112	2	0	110	322	0.00460829493088	0.0178571428571	25227316	25227330	1	1.5
tfsite_35116779234e897c	tflocus_a3cd817247faf306	chr2R	25227316	25227330	5	GA	0	357	0	106	0	0	106	251	0	0	25227316	25227330	0	0
tfsite_dce4571d80c6b0bf	tflocus_f5919bf4d45620c3	chr2R	25227320	25227387	1	CT	1	431	1	89	1	0	88	342	0.00232018561485	0.0112359550562	25227320	25227387	0	0
tfsite_dce4571d80c6b0bf	tflocus_f5919bf4d45620c3	chr2R	25227320	25227387	1	GA	0	352	0	82	0	0	82	270	0	0	25227320	25227387	0	0
tfsite_b7e1f77b5d4f24aa	tflocus_f5919bf4d45620c3	chr2R	25227321	25227366	2	CT	1	430	1	99	1	0	98	331	0.00232558139535	0.010101010101	25227321	25227366	0	0
tfsite_b7e1f77b5d4f24aa	tflocus_f5919bf4d45620c3	chr2R	25227321	25227366	2	GA	0	355	0	93	0	0	93	262	0	0	25227321	25227366	0	0
tfsite_b326349c78c41560	tflocus_9001b8688125efc3	chr2R	25227325	25227338	4	CT	7	436	7	109	7	0	102	327	0.0160550458716	0.0642201834862	25227325	25227338	1	3
tfsite_b326349c78c41560	tflocus_9001b8688125efc3	chr2R	25227325	25227338	4	GA	0	358	0	100	0	0	100	258	0	0	25227325	25227338	0	0
tfsite_4d14e9d451e64e5d	tflocus_9001b8688125efc3	chr2R	25227333	25227343	5	CT	6	440	6	107	6	0	101	333	0.0136363636364	0.0560747663551	25227333	25227343	1	1
tfsite_4d14e9d451e64e5d	tflocus_9001b8688125efc3	chr2R	25227333	25227343	5	GA	0	363	0	107	0	0	107	256	0	0	25227333	25227343	0	0
tfsite_d65f52b0ac3e465c	tflocus_f5919bf4d45620c3	chr2R	25227336	25227355	3	CT	2	313	3	85	3	0	82	228	0.00958466453674	0.0352941176471	25227336	25227355	2	0.5
tfsite_d65f52b0ac3e465c	tflocus_f5919bf4d45620c3	chr2R	25227336	25227355	3	GA	0	270	0	89	0	0	89	181	0	0	25227336	25227355	0	0
tfsite_648a2b759721c7eb	tflocus_f5919bf4d45620c3	chr2R	25227338	25227363	4	CT	5	412	5	103	5	0	98	309	0.0121359223301	0.0485436893204	25227338	25227363	1	0
tfsite_648a2b759721c7eb	tflocus_f5919bf4d45620c3	chr2R	25227338	25227363	4	GA	0	346	0	100	0	0	100	246	0	0	25227338	25227363	0	0
tfsite_3cbf78ee8c3a68c6	tflocus_37975db974901dd5	chr2R	25227342	25227411	1	CT	1	434	1	82	1	0	81	352	0.00230414746544	0.0121951219512	25227342	25227411	0	0
tfsite_3cbf78ee8c3a68c6	tflocus_37975db974901dd5	chr2R	25227342	25227411	1	GA	0	355	0	77	0	0	77	278	0	0	25227342	25227411	0	0
tfsite_e7a519f7824a10ad	tflocus_6492e5926c7d6b4b	chr2R	25227344	25227394	1	CT	0	428	0	89	0	0	89	339	0	0	25227344	25227394	0	0
tfsite_e7a519f7824a10ad	tflocus_6492e5926c7d6b4b	chr2R	25227344	25227394	1	GA	1	353	1	82	0	1	82	270	0.0028328611898	0	25227344	25227394	0	0
tfsite_e8ca35e068834509	tflocus_f5919bf4d45620c3	chr2R	25227351	25227360	5	CT	1	435	1	109	1	0	108	326	0.00229885057471	0.00917431192661	25227351	25227360	0	0
tfsite_e8ca35e068834509	tflocus_f5919bf4d45620c3	chr2R	25227351	25227360	5	GA	0	359	0	106	0	0	106	253	0	0	25227351	25227360	0	0
tfsite_a5d62b8b9508b68a	tflocus_6492e5926c7d6b4b	chr2R	25227354	25227370	2	CT	5	441	5	106	5	0	101	335	0.0113378684807	0.0471698113208	25227354	25227370	1	2
tfsite_a5d62b8b9508b68a	tflocus_6492e5926c7d6b4b	chr2R	25227354	25227370	2	GA	1	360	1	103	1	0	102	257	0.00277777777778	0.00970873786408	25227345	25227374	0	0
tfsite_77a7c55060f57446	tflocus_6492e5926c7d6b4b	chr2R	25227354	25227383	3	CT	3	439	3	100	3	0	97	339	0.00683371298405	0.03	25227354	25227383	1	0
tfsite_77a7c55060f57446	tflocus_6492e5926c7d6b4b	chr2R	25227354	25227383	3	GA	2	360	2	92	2	0	90	268	0.00555555555556	0.0217391304348	25227354	25227380	0.5	0.5
tfsite_3374284ddb5f7849	tflocus_37975db974901dd5	chr2R	25227354	25227425	2	CT	2	432	2	73	1	1	72	358	0.00462962962963	0.013698630137	25227354	25227425	6	6
tfsite_3374284ddb5f7849	tflocus_37975db974901dd5	chr2R	25227354	25227425	2	GA	0	352	0	76	0	0	76	276	0	0	25227354	25227425	0	0
tfsite_2b5c297e32916856	tflocus_37975db974901dd5	chr2R	25227356	25227403	3	CT	1	435	1	89	1	0	88	346	0.00229885057471	0.0112359550562	25227358	25227401	0	0
tfsite_2b5c297e32916856	tflocus_37975db974901dd5	chr2R	25227356	25227403	3	GA	1	357	1	82	1	0	81	275	0.00280112044818	0.0121951219512	25227353	25227405	0	0
tfsite_05c46419e8ab8b30	tflocus_37975db974901dd5	chr2R	25227360	25227396	4	CT	2	435	2	95	1	1	94	339	0.00459770114943	0.0105263157895	25227363	25227394	2.5	2.5
tfsite_05c46419e8ab8b30	tflocus_37975db974901dd5	chr2R	25227360	25227396	4	GA	1	354	1	85	1	0	84	269	0.00282485875706	0.0117647058824	25227357	25227397	0	0
tfsite_8651fa9f8bedea31	tflocus_37975db974901dd5	chr2R	25227360	25227415	5	CT	1	434	1	80	1	0	79	354	0.00230414746544	0.0125	25227360	25227415	0	0
tfsite_8651fa9f8bedea31	tflocus_37975db974901dd5	chr2R	25227360	25227415	5	GA	0	356	0	81	0	0	81	275	0	0	25227360	25227415	0	0
tfsite_ee6cb36cf84955ef	tflocus_6492e5926c7d6b4b	chr2R	25227361	25227379	4	CT	1	440	1	111	1	0	110	329	0.00227272727273	0.00900900900901	25227362	25227378	0	0
tfsite_ee6cb36cf84955ef	tflocus_6492e5926c7d6b4b	chr2R	25227361	25227379	4	GA	1	361	1	101	1	0	100	260	0.00277008310249	0.00990099009901	25227360	25227379	0	0
tfsite_cb300c4c4dec0d79	tflocus_37975db974901dd5	chr2R	25227366	25227384	6	CT	7	440	7	110	7	0	103	330	0.0159090909091	0.0636363636364	25227366	25227384	2	0
tfsite_cb300c4c4dec0d79	tflocus_37975db974901dd5	chr2R	25227366	25227384	6	GA	0	362	0	95	0	0	95	267	0	0	25227366	25227384	0	0
tfsite_94981270d6c451ff	tflocus_37975db974901dd5	chr2R	25227367	25227400	7	CT	2	435	2	100	2	0	98	335	0.00459770114943	0.02	25227364	25227404	6	5
tfsite_94981270d6c451ff	tflocus_37975db974901dd5	chr2R	25227367	25227400	7	GA	1	356	1	85	1	0	84	271	0.00280898876404	0.0117647058824	25227367	25227400	0	0
tfsite_d6ce85cddf994664	tflocus_37975db974901dd5	chr2R	25227368	25227393	8	CT	4	437	4	103	3	1	100	333	0.0091533180778	0.0291262135922	25227368	25227393	2.5	3
tfsite_d6ce85cddf994664	tflocus_37975db974901dd5	chr2R	25227368	25227393	8	GA	0	360	0	90	0	0	90	270	0	0	25227368	25227393	0	0
tfsite_d6dcb635984e151d	tflocus_ac10e6c9ce90faa5	chr2R	25227370	25227427	1	CT	0	435	0	82	0	0	82	353	0	0	25227370	25227427	0	0
tfsite_d6dcb635984e151d	tflocus_ac10e6c9ce90faa5	chr2R	25227370	25227427	1	GA	1	358	1	81	1	0	80	277	0.00279329608939	0.0123456790123	25227370	25227427	0	0
tfsite_86892f0bc39279f1	tflocus_37975db974901dd5	chr2R	25227372	25227382	9	CT	1	440	1	115	1	0	114	325	0.00227272727273	0.00869565217391	25227372	25227382	0	0
tfsite_86892f0bc39279f1	tflocus_37975db974901dd5	chr2R	25227372	25227382	9	GA	0	363	0	105	0	0	105	258	0	0	25227372	25227382	0	0
tfsite_84a6adabafed0f9d	tflocus_37975db974901dd5	chr2R	25227373	25227384	10	CT	1	440	1	116	1	0	115	324	0.00227272727273	0.00862068965517	25227373	25227384	0	0
tfsite_84a6adabafed0f9d	tflocus_37975db974901dd5	chr2R	25227373	25227384	10	GA	0	364	0	98	0	0	98	266	0	0	25227373	25227384	0	0
tfsite_b6f12ef41b966571	tflocus_37975db974901dd5	chr2R	25227374	25227403	11	CT	1	435	1	102	1	0	101	333	0.00229885057471	0.00980392156863	25227374	25227403	0	0
tfsite_b6f12ef41b966571	tflocus_37975db974901dd5	chr2R	25227374	25227403	11	GA	0	357	0	86	0	0	86	271	0	0	25227374	25227403	0	0
tfsite_d443b03d02349028	tflocus_ac10e6c9ce90faa5	chr2R	25227374	25227413	2	CT	0	433	0	90	0	0	90	343	0	0	25227374	25227413	0	0
tfsite_d443b03d02349028	tflocus_ac10e6c9ce90faa5	chr2R	25227374	25227413	2	GA	2	357	2	85	2	0	83	272	0.00560224089636	0.0235294117647	25227374	25227413	1.5	1
tfsite_9135de782f21a7c5	tflocus_37975db974901dd5	chr2R	25227375	25227385	12	CT	0	440	0	114	0	0	114	326	0	0	25227375	25227385	0	0
tfsite_9135de782f21a7c5	tflocus_37975db974901dd5	chr2R	25227375	25227385	12	GA	1	364	1	97	1	0	96	267	0.00274725274725	0.0103092783505	25227375	25227385	0	0
tfsite_6e22b25fb87e748f	tflocus_37975db974901dd5	chr2R	25227377	25227388	13	CT	3	438	3	113	3	0	110	325	0.00684931506849	0.0265486725664	25227377	25227388	2	1
tfsite_6e22b25fb87e748f	tflocus_37975db974901dd5	chr2R	25227377	25227388	13	GA	1	359	1	94	1	0	93	265	0.00278551532033	0.0106382978723	25227370	25227394	0	0
tfsite_ff68189f1e91730d	tflocus_37975db974901dd5	chr2R	25227378	25227402	14	CT	0	435	0	103	0	0	103	332	0	0	25227378	25227402	0	0
tfsite_ff68189f1e91730d	tflocus_37975db974901dd5	chr2R	25227378	25227402	14	GA	1	359	1	88	1	0	87	271	0.00278551532033	0.0113636363636	25227378	25227402	0	0
tfsite_fa86fd68ecf3f6a0	tflocus_ac10e6c9ce90faa5	chr2R	25227378	25227406	3	CT	0	432	0	100	0	0	100	332	0	0	25227378	25227406	0	0
tfsite_fa86fd68ecf3f6a0	tflocus_ac10e6c9ce90faa5	chr2R	25227378	25227406	3	GA	3	357	3	86	3	0	83	271	0.00840336134454	0.0348837209302	25227378	25227406	3	2
tfsite_cd408d70740df31b	tflocus_fe55831af54644ee	chr2R	25227380	25227440	1	CT	1	438	1	81	1	0	80	357	0.00228310502283	0.0123456790123	25227380	25227440	0	0
tfsite_cd408d70740df31b	tflocus_fe55831af54644ee	chr2R	25227380	25227440	1	GA	0	362	0	80	0	0	80	282	0	0	25227380	25227440	0	0
tfsite_8cf8620c7d019d03	tflocus_37975db974901dd5	chr2R	25227382	25227390	15	CT	2	437	2	117	2	0	115	320	0.0045766590389	0.017094017094	25227378	25227396	1.5	3.5
tfsite_8cf8620c7d019d03	tflocus_37975db974901dd5	chr2R	25227382	25227390	15	GA	3	360	3	99	3	0	96	261	0.00833333333333	0.030303030303	25227382	25227390	1	1
tfsite_881b9b88c34670ff	tflocus_04b04c9f7a5c1de7	chr2R	25227382	25227469	1	CT	0	436	0	65	0	0	65	371	0	0	25227382	25227469	0	0
tfsite_881b9b88c34670ff	tflocus_04b04c9f7a5c1de7	chr2R	25227382	25227469	1	GA	1	362	1	71	0	1	71	290	0.00276243093923	0	25227382	25227469	0	0
tfsite_b75fafe958b6252b	tflocus_fe55831af54644ee	chr2R	25227383	25227440	2	CT	0	435	0	82	0	0	82	353	0	0	25227383	25227440	0	0
tfsite_b75fafe958b6252b	tflocus_fe55831af54644ee	chr2R	25227383	25227440	2	GA	1	359	1	82	1	0	81	277	0.00278551532033	0.0121951219512	25227383	25227440	0	0
tfsite_26bf18d7065de20a	tflocus_ac10e6c9ce90faa5	chr2R	25227386	25227419	4	CT	0	433	0	93	0	0	93	340	0	0	25227386	25227419	0	0
tfsite_26bf18d7065de20a	tflocus_ac10e6c9ce90faa5	chr2R	25227386	25227419	4	GA	1	355	1	88	1	0	87	267	0.00281690140845	0.0113636363636	25227386	25227419	0	0
tfsite_ac8481112272c5f9	tflocus_04b04c9f7a5c1de7	chr2R	25227386	25227457	2	CT	0	434	0	72	0	0	72	362	0	0	25227386	25227457	0	0
tfsite_ac8481112272c5f9	tflocus_04b04c9f7a5c1de7	chr2R	25227386	25227457	2	GA	1	356	1	75	0	1	75	280	0.00280898876404	0	25227386	25227457	0	0
tfsite_f2e54b48a744ea65	tflocus_ac10e6c9ce90faa5	chr2R	25227387	25227400	5	CT	2	436	2	114	2	0	112	322	0.0045871559633	0.0175438596491	25227387	25227400	1.5	1.5
tfsite_f2e54b48a744ea65	tflocus_ac10e6c9ce90faa5	chr2R	25227387	25227400	5	GA	0	357	0	93	0	0	93	264	0	0	25227387	25227400	0	0
tfsite_135e3360f25459da	tflocus_ac10e6c9ce90faa5	chr2R	25227390	25227422	6	CT	0	435	0	100	0	0	100	335	0	0	25227390	25227422	0	0
tfsite_135e3360f25459da	tflocus_ac10e6c9ce90faa5	chr2R	25227390	25227422	6	GA	1	360	1	90	1	0	89	270	0.00277777777778	0.0111111111111	25227390	25227422	0	0
tfsite_dc995be820e32821	tflocus_ac10e6c9ce90faa5	chr2R	25227393	25227404	7	CT	1	436	1	117	1	0	116	319	0.00229357798165	0.00854700854701	25227390	25227406	0	0
tfsite_dc995be820e32821	tflocus_ac10e6c9ce90faa5	chr2R	25227393	25227404	7	GA	1	360	1	96	1	0	95	264	0.00277777777778	0.0104166666667	25227395	25227402	0	0
tfsite_27231411f64778bb	tflocus_ac10e6c9ce90faa5	chr2R	25227394	25227407	8	CT	2	432	2	113	2	0	111	319	0.00462962962963	0.0176991150442	25227392	25227411	3.5	6
tfsite_27231411f64778bb	tflocus_ac10e6c9ce90faa5	chr2R	25227394	25227407	8	GA	3	358	3	94	3	0	91	264	0.00837988826816	0.031914893617	25227394	25227407	1	1
tfsite_054f9a6bb874f26a	tflocus_fe55831af54644ee	chr2R	25227396	25227424	3	CT	0	435	0	98	0	0	98	337	0	0	25227396	25227424	0	0
tfsite_054f9a6bb874f26a	tflocus_fe55831af54644ee	chr2R	25227396	25227424	3	GA	1	362	1	90	1	0	89	272	0.00276243093923	0.0111111111111	25227396	25227424	0	0
tfsite_a0b0e5cdcac9a8f1	tflocus_ac10e6c9ce90faa5	chr2R	25227397	25227412	9	CT	2	432	2	105	2	0	103	327	0.00462962962963	0.0190476190476	25227397	25227412	2	2.5
tfsite_a0b0e5cdcac9a8f1	tflocus_ac10e6c9ce90faa5	chr2R	25227397	25227412	9	GA	0	357	0	97	0	0	97	260	0	0	25227397	25227412	0	0
tfsite_1e183458a46d3ab4	tflocus_04b04c9f7a5c1de7	chr2R	25227402	25227447	3	CT	3	436	3	96	3	0	93	340	0.00688073394495	0.03125	25227402	25227447	0	0
tfsite_1e183458a46d3ab4	tflocus_04b04c9f7a5c1de7	chr2R	25227402	25227447	3	GA	0	361	0	83	0	0	83	278	0	0	25227402	25227447	0	0
tfsite_41df1578a68f3a2a	tflocus_fe55831af54644ee	chr2R	25227404	25227413	4	CT	0	435	0	125	0	0	125	310	0	0	25227404	25227413	0	0
tfsite_41df1578a68f3a2a	tflocus_fe55831af54644ee	chr2R	25227404	25227413	4	GA	2	361	2	102	2	0	100	259	0.00554016620499	0.0196078431373	25227404	25227413	0	2
tfsite_ed4ac23ec2ab4042	tflocus_04b04c9f7a5c1de7	chr2R	25227406	25227456	4	CT	1	436	1	84	1	0	83	352	0.00229357798165	0.0119047619048	25227406	25227456	0	0
tfsite_ed4ac23ec2ab4042	tflocus_04b04c9f7a5c1de7	chr2R	25227406	25227456	4	GA	1	361	1	80	1	0	79	281	0.00277008310249	0.0125	25227406	25227455	0	0
tfsite_85c629cc4c7c5a6f	tflocus_fe55831af54644ee	chr2R	25227408	25227420	5	CT	4	438	4	123	4	0	119	315	0.00913242009132	0.0325203252033	25227408	25227420	1.5	0.5
tfsite_85c629cc4c7c5a6f	tflocus_fe55831af54644ee	chr2R	25227408	25227420	5	GA	2	359	2	99	2	0	97	260	0.00557103064067	0.020202020202	25227405	25227425	5	3.5
tfsite_edd34bee38586aad	tflocus_8482d66dc05a2c50	chr2R	25227408	25227463	1	CT	0	436	0	84	0	0	84	352	0	0	25227408	25227463	0	0
tfsite_edd34bee38586aad	tflocus_8482d66dc05a2c50	chr2R	25227408	25227463	1	GA	1	359	1	78	1	0	77	281	0.00278551532033	0.0128205128205	25227408	25227463	0	0
tfsite_3877834ba65c6c29	tflocus_04b04c9f7a5c1de7	chr2R	25227414	25227452	5	CT	1	429	1	98	1	0	97	331	0.002331002331	0.0102040816327	25227418	25227446	0	0
tfsite_3877834ba65c6c29	tflocus_04b04c9f7a5c1de7	chr2R	25227414	25227452	5	GA	1	355	1	84	1	0	83	271	0.00281690140845	0.0119047619048	25227409	25227457	0	0
tfsite_c96f3a7d12149c87	tflocus_fe55831af54644ee	chr2R	25227415	25227424	6	CT	1	435	1	124	1	0	123	311	0.00229885057471	0.00806451612903	25227413	25227425	0	0
tfsite_c96f3a7d12149c87	tflocus_fe55831af54644ee	chr2R	25227415	25227424	6	GA	1	357	1	95	1	0	94	262	0.00280112044818	0.0105263157895	25227416	25227423	0	0
tfsite_e87c252738fadd4c	tflocus_04b04c9f7a5c1de7	chr2R	25227416	25227428	6	CT	1	433	1	123	1	0	122	310	0.00230946882217	0.00813008130081	25227416	25227428	0	0
tfsite_e87c252738fadd4c	tflocus_04b04c9f7a5c1de7	chr2R	25227416	25227428	6	GA	0	354	0	93	0	0	93	261	0	0	25227416	25227428	0	0
tfsite_24e7bb8e848876b8	tflocus_8482d66dc05a2c50	chr2R	25227419	25227469	2	CT	0	437	0	82	0	0	82	355	0	0	25227419	25227469	0	0
tfsite_24e7bb8e848876b8	tflocus_8482d66dc05a2c50	chr2R	25227419	25227469	2	GA	1	358	1	78	1	0	77	280	0.00279329608939	0.0128205128205	25227419	25227469	0	0
tfsite_7feb701a10a786e2	tflocus_dce1feeda27a70b7	chr2R	25227419	25227499	1	CT	0	437	0	63	0	0	63	374	0	0	25227419	25227499	0	0
tfsite_7feb701a10a786e2	tflocus_dce1feeda27a70b7	chr2R	25227419	25227499	1	GA	1	360	1	68	0	1	68	291	0.00277777777778	0	25227419	25227499	0	0
tfsite_4e13f1c6a78988fb	tflocus_04b04c9f7a5c1de7	chr2R	25227421	25227437	7	CT	4	417	4	118	4	0	114	299	0.00959232613909	0.0338983050847	25227421	25227437	1	2
tfsite_4e13f1c6a78988fb	tflocus_04b04c9f7a5c1de7	chr2R	25227421	25227437	7	GA	1	347	1	93	1	0	92	254	0.0028818443804	0.010752688172	25227413	25227444	0	0
tfsite_1ab9f4b489931805	tflocus_8482d66dc05a2c50	chr2R	25227423	25227457	3	CT	3	431	3	94	3	0	91	337	0.00696055684455	0.031914893617	25227423	25227457	3	2
tfsite_1ab9f4b489931805	tflocus_8482d66dc05a2c50	chr2R	25227423	25227457	3	GA	2	358	2	85	2	0	83	273	0.00558659217877	0.0235294117647	25227425	25227460	1.5	1.5
tfsite_3d9b548b41f052fd	tflocus_86cf58e1c8d2efd1	chr2R	25227423	25227501	1	CT	1	433	1	63	0	1	63	369	0.00230946882217	0	25227423	25227501	0	0
tfsite_3d9b548b41f052fd	tflocus_86cf58e1c8d2efd1	chr2R	25227423	25227501	1	GA	0	360	0	67	0	0	67	293	0	0	25227423	25227501	0	0
tfsite_2b7634dbaeb79159	tflocus_8482d66dc05a2c50	chr2R	25227426	25227446	4	CT	2	436	2	111	2	0	109	325	0.0045871559633	0.018018018018	25227426	25227446	3	3.5
tfsite_2b7634dbaeb79159	tflocus_8482d66dc05a2c50	chr2R	25227426	25227446	4	GA	0	360	0	90	0	0	90	270	0	0	25227426	25227446	0	0
tfsite_cece8ba338ce6035	tflocus_dce1feeda27a70b7	chr2R	25227427	25227473	2	CT	1	435	1	84	1	0	83	351	0.00229885057471	0.0119047619048	25227433	25227470	0	0
tfsite_cece8ba338ce6035	tflocus_dce1feeda27a70b7	chr2R	25227427	25227473	2	GA	1	359	1	79	1	0	78	280	0.00278551532033	0.0126582278481	25227421	25227475	0	0
tfsite_5ef0eb5e58530972	tflocus_04b04c9f7a5c1de7	chr2R	25227428	25227435	8	CT	0	423	0	126	0	0	126	297	0	0	25227428	25227435	0	0
tfsite_5ef0eb5e58530972	tflocus_04b04c9f7a5c1de7	chr2R	25227428	25227435	8	GA	1	355	1	101	1	0	100	254	0.00281690140845	0.00990099009901	25227428	25227435	0	0
tfsite_382e84f93e3e8525	tflocus_8482d66dc05a2c50	chr2R	25227429	25227465	5	CT	1	420	1	95	1	0	94	325	0.00238095238095	0.0105263157895	25227429	25227465	0	0
tfsite_382e84f93e3e8525	tflocus_8482d66dc05a2c50	chr2R	25227429	25227465	5	GA	0	354	0	81	0	0	81	273	0	0	25227429	25227465	0	0
tfsite_6c46f013c9978f4d	tflocus_dce1feeda27a70b7	chr2R	25227435	25227460	3	CT	1	439	1	101	1	0	100	338	0.00227790432802	0.00990099009901	25227435	25227460	0	0
tfsite_6c46f013c9978f4d	tflocus_dce1feeda27a70b7	chr2R	25227435	25227460	3	GA	0	363	0	86	0	0	86	277	0	0	25227435	25227460	0	0
tfsite_187261536714b62f	tflocus_8482d66dc05a2c50	chr2R	25227438	25227454	6	CT	2	441	2	104	2	0	102	337	0.00453514739229	0.0192307692308	25227438	25227454	1	2
tfsite_187261536714b62f	tflocus_8482d66dc05a2c50	chr2R	25227438	25227454	6	GA	0	362	0	92	0	0	92	270	0	0	25227438	25227454	0	0
tfsite_9decb4fa0279ce72	tflocus_86cf58e1c8d2efd1	chr2R	25227440	25227490	2	CT	0	435	0	83	0	0	83	352	0	0	25227440	25227490	0	0
tfsite_9decb4fa0279ce72	tflocus_86cf58e1c8d2efd1	chr2R	25227440	25227490	2	GA	1	359	1	71	1	0	70	288	0.00278551532033	0.0140845070423	25227440	25227490	0	0
tfsite_9ec22ee303c0eecd	tflocus_dce1feeda27a70b7	chr2R	25227444	25227464	4	CT	4	439	4	108	4	0	104	331	0.00911161731207	0.037037037037	25227447	25227461	1	0.5
tfsite_9ec22ee303c0eecd	tflocus_dce1feeda27a70b7	chr2R	25227444	25227464	4	GA	5	363	5	89	5	0	84	274	0.0137741046832	0.0561797752809	25227441	25227466	0	3
tfsite_59aa16e5f5078f6f	tflocus_dfc8579cb9d7f505	chr2R	25227445	25227521	1	CT	1	434	1	60	1	0	59	374	0.00230414746544	0.0166666666667	25227445	25227521	0	0
tfsite_59aa16e5f5078f6f	tflocus_dfc8579cb9d7f505	chr2R	25227445	25227521	1	GA	0	359	0	56	0	0	56	303	0	0	25227445	25227521	0	0
tfsite_e50c790ffcde1b59	tflocus_86cf58e1c8d2efd1	chr2R	25227454	25227470	3	CT	3	437	3	113	3	0	110	324	0.00686498855835	0.0265486725664	25227454	25227470	0	3
tfsite_e50c790ffcde1b59	tflocus_86cf58e1c8d2efd1	chr2R	25227454	25227470	3	GA	0	361	0	90	0	0	90	271	0	0	25227454	25227470	0	0
tfsite_107a2634f16d217b	tflocus_dfc8579cb9d7f505	chr2R	25227454	25227503	2	CT	3	435	3	82	3	0	79	353	0.00689655172414	0.0365853658537	25227454	25227503	3	0
tfsite_107a2634f16d217b	tflocus_dfc8579cb9d7f505	chr2R	25227454	25227503	2	GA	0	360	0	71	0	0	71	289	0	0	25227454	25227503	0	0
tfsite_825a9e74558c7b75	tflocus_86cf58e1c8d2efd1	chr2R	25227458	25227471	4	CT	1	439	1	113	1	0	112	326	0.00227790432802	0.00884955752212	25227458	25227471	0	0
tfsite_825a9e74558c7b75	tflocus_86cf58e1c8d2efd1	chr2R	25227458	25227471	4	GA	0	360	0	90	0	0	90	270	0	0	25227458	25227471	0	0
tfsite_7fcf5e026f11685f	tflocus_dfc8579cb9d7f505	chr2R	25227459	25227490	3	CT	1	433	1	101	1	0	100	332	0.00230946882217	0.00990099009901	25227459	25227490	0	0
tfsite_7fcf5e026f11685f	tflocus_dfc8579cb9d7f505	chr2R	25227459	25227490	3	GA	0	359	0	76	0	0	76	283	0	0	25227459	25227490	0	0
tfsite_6ec9e4e592904c8c	tflocus_dfc8579cb9d7f505	chr2R	25227459	25227513	4	CT	0	434	0	75	0	0	75	359	0	0	25227459	25227513	0	0
tfsite_6ec9e4e592904c8c	tflocus_dfc8579cb9d7f505	chr2R	25227459	25227513	4	GA	1	358	1	63	1	0	62	295	0.00279329608939	0.015873015873	25227459	25227513	0	0
tfsite_78dded2a54114b21	tflocus_9ed81f1c05f38fc0	chr2R	25227465	25227510	1	CT	1	436	1	83	1	0	82	353	0.00229357798165	0.0120481927711	25227465	25227510	0	0
tfsite_78dded2a54114b21	tflocus_9ed81f1c05f38fc0	chr2R	25227465	25227510	1	GA	0	359	0	65	0	0	65	294	0	0	25227465	25227510	0	0
tfsite_de1dc35c0cf36fbd	tflocus_dfc8579cb9d7f505	chr2R	25227466	25227499	5	CT	1	434	1	92	1	0	91	342	0.00230414746544	0.0108695652174	25227466	25227499	0	0
tfsite_de1dc35c0cf36fbd	tflocus_dfc8579cb9d7f505	chr2R	25227466	25227499	5	GA	0	356	0	74	0	0	74	282	0	0	25227466	25227499	0	0
tfsite_d806313b14eaa638	tflocus_9ed81f1c05f38fc0	chr2R	25227469	25227526	2	CT	1	435	1	75	1	0	74	360	0.00229885057471	0.0133333333333	25227469	25227526	0	0
tfsite_d806313b14eaa638	tflocus_9ed81f1c05f38fc0	chr2R	25227469	25227526	2	GA	0	359	0	61	0	0	61	298	0	0	25227469	25227526	0	0
tfsite_d65b90557de2a8c3	tflocus_418dd175f8ef7d8b	chr2R	25227472	25227539	1	CT	1	436	1	57	1	0	56	379	0.00229357798165	0.0175438596491	25227472	25227539	0	0
tfsite_d65b90557de2a8c3	tflocus_418dd175f8ef7d8b	chr2R	25227472	25227539	1	GA	0	360	0	56	0	0	56	304	0	0	25227472	25227539	0	0
tfsite_bbf977a0d914be68	tflocus_dfc8579cb9d7f505	chr2R	25227478	25227491	6	CT	1	436	1	110	1	0	109	326	0.00229357798165	0.00909090909091	25227478	25227491	0	0
tfsite_bbf977a0d914be68	tflocus_dfc8579cb9d7f505	chr2R	25227478	25227491	6	GA	0	363	0	93	0	0	93	270	0	0	25227478	25227491	0	0
tfsite_b6486d0df44bf6df	tflocus_9ed81f1c05f38fc0	chr2R	25227481	25227510	3	CT	7	439	7	90	6	1	84	348	0.0159453302961	0.0666666666667	25227481	25227510	0	0
tfsite_b6486d0df44bf6df	tflocus_9ed81f1c05f38fc0	chr2R	25227481	25227510	3	GA	2	357	1	73	1	0	72	284	0.00280112044818	0.013698630137	25227483	25227502	0	1
tfsite_ed9df32dc24325be	tflocus_418dd175f8ef7d8b	chr2R	25227481	25227541	2	CT	1	438	1	58	1	0	57	380	0.00228310502283	0.0172413793103	25227481	25227541	0	0
tfsite_ed9df32dc24325be	tflocus_418dd175f8ef7d8b	chr2R	25227481	25227541	2	GA	0	362	0	57	0	0	57	305	0	0	25227481	25227541	0	0
tfsite_2ade024607931fb6	tflocus_418dd175f8ef7d8b	chr2R	25227487	25227550	3	CT	1	436	1	53	1	0	52	383	0.00229357798165	0.0188679245283	25227487	25227550	0	0
tfsite_2ade024607931fb6	tflocus_418dd175f8ef7d8b	chr2R	25227487	25227550	3	GA	0	360	0	57	0	0	57	303	0	0	25227487	25227550	0	0
tfsite_e6cc7271e95ebc6b	tflocus_9ed81f1c05f38fc0	chr2R	25227491	25227506	4	CT	1	439	1	102	1	0	101	337	0.00227790432802	0.00980392156863	25227491	25227506	0	0
tfsite_e6cc7271e95ebc6b	tflocus_9ed81f1c05f38fc0	chr2R	25227491	25227506	4	GA	0	356	0	85	0	0	85	271	0	0	25227491	25227506	0	0
tfsite_832cc5efb5aa406d	tflocus_92ae6bf282a791fd	chr2R	25227491	25227562	1	CT	0	438	0	43	0	0	43	395	0	0	25227491	25227562	0	0
tfsite_832cc5efb5aa406d	tflocus_92ae6bf282a791fd	chr2R	25227491	25227562	1	GA	1	360	1	50	1	0	49	310	0.00277777777778	0.02	25227491	25227562	0	0
tfsite_3ec42b23afa0a2da	tflocus_418dd175f8ef7d8b	chr2R	25227499	25227510	4	CT	2	441	2	104	2	0	102	337	0.00453514739229	0.0192307692308	25227499	25227510	0	0.5
tfsite_3ec42b23afa0a2da	tflocus_418dd175f8ef7d8b	chr2R	25227499	25227510	4	GA	1	361	1	85	1	0	84	276	0.00277008310249	0.0117647058824	25227497	25227514	0	0
tfsite_eecd4f1df3c7d7cf	tflocus_418dd175f8ef7d8b	chr2R	25227499	25227526	5	CT	3	432	3	86	3	0	83	346	0.00694444444444	0.0348837209302	25227499	25227526	0	0
tfsite_eecd4f1df3c7d7cf	tflocus_418dd175f8ef7d8b	chr2R	25227499	25227526	5	GA	1	346	1	70	1	0	69	276	0.0028901734104	0.0142857142857	25227501	25227525	0	0
tfsite_057cd2f74fad86ea	tflocus_418dd175f8ef7d8b	chr2R	25227503	25227517	6	CT	3	423	3	91	3	0	88	332	0.00709219858156	0.032967032967	25227503	25227517	0	0
tfsite_057cd2f74fad86ea	tflocus_418dd175f8ef7d8b	chr2R	25227503	25227517	6	GA	1	345	1	81	1	0	80	264	0.00289855072464	0.0123456790123	25227501	25227519	0	0
tfsite_b813c6ad241cc772	tflocus_92ae6bf282a791fd	chr2R	25227505	25227541	2	CT	1	429	1	65	1	0	64	364	0.002331002331	0.0153846153846	25227505	25227541	0	0
tfsite_b813c6ad241cc772	tflocus_92ae6bf282a791fd	chr2R	25227505	25227541	2	GA	0	347	0	63	0	0	63	284	0	0	25227505	25227541	0	0
tfsite_aa70f41a7366bcf5	tflocus_418dd175f8ef7d8b	chr2R	25227508	25227525	7	CT	2	418	2	87	2	0	85	331	0.00478468899522	0.0229885057471	25227508	25227526	3	0.5
tfsite_aa70f41a7366bcf5	tflocus_418dd175f8ef7d8b	chr2R	25227508	25227525	7	GA	2	343	2	76	2	0	74	267	0.00583090379009	0.0263157894737	25227507	25227525	3	0.5
tfsite_c0fc6116af0e6390	tflocus_ea41d7d9d5214203	chr2R	25227508	25227575	1	CT	0	436	0	41	0	0	41	395	0	0	25227508	25227575	0	0
tfsite_c0fc6116af0e6390	tflocus_ea41d7d9d5214203	chr2R	25227508	25227575	1	GA	1	359	1	42	1	0	41	317	0.00278551532033	0.0238095238095	25227508	25227575	0	0
tfsite_c2f826a2be5947f1	tflocus_418dd175f8ef7d8b	chr2R	25227510	25227528	8	CT	0	417	0	86	0	0	86	331	0	0	25227510	25227528	0	0
tfsite_c2f826a2be5947f1	tflocus_418dd175f8ef7d8b	chr2R	25227510	25227528	8	GA	1	344	1	75	1	0	74	269	0.00290697674419	0.0133333333333	25227510	25227528	0	0
tfsite_60ec46a029ff5a2b	tflocus_92ae6bf282a791fd	chr2R	25227513	25227527	3	CT	1	420	1	94	1	0	93	326	0.00238095238095	0.0106382978723	25227513	25227527	0	0
tfsite_60ec46a029ff5a2b	tflocus_92ae6bf282a791fd	chr2R	25227513	25227527	3	GA	0	345	0	78	0	0	78	267	0	0	25227513	25227527	0	0
tfsite_04293d1e40bd8d48	tflocus_92ae6bf282a791fd	chr2R	25227519	25227533	4	CT	2	430	2	84	2	0	82	346	0.0046511627907	0.0238095238095	25227519	25227533	0.5	0.5
tfsite_04293d1e40bd8d48	tflocus_92ae6bf282a791fd	chr2R	25227519	25227533	4	GA	0	359	0	75	0	0	75	284	0	0	25227519	25227533	0	0
tfsite_ece1680eda7bf7af	tflocus_92ae6bf282a791fd	chr2R	25227525	25227539	5	CT	5	434	5	72	5	0	67	362	0.0115207373272	0.0694444444444	25227525	25227539	5	2
tfsite_ece1680eda7bf7af	tflocus_92ae6bf282a791fd	chr2R	25227525	25227539	5	GA	1	358	1	74	1	0	73	284	0.00279329608939	0.0135135135135	25227519	25227536	0	0
tfsite_6bcc983a6a4084d8	tflocus_ea41d7d9d5214203	chr2R	25227528	25227586	2	CT	1	434	1	39	1	0	38	395	0.00230414746544	0.025641025641	25227522	25227589	0	0
tfsite_6bcc983a6a4084d8	tflocus_ea41d7d9d5214203	chr2R	25227528	25227586	2	GA	1	356	1	38	1	0	37	318	0.00280898876404	0.0263157894737	25227534	25227582	0	0
tfsite_294015f565d7db5d	tflocus_ea41d7d9d5214203	chr2R	25227538	25227555	3	CT	3	438	3	63	3	0	60	375	0.00684931506849	0.047619047619	25227538	25227555	2	0
tfsite_294015f565d7db5d	tflocus_ea41d7d9d5214203	chr2R	25227538	25227555	3	GA	0	356	0	70	0	0	70	286	0	0	25227538	25227555	0	0
tfsite_207e8645a7cf2e77	tflocus_b2ec07a95edcaf09	chr2R	25227540	25227594	1	CT	1	436	1	37	1	0	36	399	0.00229357798165	0.027027027027	25227540	25227594	0	0
tfsite_207e8645a7cf2e77	tflocus_b2ec07a95edcaf09	chr2R	25227540	25227594	1	GA	0	358	0	36	0	0	36	322	0	0	25227540	25227594	0	0
tfsite_5221aaeb96c136ce	tflocus_ea41d7d9d5214203	chr2R	25227543	25227561	4	CT	2	434	2	56	2	0	54	378	0.00460829493088	0.0357142857143	25227543	25227561	1.5	3
tfsite_5221aaeb96c136ce	tflocus_ea41d7d9d5214203	chr2R	25227543	25227561	4	GA	0	354	0	68	0	0	68	286	0	0	25227543	25227561	0	0
tfsite_3993897bc7129e6d	tflocus_b2ec07a95edcaf09	chr2R	25227544	25227602	2	CT	0	436	0	34	0	0	34	402	0	0	25227544	25227602	0	0
tfsite_3993897bc7129e6d	tflocus_b2ec07a95edcaf09	chr2R	25227544	25227602	2	GA	1	356	1	35	1	0	34	321	0.00280898876404	0.0285714285714	25227544	25227602	0	0
tfsite_7fd5a70c8fbf0eb5	tflocus_b2ec07a95edcaf09	chr2R	25227546	25227577	3	CT	0	435	0	49	0	0	49	386	0	0	25227546	25227577	0	0
tfsite_7fd5a70c8fbf0eb5	tflocus_b2ec07a95edcaf09	chr2R	25227546	25227577	3	GA	1	356	1	51	1	0	50	305	0.00280898876404	0.0196078431373	25227546	25227577	0	0
tfsite_6f8b864736f20811	tflocus_20a707245b56bfff	chr2R	25227558	25227610	1	CT	1	430	1	33	1	0	32	397	0.00232558139535	0.030303030303	25227558	25227610	0	0
tfsite_6f8b864736f20811	tflocus_20a707245b56bfff	chr2R	25227558	25227610	1	GA	0	351	0	37	0	0	37	314	0	0	25227558	25227610	0	0
tfsite_b27b0406152b634b	tflocus_b2ec07a95edcaf09	chr2R	25227561	25227578	4	CT	5	432	5	62	4	1	58	369	0.0115740740741	0.0645161290323	25227561	25227578	3	3
tfsite_b27b0406152b634b	tflocus_b2ec07a95edcaf09	chr2R	25227561	25227578	4	GA	1	358	1	52	1	0	51	306	0.00279329608939	0.0192307692308	25227561	25227585	0	0
tfsite_dc7bc3635dd7b79b	tflocus_b2ec07a95edcaf09	chr2R	25227568	25227586	5	CT	3	437	3	56	3	0	53	381	0.00686498855835	0.0535714285714	25227568	25227586	2	2
tfsite_dc7bc3635dd7b79b	tflocus_b2ec07a95edcaf09	chr2R	25227568	25227586	5	GA	0	359	0	51	0	0	51	308	0	0	25227568	25227586	0	0
tfsite_f6e0c5deeaed5563	tflocus_20a707245b56bfff	chr2R	25227568	25227591	2	CT	1	438	1	50	1	0	49	388	0.00228310502283	0.02	25227568	25227591	0	0
tfsite_f6e0c5deeaed5563	tflocus_20a707245b56bfff	chr2R	25227568	25227591	2	GA	0	362	0	50	0	0	50	312	0	0	25227568	25227591	0	0
tfsite_066d9383e6b5fdb5	tflocus_b271c224175ccf49	chr2R	25227575	25227628	1	CT	0	437	0	31	0	0	31	406	0	0	25227575	25227628	0	0
tfsite_066d9383e6b5fdb5	tflocus_b271c224175ccf49	chr2R	25227575	25227628	1	GA	1	357	1	33	1	0	32	324	0.00280112044818	0.030303030303	25227575	25227628	0	0
tfsite_f60e1a7006362774	tflocus_20a707245b56bfff	chr2R	25227577	25227596	3	CT	3	438	3	51	2	1	49	386	0.00684931506849	0.0392156862745	25227577	25227596	1	3
tfsite_f60e1a7006362774	tflocus_20a707245b56bfff	chr2R	25227577	25227596	3	GA	1	361	1	51	1	0	50	310	0.00277008310249	0.0196078431373	25227575	25227601	0	0
tfsite_aeae39fa1b090baf	tflocus_380ac5ebf896acad	chr2R	25227598	25227673	1	CT	2	422	2	32	1	1	31	389	0.00473933649289	0.03125	25227598	25227673	0.5	5
tfsite_aeae39fa1b090baf	tflocus_380ac5ebf896acad	chr2R	25227598	25227673	1	GA	0	347	0	25	0	0	25	322	0	0	25227598	25227673	0	0
tfsite_382fe210146ef059	tflocus_b271c224175ccf49	chr2R	25227601	25227612	2	CT	1	428	1	45	1	0	44	383	0.00233644859813	0.0222222222222	25227601	25227612	0	0
tfsite_382fe210146ef059	tflocus_b271c224175ccf49	chr2R	25227601	25227612	2	GA	0	351	0	55	0	0	55	296	0	0	25227601	25227612	0	0
tfsite_77209c1c53d0014b	tflocus_c63742e94e8cd5b9	chr2R	25227602	25227638	1	CT	0	428	0	39	0	0	39	389	0	0	25227602	25227638	0	0
tfsite_77209c1c53d0014b	tflocus_c63742e94e8cd5b9	chr2R	25227602	25227638	1	GA	2	349	2	38	2	0	36	311	0.00573065902579	0.0526315789474	25227602	25227638	1.5	5
tfsite_5afdf07eb398f2f2	tflocus_c63742e94e8cd5b9	chr2R	25227605	25227621	2	CT	1	414	1	46	1	0	45	368	0.0024154589372	0.0217391304348	25227605	25227621	0	0
tfsite_5afdf07eb398f2f2	tflocus_c63742e94e8cd5b9	chr2R	25227605	25227621	2	GA	0	338	0	48	0	0	48	290	0	0	25227605	25227621	0	0
tfsite_df8574be485a6707	tflocus_380ac5ebf896acad	chr2R	25227611	25227680	2	CT	1	424	1	33	1	0	32	391	0.00235849056604	0.030303030303	25227611	25227680	0	0
tfsite_df8574be485a6707	tflocus_380ac5ebf896acad	chr2R	25227611	25227680	2	GA	0	355	0	20	0	0	20	335	0	0	25227611	25227680	0	0
tfsite_c8fbf495f088ec2b	tflocus_380ac5ebf896acad	chr2R	25227617	25227676	3	CT	2	422	2	35	2	0	33	387	0.00473933649289	0.0571428571429	25227617	25227676	3	3
tfsite_c8fbf495f088ec2b	tflocus_380ac5ebf896acad	chr2R	25227617	25227676	3	GA	0	348	0	26	0	0	26	322	0	0	25227617	25227676	0	0
tfsite_0eabc0bf624c914b	tflocus_380ac5ebf896acad	chr2R	25227620	25227644	4	CT	1	431	1	49	1	0	48	382	0.00232018561485	0.0204081632653	25227620	25227644	0	0
tfsite_0eabc0bf624c914b	tflocus_380ac5ebf896acad	chr2R	25227620	25227644	4	GA	0	357	0	36	0	0	36	321	0	0	25227620	25227644	0	0
tfsite_fe4e33537603a437	tflocus_12957f2a47b825c9	chr2R	25227622	25227691	1	CT	1	427	1	33	1	0	32	394	0.00234192037471	0.030303030303	25227622	25227691	0	0
tfsite_fe4e33537603a437	tflocus_12957f2a47b825c9	chr2R	25227622	25227691	1	GA	0	356	0	23	0	0	23	333	0	0	25227622	25227691	0	0
tfsite_1898dd48211ce6ab	tflocus_12957f2a47b825c9	chr2R	25227624	25227701	2	CT	1	426	1	30	1	0	29	396	0.00234741784038	0.0333333333333	25227624	25227701	0	0
tfsite_1898dd48211ce6ab	tflocus_12957f2a47b825c9	chr2R	25227624	25227701	2	GA	0	353	0	21	0	0	21	332	0	0	25227624	25227701	0	0
tfsite_50fc4012f056d16f	tflocus_380ac5ebf896acad	chr2R	25227628	25227650	5	CT	19	429	20	53	20	0	33	376	0.04662004662	0.377358490566	25227628	25227650	0	0
tfsite_50fc4012f056d16f	tflocus_380ac5ebf896acad	chr2R	25227628	25227650	5	GA	0	358	0	38	0	0	38	320	0	0	25227628	25227650	0	0
tfsite_61f62fd122cb3503	tflocus_12957f2a47b825c9	chr2R	25227628	25227673	3	CT	1	420	1	40	1	0	39	380	0.00238095238095	0.025	25227628	25227673	0	0
tfsite_61f62fd122cb3503	tflocus_12957f2a47b825c9	chr2R	25227628	25227673	3	GA	0	344	0	32	0	0	32	312	0	0	25227628	25227673	0	0
tfsite_d5012ea8bedccd23	tflocus_380ac5ebf896acad	chr2R	25227631	25227663	6	CT	1	425	1	51	1	0	50	374	0.00235294117647	0.0196078431373	25227631	25227663	0	0
tfsite_d5012ea8bedccd23	tflocus_380ac5ebf896acad	chr2R	25227631	25227663	6	GA	0	351	0	34	0	0	34	317	0	0	25227631	25227663	0	0
tfsite_801454a2d5e3ba84	tflocus_12957f2a47b825c9	chr2R	25227631	25227688	4	CT	1	422	1	38	1	0	37	384	0.00236966824645	0.0263157894737	25227631	25227688	0	0
tfsite_801454a2d5e3ba84	tflocus_12957f2a47b825c9	chr2R	25227631	25227688	4	GA	0	354	0	28	0	0	28	326	0	0	25227631	25227688	0	0
tfsite_a1ca4294b7cfa49d	tflocus_1081133c8eca6b55	chr2R	25227635	25227709	1	CT	2	426	2	29	2	0	27	397	0.00469483568075	0.0689655172414	25227635	25227709	1	0
tfsite_a1ca4294b7cfa49d	tflocus_1081133c8eca6b55	chr2R	25227635	25227709	1	GA	0	354	0	25	0	0	25	329	0	0	25227635	25227709	0	0
tfsite_cd759f81b57251f1	tflocus_380ac5ebf896acad	chr2R	25227638	25227654	7	CT	0	418	0	55	0	0	55	363	0	0	25227638	25227654	0	0
tfsite_cd759f81b57251f1	tflocus_380ac5ebf896acad	chr2R	25227638	25227654	7	GA	1	346	1	41	1	0	40	305	0.0028901734104	0.0243902439024	25227638	25227654	0	0
tfsite_ee2795a49c8594e6	tflocus_12957f2a47b825c9	chr2R	25227642	25227660	5	CT	0	414	0	53	0	0	53	361	0	0	25227642	25227660	0	0
tfsite_ee2795a49c8594e6	tflocus_12957f2a47b825c9	chr2R	25227642	25227660	5	GA	1	347	1	42	1	0	41	305	0.0028818443804	0.0238095238095	25227642	25227660	0	0
tfsite_4b145646b318b86b	tflocus_1081133c8eca6b55	chr2R	25227642	25227714	2	CT	0	428	0	24	0	0	24	404	0	0	25227642	25227714	0	0
tfsite_4b145646b318b86b	tflocus_1081133c8eca6b55	chr2R	25227642	25227714	2	GA	1	355	1	23	1	0	22	332	0.00281690140845	0.0434782608696	25227642	25227714	0	0
tfsite_c6a4d7281bcf6644	tflocus_12957f2a47b825c9	chr2R	25227646	25227676	6	CT	1	416	1	44	1	0	43	372	0.00240384615385	0.0227272727273	25227645	25227676	0	0
tfsite_c6a4d7281bcf6644	tflocus_12957f2a47b825c9	chr2R	25227646	25227676	6	GA	1	340	1	38	1	0	37	302	0.00294117647059	0.0263157894737	25227647	25227676	0	0
tfsite_9e12b5a8d340b00f	tflocus_12957f2a47b825c9	chr2R	25227647	25227669	7	CT	0	429	0	50	0	0	50	379	0	0	25227647	25227669	0	0
tfsite_9e12b5a8d340b00f	tflocus_12957f2a47b825c9	chr2R	25227647	25227669	7	GA	3	354	3	41	3	0	38	313	0.00847457627119	0.0731707317073	25227647	25227669	0	0
tfsite_01fe66321df28f4a	tflocus_1081133c8eca6b55	chr2R	25227662	25227691	3	CT	2	424	2	64	2	0	62	360	0.00471698113208	0.03125	25227662	25227691	4.5	3
tfsite_01fe66321df28f4a	tflocus_1081133c8eca6b55	chr2R	25227662	25227691	3	GA	0	342	0	39	0	0	39	303	0	0	25227662	25227691	0	0
tfsite_8536f6ac718f75cd	tflocus_1081133c8eca6b55	chr2R	25227667	25227694	4	CT	2	423	2	59	2	0	57	364	0.00472813238771	0.0338983050847	25227667	25227694	0.5	0
tfsite_8536f6ac718f75cd	tflocus_1081133c8eca6b55	chr2R	25227667	25227694	4	GA	0	348	0	38	0	0	38	310	0	0	25227667	25227694	0	0
tfsite_ab67f534f94e486c	tflocus_c1137f670cdf1473	chr2R	25227673	25227735	1	CT	0	423	0	23	0	0	23	400	0	0	25227673	25227735	0	0
tfsite_ab67f534f94e486c	tflocus_c1137f670cdf1473	chr2R	25227673	25227735	1	GA	1	349	1	19	1	0	18	330	0.00286532951289	0.0526315789474	25227673	25227735	0	0
tfsite_ba783ebad224d8d3	tflocus_c1137f670cdf1473	chr2R	25227680	25227706	2	CT	2	432	2	58	2	0	56	374	0.00462962962963	0.0344827586207	25227680	25227706	1	0.5
tfsite_ba783ebad224d8d3	tflocus_c1137f670cdf1473	chr2R	25227680	25227706	2	GA	0	357	0	32	0	0	32	325	0	0	25227680	25227706	0	0
tfsite_39430e3dc723bedb	tflocus_c1137f670cdf1473	chr2R	25227684	25227717	3	CT	0	431	0	40	0	0	40	391	0	0	25227684	25227717	0	0
tfsite_39430e3dc723bedb	tflocus_c1137f670cdf1473	chr2R	25227684	25227717	3	GA	1	357	1	26	1	0	25	331	0.00280112044818	0.0384615384615	25227684	25227717	0	0
tfsite_8c8539d5b4239e1a	tflocus_c1137f670cdf1473	chr2R	25227691	25227723	4	CT	1	434	1	46	1	0	45	388	0.00230414746544	0.0217391304348	25227689	25227728	0	0
tfsite_8c8539d5b4239e1a	tflocus_c1137f670cdf1473	chr2R	25227691	25227723	4	GA	1	357	1	23	1	0	22	334	0.00280112044818	0.0434782608696	25227692	25227717	0	0
tfsite_a14cb5c850c54b51	tflocus_c1137f670cdf1473	chr2R	25227692	25227704	5	CT	2	433	2	82	2	0	80	351	0.00461893764434	0.0243902439024	25227692	25227706	1	0
tfsite_a14cb5c850c54b51	tflocus_c1137f670cdf1473	chr2R	25227692	25227704	5	GA	5	358	5	35	5	0	30	323	0.0139664804469	0.142857142857	25227692	25227704	0	0
tfsite_d0715bad7205bc80	tflocus_92ad56b434ffae35	chr2R	25227695	25227754	1	CT	1	428	1	23	1	0	22	405	0.00233644859813	0.0434782608696	25227695	25227754	0	0
tfsite_d0715bad7205bc80	tflocus_92ad56b434ffae35	chr2R	25227695	25227754	1	GA	0	355	0	11	0	0	11	344	0	0	25227695	25227754	0	0
tfsite_0ddf009ba1f05c35	tflocus_92ad56b434ffae35	chr2R	25227700	25227731	2	CT	1	432	1	38	1	0	37	394	0.00231481481481	0.0263157894737	25227700	25227727	0	0
tfsite_0ddf009ba1f05c35	tflocus_92ad56b434ffae35	chr2R	25227700	25227731	2	GA	1	359	1	26	1	0	25	333	0.00278551532033	0.0384615384615	25227699	25227734	0	0
tfsite_c26916e2583a47fc	tflocus_8ca65d190b918409	chr2R	25227709	25227766	1	CT	0	427	0	24	0	0	24	403	0	0	25227709	25227766	0	0
tfsite_c26916e2583a47fc	tflocus_8ca65d190b918409	chr2R	25227709	25227766	1	GA	1	353	1	13	1	0	12	340	0.0028328611898	0.0769230769231	25227709	25227766	0	0
tfsite_a547ffa0f97cbe95	tflocus_92ad56b434ffae35	chr2R	25227714	25227726	3	CT	2	433	2	61	2	0	59	372	0.00461893764434	0.0327868852459	25227714	25227726	0	1
tfsite_a547ffa0f97cbe95	tflocus_92ad56b434ffae35	chr2R	25227714	25227726	3	GA	0	359	0	28	0	0	28	331	0	0	25227714	25227726	0	0
tfsite_879a5e6fabc6f4dc	tflocus_beb5a83f6ddc91df	chr2R	25227714	25227787	1	CT	1	426	1	19	1	0	18	407	0.00234741784038	0.0526315789474	25227714	25227787	0	0
tfsite_879a5e6fabc6f4dc	tflocus_beb5a83f6ddc91df	chr2R	25227714	25227787	1	GA	0	359	0	13	0	0	13	346	0	0	25227714	25227787	0	0
tfsite_d0aaefde17d13645	tflocus_beb5a83f6ddc91df	chr2R	25227714	25227800	2	CT	3	430	3	17	0	3	17	410	0.00697674418605	0	25227714	25227800	0	0
tfsite_d0aaefde17d13645	tflocus_beb5a83f6ddc91df	chr2R	25227714	25227800	2	GA	0	359	0	11	0	0	11	348	0	0	25227714	25227800	0	0
tfsite_7d53fc41e43810f1	tflocus_8ca65d190b918409	chr2R	25227722	25227759	2	CT	2	424	2	35	2	0	33	389	0.00471698113208	0.0571428571429	25227722	25227759	2.5	0.5
tfsite_7d53fc41e43810f1	tflocus_8ca65d190b918409	chr2R	25227722	25227759	2	GA	0	352	0	14	0	0	14	338	0	0	25227722	25227759	0	0
tfsite_db71f685b5a4d264	tflocus_8ca65d190b918409	chr2R	25227724	25227739	3	CT	2	428	2	50	2	0	48	378	0.00467289719626	0.04	25227724	25227739	1.5	2.5
tfsite_db71f685b5a4d264	tflocus_8ca65d190b918409	chr2R	25227724	25227739	3	GA	0	356	0	24	0	0	24	332	0	0	25227724	25227739	0	0
tfsite_22a4e8dee82bfca7	tflocus_8ca65d190b918409	chr2R	25227727	25227749	4	CT	4	426	4	43	4	0	39	383	0.0093896713615	0.093023255814	25227727	25227749	0.5	0
tfsite_22a4e8dee82bfca7	tflocus_8ca65d190b918409	chr2R	25227727	25227749	4	GA	1	354	1	15	1	0	14	339	0.00282485875706	0.0666666666667	25227732	25227744	0	0
tfsite_36f3857fa898f8d4	tflocus_beb5a83f6ddc91df	chr2R	25227732	25227790	3	CT	0	423	0	19	0	0	19	404	0	0	25227732	25227790	0	0
tfsite_36f3857fa898f8d4	tflocus_beb5a83f6ddc91df	chr2R	25227732	25227790	3	GA	2	351	2	14	2	0	12	337	0.00569800569801	0.142857142857	25227732	25227790	0	0
tfsite_8d58d0c9becd457a	tflocus_beb5a83f6ddc91df	chr2R	25227736	25227764	4	CT	1	424	1	32	1	0	31	392	0.00235849056604	0.03125	25227736	25227764	0	0
tfsite_8d58d0c9becd457a	tflocus_beb5a83f6ddc91df	chr2R	25227736	25227764	4	GA	0	350	0	15	0	0	15	335	0	0	25227736	25227764	0	0
tfsite_7b8901ce9a8ca694	tflocus_1e991e59e00177ef	chr2R	25227739	25227822	1	CT	0	428	0	15	0	0	15	413	0	0	25227739	25227822	0	0
tfsite_7b8901ce9a8ca694	tflocus_1e991e59e00177ef	chr2R	25227739	25227822	1	GA	1	359	1	9	1	0	8	350	0.00278551532033	0.111111111111	25227739	25227822	0	0
tfsite_d4e0280500fbfa00	tflocus_8ca65d190b918409	chr2R	25227740	25227751	5	CT	1	423	1	45	1	0	44	378	0.00236406619385	0.0222222222222	25227740	25227751	0	0
tfsite_d4e0280500fbfa00	tflocus_8ca65d190b918409	chr2R	25227740	25227751	5	GA	0	353	0	15	0	0	15	338	0	0	25227740	25227751	0	0
tfsite_1d252be2e07a8e19	tflocus_1e991e59e00177ef	chr2R	25227760	25227800	2	CT	1	430	1	25	1	0	24	405	0.00232558139535	0.04	25227760	25227800	0	0
tfsite_1d252be2e07a8e19	tflocus_1e991e59e00177ef	chr2R	25227760	25227800	2	GA	0	358	0	14	0	0	14	344	0	0	25227760	25227800	0	0
tfsite_d8f7e4cacb1ec43b	tflocus_1e991e59e00177ef	chr2R	25227760	25227819	3	CT	1	426	1	18	1	0	17	408	0.00234741784038	0.0555555555556	25227760	25227819	0	0
tfsite_d8f7e4cacb1ec43b	tflocus_1e991e59e00177ef	chr2R	25227760	25227819	3	GA	0	349	0	11	0	0	11	338	0	0	25227760	25227819	0	0
tfsite_5bf7161bf1d4dd72	tflocus_3caf086503cdaf3b	chr2R	25227773	25227843	1	CT	1	429	1	17	1	0	16	412	0.002331002331	0.0588235294118	25227773	25227843	0	0
tfsite_5bf7161bf1d4dd72	tflocus_3caf086503cdaf3b	chr2R	25227773	25227843	1	GA	0	355	0	10	0	0	10	345	0	0	25227773	25227843	0	0
tfsite_4f6d1439a37c0d9d	tflocus_1e991e59e00177ef	chr2R	25227774	25227800	4	CT	3	430	3	34	3	0	31	396	0.00697674418605	0.0882352941176	25227774	25227800	1	0
tfsite_4f6d1439a37c0d9d	tflocus_1e991e59e00177ef	chr2R	25227774	25227800	4	GA	0	358	0	17	0	0	17	341	0	0	25227774	25227800	0	0
tfsite_872e92c934b9b62c	tflocus_3caf086503cdaf3b	chr2R	25227783	25227823	2	CT	1	431	1	27	1	0	26	404	0.00232018561485	0.037037037037	25227783	25227823	0	0
tfsite_872e92c934b9b62c	tflocus_3caf086503cdaf3b	chr2R	25227783	25227823	2	GA	0	354	0	21	0	0	21	333	0	0	25227783	25227823	0	0
tfsite_5a714253d0f5e99d	tflocus_2a7c5189c557f37d	chr2R	25227789	25227829	1	CT	1	428	1	28	1	0	27	400	0.00233644859813	0.0357142857143	25227789	25227829	0	0
tfsite_5a714253d0f5e99d	tflocus_2a7c5189c557f37d	chr2R	25227789	25227829	1	GA	0	351	0	19	0	0	19	332	0	0	25227789	25227829	0	0
tfsite_14c631b886a4edbe	tflocus_3caf086503cdaf3b	chr2R	25227794	25227807	3	CT	2	413	2	40	2	0	38	373	0.00484261501211	0.05	25227794	25227806	2	0
tfsite_14c631b886a4edbe	tflocus_3caf086503cdaf3b	chr2R	25227794	25227807	3	GA	3	343	3	29	3	0	26	314	0.00874635568513	0.103448275862	25227794	25227807	0	0
tfsite_4e4599b1b24be701	tflocus_3caf086503cdaf3b	chr2R	25227799	25227813	4	CT	2	418	2	32	2	0	30	386	0.00478468899522	0.0625	25227799	25227813	1.5	2.5
tfsite_4e4599b1b24be701	tflocus_3caf086503cdaf3b	chr2R	25227799	25227813	4	GA	0	343	0	30	0	0	30	313	0	0	25227799	25227813	0	0
tfsite_c362281cc1145969	tflocus_2a7c5189c557f37d	chr2R	25227803	25227827	2	CT	1	425	1	40	1	0	39	385	0.00235294117647	0.025	25227799	25227828	0	0
tfsite_c362281cc1145969	tflocus_2a7c5189c557f37d	chr2R	25227803	25227827	2	GA	1	347	1	29	1	0	28	318	0.0028818443804	0.0344827586207	25227806	25227825	0	0
tfsite_ffd7efe7a1aeacfb	tflocus_18161598ea79d772	chr2R	25227811	25227879	1	CT	1	424	1	20	1	0	19	404	0.00235849056604	0.05	25227811	25227879	0	0
tfsite_ffd7efe7a1aeacfb	tflocus_18161598ea79d772	chr2R	25227811	25227879	1	GA	0	354	0	14	0	0	14	340	0	0	25227811	25227879	0	0
tfsite_bd85d700f73cc529	tflocus_18161598ea79d772	chr2R	25227824	25227850	2	CT	1	430	1	33	1	0	32	397	0.00232558139535	0.030303030303	25227818	25227850	0	0
tfsite_bd85d700f73cc529	tflocus_18161598ea79d772	chr2R	25227824	25227850	2	GA	2	358	2	37	2	0	35	321	0.00558659217877	0.0540540540541	25227824	25227849	0	1
tfsite_6f48baaa86a5bbf2	tflocus_204c0758a0bab128	chr2R	25227828	25227884	1	CT	2	425	2	28	2	0	26	397	0.00470588235294	0.0714285714286	25227828	25227884	0	3
tfsite_6f48baaa86a5bbf2	tflocus_204c0758a0bab128	chr2R	25227828	25227884	1	GA	0	357	0	18	0	0	18	339	0	0	25227828	25227884	0	0
tfsite_75c808e535902b4a	tflocus_204c0758a0bab128	chr2R	25227828	25227892	2	CT	1	427	1	24	1	0	23	403	0.00234192037471	0.0416666666667	25227828	25227893	0	0
tfsite_75c808e535902b4a	tflocus_204c0758a0bab128	chr2R	25227828	25227892	2	GA	3	359	3	17	3	0	14	342	0.008356545961	0.176470588235	25227828	25227892	1	1
tfsite_f897565f67967297	tflocus_204c0758a0bab128	chr2R	25227841	25227865	3	CT	1	426	1	49	1	0	48	377	0.00234741784038	0.0204081632653	25227841	25227865	0	0
tfsite_f897565f67967297	tflocus_204c0758a0bab128	chr2R	25227841	25227865	3	GA	0	359	0	38	0	0	38	321	0	0	25227841	25227865	0	0
tfsite_714e0f353574cd89	tflocus_204c0758a0bab128	chr2R	25227841	25227875	4	CT	0	422	0	39	0	0	39	383	0	0	25227841	25227875	0	0
tfsite_714e0f353574cd89	tflocus_204c0758a0bab128	chr2R	25227841	25227875	4	GA	1	359	1	32	1	0	31	327	0.00278551532033	0.03125	25227841	25227875	0	0
tfsite_972be573722a620d	tflocus_18161598ea79d772	chr2R	25227842	25227849	3	CT	1	432	1	64	1	0	63	368	0.00231481481481	0.015625	25227842	25227849	0	0
tfsite_972be573722a620d	tflocus_18161598ea79d772	chr2R	25227842	25227849	3	GA	0	361	0	53	0	0	53	308	0	0	25227842	25227849	0	0
tfsite_c6d74e79125c3c6b	tflocus_f7ae6409314f0ad5	chr2R	25227842	25227911	1	CT	1	425	1	26	1	0	25	399	0.00235294117647	0.0384615384615	25227842	25227911	0	0
tfsite_c6d74e79125c3c6b	tflocus_f7ae6409314f0ad5	chr2R	25227842	25227911	1	GA	0	359	0	18	0	0	18	341	0	0	25227842	25227911	0	0
tfsite_9fe08f836a8a49c1	tflocus_f7ae6409314f0ad5	chr2R	25227843	25227903	2	CT	2	428	2	28	2	0	26	400	0.00467289719626	0.0714285714286	25227843	25227903	0.5	3
tfsite_9fe08f836a8a49c1	tflocus_f7ae6409314f0ad5	chr2R	25227843	25227903	2	GA	0	360	0	20	0	0	20	340	0	0	25227843	25227903	0	0
tfsite_98437f12439d1f51	tflocus_c61a03cb76d1ce4e	chr2R	25227863	25227908	1	CT	1	423	1	30	1	0	29	393	0.00236406619385	0.0333333333333	25227863	25227908	0	0
tfsite_98437f12439d1f51	tflocus_c61a03cb76d1ce4e	chr2R	25227863	25227908	1	GA	0	357	0	20	0	0	20	337	0	0	25227863	25227908	0	0
tfsite_da2932fbf2c81549	tflocus_f7ae6409314f0ad5	chr2R	25227864	25227888	3	CT	0	422	0	48	0	0	48	374	0	0	25227864	25227888	0	0
tfsite_da2932fbf2c81549	tflocus_f7ae6409314f0ad5	chr2R	25227864	25227888	3	GA	2	360	2	32	2	0	30	328	0.00555555555556	0.0625	25227864	25227888	4	3.5
tfsite_3204edd12dea3518	tflocus_b500201c5365a630	chr2R	25227872	25227947	1	CT	0	429	0	14	0	0	14	415	0	0	25227872	25227947	0	0
tfsite_3204edd12dea3518	tflocus_b500201c5365a630	chr2R	25227872	25227947	1	GA	2	360	2	16	1	1	15	343	0.00555555555556	0.0625	25227872	25227947	4	3.5
tfsite_30f348fd93b3b031	tflocus_c61a03cb76d1ce4e	chr2R	25227878	25227895	2	CT	2	417	2	51	2	0	49	366	0.00479616306954	0.0392156862745	25227878	25227895	0	1.5
tfsite_30f348fd93b3b031	tflocus_c61a03cb76d1ce4e	chr2R	25227878	25227895	2	GA	0	353	0	35	0	0	35	318	0	0	25227878	25227895	0	0
tfsite_c2a28bc049d196ab	tflocus_c61a03cb76d1ce4e	chr2R	25227878	25227906	3	CT	2	422	2	37	2	0	35	385	0.00473933649289	0.0540540540541	25227875	25227906	3.5	0
tfsite_c2a28bc049d196ab	tflocus_c61a03cb76d1ce4e	chr2R	25227878	25227906	3	GA	1	360	1	25	1	0	24	335	0.00277777777778	0.04	25227880	25227897	0	0
tfsite_bfa6d2fe547de40b	tflocus_fe9420b4af12b011	chr2R	25227890	25227915	1	CT	3	419	3	42	3	0	39	377	0.00715990453461	0.0714285714286	25227890	25227915	0	4
tfsite_bfa6d2fe547de40b	tflocus_fe9420b4af12b011	chr2R	25227890	25227915	1	GA	0	352	0	27	0	0	27	325	0	0	25227890	25227915	0	0
tfsite_c1357b7de0af179e	tflocus_b500201c5365a630	chr2R	25227892	25227935	2	CT	0	432	0	18	0	0	18	414	0	0	25227892	25227935	0	0
tfsite_c1357b7de0af179e	tflocus_b500201c5365a630	chr2R	25227892	25227935	2	GA	1	361	1	24	1	0	23	337	0.00277008310249	0.0416666666667	25227892	25227935	0	0
tfsite_0f472af0358fd71b	tflocus_fe9420b4af12b011	chr2R	25227894	25227907	2	CT	1	429	1	45	1	0	44	384	0.002331002331	0.0222222222222	25227891	25227908	0	0
tfsite_0f472af0358fd71b	tflocus_fe9420b4af12b011	chr2R	25227894	25227907	2	GA	3	361	3	35	2	1	33	325	0.00831024930748	0.0571428571429	25227894	25227907	0	0
tfsite_73a731d45b2a00dc	tflocus_9785493505be637f	chr2R	25227896	25227963	1	CT	0	430	0	15	0	0	15	415	0	0	25227896	25227963	0	0
tfsite_73a731d45b2a00dc	tflocus_9785493505be637f	chr2R	25227896	25227963	1	GA	1	360	1	18	1	0	17	342	0.00277777777778	0.0555555555556	25227896	25227963	0	0
tfsite_1e578c1c88b58466	tflocus_b500201c5365a630	chr2R	25227906	25227919	3	CT	0	417	0	43	0	0	43	374	0	0	25227906	25227919	0	0
tfsite_1e578c1c88b58466	tflocus_b500201c5365a630	chr2R	25227906	25227919	3	GA	1	349	1	41	1	0	40	308	0.00286532951289	0.0243902439024	25227906	25227919	0	0
tfsite_d06eb6b4d452a95c	tflocus_b500201c5365a630	chr2R	25227911	25227924	4	CT	0	422	0	46	0	0	46	376	0	0	25227911	25227924	0	0
tfsite_d06eb6b4d452a95c	tflocus_b500201c5365a630	chr2R	25227911	25227924	4	GA	1	352	1	42	1	0	41	310	0.00284090909091	0.0238095238095	25227911	25227924	0	0
tfsite_dd50d6da4ca0d1bd	tflocus_9785493505be637f	chr2R	25227911	25227958	2	CT	0	428	0	21	0	0	21	407	0	0	25227911	25227958	0	0
tfsite_dd50d6da4ca0d1bd	tflocus_9785493505be637f	chr2R	25227911	25227958	2	GA	1	356	1	27	1	0	26	329	0.00280898876404	0.037037037037	25227911	25227958	0	0
tfsite_967fefdaba18a169	tflocus_9785493505be637f	chr2R	25227914	25227940	3	CT	1	425	1	25	1	0	24	400	0.00235294117647	0.04	25227915	25227937	0	0
tfsite_967fefdaba18a169	tflocus_9785493505be637f	chr2R	25227914	25227940	3	GA	1	353	1	34	1	0	33	319	0.0028328611898	0.0294117647059	25227912	25227943	0	0
tfsite_a66e940951276606	tflocus_b7ec6497266ca078	chr2R	25227926	25227990	1	CT	1	430	1	15	1	0	14	415	0.00232558139535	0.0666666666667	25227926	25227990	0	0
tfsite_a66e940951276606	tflocus_b7ec6497266ca078	chr2R	25227926	25227990	1	GA	0	358	0	16	0	0	16	342	0	0	25227926	25227990	0	0
tfsite_bacfb722e797014b	tflocus_9785493505be637f	chr2R	25227927	25227940	4	CT	0	433	0	31	0	0	31	402	0	0	25227927	25227940	0	0
tfsite_bacfb722e797014b	tflocus_9785493505be637f	chr2R	25227927	25227940	4	GA	1	358	1	41	1	0	40	317	0.00279329608939	0.0243902439024	25227927	25227940	0	0
tfsite_6ceccbd4cfdd36de	tflocus_9785493505be637f	chr2R	25227932	25227945	5	CT	0	431	0	31	0	0	31	400	0	0	25227932	25227945	0	0
tfsite_6ceccbd4cfdd36de	tflocus_9785493505be637f	chr2R	25227932	25227945	5	GA	3	359	3	41	2	1	39	317	0.008356545961	0.0487804878049	25227932	25227945	4	0
tfsite_6cf4afc224b75139	tflocus_3f42af835a207ecc	chr2R	25227934	25227965	1	CT	1	428	1	24	1	0	23	404	0.00233644859813	0.0416666666667	25227938	25227963	0	0
tfsite_6cf4afc224b75139	tflocus_3f42af835a207ecc	chr2R	25227934	25227965	1	GA	1	359	1	32	1	0	31	327	0.00278551532033	0.03125	25227930	25227966	0	0
tfsite_e71358c0258ce34a	tflocus_b7ec6497266ca078	chr2R	25227942	25227977	2	CT	0	423	0	19	0	0	19	404	0	0	25227942	25227977	0	0
tfsite_e71358c0258ce34a	tflocus_b7ec6497266ca078	chr2R	25227942	25227977	2	GA	1	355	1	30	1	0	29	325	0.00281690140845	0.0333333333333	25227942	25227977	0	0
tfsite_f7f3756a18e72940	tflocus_dec3207febe93365	chr2R	25227958	25228035	1	CT	0	427	0	14	0	0	14	413	0	0	25227958	25228035	0	0
tfsite_f7f3756a18e72940	tflocus_dec3207febe93365	chr2R	25227958	25228035	1	GA	1	358	1	10	1	0	9	348	0.00279329608939	0.1	25227958	25228035	0	0
tfsite_9c3e8a031c00b041	tflocus_b7ec6497266ca078	chr2R	25227959	25227971	3	CT	0	431	0	38	0	0	38	393	0	0	25227959	25227971	0	0
tfsite_9c3e8a031c00b041	tflocus_b7ec6497266ca078	chr2R	25227959	25227971	3	GA	1	361	1	50	1	0	49	311	0.00277008310249	0.02	25227959	25227971	0	0
tfsite_d2e3bfdc2f53b99e	tflocus_dec3207febe93365	chr2R	25227960	25228027	2	CT	3	428	3	14	3	0	11	414	0.00700934579439	0.214285714286	25227960	25228027	1	3
tfsite_d2e3bfdc2f53b99e	tflocus_dec3207febe93365	chr2R	25227960	25228027	2	GA	2	359	2	12	2	0	10	347	0.00557103064067	0.166666666667	25227956	25228032	1	0
tfsite_4bb11af08945acee	tflocus_4a47a41f3a95cad7	chr2R	25227962	25228007	1	CT	2	425	2	17	2	0	15	408	0.00470588235294	0.117647058824	25227962	25228007	2.5	1.5
tfsite_4bb11af08945acee	tflocus_4a47a41f3a95cad7	chr2R	25227962	25228007	1	GA	0	351	0	18	0	0	18	333	0	0	25227962	25228007	0	0
tfsite_d6d01dde8e72daa9	tflocus_dec3207febe93365	chr2R	25227964	25228034	3	CT	1	426	1	16	1	0	15	410	0.00234741784038	0.0625	25227962	25228036	0	0
tfsite_d6d01dde8e72daa9	tflocus_dec3207febe93365	chr2R	25227964	25228034	3	GA	1	358	1	10	1	0	9	348	0.00279329608939	0.1	25227965	25228032	0	0
tfsite_61acbca8f1d09126	tflocus_dec3207febe93365	chr2R	25227974	25228007	4	CT	0	420	0	18	0	0	18	402	0	0	25227974	25228007	0	0
tfsite_61acbca8f1d09126	tflocus_dec3207febe93365	chr2R	25227974	25228007	4	GA	1	345	1	25	1	0	24	320	0.00289855072464	0.04	25227974	25228007	0	0
tfsite_0a71684e7c747b60	tflocus_dec3207febe93365	chr2R	25227981	25228014	5	CT	0	419	0	16	0	0	16	403	0	0	25227981	25228014	0	0
tfsite_0a71684e7c747b60	tflocus_dec3207febe93365	chr2R	25227981	25228014	5	GA	1	348	1	23	1	0	22	325	0.00287356321839	0.0434782608696	25227981	25228014	0	0
tfsite_014e660fea4abcde	tflocus_e5e84dea66b04efc	chr2R	25227984	25228047	1	CT	0	429	0	15	0	0	15	414	0	0	25227984	25228047	0	0
tfsite_014e660fea4abcde	tflocus_e5e84dea66b04efc	chr2R	25227984	25228047	1	GA	1	361	1	17	1	0	16	344	0.00277008310249	0.0588235294118	25227984	25228047	0	0
tfsite_513ca77ec0c99407	tflocus_e10c36ebcede5a09	chr2R	25227986	25228027	1	CT	1	427	1	15	1	0	14	412	0.00234192037471	0.0666666666667	25227986	25228027	0	0
tfsite_513ca77ec0c99407	tflocus_e10c36ebcede5a09	chr2R	25227986	25228027	1	GA	1	356	1	21	1	0	20	335	0.00280898876404	0.047619047619	25227985	25228026	0	0
tfsite_46b8ddce60633c13	tflocus_e5e84dea66b04efc	chr2R	25228003	25228038	2	CT	0	429	0	19	0	0	19	410	0	0	25228003	25228038	0	0
tfsite_46b8ddce60633c13	tflocus_e5e84dea66b04efc	chr2R	25228003	25228038	2	GA	2	357	2	21	2	0	19	336	0.00560224089636	0.0952380952381	25228003	25228038	0	0
tfsite_9c59924d5409cb7d	tflocus_e5e84dea66b04efc	chr2R	25228007	25228023	3	CT	1	429	1	26	1	0	25	403	0.002331002331	0.0384615384615	25228010	25228020	0	0
tfsite_9c59924d5409cb7d	tflocus_e5e84dea66b04efc	chr2R	25228007	25228023	3	GA	1	359	1	26	1	0	25	333	0.00278551532033	0.0384615384615	25228003	25228026	0	0
tfsite_63747bcf5443c74d	tflocus_e5e84dea66b04efc	chr2R	25228010	25228027	4	CT	11	428	11	27	11	0	16	401	0.0257009345794	0.407407407407	25228010	25228027	0	0
tfsite_63747bcf5443c74d	tflocus_e5e84dea66b04efc	chr2R	25228010	25228027	4	GA	0	359	0	25	0	0	25	334	0	0	25228010	25228027	0	0
tfsite_9c1637091a9c3e72	tflocus_81c9861515ce4740	chr2R	25228014	25228048	1	CT	3	429	3	23	3	0	20	406	0.00699300699301	0.130434782609	25228014	25228048	2	1
tfsite_9c1637091a9c3e72	tflocus_81c9861515ce4740	chr2R	25228014	25228048	1	GA	0	360	0	20	0	0	20	340	0	0	25228014	25228048	0	0
tfsite_ad1dc8202ccc5f11	tflocus_81c9861515ce4740	chr2R	25228022	25228061	2	CT	0	428	1	22	0	1	22	405	0.00233644859813	0	25228022	25228061	0	0
tfsite_ad1dc8202ccc5f11	tflocus_81c9861515ce4740	chr2R	25228022	25228061	2	GA	1	359	1	21	1	0	20	338	0.00278551532033	0.047619047619	25228022	25228061	0	0
tfsite_c777eed24023aa5d	tflocus_bb605d951820f11b	chr2R	25228035	25228108	1	CT	1	430	1	20	1	0	19	410	0.00232558139535	0.05	25228037	25228104	0	0
tfsite_c777eed24023aa5d	tflocus_bb605d951820f11b	chr2R	25228035	25228108	1	GA	1	355	1	16	0	1	16	338	0.00281690140845	0	25228032	25228112	0	0
tfsite_3021c123bb48bf90	tflocus_4207ba3329766782	chr2R	25228045	25228056	1	CT	0	430	0	59	0	0	59	371	0	0	25228045	25228056	0	0
tfsite_3021c123bb48bf90	tflocus_4207ba3329766782	chr2R	25228045	25228056	1	GA	1	357	1	49	1	0	48	308	0.00280112044818	0.0204081632653	25228045	25228056	0	0
tfsite_3a9ba8516ce612bd	tflocus_65bafa30bcd4afff	chr2R	25228048	25228131	1	CT	0	431	0	17	0	0	17	414	0	0	25228048	25228131	0	0
tfsite_3a9ba8516ce612bd	tflocus_65bafa30bcd4afff	chr2R	25228048	25228131	1	GA	1	354	1	11	0	1	11	342	0.00282485875706	0	25228048	25228131	0	0
tfsite_20f57a44caae9ff4	tflocus_65bafa30bcd4afff	chr2R	25228052	25228118	2	CT	2	431	2	25	2	0	23	406	0.0046403712297	0.08	25228052	25228118	2	0.5
tfsite_20f57a44caae9ff4	tflocus_65bafa30bcd4afff	chr2R	25228052	25228118	2	GA	0	356	0	11	0	0	11	345	0	0	25228052	25228118	0	0
tfsite_174094b8aa587705	tflocus_bb605d951820f11b	chr2R	25228054	25228077	2	CT	0	431	0	56	0	0	56	375	0	0	25228054	25228077	0	0
tfsite_174094b8aa587705	tflocus_bb605d951820f11b	chr2R	25228054	25228077	2	GA	3	360	3	33	3	0	30	327	0.00833333333333	0.0909090909091	25228054	25228077	3	2
tfsite_05e807cdbd90922f	tflocus_bb605d951820f11b	chr2R	25228062	25228074	3	CT	1	420	1	67	1	0	66	353	0.00238095238095	0.0149253731343	25228062	25228074	0	0
tfsite_05e807cdbd90922f	tflocus_bb605d951820f11b	chr2R	25228062	25228074	3	GA	0	349	0	37	0	0	37	312	0	0	25228062	25228074	0	0
tfsite_ac8fb5b09a371702	tflocus_bb605d951820f11b	chr2R	25228064	25228081	4	CT	0	419	0	62	0	0	62	357	0	0	25228064	25228081	0	0
tfsite_ac8fb5b09a371702	tflocus_bb605d951820f11b	chr2R	25228064	25228081	4	GA	2	347	2	35	2	0	33	312	0.00576368876081	0.0571428571429	25228064	25228081	3.5	3
tfsite_72560e80d4b150b5	tflocus_65bafa30bcd4afff	chr2R	25228068	25228096	3	CT	1	430	1	53	1	0	52	377	0.00232558139535	0.0188679245283	25228068	25228096	0	0
tfsite_72560e80d4b150b5	tflocus_65bafa30bcd4afff	chr2R	25228068	25228096	3	GA	0	353	0	25	0	0	25	328	0	0	25228068	25228096	0	0
tfsite_6e449e332ba62fbc	tflocus_e081f5d72fa8144d	chr2R	25228079	25228142	1	CT	2	430	2	26	2	0	24	404	0.0046511627907	0.0769230769231	25228079	25228142	2	3.5
tfsite_6e449e332ba62fbc	tflocus_e081f5d72fa8144d	chr2R	25228079	25228142	1	GA	0	354	0	11	0	0	11	343	0	0	25228079	25228142	0	0
tfsite_58104177d5d44826	tflocus_65bafa30bcd4afff	chr2R	25228082	25228095	4	CT	0	430	0	75	0	0	75	355	0	0	25228082	25228095	0	0
tfsite_58104177d5d44826	tflocus_65bafa30bcd4afff	chr2R	25228082	25228095	4	GA	1	349	1	34	1	0	33	315	0.00286532951289	0.0294117647059	25228082	25228095	0	0
tfsite_fd9f641ad825062e	tflocus_3a92c6cc4f6eaba1	chr2R	25228085	25228131	1	CT	1	429	1	34	1	0	33	395	0.002331002331	0.0294117647059	25228088	25228125	0	0
tfsite_fd9f641ad825062e	tflocus_3a92c6cc4f6eaba1	chr2R	25228085	25228131	1	GA	3	354	3	18	3	0	15	336	0.00847457627119	0.166666666667	25228085	25228131	0	0
tfsite_bfe5d2c225a2afb5	tflocus_2297717986177c88	chr2R	25228085	25228163	1	CT	0	429	0	26	0	0	26	403	0	0	25228085	25228163	0	0
tfsite_bfe5d2c225a2afb5	tflocus_2297717986177c88	chr2R	25228085	25228163	1	GA	1	352	1	12	1	0	11	340	0.00284090909091	0.0833333333333	25228085	25228163	0	0
tfsite_14b73041d545e115	tflocus_65bafa30bcd4afff	chr2R	25228086	25228098	5	CT	0	431	0	73	0	0	73	358	0	0	25228086	25228098	0	0
tfsite_14b73041d545e115	tflocus_65bafa30bcd4afff	chr2R	25228086	25228098	5	GA	2	351	2	37	2	0	35	314	0.00569800569801	0.0540540540541	25228086	25228098	1	0.5
tfsite_5bf8036cbd5ea96a	tflocus_e081f5d72fa8144d	chr2R	25228091	25228138	2	CT	3	430	3	35	3	0	32	395	0.00697674418605	0.0857142857143	25228091	25228138	0	0
tfsite_5bf8036cbd5ea96a	tflocus_e081f5d72fa8144d	chr2R	25228091	25228138	2	GA	1	356	1	16	1	0	15	340	0.00280898876404	0.0625	25228095	25228127	0	0
tfsite_48f120259c70d2ed	tflocus_2297717986177c88	chr2R	25228097	25228164	2	CT	1	431	1	30	1	0	29	401	0.00232018561485	0.0333333333333	25228097	25228164	0	0
tfsite_48f120259c70d2ed	tflocus_2297717986177c88	chr2R	25228097	25228164	2	GA	0	352	0	15	0	0	15	337	0	0	25228097	25228164	0	0
tfsite_b7da54f3a39ef5fd	tflocus_e081f5d72fa8144d	chr2R	25228109	25228125	3	CT	8	427	8	65	8	0	57	362	0.0187353629977	0.123076923077	25228109	25228125	0	1
tfsite_b7da54f3a39ef5fd	tflocus_e081f5d72fa8144d	chr2R	25228109	25228125	3	GA	0	359	0	29	0	0	29	330	0	0	25228109	25228125	0	0
tfsite_6cf2c18ee6e4c93e	tflocus_2297717986177c88	chr2R	25228109	25228146	3	CT	1	426	1	47	1	0	46	379	0.00234741784038	0.0212765957447	25228109	25228146	0	0
tfsite_6cf2c18ee6e4c93e	tflocus_2297717986177c88	chr2R	25228109	25228146	3	GA	0	356	0	20	0	0	20	336	0	0	25228109	25228146	0	0
tfsite_ee93bfbf7f827e52	tflocus_99ccf62115f69b08	chr2R	25228109	25228168	1	CT	1	428	1	34	1	0	33	394	0.00233644859813	0.0294117647059	25228109	25228168	0	0
tfsite_ee93bfbf7f827e52	tflocus_99ccf62115f69b08	chr2R	25228109	25228168	1	GA	0	354	0	16	0	0	16	338	0	0	25228109	25228168	0	0
tfsite_48db0ab6188de1b9	tflocus_99ccf62115f69b08	chr2R	25228112	25228169	2	CT	2	428	2	36	2	0	34	392	0.00467289719626	0.0555555555556	25228112	25228169	3	4.5
tfsite_48db0ab6188de1b9	tflocus_99ccf62115f69b08	chr2R	25228112	25228169	2	GA	0	354	0	16	0	0	16	338	0	0	25228112	25228169	0	0
tfsite_33619f1414103f24	tflocus_2297717986177c88	chr2R	25228115	25228151	4	CT	1	424	1	50	1	0	49	374	0.00235849056604	0.02	25228115	25228151	0	0
tfsite_33619f1414103f24	tflocus_2297717986177c88	chr2R	25228115	25228151	4	GA	0	354	0	19	0	0	19	335	0	0	25228115	25228151	0	0
tfsite_a50bb99a1a4ff7df	tflocus_99ccf62115f69b08	chr2R	25228117	25228178	3	CT	1	432	1	27	1	0	26	405	0.00231481481481	0.037037037037	25228117	25228178	0	0
tfsite_a50bb99a1a4ff7df	tflocus_99ccf62115f69b08	chr2R	25228117	25228178	3	GA	0	357	0	14	0	0	14	343	0	0	25228117	25228178	0	0
tfsite_e37729a57873da10	tflocus_99ccf62115f69b08	chr2R	25228125	25228153	4	CT	1	425	1	54	1	0	53	371	0.00235294117647	0.0185185185185	25228125	25228153	0	0
tfsite_e37729a57873da10	tflocus_99ccf62115f69b08	chr2R	25228125	25228153	4	GA	0	354	0	22	0	0	22	332	0	0	25228125	25228153	0	0
tfsite_14ff81b35cefc8a8	tflocus_2297717986177c88	chr2R	25228128	25228144	5	CT	0	427	0	63	0	0	63	364	0	0	25228128	25228144	0	0
tfsite_14ff81b35cefc8a8	tflocus_2297717986177c88	chr2R	25228128	25228144	5	GA	1	354	1	27	1	0	26	327	0.00282485875706	0.037037037037	25228128	25228144	0	0
tfsite_2076c506bb62b56b	tflocus_99ccf62115f69b08	chr2R	25228131	25228164	5	CT	10	424	10	49	10	0	39	375	0.0235849056604	0.204081632653	25228131	25228164	0	0
tfsite_2076c506bb62b56b	tflocus_99ccf62115f69b08	chr2R	25228131	25228164	5	GA	1	354	1	23	1	0	22	331	0.00282485875706	0.0434782608696	25228128	25228161	0	0
tfsite_caaa7a68ee01c90a	tflocus_99ccf62115f69b08	chr2R	25228131	25228173	6	CT	1	429	1	44	1	0	43	385	0.002331002331	0.0227272727273	25228131	25228173	0	0
tfsite_caaa7a68ee01c90a	tflocus_99ccf62115f69b08	chr2R	25228131	25228173	6	GA	0	357	0	20	0	0	20	337	0	0	25228131	25228173	0	0
tfsite_af939ff13c8072ba	tflocus_631d2ad9954d0bc4	chr2R	25228141	25228174	1	CT	0	425	0	47	0	0	47	378	0	0	25228141	25228174	0	0
tfsite_af939ff13c8072ba	tflocus_631d2ad9954d0bc4	chr2R	25228141	25228174	1	GA	1	355	1	25	1	0	24	330	0.00281690140845	0.04	25228141	25228174	0	0
tfsite_4584d2774485a678	tflocus_631d2ad9954d0bc4	chr2R	25228161	25228189	2	CT	1	431	1	42	1	0	41	389	0.00232018561485	0.0238095238095	25228159	25228193	0	0
tfsite_4584d2774485a678	tflocus_631d2ad9954d0bc4	chr2R	25228161	25228189	2	GA	1	359	1	23	1	0	22	336	0.00278551532033	0.0434782608696	25228163	25228185	0	0
tfsite_d9618ffdd733a61b	tflocus_631d2ad9954d0bc4	chr2R	25228163	25228173	3	CT	4	433	4	63	4	0	59	370	0.00923787528868	0.0634920634921	25228163	25228173	0	0
tfsite_d9618ffdd733a61b	tflocus_631d2ad9954d0bc4	chr2R	25228163	25228173	3	GA	0	358	0	36	0	0	36	322	0	0	25228163	25228173	0	0
tfsite_fe393095d0df2878	tflocus_b7dfbd4fcb36c37e	chr2R	25228170	25228210	1	CT	0	429	0	34	0	0	34	395	0	0	25228170	25228210	0	0
tfsite_fe393095d0df2878	tflocus_b7dfbd4fcb36c37e	chr2R	25228170	25228210	1	GA	2	358	2	19	2	0	17	339	0.00558659217877	0.105263157895	25228170	25228210	3	3.5
tfsite_a81bf6b93dbac4cc	tflocus_b7dfbd4fcb36c37e	chr2R	25228173	25228191	2	CT	1	429	1	45	1	0	44	384	0.002331002331	0.0222222222222	25228173	25228191	0	0
tfsite_a81bf6b93dbac4cc	tflocus_b7dfbd4fcb36c37e	chr2R	25228173	25228191	2	GA	0	355	0	31	0	0	31	324	0	0	25228173	25228191	0	0
tfsite_dbd00647277530cf	tflocus_7f4659dca537c5d7	chr2R	25228179	25228221	1	CT	1	428	1	33	1	0	32	395	0.00233644859813	0.030303030303	25228179	25228221	0	0
tfsite_dbd00647277530cf	tflocus_7f4659dca537c5d7	chr2R	25228179	25228221	1	GA	0	356	0	20	0	0	20	336	0	0	25228179	25228221	0	0
tfsite_b2dc23e703ce8674	tflocus_b7dfbd4fcb36c37e	chr2R	25228186	25228206	3	CT	0	428	0	40	0	0	40	388	0	0	25228186	25228206	0	0
tfsite_b2dc23e703ce8674	tflocus_b7dfbd4fcb36c37e	chr2R	25228186	25228206	3	GA	1	354	1	27	1	0	26	327	0.00282485875706	0.037037037037	25228186	25228206	0	0
tfsite_fb18755677491c72	tflocus_148ee2b88f8174c9	chr2R	25228188	25228263	1	CT	1	427	1	18	1	0	17	409	0.00234192037471	0.0555555555556	25228188	25228263	0	0
tfsite_fb18755677491c72	tflocus_148ee2b88f8174c9	chr2R	25228188	25228263	1	GA	0	356	0	11	0	0	11	345	0	0	25228188	25228263	0	0
tfsite_a834b394ca40da8a	tflocus_7f4659dca537c5d7	chr2R	25228198	25228228	2	CT	2	428	2	25	2	0	23	403	0.00467289719626	0.08	25228198	25228228	2.5	6
tfsite_a834b394ca40da8a	tflocus_7f4659dca537c5d7	chr2R	25228198	25228228	2	GA	0	354	0	27	0	0	27	327	0	0	25228198	25228228	0	0
tfsite_d943f8b18e5ae05f	tflocus_148ee2b88f8174c9	chr2R	25228203	25228241	2	CT	2	425	2	20	2	0	18	405	0.00470588235294	0.1	25228203	25228241	2.5	0.5
tfsite_d943f8b18e5ae05f	tflocus_148ee2b88f8174c9	chr2R	25228203	25228241	2	GA	0	355	0	20	0	0	20	335	0	0	25228203	25228241	0	0
tfsite_754f68b349d2c1bb	tflocus_153d5e72c3af20ff	chr2R	25228209	25228286	1	CT	1	429	1	19	1	0	18	410	0.002331002331	0.0526315789474	25228209	25228286	0	0
tfsite_754f68b349d2c1bb	tflocus_153d5e72c3af20ff	chr2R	25228209	25228286	1	GA	0	358	0	13	0	0	13	345	0	0	25228209	25228286	0	0
tfsite_587dea8ed6db316a	tflocus_148ee2b88f8174c9	chr2R	25228218	25228235	3	CT	0	424	1	27	0	1	27	396	0.00235849056604	0	25228218	25228235	0	0
tfsite_587dea8ed6db316a	tflocus_148ee2b88f8174c9	chr2R	25228218	25228235	3	GA	1	354	1	39	1	0	38	315	0.00282485875706	0.025641025641	25228218	25228235	0	0
tfsite_f21ea29f0cb551e3	tflocus_9903c69394fb7963	chr2R	25228218	25228252	1	CT	0	422	0	24	0	0	24	398	0	0	25228218	25228252	0	0
tfsite_f21ea29f0cb551e3	tflocus_9903c69394fb7963	chr2R	25228218	25228252	1	GA	2	354	2	31	2	0	29	323	0.00564971751412	0.0645161290323	25228218	25228252	0	4.5
tfsite_c13f1cb55dbedf53	tflocus_153d5e72c3af20ff	chr2R	25228221	25228285	2	CT	3	427	3	25	3	0	22	402	0.00702576112412	0.12	25228221	25228285	0	0
tfsite_c13f1cb55dbedf53	tflocus_153d5e72c3af20ff	chr2R	25228221	25228285	2	GA	0	358	0	14	0	0	14	344	0	0	25228221	25228285	0	0
tfsite_0a07e985064d8a8a	tflocus_bf21036b2d5b6069	chr2R	25228221	25228308	1	CT	1	428	1	23	0	1	23	404	0.00233644859813	0	25228221	25228308	0	0
tfsite_0a07e985064d8a8a	tflocus_bf21036b2d5b6069	chr2R	25228221	25228308	1	GA	0	358	0	12	0	0	12	346	0	0	25228221	25228308	0	0
tfsite_9229abe08058c2d7	tflocus_9903c69394fb7963	chr2R	25228226	25228261	2	CT	1	422	1	31	1	0	30	391	0.00236966824645	0.0322580645161	25228221	25228263	0	0
tfsite_9229abe08058c2d7	tflocus_9903c69394fb7963	chr2R	25228226	25228261	2	GA	1	351	1	29	1	0	28	322	0.002849002849	0.0344827586207	25228230	25228258	0	0
tfsite_1a5b1549753a3713	tflocus_9903c69394fb7963	chr2R	25228236	25228244	3	CT	3	417	3	40	3	0	37	377	0.00719424460432	0.075	25228236	25228244	0	0
tfsite_1a5b1549753a3713	tflocus_9903c69394fb7963	chr2R	25228236	25228244	3	GA	0	352	0	42	0	0	42	310	0	0	25228236	25228244	0	0
tfsite_75b7530be39d996c	tflocus_153d5e72c3af20ff	chr2R	25228236	25228263	3	CT	1	424	1	36	1	0	35	388	0.00235849056604	0.0277777777778	25228236	25228263	0	0
tfsite_75b7530be39d996c	tflocus_153d5e72c3af20ff	chr2R	25228236	25228263	3	GA	0	352	0	28	0	0	28	324	0	0	25228236	25228263	0	0
tfsite_686bae11a6b0e051	tflocus_9daa7bd0bca64367	chr2R	25228248	25228312	1	CT	0	428	0	32	0	0	32	396	0	0	25228248	25228312	0	0
tfsite_686bae11a6b0e051	tflocus_9daa7bd0bca64367	chr2R	25228248	25228312	1	GA	1	360	1	15	1	0	14	345	0.00277777777778	0.0666666666667	25228248	25228312	0	0
tfsite_116d2998dd7c12d9	tflocus_bf21036b2d5b6069	chr2R	25228253	25228285	2	CT	1	430	1	42	1	0	41	388	0.00232558139535	0.0238095238095	25228253	25228285	0	0
tfsite_116d2998dd7c12d9	tflocus_bf21036b2d5b6069	chr2R	25228253	25228285	2	GA	0	356	0	21	0	0	21	335	0	0	25228253	25228285	0	0
tfsite_3c93c8836ffd67b1	tflocus_18118421f52dba73	chr2R	25228261	25228314	1	CT	2	427	2	35	2	0	33	392	0.00468384074941	0.0571428571429	25228261	25228314	3	1.5
tfsite_3c93c8836ffd67b1	tflocus_18118421f52dba73	chr2R	25228261	25228314	1	GA	0	359	0	17	0	0	17	342	0	0	25228261	25228314	0	0
tfsite_54d49c05990c556d	tflocus_18118421f52dba73	chr2R	25228261	25228331	2	CT	0	425	0	28	0	0	28	397	0	0	25228261	25228331	0	0
tfsite_54d49c05990c556d	tflocus_18118421f52dba73	chr2R	25228261	25228331	2	GA	1	358	1	15	1	0	14	343	0.00279329608939	0.0666666666667	25228261	25228331	0	0
tfsite_5c35728444281dfe	tflocus_54400bcdac618b86	chr2R	25228261	25228347	1	CT	0	427	0	24	0	0	24	403	0	0	25228261	25228347	0	0
tfsite_5c35728444281dfe	tflocus_54400bcdac618b86	chr2R	25228261	25228347	1	GA	1	359	1	15	0	1	15	343	0.00278551532033	0	25228261	25228347	0	0
tfsite_708bdc0feb4d8f15	tflocus_9daa7bd0bca64367	chr2R	25228264	25228295	2	CT	1	425	2	43	2	0	41	382	0.00470588235294	0.046511627907	25228267	25228290	0	0
tfsite_708bdc0feb4d8f15	tflocus_9daa7bd0bca64367	chr2R	25228264	25228295	2	GA	1	353	1	23	1	0	22	330	0.0028328611898	0.0434782608696	25228260	25228299	0	0
tfsite_bd6d86b8f3d915df	tflocus_9daa7bd0bca64367	chr2R	25228274	25228294	3	CT	1	426	1	60	1	0	59	366	0.00234741784038	0.0166666666667	25228274	25228294	0	0
tfsite_bd6d86b8f3d915df	tflocus_9daa7bd0bca64367	chr2R	25228274	25228294	3	GA	0	354	0	24	0	0	24	330	0	0	25228274	25228294	0	0
tfsite_37971dfcfa7c37c3	tflocus_18118421f52dba73	chr2R	25228280	25228303	3	CT	3	425	3	59	3	0	56	366	0.00705882352941	0.0508474576271	25228277	25228306	3	2
tfsite_37971dfcfa7c37c3	tflocus_18118421f52dba73	chr2R	25228280	25228303	3	GA	4	356	4	22	4	0	18	334	0.0112359550562	0.181818181818	25228283	25228299	0	0
tfsite_45ebbf7244b2ece2	tflocus_54400bcdac618b86	chr2R	25228283	25228322	2	CT	1	419	1	50	1	0	49	369	0.00238663484487	0.02	25228281	25228322	0	0
tfsite_45ebbf7244b2ece2	tflocus_54400bcdac618b86	chr2R	25228283	25228322	2	GA	2	356	2	19	2	0	17	337	0.00561797752809	0.105263157895	25228283	25228322	0	1.5
tfsite_a6ddce0e32bf84c0	tflocus_54400bcdac618b86	chr2R	25228289	25228312	3	CT	1	427	1	57	1	0	56	370	0.00234192037471	0.0175438596491	25228292	25228308	0	0
tfsite_a6ddce0e32bf84c0	tflocus_54400bcdac618b86	chr2R	25228289	25228312	3	GA	2	359	2	21	2	0	19	338	0.00557103064067	0.0952380952381	25228286	25228312	3	0
tfsite_e649e736e4bd5339	tflocus_54400bcdac618b86	chr2R	25228295	25228325	4	CT	2	425	2	64	2	0	62	361	0.00470588235294	0.03125	25228295	25228325	4	3
tfsite_e649e736e4bd5339	tflocus_54400bcdac618b86	chr2R	25228295	25228325	4	GA	0	362	0	19	0	0	19	343	0	0	25228295	25228325	0	0
tfsite_2f2097cff8511662	tflocus_2b5dbfe8c6f53edf	chr2R	25228303	25228339	1	CT	1	424	1	55	1	0	54	369	0.00235849056604	0.0181818181818	25228303	25228339	0	0
tfsite_2f2097cff8511662	tflocus_2b5dbfe8c6f53edf	chr2R	25228303	25228339	1	GA	0	358	0	23	0	0	23	335	0	0	25228303	25228339	0	0
tfsite_e8e49de843443c09	tflocus_2b5dbfe8c6f53edf	chr2R	25228310	25228323	2	CT	1	423	1	83	1	0	82	340	0.00236406619385	0.0120481927711	25228310	25228323	0	0
tfsite_e8e49de843443c09	tflocus_2b5dbfe8c6f53edf	chr2R	25228310	25228323	2	GA	0	358	0	33	0	0	33	325	0	0	25228310	25228323	0	0
tfsite_1f23131b2e594110	tflocus_2b5dbfe8c6f53edf	chr2R	25228317	25228333	3	CT	4	428	4	74	4	0	70	354	0.00934579439252	0.0540540540541	25228317	25228333	3	3.5
tfsite_1f23131b2e594110	tflocus_2b5dbfe8c6f53edf	chr2R	25228317	25228333	3	GA	2	358	2	40	2	0	38	318	0.00558659217877	0.05	25228317	25228331	2.5	0
tfsite_f3c506a10239e21f	tflocus_484a025efb50289e	chr2R	25228321	25228348	1	CT	1	426	1	61	1	0	60	365	0.00234741784038	0.016393442623	25228321	25228348	0	0
tfsite_f3c506a10239e21f	tflocus_484a025efb50289e	chr2R	25228321	25228348	1	GA	0	351	0	34	0	0	34	317	0	0	25228321	25228348	0	0
tfsite_e110642846d6a0f6	tflocus_81555aa17e14e019	chr2R	25228325	25228393	1	CT	1	428	1	30	1	0	29	398	0.00233644859813	0.0333333333333	25228325	25228393	0	0
tfsite_e110642846d6a0f6	tflocus_81555aa17e14e019	chr2R	25228325	25228393	1	GA	0	355	0	13	0	0	13	342	0	0	25228325	25228393	0	0
tfsite_fff56bfc551d179d	tflocus_484a025efb50289e	chr2R	25228331	25228345	2	CT	5	424	5	75	5	0	70	349	0.0117924528302	0.0666666666667	25228331	25228345	1	2
tfsite_fff56bfc551d179d	tflocus_484a025efb50289e	chr2R	25228331	25228345	2	GA	0	355	1	44	1	0	43	311	0.00281690140845	0.0227272727273	25228331	25228345	0	0
tfsite_feed7a8c96fae7be	tflocus_d4fa58551aad1b91	chr2R	25228341	25228406	1	CT	1	425	1	23	1	0	22	402	0.00235294117647	0.0434782608696	25228341	25228406	0	0
tfsite_feed7a8c96fae7be	tflocus_d4fa58551aad1b91	chr2R	25228341	25228406	1	GA	0	352	0	9	0	0	9	343	0	0	25228341	25228406	0	0
tfsite_e1410f70532aab1c	tflocus_81555aa17e14e019	chr2R	25228344	25228364	2	CT	1	426	1	61	1	0	60	365	0.00234741784038	0.016393442623	25228341	25228366	0	0
tfsite_e1410f70532aab1c	tflocus_81555aa17e14e019	chr2R	25228344	25228364	2	GA	1	356	1	37	1	0	36	319	0.00280898876404	0.027027027027	25228346	25228362	0	0
tfsite_818143dddf68ac6c	tflocus_81555aa17e14e019	chr2R	25228352	25228377	3	CT	1	428	1	58	1	0	57	370	0.00233644859813	0.0172413793103	25228352	25228377	0	0
tfsite_818143dddf68ac6c	tflocus_81555aa17e14e019	chr2R	25228352	25228377	3	GA	0	357	0	33	0	0	33	324	0	0	25228352	25228377	0	0
tfsite_6ce78f34f8301166	tflocus_d4fa58551aad1b91	chr2R	25228354	25228388	2	CT	1	426	1	48	1	0	47	378	0.00234741784038	0.0208333333333	25228353	25228389	0	0
tfsite_6ce78f34f8301166	tflocus_d4fa58551aad1b91	chr2R	25228354	25228388	2	GA	1	354	1	26	1	0	25	328	0.00282485875706	0.0384615384615	25228354	25228387	0	0
tfsite_430a80e66d4f54a7	tflocus_d4fa58551aad1b91	chr2R	25228357	25228401	3	CT	1	428	1	34	1	0	33	394	0.00233644859813	0.0294117647059	25228353	25228406	0	0
tfsite_430a80e66d4f54a7	tflocus_d4fa58551aad1b91	chr2R	25228357	25228401	3	GA	2	354	2	16	2	0	14	338	0.00564971751412	0.125	25228359	25228400	1.5	1.5
tfsite_bcd523c9c4ae9ca5	tflocus_d4fa58551aad1b91	chr2R	25228361	25228393	4	CT	2	428	2	46	2	0	44	382	0.00467289719626	0.0434782608696	25228361	25228393	1.5	0
tfsite_bcd523c9c4ae9ca5	tflocus_d4fa58551aad1b91	chr2R	25228361	25228393	4	GA	0	353	0	21	0	0	21	332	0	0	25228361	25228393	0	0
tfsite_effec90c796ae445	tflocus_d4fa58551aad1b91	chr2R	25228366	25228381	5	CT	1	426	1	59	1	0	58	367	0.00234741784038	0.0169491525424	25228366	25228381	0	0
tfsite_effec90c796ae445	tflocus_d4fa58551aad1b91	chr2R	25228366	25228381	5	GA	0	358	0	39	0	0	39	319	0	0	25228366	25228381	0	0
tfsite_b98215ec6e105cd2	tflocus_b089284732afca36	chr2R	25228378	25228439	1	CT	1	423	1	17	1	0	16	406	0.00236406619385	0.0588235294118	25228378	25228439	0	0
tfsite_b98215ec6e105cd2	tflocus_b089284732afca36	chr2R	25228378	25228439	1	GA	0	354	0	8	0	0	8	346	0	0	25228378	25228439	0	0
tfsite_b1585c144a28baf1	tflocus_38f9d77e6d1c5fed	chr2R	25228387	25228406	1	CT	2	416	2	35	2	0	33	381	0.00480769230769	0.0571428571429	25228388	25228406	0	0.5
tfsite_b1585c144a28baf1	tflocus_38f9d77e6d1c5fed	chr2R	25228387	25228406	1	GA	2	346	2	24	2	0	22	322	0.00578034682081	0.0833333333333	25228384	25228405	2	3.5
tfsite_5f69c1b97953ab7e	tflocus_b089284732afca36	chr2R	25228390	25228415	2	CT	2	418	2	30	2	0	28	388	0.00478468899522	0.0666666666667	25228390	25228415	1.5	1.5
tfsite_5f69c1b97953ab7e	tflocus_b089284732afca36	chr2R	25228390	25228415	2	GA	0	354	0	24	0	0	24	330	0	0	25228390	25228415	0	0
tfsite_a60b35fcb9c2446b	tflocus_3a1de01d249bc769	chr2R	25228392	25228442	1	CT	1	420	1	22	1	0	21	398	0.00238095238095	0.0454545454545	25228392	25228442	0	0
tfsite_a60b35fcb9c2446b	tflocus_3a1de01d249bc769	chr2R	25228392	25228442	1	GA	0	355	0	8	0	0	8	347	0	0	25228392	25228442	0	0
tfsite_496c138f6d0f39d5	tflocus_b089284732afca36	chr2R	25228398	25228414	3	CT	3	411	4	39	4	0	35	372	0.00973236009732	0.102564102564	25228398	25228414	0	4
tfsite_496c138f6d0f39d5	tflocus_b089284732afca36	chr2R	25228398	25228414	3	GA	0	345	0	24	0	0	24	321	0	0	25228398	25228414	0	0
tfsite_afcc462dc6444cf0	tflocus_b089284732afca36	chr2R	25228408	25228418	4	CT	3	424	3	44	3	0	41	380	0.00707547169811	0.0681818181818	25228408	25228418	0	2
tfsite_afcc462dc6444cf0	tflocus_b089284732afca36	chr2R	25228408	25228418	4	GA	0	358	0	24	0	0	24	334	0	0	25228408	25228418	0	0
tfsite_d0c0b46c842ade43	tflocus_3a1de01d249bc769	chr2R	25228408	25228424	2	CT	1	423	1	36	1	0	35	387	0.00236406619385	0.0277777777778	25228408	25228424	0	0
tfsite_d0c0b46c842ade43	tflocus_3a1de01d249bc769	chr2R	25228408	25228424	2	GA	0	358	0	18	0	0	18	340	0	0	25228408	25228424	0	0
tfsite_56fdd87df3db9078	tflocus_4d1996154b7aeb5b	chr2R	25228408	25228478	1	CT	1	422	1	15	1	0	14	407	0.00236966824645	0.0666666666667	25228408	25228478	0	0
tfsite_56fdd87df3db9078	tflocus_4d1996154b7aeb5b	chr2R	25228408	25228478	1	GA	0	356	0	6	0	0	6	350	0	0	25228408	25228478	0	0
tfsite_3f74ac6c03be2658	tflocus_3a1de01d249bc769	chr2R	25228411	25228438	3	CT	1	425	1	31	1	0	30	394	0.00235294117647	0.0322580645161	25228411	25228441	0	0
tfsite_3f74ac6c03be2658	tflocus_3a1de01d249bc769	chr2R	25228411	25228438	3	GA	1	356	1	16	1	0	15	340	0.00280898876404	0.0625	25228410	25228435	0	0
tfsite_5ec97b3612d37802	tflocus_81d3d616e9c56376	chr2R	25228421	25228503	1	CT	2	426	2	14	1	1	13	411	0.00469483568075	0.0714285714286	25228421	25228503	2	0.5
tfsite_5ec97b3612d37802	tflocus_81d3d616e9c56376	chr2R	25228421	25228503	1	GA	0	355	0	8	0	0	8	347	0	0	25228421	25228503	0	0
tfsite_887d984b65ca1836	tflocus_4d1996154b7aeb5b	chr2R	25228422	25228460	2	CT	2	419	2	18	1	1	17	400	0.00477326968974	0.0555555555556	25228424	25228456	5	1.5
tfsite_887d984b65ca1836	tflocus_4d1996154b7aeb5b	chr2R	25228422	25228460	2	GA	2	351	2	17	2	0	15	334	0.00569800569801	0.117647058824	25228422	25228462	0	0
tfsite_71d2369705de91fd	tflocus_4d1996154b7aeb5b	chr2R	25228423	25228472	3	CT	3	421	3	18	3	0	15	403	0.00712589073634	0.166666666667	25228423	25228472	0	5
tfsite_71d2369705de91fd	tflocus_4d1996154b7aeb5b	chr2R	25228423	25228472	3	GA	0	353	0	15	0	0	15	338	0	0	25228423	25228472	0	0
tfsite_dc3f6940771c5b1a	tflocus_ed0a1b88803f41d1	chr2R	25228447	25228502	1	CT	1	419	1	16	1	0	15	403	0.00238663484487	0.0625	25228447	25228502	0	0
tfsite_dc3f6940771c5b1a	tflocus_ed0a1b88803f41d1	chr2R	25228447	25228502	1	GA	0	346	0	9	0	0	9	337	0	0	25228447	25228502	0	0
tfsite_c1fe3b588af43a87	tflocus_81d3d616e9c56376	chr2R	25228455	25228478	2	CT	2	428	2	29	2	0	27	399	0.00467289719626	0.0689655172414	25228455	25228478	1	0
tfsite_c1fe3b588af43a87	tflocus_81d3d616e9c56376	chr2R	25228455	25228478	2	GA	0	362	0	21	0	0	21	341	0	0	25228455	25228478	0	0
tfsite_1c251c793d5fdd51	tflocus_ed0a1b88803f41d1	chr2R	25228457	25228482	2	CT	0	426	0	28	0	0	28	398	0	0	25228457	25228482	0	0
tfsite_1c251c793d5fdd51	tflocus_ed0a1b88803f41d1	chr2R	25228457	25228482	2	GA	1	357	1	13	1	0	12	344	0.00280112044818	0.0769230769231	25228457	25228482	0	0
tfsite_27e6588a4205c75f	tflocus_23bdea833be92684	chr2R	25228470	25228551	1	CT	1	426	1	15	1	0	14	411	0.00234741784038	0.0666666666667	25228475	25228549	0	0
tfsite_27e6588a4205c75f	tflocus_23bdea833be92684	chr2R	25228470	25228551	1	GA	2	356	2	6	1	1	5	349	0.00561797752809	0.166666666667	25228470	25228553	0.5	2
tfsite_bb02c7905dcd192f	tflocus_ed0a1b88803f41d1	chr2R	25228471	25228497	3	CT	0	427	0	31	0	0	31	396	0	0	25228471	25228497	0	0
tfsite_bb02c7905dcd192f	tflocus_ed0a1b88803f41d1	chr2R	25228471	25228497	3	GA	1	356	1	24	1	0	23	332	0.00280898876404	0.0416666666667	25228471	25228497	0	0
tfsite_f7c2409289f013b5	tflocus_ed0a1b88803f41d1	chr2R	25228472	25228480	4	CT	0	429	0	38	0	0	38	391	0	0	25228472	25228480	0	0
tfsite_f7c2409289f013b5	tflocus_ed0a1b88803f41d1	chr2R	25228472	25228480	4	GA	3	356	3	25	3	0	22	331	0.00842696629213	0.12	25228472	25228480	1	1
tfsite_13efe261e85e4568	tflocus_6d2611572f170754	chr2R	25228475	25228506	1	CT	2	421	2	26	2	0	24	395	0.00475059382423	0.0769230769231	25228475	25228506	0	0
tfsite_13efe261e85e4568	tflocus_6d2611572f170754	chr2R	25228475	25228506	1	GA	1	349	1	20	1	0	19	329	0.00286532951289	0.05	25228477	25228506	0	0
tfsite_2edcce726018326f	tflocus_6d2611572f170754	chr2R	25228483	25228518	2	CT	1	420	1	24	0	1	24	395	0.00238095238095	0	25228482	25228519	0	0
tfsite_2edcce726018326f	tflocus_6d2611572f170754	chr2R	25228483	25228518	2	GA	2	348	2	17	2	0	15	331	0.00574712643678	0.117647058824	25228483	25228514	0	4
tfsite_f9149b88776ec1c4	tflocus_23bdea833be92684	chr2R	25228484	25228544	2	CT	1	427	1	18	1	0	17	409	0.00234192037471	0.0555555555556	25228484	25228544	0	0
tfsite_f9149b88776ec1c4	tflocus_23bdea833be92684	chr2R	25228484	25228544	2	GA	0	356	0	9	0	0	9	347	0	0	25228484	25228544	0	0
tfsite_45bad6d7f20d1780	tflocus_6d2611572f170754	chr2R	25228491	25228510	3	CT	0	419	0	28	0	0	28	391	0	0	25228491	25228510	0	0
tfsite_45bad6d7f20d1780	tflocus_6d2611572f170754	chr2R	25228491	25228510	3	GA	7	352	7	33	6	1	27	318	0.0198863636364	0.181818181818	25228491	25228510	0	0
tfsite_d8471d0b2a98d8d2	tflocus_23bdea833be92684	chr2R	25228498	25228527	3	CT	0	423	0	27	0	0	27	396	0	0	25228498	25228527	0	0
tfsite_d8471d0b2a98d8d2	tflocus_23bdea833be92684	chr2R	25228498	25228527	3	GA	1	353	1	22	1	0	21	331	0.0028328611898	0.0454545454545	25228498	25228527	0	0
tfsite_452dc8b898f7cd4a	tflocus_e228dc6ced927cc4	chr2R	25228509	25228587	1	CT	1	427	1	14	1	0	13	413	0.00234192037471	0.0714285714286	25228509	25228587	0	0
tfsite_452dc8b898f7cd4a	tflocus_e228dc6ced927cc4	chr2R	25228509	25228587	1	GA	0	360	0	7	0	0	7	353	0	0	25228509	25228587	0	0
tfsite_7625c2cdaa417587	tflocus_23bdea833be92684	chr2R	25228514	25228522	4	CT	0	426	0	42	0	0	42	384	0	0	25228514	25228522	0	0
tfsite_7625c2cdaa417587	tflocus_23bdea833be92684	chr2R	25228514	25228522	4	GA	1	359	1	34	1	0	33	325	0.00278551532033	0.0294117647059	25228514	25228522	0	0
tfsite_28ee4bc8d02d8600	tflocus_b36a75a91b1da128	chr2R	25228519	25228542	1	CT	0	422	0	30	0	0	30	392	0	0	25228519	25228542	0	0
tfsite_28ee4bc8d02d8600	tflocus_b36a75a91b1da128	chr2R	25228519	25228542	1	GA	1	353	1	20	1	0	19	333	0.0028328611898	0.05	25228519	25228542	0	0
tfsite_5f2db422a3c4c7a4	tflocus_d2f6effb2e4210a2	chr2R	25228537	25228621	1	CT	0	412	0	13	0	0	13	399	0	0	25228537	25228621	0	0
tfsite_5f2db422a3c4c7a4	tflocus_d2f6effb2e4210a2	chr2R	25228537	25228621	1	GA	1	348	1	5	0	1	5	342	0.00287356321839	0	25228537	25228621	0	0
tfsite_0cb556877cce4d3b	tflocus_e228dc6ced927cc4	chr2R	25228542	25228573	2	CT	0	430	0	24	0	0	24	406	0	0	25228542	25228573	0	0
tfsite_0cb556877cce4d3b	tflocus_e228dc6ced927cc4	chr2R	25228542	25228573	2	GA	2	362	2	20	2	0	18	342	0.00552486187845	0.1	25228542	25228573	0	2.5
tfsite_873148a4300e81fa	tflocus_2a5ca6d65e0a1113	chr2R	25228546	25228627	1	CT	1	429	1	13	1	0	12	416	0.002331002331	0.0769230769231	25228546	25228627	0	0
tfsite_873148a4300e81fa	tflocus_2a5ca6d65e0a1113	chr2R	25228546	25228627	1	GA	0	362	0	6	0	0	6	356	0	0	25228546	25228627	0	0
tfsite_bfc9bfed6decfb08	tflocus_d2f6effb2e4210a2	chr2R	25228557	25228599	2	CT	0	427	0	20	0	0	20	407	0	0	25228557	25228599	0	0
tfsite_bfc9bfed6decfb08	tflocus_d2f6effb2e4210a2	chr2R	25228557	25228599	2	GA	1	361	1	22	1	0	21	339	0.00277008310249	0.0454545454545	25228557	25228599	0	0
tfsite_f98a598874bdb1e4	tflocus_2a5ca6d65e0a1113	chr2R	25228560	25228626	2	CT	0	429	0	20	0	0	20	409	0	0	25228560	25228626	0	0
tfsite_f98a598874bdb1e4	tflocus_2a5ca6d65e0a1113	chr2R	25228560	25228626	2	GA	1	361	1	6	1	0	5	355	0.00277008310249	0.166666666667	25228560	25228626	0	0
tfsite_47fb5f25e53ae9de	tflocus_2315c7f728ed0e83	chr2R	25228570	25228644	1	CT	1	427	1	19	1	0	18	408	0.00234192037471	0.0526315789474	25228570	25228644	0	0
tfsite_47fb5f25e53ae9de	tflocus_2315c7f728ed0e83	chr2R	25228570	25228644	1	GA	0	361	0	6	0	0	6	355	0	0	25228570	25228644	0	0
tfsite_e63337f1403db80c	tflocus_2315c7f728ed0e83	chr2R	25228576	25228645	2	CT	1	420	1	22	1	0	21	398	0.00238095238095	0.0454545454545	25228576	25228645	0	0
tfsite_e63337f1403db80c	tflocus_2315c7f728ed0e83	chr2R	25228576	25228645	2	GA	0	359	0	6	0	0	6	353	0	0	25228576	25228645	0	0
tfsite_825f669b00ef43c2	tflocus_50c8a96e2984e21f	chr2R	25228588	25228663	1	CT	1	422	1	21	0	1	21	400	0.00236966824645	0	25228588	25228663	0	0
tfsite_825f669b00ef43c2	tflocus_50c8a96e2984e21f	chr2R	25228588	25228663	1	GA	0	359	0	5	0	0	5	354	0	0	25228588	25228663	0	0
tfsite_a97cf732711687bb	tflocus_2a5ca6d65e0a1113	chr2R	25228592	25228611	3	CT	1	424	1	32	1	0	31	392	0.00235849056604	0.03125	25228592	25228611	0	0
tfsite_a97cf732711687bb	tflocus_2a5ca6d65e0a1113	chr2R	25228592	25228611	3	GA	0	357	0	14	0	0	14	343	0	0	25228592	25228611	0	0
tfsite_407addc40b48c1d7	tflocus_2315c7f728ed0e83	chr2R	25228592	25228627	3	CT	1	428	1	28	1	0	27	400	0.00233644859813	0.0357142857143	25228592	25228627	0	0
tfsite_407addc40b48c1d7	tflocus_2315c7f728ed0e83	chr2R	25228592	25228627	3	GA	0	359	0	10	0	0	10	349	0	0	25228592	25228627	0	0
tfsite_c79ebc7668c5e395	tflocus_2315c7f728ed0e83	chr2R	25228600	25228638	4	CT	0	426	0	33	0	0	33	393	0	0	25228600	25228638	0	0
tfsite_c79ebc7668c5e395	tflocus_2315c7f728ed0e83	chr2R	25228600	25228638	4	GA	2	359	2	9	2	0	7	350	0.00557103064067	0.222222222222	25228600	25228638	2	0
tfsite_f1e8920a7f1e98de	tflocus_2315c7f728ed0e83	chr2R	25228602	25228623	5	CT	0	430	0	38	0	0	38	392	0	0	25228602	25228623	0	0
tfsite_f1e8920a7f1e98de	tflocus_2315c7f728ed0e83	chr2R	25228602	25228623	5	GA	2	360	2	13	2	0	11	347	0.00555555555556	0.153846153846	25228602	25228623	0	2
tfsite_46ea5e139b0c70ff	tflocus_50c8a96e2984e21f	chr2R	25228606	25228649	2	CT	1	429	1	29	1	0	28	400	0.002331002331	0.0344827586207	25228606	25228649	0	0
tfsite_46ea5e139b0c70ff	tflocus_50c8a96e2984e21f	chr2R	25228606	25228649	2	GA	0	360	0	9	0	0	9	351	0	0	25228606	25228649	0	0
tfsite_d1d620a216ff4c11	tflocus_2f8fa0ae7eebd8db	chr2R	25228615	25228695	1	CT	1	426	1	17	1	0	16	409	0.00234741784038	0.0588235294118	25228615	25228695	0	0
tfsite_d1d620a216ff4c11	tflocus_2f8fa0ae7eebd8db	chr2R	25228615	25228695	1	GA	0	360	0	4	0	0	4	356	0	0	25228615	25228695	0	0
tfsite_1b7f0cb669e4d618	tflocus_4e46e164e75d32a1	chr2R	25228615	25228751	1	CT	0	430	0	13	0	0	13	417	0	0	25228615	25228751	0	0
tfsite_1b7f0cb669e4d618	tflocus_4e46e164e75d32a1	chr2R	25228615	25228751	1	GA	1	360	1	4	0	1	4	355	0.00277777777778	0	25228615	25228751	0	0
tfsite_becb7afbba1805fd	tflocus_4e46e164e75d32a1	chr2R	25228621	25228770	2	CT	1	430	1	13	0	1	13	416	0.00232558139535	0	25228621	25228770	0	0
tfsite_becb7afbba1805fd	tflocus_4e46e164e75d32a1	chr2R	25228621	25228770	2	GA	0	360	0	5	0	0	5	355	0	0	25228621	25228770	0	0
tfsite_cf16fecc56e34c86	tflocus_2f8fa0ae7eebd8db	chr2R	25228622	25228711	2	CT	1	427	1	18	0	1	18	408	0.00234192037471	0	25228622	25228711	0	0
tfsite_cf16fecc56e34c86	tflocus_2f8fa0ae7eebd8db	chr2R	25228622	25228711	2	GA	0	357	0	5	0	0	5	352	0	0	25228622	25228711	0	0
tfsite_9600cb01bb55481b	tflocus_50c8a96e2984e21f	chr2R	25228631	25228638	3	CT	1	426	1	53	1	0	52	373	0.00234741784038	0.0188679245283	25228621	25228641	0	0
tfsite_9600cb01bb55481b	tflocus_50c8a96e2984e21f	chr2R	25228631	25228638	3	GA	5	357	5	18	5	0	13	339	0.0140056022409	0.277777777778	25228631	25228638	0	0
tfsite_e56dcb004f546f66	tflocus_cf6d416d03eae4fb	chr2R	25228634	25228668	1	CT	1	425	1	41	1	0	40	384	0.00235294117647	0.0243902439024	25228634	25228668	0	0
tfsite_e56dcb004f546f66	tflocus_cf6d416d03eae4fb	chr2R	25228634	25228668	1	GA	0	356	0	12	0	0	12	344	0	0	25228634	25228668	0	0
tfsite_e8e9838c33f886d6	tflocus_2f8fa0ae7eebd8db	chr2R	25228639	25228694	3	CT	1	424	1	26	1	0	25	398	0.00235849056604	0.0384615384615	25228639	25228694	0	0
tfsite_e8e9838c33f886d6	tflocus_2f8fa0ae7eebd8db	chr2R	25228639	25228694	3	GA	0	353	0	8	0	0	8	345	0	0	25228639	25228694	0	0
tfsite_dd14ef2b863e8e52	tflocus_cf6d416d03eae4fb	chr2R	25228640	25228650	2	CT	1	423	1	58	1	0	57	365	0.00236406619385	0.0172413793103	25228640	25228650	0	0
tfsite_dd14ef2b863e8e52	tflocus_cf6d416d03eae4fb	chr2R	25228640	25228650	2	GA	0	357	0	22	0	0	22	335	0	0	25228640	25228650	0	0
tfsite_4fdb61f2d1503cd5	tflocus_7459327ad6700ca1	chr2R	25228642	25228697	1	CT	1	424	1	28	1	0	27	396	0.00235849056604	0.0357142857143	25228642	25228697	0	0
tfsite_4fdb61f2d1503cd5	tflocus_7459327ad6700ca1	chr2R	25228642	25228697	1	GA	0	354	0	9	0	0	9	345	0	0	25228642	25228697	0	0
tfsite_64527860dc61420d	tflocus_4e46e164e75d32a1	chr2R	25228647	25228728	3	CT	1	426	1	20	0	1	20	405	0.00234741784038	0	25228647	25228728	0	0
tfsite_64527860dc61420d	tflocus_4e46e164e75d32a1	chr2R	25228647	25228728	3	GA	0	359	0	6	0	0	6	353	0	0	25228647	25228728	0	0
tfsite_f7ac51c30e1bca0b	tflocus_2f8fa0ae7eebd8db	chr2R	25228655	25228667	4	CT	11	421	11	64	10	1	54	356	0.0261282660333	0.15625	25228655	25228667	1	3
tfsite_f7ac51c30e1bca0b	tflocus_2f8fa0ae7eebd8db	chr2R	25228655	25228667	4	GA	0	353	0	24	0	0	24	329	0	0	25228655	25228667	0	0
tfsite_032acee624bfbf77	tflocus_7459327ad6700ca1	chr2R	25228656	25228681	2	CT	1	425	1	57	1	0	56	368	0.00235294117647	0.0175438596491	25228656	25228681	0	0
tfsite_032acee624bfbf77	tflocus_7459327ad6700ca1	chr2R	25228656	25228681	2	GA	0	356	0	22	0	0	22	334	0	0	25228656	25228681	0	0
tfsite_d9708155289831e4	tflocus_7459327ad6700ca1	chr2R	25228657	25228690	3	CT	1	426	1	36	1	0	35	390	0.00234741784038	0.0277777777778	25228657	25228690	0	0
tfsite_d9708155289831e4	tflocus_7459327ad6700ca1	chr2R	25228657	25228690	3	GA	0	355	0	17	0	0	17	338	0	0	25228657	25228690	0	0
tfsite_15fcfacdcdc9d481	tflocus_7459327ad6700ca1	chr2R	25228658	25228704	4	CT	0	425	0	31	0	0	31	394	0	0	25228658	25228704	0	0
tfsite_15fcfacdcdc9d481	tflocus_7459327ad6700ca1	chr2R	25228658	25228704	4	GA	1	357	1	12	1	0	11	345	0.00280112044818	0.0833333333333	25228658	25228704	0	0
tfsite_be9afeeeb4c129fd	tflocus_4e46e164e75d32a1	chr2R	25228665	25228711	4	CT	1	425	1	32	1	0	31	393	0.00235294117647	0.03125	25228665	25228711	0	0
tfsite_be9afeeeb4c129fd	tflocus_4e46e164e75d32a1	chr2R	25228665	25228711	4	GA	0	354	0	13	0	0	13	341	0	0	25228665	25228711	0	0
tfsite_eec272b4452d8917	tflocus_2d7095ef5920ad1d	chr2R	25228672	25228740	1	CT	1	429	1	29	1	0	28	400	0.002331002331	0.0344827586207	25228672	25228740	0	0
tfsite_eec272b4452d8917	tflocus_2d7095ef5920ad1d	chr2R	25228672	25228740	1	GA	0	356	0	9	0	0	9	347	0	0	25228672	25228740	0	0
tfsite_4db03b6ae8764b65	tflocus_4e46e164e75d32a1	chr2R	25228684	25228705	5	CT	3	428	3	49	3	0	46	379	0.00700934579439	0.0612244897959	25228684	25228705	2	0
tfsite_4db03b6ae8764b65	tflocus_4e46e164e75d32a1	chr2R	25228684	25228705	5	GA	0	359	0	25	0	0	25	334	0	0	25228684	25228705	0	0
tfsite_3bb7e18985aa9e4f	tflocus_2d7095ef5920ad1d	chr2R	25228684	25228734	2	CT	2	426	2	35	2	0	33	391	0.00469483568075	0.0571428571429	25228684	25228734	2	0
tfsite_3bb7e18985aa9e4f	tflocus_2d7095ef5920ad1d	chr2R	25228684	25228734	2	GA	0	362	0	11	0	0	11	351	0	0	25228684	25228734	0	0
tfsite_7380630f7cccfc8d	tflocus_4e46e164e75d32a1	chr2R	25228686	25228709	6	CT	1	427	1	49	1	0	48	378	0.00234192037471	0.0204081632653	25228686	25228709	0	0
tfsite_7380630f7cccfc8d	tflocus_4e46e164e75d32a1	chr2R	25228686	25228709	6	GA	0	359	0	25	0	0	25	334	0	0	25228686	25228709	0	0
tfsite_9c4e2328d86989f9	tflocus_2d7095ef5920ad1d	chr2R	25228698	25228715	3	CT	1	426	1	50	1	0	49	376	0.00234741784038	0.02	25228698	25228715	0	0
tfsite_9c4e2328d86989f9	tflocus_2d7095ef5920ad1d	chr2R	25228698	25228715	3	GA	0	353	0	29	0	0	29	324	0	0	25228698	25228715	0	0
tfsite_b1734ee79202db1c	tflocus_2d7095ef5920ad1d	chr2R	25228703	25228719	4	CT	1	427	1	47	1	0	46	380	0.00234192037471	0.0212765957447	25228698	25228728	0	0
tfsite_b1734ee79202db1c	tflocus_2d7095ef5920ad1d	chr2R	25228703	25228719	4	GA	2	354	2	37	2	0	35	317	0.00564971751412	0.0540540540541	25228703	25228719	0	0
tfsite_62e26e1bd09456e3	tflocus_c61467ed1a9e2c56	chr2R	25228704	25228754	1	CT	1	422	1	35	1	0	34	387	0.00236966824645	0.0285714285714	25228704	25228754	0	0
tfsite_62e26e1bd09456e3	tflocus_c61467ed1a9e2c56	chr2R	25228704	25228754	1	GA	0	357	0	16	0	0	16	341	0	0	25228704	25228754	0	0
tfsite_7624155382278291	tflocus_c61467ed1a9e2c56	chr2R	25228709	25228734	2	CT	3	425	3	46	3	0	43	379	0.00705882352941	0.0652173913043	25228709	25228734	4	2
tfsite_7624155382278291	tflocus_c61467ed1a9e2c56	chr2R	25228709	25228734	2	GA	0	362	0	25	0	0	25	337	0	0	25228709	25228734	0	0
tfsite_01b6cae8a81d1356	tflocus_c61467ed1a9e2c56	chr2R	25228712	25228754	3	CT	2	423	2	37	2	0	35	386	0.00472813238771	0.0540540540541	25228708	25228757	5.5	3
tfsite_01b6cae8a81d1356	tflocus_c61467ed1a9e2c56	chr2R	25228712	25228754	3	GA	1	358	1	19	1	0	18	339	0.00279329608939	0.0526315789474	25228712	25228750	0	0
tfsite_515c7bd5e39e1a09	tflocus_c61467ed1a9e2c56	chr2R	25228718	25228742	4	CT	0	422	0	44	0	0	44	378	0	0	25228718	25228742	0	0
tfsite_515c7bd5e39e1a09	tflocus_c61467ed1a9e2c56	chr2R	25228718	25228742	4	GA	1	358	1	27	1	0	26	331	0.00279329608939	0.037037037037	25228718	25228742	0	0
tfsite_966e0fd38462070d	tflocus_be52bc036a087ef5	chr2R	25228718	25228773	1	CT	1	423	1	26	1	0	25	397	0.00236406619385	0.0384615384615	25228712	25228775	0	0
tfsite_966e0fd38462070d	tflocus_be52bc036a087ef5	chr2R	25228718	25228773	1	GA	1	356	1	17	1	0	16	339	0.00280898876404	0.0588235294118	25228723	25228771	0	0
tfsite_dd1a456eb92631e4	tflocus_7d20221cad69ec6f	chr2R	25228719	25228799	1	CT	1	427	1	20	0	1	20	406	0.00234192037471	0	25228713	25228799	0	0
tfsite_dd1a456eb92631e4	tflocus_7d20221cad69ec6f	chr2R	25228719	25228799	1	GA	1	351	1	12	1	0	11	339	0.002849002849	0.0833333333333	25228724	25228798	0	0
tfsite_1c895085b37234cf	tflocus_be52bc036a087ef5	chr2R	25228730	25228754	2	CT	0	421	1	43	0	1	43	377	0.00237529691211	0	25228730	25228754	0	0
tfsite_1c895085b37234cf	tflocus_be52bc036a087ef5	chr2R	25228730	25228754	2	GA	1	353	1	21	1	0	20	332	0.0028328611898	0.047619047619	25228730	25228754	0	0
tfsite_e0dac53882376a75	tflocus_be52bc036a087ef5	chr2R	25228736	25228766	3	CT	1	423	1	42	1	0	41	381	0.00236406619385	0.0238095238095	25228736	25228766	0	0
tfsite_e0dac53882376a75	tflocus_be52bc036a087ef5	chr2R	25228736	25228766	3	GA	0	350	0	20	0	0	20	330	0	0	25228736	25228766	0	0
tfsite_148e604db61c663f	tflocus_7d20221cad69ec6f	chr2R	25228741	25228783	2	CT	1	419	1	28	1	0	27	391	0.00238663484487	0.0357142857143	25228741	25228783	0	0
tfsite_148e604db61c663f	tflocus_7d20221cad69ec6f	chr2R	25228741	25228783	2	GA	0	357	0	18	0	0	18	339	0	0	25228741	25228783	0	0
tfsite_76af592e51016d8c	tflocus_efb7c969c8d32e8b	chr2R	25228748	25228819	1	CT	1	423	1	20	1	0	19	403	0.00236406619385	0.05	25228748	25228819	0	0
tfsite_76af592e51016d8c	tflocus_efb7c969c8d32e8b	chr2R	25228748	25228819	1	GA	0	355	0	9	0	0	9	346	0	0	25228748	25228819	0	0
tfsite_2b12e9ac8037c955	tflocus_6f125628fd2cadc6	chr2R	25228757	25228836	1	CT	1	424	1	21	1	0	20	403	0.00235849056604	0.047619047619	25228757	25228836	0	0
tfsite_2b12e9ac8037c955	tflocus_6f125628fd2cadc6	chr2R	25228757	25228836	1	GA	0	355	0	10	0	0	10	345	0	0	25228757	25228836	0	0
tfsite_c33f9d21c39a80e4	tflocus_7d20221cad69ec6f	chr2R	25228760	25228765	3	CT	0	430	0	60	0	0	60	370	0	0	25228760	25228765	0	0
tfsite_c33f9d21c39a80e4	tflocus_7d20221cad69ec6f	chr2R	25228760	25228765	3	GA	3	360	3	43	3	0	40	317	0.00833333333333	0.0697674418605	25228760	25228765	0	0
tfsite_e2093b98a1210e4b	tflocus_efb7c969c8d32e8b	chr2R	25228760	25228798	2	CT	0	424	0	30	0	0	30	394	0	0	25228760	25228798	0	0
tfsite_e2093b98a1210e4b	tflocus_efb7c969c8d32e8b	chr2R	25228760	25228798	2	GA	2	351	2	24	1	1	23	326	0.00569800569801	0.0416666666667	25228760	25228798	0	0
tfsite_2095793afa6e4b7e	tflocus_efb7c969c8d32e8b	chr2R	25228765	25228805	3	CT	1	425	1	27	1	0	26	398	0.00235294117647	0.037037037037	25228765	25228805	0	0
tfsite_2095793afa6e4b7e	tflocus_efb7c969c8d32e8b	chr2R	25228765	25228805	3	GA	0	354	0	19	0	0	19	335	0	0	25228765	25228805	0	0
tfsite_fc993738ee5d5655	tflocus_6f125628fd2cadc6	chr2R	25228778	25228822	2	CT	1	420	1	25	1	0	24	395	0.00238095238095	0.04	25228778	25228822	0	0
tfsite_fc993738ee5d5655	tflocus_6f125628fd2cadc6	chr2R	25228778	25228822	2	GA	0	356	0	22	0	0	22	334	0	0	25228778	25228822	0	0
tfsite_e913dfc7a396285a	tflocus_6f125628fd2cadc6	chr2R	25228778	25228835	3	CT	3	419	3	21	3	0	18	398	0.00715990453461	0.142857142857	25228778	25228835	0	1
tfsite_e913dfc7a396285a	tflocus_6f125628fd2cadc6	chr2R	25228778	25228835	3	GA	0	355	0	16	0	0	16	339	0	0	25228778	25228835	0	0
tfsite_5630a59f284b8c2f	tflocus_6f125628fd2cadc6	chr2R	25228787	25228807	4	CT	0	423	0	34	0	0	34	389	0	0	25228787	25228807	0	0
tfsite_5630a59f284b8c2f	tflocus_6f125628fd2cadc6	chr2R	25228787	25228807	4	GA	1	355	1	31	1	0	30	324	0.00281690140845	0.0322580645161	25228787	25228807	0	0
tfsite_66ef67a2feae1a09	tflocus_6f125628fd2cadc6	chr2R	25228794	25228808	5	CT	0	421	0	34	0	0	34	387	0	0	25228794	25228808	0	0
tfsite_66ef67a2feae1a09	tflocus_6f125628fd2cadc6	chr2R	25228794	25228808	5	GA	1	351	1	31	1	0	30	320	0.002849002849	0.0322580645161	25228794	25228808	0	0
tfsite_a30894e7493f3c72	tflocus_5c9a6916e937657c	chr2R	25228803	25228834	1	CT	1	416	1	34	1	0	33	382	0.00240384615385	0.0294117647059	25228801	25228835	0	0
tfsite_a30894e7493f3c72	tflocus_5c9a6916e937657c	chr2R	25228803	25228834	1	GA	7	359	7	21	6	1	15	337	0.0194986072423	0.285714285714	25228803	25228834	0	0
tfsite_101b9691329f533c	tflocus_2bd138dcdf059a76	chr2R	25228809	25228865	1	CT	0	423	0	24	0	0	24	399	0	0	25228809	25228865	0	0
tfsite_101b9691329f533c	tflocus_2bd138dcdf059a76	chr2R	25228809	25228865	1	GA	2	357	2	17	2	0	15	340	0.00560224089636	0.117647058824	25228809	25228865	5.5	5
tfsite_ded4dd965dcf97ea	tflocus_adf4b0dd85a0dfb0	chr2R	25228813	25228879	1	CT	1	426	1	15	1	0	14	411	0.00234741784038	0.0666666666667	25228813	25228879	0	0
tfsite_ded4dd965dcf97ea	tflocus_adf4b0dd85a0dfb0	chr2R	25228813	25228879	1	GA	0	360	0	14	0	0	14	346	0	0	25228813	25228879	0	0
tfsite_2f861f7213a3f504	tflocus_5c9a6916e937657c	chr2R	25228816	25228838	2	CT	0	425	0	37	0	0	37	388	0	0	25228816	25228838	0	0
tfsite_2f861f7213a3f504	tflocus_5c9a6916e937657c	chr2R	25228816	25228838	2	GA	1	362	1	24	1	0	23	338	0.00276243093923	0.0416666666667	25228816	25228838	0	0
tfsite_c50ed4b273c9d5ca	tflocus_2bd138dcdf059a76	chr2R	25228817	25228842	2	CT	3	426	3	36	3	0	33	390	0.00704225352113	0.0833333333333	25228817	25228842	0	1
tfsite_c50ed4b273c9d5ca	tflocus_2bd138dcdf059a76	chr2R	25228817	25228842	2	GA	0	361	0	22	0	0	22	339	0	0	25228817	25228842	0	0
tfsite_f48125f46a5d0d19	tflocus_adf4b0dd85a0dfb0	chr2R	25228841	25228861	2	CT	1	430	1	46	1	0	45	384	0.00232558139535	0.0217391304348	25228841	25228861	0	0
tfsite_f48125f46a5d0d19	tflocus_adf4b0dd85a0dfb0	chr2R	25228841	25228861	2	GA	0	356	0	22	0	0	22	334	0	0	25228841	25228861	0	0
tfsite_ecef041dd6c0d64a	tflocus_0439849f7af39f19	chr2R	25228845	25228907	1	CT	1	427	1	4	1	0	3	423	0.00234192037471	0.25	25228845	25228907	0	0
tfsite_ecef041dd6c0d64a	tflocus_0439849f7af39f19	chr2R	25228845	25228907	1	GA	0	360	0	6	0	0	6	354	0	0	25228845	25228907	0	0
tfsite_0f273ece23d876fa	tflocus_0439849f7af39f19	chr2R	25228864	25228880	2	CT	0	423	0	28	0	0	28	395	0	0	25228864	25228880	0	0
tfsite_0f273ece23d876fa	tflocus_0439849f7af39f19	chr2R	25228864	25228880	2	GA	1	356	1	33	1	0	32	323	0.00280898876404	0.030303030303	25228864	25228880	0	0
tfsite_cdca0b6443714f7d	tflocus_d7074876b548676f	chr2R	25228888	25228937	1	CT	0	430	0	2	0	0	2	428	0	0	25228888	25228937	0	0
tfsite_cdca0b6443714f7d	tflocus_d7074876b548676f	chr2R	25228888	25228937	1	GA	1	362	1	9	1	0	8	353	0.00276243093923	0.111111111111	25228888	25228937	0	0
tfsite_aaaa4ac0b8e1df50	tflocus_d7074876b548676f	chr2R	25228902	25228914	2	CT	1	428	1	15	1	0	14	413	0.00233644859813	0.0666666666667	25228902	25228914	0	0
tfsite_aaaa4ac0b8e1df50	tflocus_d7074876b548676f	chr2R	25228902	25228914	2	GA	0	363	0	20	0	0	20	343	0	0	25228902	25228914	0	0
tfsite_c7089261cdfa7f67	tflocus_d7074876b548676f	chr2R	25228907	25228928	3	CT	0	430	0	14	0	0	14	416	0	0	25228907	25228928	0	0
tfsite_c7089261cdfa7f67	tflocus_d7074876b548676f	chr2R	25228907	25228928	3	GA	1	362	1	14	1	0	13	348	0.00276243093923	0.0714285714286	25228907	25228928	0	0
tfsite_5f66aa980e501cc7	tflocus_3dab6c38a563ced6	chr2R	25228913	25228959	1	CT	0	428	0	7	0	0	7	421	0	0	25228913	25228959	0	0
tfsite_5f66aa980e501cc7	tflocus_3dab6c38a563ced6	chr2R	25228913	25228959	1	GA	1	360	1	9	1	0	8	351	0.00277777777778	0.111111111111	25228913	25228959	0	0
tfsite_e2ca6c3e22c753e7	tflocus_73e3035c0261f0db	chr2R	25228953	25228972	1	CT	0	429	0	14	0	0	14	415	0	0	25228953	25228972	0	0
tfsite_e2ca6c3e22c753e7	tflocus_73e3035c0261f0db	chr2R	25228953	25228972	1	GA	1	357	1	13	1	0	12	344	0.00280112044818	0.0769230769231	25228953	25228972	0	0
tfsite_c4ea77de991e69ad	tflocus_1d349315dcf6f635	chr2R	25228960	25229000	1	CT	1	427	1	12	1	0	11	415	0.00234192037471	0.0833333333333	25228960	25229000	0	0
tfsite_c4ea77de991e69ad	tflocus_1d349315dcf6f635	chr2R	25228960	25229000	1	GA	0	357	0	6	0	0	6	351	0	0	25228960	25229000	0	0
tfsite_0d77c9efb130edf8	tflocus_3e4058a064cd5433	chr2R	25228982	25229019	1	CT	1	417	1	16	1	0	15	401	0.00239808153477	0.0625	25228982	25229019	0	0
tfsite_0d77c9efb130edf8	tflocus_3e4058a064cd5433	chr2R	25228982	25229019	1	GA	0	349	0	10	0	0	10	339	0	0	25228982	25229019	0	0
tfsite_2d937623701649e4	tflocus_2a438dae63806f0b	chr2R	25228985	25229040	1	CT	1	424	1	9	1	0	8	415	0.00235849056604	0.111111111111	25228985	25229040	0	0
tfsite_2d937623701649e4	tflocus_2a438dae63806f0b	chr2R	25228985	25229040	1	GA	0	356	0	3	0	0	3	353	0	0	25228985	25229040	0	0
tfsite_77c249aa8a757dcf	tflocus_2a438dae63806f0b	chr2R	25228998	25229024	2	CT	1	428	1	22	1	0	21	406	0.00233644859813	0.0454545454545	25228998	25229024	0	0
tfsite_77c249aa8a757dcf	tflocus_2a438dae63806f0b	chr2R	25228998	25229024	2	GA	0	359	0	14	0	0	14	345	0	0	25228998	25229024	0	0
tfsite_80725a778857e179	tflocus_a0be8440978f3e70	chr2R	25229017	25229060	1	CT	0	422	0	17	0	0	17	405	0	0	25229017	25229060	0	0
tfsite_80725a778857e179	tflocus_a0be8440978f3e70	chr2R	25229017	25229060	1	GA	2	358	2	10	2	0	8	348	0.00558659217877	0.2	25229017	25229060	3.5	4.5
tfsite_0450b8b2b60d57b0	tflocus_a0be8440978f3e70	chr2R	25229018	25229072	2	CT	2	421	2	18	2	0	16	403	0.00475059382423	0.111111111111	25229018	25229072	0	0.5
tfsite_0450b8b2b60d57b0	tflocus_a0be8440978f3e70	chr2R	25229018	25229072	2	GA	0	357	0	7	0	0	7	350	0	0	25229018	25229072	0	0
tfsite_431c1e45ffc723bf	tflocus_7c3a77da8e767969	chr2R	25229019	25229044	1	CT	1	423	1	29	1	0	28	394	0.00236406619385	0.0344827586207	25229018	25229047	0	0
tfsite_431c1e45ffc723bf	tflocus_7c3a77da8e767969	chr2R	25229019	25229044	1	GA	1	359	1	14	0	1	14	344	0.00278551532033	0	25229019	25229040	0	0
tfsite_8fd820734935daa9	tflocus_7c3a77da8e767969	chr2R	25229022	25229033	2	CT	0	426	0	43	0	0	43	383	0	0	25229022	25229033	0	0
tfsite_8fd820734935daa9	tflocus_7c3a77da8e767969	chr2R	25229022	25229033	2	GA	2	361	2	29	2	0	27	332	0.00554016620499	0.0689655172414	25229022	25229033	0.5	0.5
tfsite_5a1e9c63bee6e35e	tflocus_a0be8440978f3e70	chr2R	25229027	25229057	3	CT	2	425	2	25	2	0	23	400	0.00470588235294	0.08	25229027	25229057	0	0.5
tfsite_5a1e9c63bee6e35e	tflocus_a0be8440978f3e70	chr2R	25229027	25229057	3	GA	0	358	0	13	0	0	13	345	0	0	25229027	25229057	0	0
tfsite_91eda159537bab25	tflocus_a0be8440978f3e70	chr2R	25229031	25229043	4	CT	0	425	0	41	0	0	41	384	0	0	25229031	25229043	0	0
tfsite_91eda159537bab25	tflocus_a0be8440978f3e70	chr2R	25229031	25229043	4	GA	1	361	1	20	1	0	19	341	0.00277008310249	0.05	25229031	25229043	0	0
tfsite_5dd6dec020424a9a	tflocus_331ae12642991c5d	chr2R	25229035	25229089	1	CT	1	421	1	21	1	0	20	400	0.00237529691211	0.047619047619	25229035	25229089	0	0
tfsite_5dd6dec020424a9a	tflocus_331ae12642991c5d	chr2R	25229035	25229089	1	GA	0	359	0	7	0	0	7	352	0	0	25229035	25229089	0	0
tfsite_440788d8eba5f085	tflocus_a0be8440978f3e70	chr2R	25229042	25229054	5	CT	0	429	0	47	0	0	47	382	0	0	25229042	25229054	0	0
tfsite_440788d8eba5f085	tflocus_a0be8440978f3e70	chr2R	25229042	25229054	5	GA	2	358	2	25	2	0	23	333	0.00558659217877	0.08	25229042	25229054	2	2
tfsite_b639f416ab734c9c	tflocus_331ae12642991c5d	chr2R	25229049	25229089	2	CT	1	425	1	29	1	0	28	396	0.00235294117647	0.0344827586207	25229049	25229089	0	0
tfsite_b639f416ab734c9c	tflocus_331ae12642991c5d	chr2R	25229049	25229089	2	GA	0	361	0	11	0	0	11	350	0	0	25229049	25229089	0	0
tfsite_e7408e72ddc62244	tflocus_30c93e016f46b8ae	chr2R	25229059	25229139	1	CT	1	426	1	7	0	1	7	418	0.00234741784038	0	25229059	25229139	0	0
tfsite_e7408e72ddc62244	tflocus_30c93e016f46b8ae	chr2R	25229059	25229139	1	GA	0	360	0	3	0	0	3	357	0	0	25229059	25229139	0	0
tfsite_b673634f73fba3a7	tflocus_30c93e016f46b8ae	chr2R	25229060	25229123	2	CT	2	424	2	9	1	1	8	414	0.00471698113208	0.111111111111	25229060	25229123	5.5	6
tfsite_b673634f73fba3a7	tflocus_30c93e016f46b8ae	chr2R	25229060	25229123	2	GA	0	360	0	7	0	0	7	353	0	0	25229060	25229123	0	0
tfsite_2ee2430bad0ecc71	tflocus_30c93e016f46b8ae	chr2R	25229075	25229101	3	CT	0	423	0	32	0	0	32	391	0	0	25229075	25229101	0	0
tfsite_2ee2430bad0ecc71	tflocus_30c93e016f46b8ae	chr2R	25229075	25229101	3	GA	1	361	1	20	1	0	19	341	0.00277008310249	0.05	25229075	25229101	0	0
tfsite_1dc6ee2c6fcfa1bd	tflocus_30c93e016f46b8ae	chr2R	25229082	25229119	4	CT	0	420	0	19	0	0	19	401	0	0	25229082	25229119	0	0
tfsite_1dc6ee2c6fcfa1bd	tflocus_30c93e016f46b8ae	chr2R	25229082	25229119	4	GA	1	359	1	16	1	0	15	343	0.00278551532033	0.0625	25229082	25229119	0	0
tfsite_37dae91c379ab133	tflocus_54aab854a9f2e582	chr2R	25229083	25229139	1	CT	1	421	1	14	1	0	13	407	0.00237529691211	0.0714285714286	25229083	25229139	0	0
tfsite_37dae91c379ab133	tflocus_54aab854a9f2e582	chr2R	25229083	25229139	1	GA	0	359	0	5	0	0	5	354	0	0	25229083	25229139	0	0
tfsite_16e492654c2fdc53	tflocus_30c93e016f46b8ae	chr2R	25229091	25229098	5	CT	1	427	1	49	1	0	48	378	0.00234192037471	0.0204081632653	25229091	25229098	0	0
tfsite_16e492654c2fdc53	tflocus_30c93e016f46b8ae	chr2R	25229091	25229098	5	GA	0	361	0	30	0	0	30	331	0	0	25229091	25229098	0	0
tfsite_f184616e188dc394	tflocus_d8539034bd48c88f	chr2R	25229093	25229152	1	CT	1	423	1	13	1	0	12	410	0.00236406619385	0.0769230769231	25229093	25229152	0	0
tfsite_f184616e188dc394	tflocus_d8539034bd48c88f	chr2R	25229093	25229152	1	GA	0	356	0	3	0	0	3	353	0	0	25229093	25229152	0	0
tfsite_8dbd6855fb0ca555	tflocus_8c8fac43cd7320b7	chr2R	25229101	25229167	1	CT	1	429	1	9	1	0	8	420	0.002331002331	0.111111111111	25229101	25229167	0	0
tfsite_8dbd6855fb0ca555	tflocus_8c8fac43cd7320b7	chr2R	25229101	25229167	1	GA	0	357	0	5	0	0	5	352	0	0	25229101	25229167	0	0
tfsite_5f71cdbcd1058c35	tflocus_8c8fac43cd7320b7	chr2R	25229121	25229163	2	CT	1	427	1	14	0	1	14	412	0.00234192037471	0	25229125	25229161	0	0
tfsite_5f71cdbcd1058c35	tflocus_8c8fac43cd7320b7	chr2R	25229121	25229163	2	GA	1	358	1	8	1	0	7	350	0.00279329608939	0.125	25229116	25229164	0	0
tfsite_8f306c70f0438984	tflocus_8c8fac43cd7320b7	chr2R	25229126	25229145	3	CT	0	422	0	26	0	0	26	396	0	0	25229126	25229145	0	0
tfsite_8f306c70f0438984	tflocus_8c8fac43cd7320b7	chr2R	25229126	25229145	3	GA	1	351	1	15	1	0	14	336	0.002849002849	0.0666666666667	25229126	25229145	0	0
tfsite_72536e85632940df	tflocus_07a5a0f35a291b74	chr2R	25229145	25229174	1	CT	1	426	1	23	1	0	22	403	0.00234741784038	0.0434782608696	25229144	25229170	0	0
tfsite_72536e85632940df	tflocus_07a5a0f35a291b74	chr2R	25229145	25229174	1	GA	1	360	1	11	1	0	10	349	0.00277777777778	0.0909090909091	25229146	25229177	0	0
tfsite_843dfc32cb9cee42	tflocus_07a5a0f35a291b74	chr2R	25229147	25229159	2	CT	2	425	2	28	2	0	26	397	0.00470588235294	0.0714285714286	25229148	25229161	1	3.5
tfsite_843dfc32cb9cee42	tflocus_07a5a0f35a291b74	chr2R	25229147	25229159	2	GA	1	356	1	17	1	0	16	339	0.00280898876404	0.0588235294118	25229146	25229159	0	0
tfsite_018963d8acd19c49	tflocus_320b74f92f7064cd	chr2R	25229156	25229192	1	CT	1	152	1	8	1	0	7	144	0.00657894736842	0.125	25229156	25229192	0	0
tfsite_018963d8acd19c49	tflocus_320b74f92f7064cd	chr2R	25229156	25229192	1	GA	0	123	0	4	0	0	4	119	0	0	25229156	25229192	0	0
tfsite_6bfb2af4029dbf15	tflocus_8e478f9b82ce1082	chr2R	25229158	25229224	1	CT	1	151	1	2	1	0	1	149	0.00662251655629	0.5	25229158	25229224	0	0
tfsite_6bfb2af4029dbf15	tflocus_8e478f9b82ce1082	chr2R	25229158	25229224	1	GA	0	118	0	3	0	0	3	115	0	0	25229158	25229224	0	0
tfsite_08becc2ae2f3fec6	tflocus_834b47bf9b332381	chr2R	25229183	25229245	1	CT	0	152	0	1	0	0	1	151	0	0	25229183	25229245	0	0
tfsite_08becc2ae2f3fec6	tflocus_834b47bf9b332381	chr2R	25229183	25229245	1	GA	1	119	1	3	1	0	2	116	0.00840336134454	0.333333333333	25229183	25229245	0	0
tfsite_7a78f3d729d965d7	tflocus_834b47bf9b332381	chr2R	25229184	25229230	2	CT	0	151	0	1	0	0	1	150	0	0	25229184	25229230	0	0
tfsite_7a78f3d729d965d7	tflocus_834b47bf9b332381	chr2R	25229184	25229230	2	GA	1	119	1	5	1	0	4	114	0.00840336134454	0.2	25229184	25229230	0	0
tfsite_e490e0156159a140	tflocus_d2861448b9c7218d	chr2R	25229216	25229240	1	CT	0	429	0	12	0	0	12	417	0	0	25229216	25229240	0	0
tfsite_e490e0156159a140	tflocus_d2861448b9c7218d	chr2R	25229216	25229240	1	GA	1	359	1	14	1	0	13	345	0.00278551532033	0.0714285714286	25229216	25229240	0	0
tfsite_f3ae4c610c093f8c	tflocus_eb13f05a1adb646a	chr2R	25229224	25229277	1	CT	0	430	0	8	0	0	8	422	0	0	25229224	25229277	0	0
tfsite_f3ae4c610c093f8c	tflocus_eb13f05a1adb646a	chr2R	25229224	25229277	1	GA	1	364	1	9	1	0	8	355	0.00274725274725	0.111111111111	25229224	25229277	0	0
tfsite_6cdf22ecae7d402f	tflocus_ca886e758e0cab05	chr2R	25229231	25229284	1	CT	0	429	0	9	0	0	9	420	0	0	25229231	25229284	0	0
tfsite_6cdf22ecae7d402f	tflocus_ca886e758e0cab05	chr2R	25229231	25229284	1	GA	1	361	1	9	1	0	8	352	0.00277008310249	0.111111111111	25229231	25229284	0	0
tfsite_f98771dd8177266a	tflocus_ca886e758e0cab05	chr2R	25229243	25229281	2	CT	2	431	2	10	2	0	8	421	0.0046403712297	0.2	25229243	25229281	4	4.5
tfsite_f98771dd8177266a	tflocus_ca886e758e0cab05	chr2R	25229243	25229281	2	GA	0	363	0	10	0	0	10	353	0	0	25229243	25229281	0	0
tfsite_43b2fa29204bea8a	tflocus_ca886e758e0cab05	chr2R	25229255	25229270	3	CT	2	430	2	13	2	0	11	417	0.0046511627907	0.153846153846	25229256	25229269	0.5	1
tfsite_43b2fa29204bea8a	tflocus_ca886e758e0cab05	chr2R	25229255	25229270	3	GA	1	362	1	20	1	0	19	342	0.00276243093923	0.05	25229255	25229271	0	0
tfsite_794455d3243d000c	tflocus_3c629e8533171a33	chr2R	25229264	25229296	1	CT	0	430	0	11	0	0	11	419	0	0	25229264	25229296	0	0
tfsite_794455d3243d000c	tflocus_3c629e8533171a33	chr2R	25229264	25229296	1	GA	1	364	1	11	1	0	10	353	0.00274725274725	0.0909090909091	25229264	25229296	0	0
tfsite_447618d8d71d0ce8	tflocus_3c629e8533171a33	chr2R	25229271	25229279	2	CT	1	433	1	20	1	0	19	413	0.00230946882217	0.05	25229271	25229279	0	0
tfsite_447618d8d71d0ce8	tflocus_3c629e8533171a33	chr2R	25229271	25229279	2	GA	0	364	0	19	0	0	19	345	0	0	25229271	25229279	0	0
tfsite_9f67de8042b9ae33	tflocus_de6cdf87d8fd0c8c	chr2R	25229276	25229325	1	CT	1	428	1	5	1	0	4	423	0.00233644859813	0.2	25229278	25229328	0	0
tfsite_9f67de8042b9ae33	tflocus_de6cdf87d8fd0c8c	chr2R	25229276	25229325	1	GA	1	362	1	9	1	0	8	353	0.00276243093923	0.111111111111	25229273	25229321	0	0
tfsite_f8ebf3b2ac3bd283	tflocus_a1646ba3d4990a1c	chr2R	25229291	25229358	1	CT	0	430	0	6	0	0	6	424	0	0	25229291	25229358	0	0
tfsite_f8ebf3b2ac3bd283	tflocus_a1646ba3d4990a1c	chr2R	25229291	25229358	1	GA	1	363	1	3	0	1	3	359	0.00275482093664	0	25229291	25229358	0	0
tfsite_3a00d5bf5c97742e	tflocus_a1646ba3d4990a1c	chr2R	25229296	25229344	2	CT	1	427	1	8	1	0	7	419	0.00234192037471	0.125	25229296	25229344	0	0
tfsite_3a00d5bf5c97742e	tflocus_a1646ba3d4990a1c	chr2R	25229296	25229344	2	GA	0	362	0	6	0	0	6	356	0	0	25229296	25229344	0	0
tfsite_8c413f59b7453ca3	tflocus_a1087e266971a3f8	chr2R	25229343	25229417	1	CT	1	427	1	3	1	0	2	424	0.00234192037471	0.333333333333	25229343	25229417	0	0
tfsite_8c413f59b7453ca3	tflocus_a1087e266971a3f8	chr2R	25229343	25229417	1	GA	0	365	0	2	0	0	2	363	0	0	25229343	25229417	0	0
tfsite_3c33fa8bc00797f9	tflocus_e447c13ef0ce57f7	chr2R	25229351	25229380	1	CT	0	426	0	8	0	0	8	418	0	0	25229351	25229380	0	0
tfsite_3c33fa8bc00797f9	tflocus_e447c13ef0ce57f7	chr2R	25229351	25229380	1	GA	1	363	1	6	1	0	5	357	0.00275482093664	0.166666666667	25229351	25229380	0	0
tfsite_4b994fd2079a49bf	tflocus_e447c13ef0ce57f7	chr2R	25229357	25229364	2	CT	0	432	0	23	0	0	23	409	0	0	25229357	25229364	0	0
tfsite_4b994fd2079a49bf	tflocus_e447c13ef0ce57f7	chr2R	25229357	25229364	2	GA	1	365	1	17	1	0	16	348	0.0027397260274	0.0588235294118	25229357	25229364	0	0
tfsite_20cfe0f07ffc294f	tflocus_c1a862395ca19d1b	chr2R	25229380	25229414	1	CT	2	428	2	19	2	0	17	409	0.00467289719626	0.105263157895	25229380	25229414	5	5.5
tfsite_20cfe0f07ffc294f	tflocus_c1a862395ca19d1b	chr2R	25229380	25229414	1	GA	0	362	0	2	0	0	2	360	0	0	25229380	25229414	0	0
tfsite_263dfb7dd19300bc	tflocus_b2e0125fbc860c58	chr2R	25229385	25229428	1	CT	1	428	1	18	1	0	17	410	0.00233644859813	0.0555555555556	25229385	25229428	0	0
tfsite_263dfb7dd19300bc	tflocus_b2e0125fbc860c58	chr2R	25229385	25229428	1	GA	0	363	0	4	0	0	4	359	0	0	25229385	25229428	0	0
tfsite_363b6f17d5fd094e	tflocus_dd95874c8ca3b025	chr2R	25229392	25229456	1	CT	1	431	1	10	1	0	9	421	0.00232018561485	0.1	25229392	25229456	0	0
tfsite_363b6f17d5fd094e	tflocus_dd95874c8ca3b025	chr2R	25229392	25229456	1	GA	0	363	0	3	0	0	3	360	0	0	25229392	25229456	0	0
tfsite_1c2b34061c98f210	tflocus_dd95874c8ca3b025	chr2R	25229392	25229470	2	CT	1	431	1	6	0	1	6	424	0.00232018561485	0	25229392	25229470	0	0
tfsite_1c2b34061c98f210	tflocus_dd95874c8ca3b025	chr2R	25229392	25229470	2	GA	0	363	0	1	0	0	1	362	0	0	25229392	25229470	0	0
tfsite_f5c0103ff6a66564	tflocus_b2e0125fbc860c58	chr2R	25229405	25229423	2	CT	1	428	1	26	1	0	25	402	0.00233644859813	0.0384615384615	25229405	25229423	0	0
tfsite_f5c0103ff6a66564	tflocus_b2e0125fbc860c58	chr2R	25229405	25229423	2	GA	0	364	0	8	0	0	8	356	0	0	25229405	25229423	0	0
tfsite_97a3779247cc78a2	tflocus_dd95874c8ca3b025	chr2R	25229408	25229445	3	CT	1	421	1	15	1	0	14	406	0.00237529691211	0.0666666666667	25229408	25229445	0	0
tfsite_97a3779247cc78a2	tflocus_dd95874c8ca3b025	chr2R	25229408	25229445	3	GA	0	354	0	8	0	0	8	346	0	0	25229408	25229445	0	0
tfsite_60f0d63b0594cb74	tflocus_7c6cac5415e553ab	chr2R	25229416	25229464	1	CT	1	430	1	10	0	1	10	419	0.00232558139535	0	25229416	25229464	0	0
tfsite_60f0d63b0594cb74	tflocus_7c6cac5415e553ab	chr2R	25229416	25229464	1	GA	0	357	0	6	0	0	6	351	0	0	25229416	25229464	0	0
tfsite_a25db467f1220a92	tflocus_dd95874c8ca3b025	chr2R	25229417	25229425	4	CT	1	428	1	31	1	0	30	397	0.00233644859813	0.0322580645161	25229417	25229425	0	0
tfsite_a25db467f1220a92	tflocus_dd95874c8ca3b025	chr2R	25229417	25229425	4	GA	0	365	0	12	0	0	12	353	0	0	25229417	25229425	0	0
tfsite_3b3a82706a572a36	tflocus_dd95874c8ca3b025	chr2R	25229427	25229433	5	CT	1	397	1	33	1	0	32	364	0.00251889168766	0.030303030303	25229427	25229433	0	0
tfsite_3b3a82706a572a36	tflocus_dd95874c8ca3b025	chr2R	25229427	25229433	5	GA	0	344	0	20	0	0	20	324	0	0	25229427	25229433	0	0
tfsite_6f4cfbc753aa062e	tflocus_7c6cac5415e553ab	chr2R	25229432	25229447	2	CT	2	430	2	22	1	1	21	407	0.0046511627907	0.0454545454545	25229432	25229447	4.5	4.5
tfsite_6f4cfbc753aa062e	tflocus_7c6cac5415e553ab	chr2R	25229432	25229447	2	GA	0	358	0	16	0	0	16	342	0	0	25229432	25229447	0	0
tfsite_fd60f08746f7344f	tflocus_7c6cac5415e553ab	chr2R	25229441	25229447	3	CT	1	430	1	32	1	0	31	398	0.00232558139535	0.03125	25229441	25229447	0	0
tfsite_fd60f08746f7344f	tflocus_7c6cac5415e553ab	chr2R	25229441	25229447	3	GA	0	361	0	24	0	0	24	337	0	0	25229441	25229447	0	0
tfsite_cb67ffa0f52d6419	tflocus_00ea254ff99ddc5f	chr2R	25229448	25229491	1	CT	0	432	0	8	0	0	8	424	0	0	25229448	25229491	0	0
tfsite_cb67ffa0f52d6419	tflocus_00ea254ff99ddc5f	chr2R	25229448	25229491	1	GA	1	364	1	16	1	0	15	348	0.00274725274725	0.0625	25229448	25229491	0	0
tfsite_c7d97d7339d46345	tflocus_fbdf5c7464bbd3c8	chr2R	25229457	25229536	1	CT	1	426	1	6	0	1	6	419	0.00234741784038	0	25229457	25229536	0	0
tfsite_c7d97d7339d46345	tflocus_fbdf5c7464bbd3c8	chr2R	25229457	25229536	1	GA	0	358	0	7	0	0	7	351	0	0	25229457	25229536	0	0
tfsite_a2fa14b0b94a5f34	tflocus_fbdf5c7464bbd3c8	chr2R	25229477	25229500	2	CT	1	430	1	17	1	0	16	413	0.00232558139535	0.0588235294118	25229478	25229495	0	0
tfsite_a2fa14b0b94a5f34	tflocus_fbdf5c7464bbd3c8	chr2R	25229477	25229500	2	GA	1	363	1	25	1	0	24	338	0.00275482093664	0.04	25229475	25229505	0	0
tfsite_d07d0a90ac9307cf	tflocus_1cd0b5cb92df7721	chr2R	25229499	25229536	1	CT	1	424	1	12	1	0	11	412	0.00235849056604	0.0833333333333	25229499	25229536	0	0
tfsite_d07d0a90ac9307cf	tflocus_1cd0b5cb92df7721	chr2R	25229499	25229536	1	GA	0	351	0	20	0	0	20	331	0	0	25229499	25229536	0	0
tfsite_a42ba8c1b62cbea2	tflocus_15319655a4fe0110	chr2R	25229499	25229558	1	CT	1	425	1	11	0	1	11	413	0.00235294117647	0	25229499	25229558	0	0
tfsite_a42ba8c1b62cbea2	tflocus_15319655a4fe0110	chr2R	25229499	25229558	1	GA	0	354	0	16	0	0	16	338	0	0	25229499	25229558	0	0
tfsite_35b13c4300056347	tflocus_059a94fd61d3e716	chr2R	25229514	25229578	1	CT	1	283	1	8	1	0	7	275	0.00353356890459	0.125	25229516	25229573	0	0
tfsite_35b13c4300056347	tflocus_059a94fd61d3e716	chr2R	25229514	25229578	1	GA	1	240	1	12	1	0	11	228	0.00416666666667	0.0833333333333	25229511	25229582	0	0
tfsite_1924da4ac705cc22	tflocus_c62672cb6e6966f6	chr2R	25229524	25229591	1	CT	1	283	1	7	1	0	6	276	0.00353356890459	0.142857142857	25229524	25229591	0	0
tfsite_1924da4ac705cc22	tflocus_c62672cb6e6966f6	chr2R	25229524	25229591	1	GA	0	240	0	8	0	0	8	232	0	0	25229524	25229591	0	0
tfsite_804cca98d55fa9ba	tflocus_35add18fc65dcfd7	chr2R	25229549	25229588	1	CT	0	285	0	15	0	0	15	270	0	0	25229549	25229588	0	0
tfsite_804cca98d55fa9ba	tflocus_35add18fc65dcfd7	chr2R	25229549	25229588	1	GA	2	239	2	18	2	0	16	221	0.00836820083682	0.111111111111	25229549	25229588	2	6
tfsite_92f749d7a5d33ad0	tflocus_85d1e1c45255134e	chr2R	25229561	25229622	1	CT	1	274	1	4	1	0	3	270	0.0036496350365	0.25	25229561	25229622	0	0
tfsite_92f749d7a5d33ad0	tflocus_85d1e1c45255134e	chr2R	25229561	25229622	1	GA	0	239	0	11	0	0	11	228	0	0	25229561	25229622	0	0
tfsite_c3776735b5d0e121	tflocus_35add18fc65dcfd7	chr2R	25229564	25229583	2	CT	3	283	3	26	3	0	23	257	0.0106007067138	0.115384615385	25229564	25229583	0	0
tfsite_c3776735b5d0e121	tflocus_35add18fc65dcfd7	chr2R	25229564	25229583	2	GA	1	238	1	23	1	0	22	215	0.00420168067227	0.0434782608696	25229571	25229589	0	0
tfsite_9ebb25b021c9247b	tflocus_1730c3e259cb7024	chr2R	25229603	25229668	1	CT	1	404	1	9	1	0	8	395	0.00247524752475	0.111111111111	25229603	25229668	0	0
tfsite_9ebb25b021c9247b	tflocus_1730c3e259cb7024	chr2R	25229603	25229668	1	GA	0	339	0	10	0	0	10	329	0	0	25229603	25229668	0	0
tfsite_a3b90cd59943e3e7	tflocus_f716988eff1457c7	chr2R	25229614	25229676	1	CT	1	417	1	7	1	0	6	410	0.00239808153477	0.142857142857	25229609	25229680	0	0
tfsite_a3b90cd59943e3e7	tflocus_f716988eff1457c7	chr2R	25229614	25229676	1	GA	1	353	1	11	1	0	10	342	0.0028328611898	0.0909090909091	25229619	25229672	0	0
tfsite_fcd7e32f7d4df312	tflocus_07515d6e051acccb	chr2R	25229626	25229697	1	CT	1	417	1	7	1	0	6	410	0.00239808153477	0.142857142857	25229626	25229697	0	0
tfsite_fcd7e32f7d4df312	tflocus_07515d6e051acccb	chr2R	25229626	25229697	1	GA	0	350	0	9	0	0	9	341	0	0	25229626	25229697	0	0
tfsite_a06474a96a04373a	tflocus_f716988eff1457c7	chr2R	25229630	25229674	2	CT	0	428	0	8	0	0	8	420	0	0	25229630	25229674	0	0
tfsite_a06474a96a04373a	tflocus_f716988eff1457c7	chr2R	25229630	25229674	2	GA	2	362	2	12	2	0	10	350	0.00552486187845	0.166666666667	25229630	25229674	6	1
tfsite_321297dd73411b07	tflocus_07515d6e051acccb	chr2R	25229649	25229701	2	CT	0	429	0	7	0	0	7	422	0	0	25229649	25229701	0	0
tfsite_321297dd73411b07	tflocus_07515d6e051acccb	chr2R	25229649	25229701	2	GA	1	362	1	10	1	0	9	352	0.00276243093923	0.1	25229649	25229701	0	0
tfsite_00d3caff4185920a	tflocus_07515d6e051acccb	chr2R	25229650	25229686	3	CT	0	427	0	8	0	0	8	419	0	0	25229650	25229686	0	0
tfsite_00d3caff4185920a	tflocus_07515d6e051acccb	chr2R	25229650	25229686	3	GA	1	360	1	11	1	0	10	349	0.00277777777778	0.0909090909091	25229650	25229686	0	0
tfsite_5214b0695c3cbd4b	tflocus_408c15c049480a0b	chr2R	25229666	25229720	1	CT	1	425	1	5	1	0	4	420	0.00235294117647	0.2	25229666	25229720	0	0
tfsite_5214b0695c3cbd4b	tflocus_408c15c049480a0b	chr2R	25229666	25229720	1	GA	0	362	0	13	0	0	13	349	0	0	25229666	25229720	0	0
tfsite_001d3d54eb1b20cc	tflocus_d3018fc3b6f9ba45	chr2R	25229691	25229756	1	CT	1	423	1	6	1	0	5	417	0.00236406619385	0.166666666667	25229691	25229756	0	0
tfsite_001d3d54eb1b20cc	tflocus_d3018fc3b6f9ba45	chr2R	25229691	25229756	1	GA	0	361	0	11	0	0	11	350	0	0	25229691	25229756	0	0
tfsite_07bc6f1ab38e80d9	tflocus_68fb0417abdf8315	chr2R	25229722	25229779	1	CT	0	426	0	2	0	0	2	424	0	0	25229722	25229779	0	0
tfsite_07bc6f1ab38e80d9	tflocus_68fb0417abdf8315	chr2R	25229722	25229779	1	GA	1	361	1	10	1	0	9	351	0.00277008310249	0.1	25229722	25229779	0	0
tfsite_699e3c8bbd763ebb	tflocus_68fb0417abdf8315	chr2R	25229733	25229760	2	CT	0	427	0	18	0	0	18	409	0	0	25229733	25229760	0	0
tfsite_699e3c8bbd763ebb	tflocus_68fb0417abdf8315	chr2R	25229733	25229760	2	GA	1	364	1	18	1	0	17	346	0.00274725274725	0.0555555555556	25229733	25229760	0	0
tfsite_713a6c6a693e6c9b	tflocus_68fb0417abdf8315	chr2R	25229747	25229763	3	CT	0	426	0	17	0	0	17	409	0	0	25229747	25229763	0	0
tfsite_713a6c6a693e6c9b	tflocus_68fb0417abdf8315	chr2R	25229747	25229763	3	GA	2	363	2	23	2	0	21	340	0.00550964187328	0.0869565217391	25229747	25229763	4.5	3
tfsite_96a4c1725433169c	tflocus_1d81ce4a0071896c	chr2R	25229748	25229820	1	CT	0	426	0	2	0	0	2	424	0	0	25229748	25229820	0	0
tfsite_96a4c1725433169c	tflocus_1d81ce4a0071896c	chr2R	25229748	25229820	1	GA	1	362	1	4	0	1	4	357	0.00276243093923	0	25229748	25229820	0	0
tfsite_5192c18b95be62a7	tflocus_1d81ce4a0071896c	chr2R	25229751	25229810	2	CT	0	425	0	3	0	0	3	422	0	0	25229751	25229810	0	0
tfsite_5192c18b95be62a7	tflocus_1d81ce4a0071896c	chr2R	25229751	25229810	2	GA	1	359	1	4	1	0	3	355	0.00278551532033	0.25	25229751	25229810	0	0
tfsite_afed4c245a87910c	tflocus_1d81ce4a0071896c	chr2R	25229774	25229792	3	CT	0	428	0	20	0	0	20	408	0	0	25229774	25229792	0	0
tfsite_afed4c245a87910c	tflocus_1d81ce4a0071896c	chr2R	25229774	25229792	3	GA	1	360	1	12	1	0	11	348	0.00277777777778	0.0833333333333	25229774	25229792	0	0
tfsite_b15cfef8e97e9ec0	tflocus_1d81ce4a0071896c	chr2R	25229774	25229805	4	CT	1	427	1	14	1	0	13	413	0.00234192037471	0.0714285714286	25229774	25229805	0	0
tfsite_b15cfef8e97e9ec0	tflocus_1d81ce4a0071896c	chr2R	25229774	25229805	4	GA	0	359	0	9	0	0	9	350	0	0	25229774	25229805	0	0
tfsite_e1eab1ff86b8c46b	tflocus_25f9c44e63b8fffa	chr2R	25229776	25229853	1	CT	1	430	1	7	0	1	7	422	0.00232558139535	0	25229776	25229853	0	0
tfsite_e1eab1ff86b8c46b	tflocus_25f9c44e63b8fffa	chr2R	25229776	25229853	1	GA	0	360	0	7	0	0	7	353	0	0	25229776	25229853	0	0
tfsite_83049f6b79857820	tflocus_53d9d96a6fb149e2	chr2R	25229792	25229869	1	CT	0	429	0	8	0	0	8	421	0	0	25229792	25229869	0	0
tfsite_83049f6b79857820	tflocus_53d9d96a6fb149e2	chr2R	25229792	25229869	1	GA	1	363	1	10	1	0	9	353	0.00275482093664	0.1	25229792	25229869	0	0
tfsite_5f1360e5acab0fc9	tflocus_53d9d96a6fb149e2	chr2R	25229818	25229837	2	CT	5	427	5	37	5	0	32	390	0.0117096018735	0.135135135135	25229818	25229837	4	2
tfsite_5f1360e5acab0fc9	tflocus_53d9d96a6fb149e2	chr2R	25229818	25229837	2	GA	0	362	0	17	0	0	17	345	0	0	25229818	25229837	0	0
tfsite_66f22e9675bae425	tflocus_53d9d96a6fb149e2	chr2R	25229824	25229841	3	CT	3	429	3	34	3	0	31	395	0.00699300699301	0.0882352941176	25229824	25229841	0	0
tfsite_66f22e9675bae425	tflocus_53d9d96a6fb149e2	chr2R	25229824	25229841	3	GA	0	361	0	19	0	0	19	342	0	0	25229824	25229841	0	0
tfsite_5d38d5e33e14761e	tflocus_7107ce05ffd50634	chr2R	25229825	25229861	1	CT	1	428	1	23	1	0	22	405	0.00233644859813	0.0434782608696	25229825	25229856	0	0
tfsite_5d38d5e33e14761e	tflocus_7107ce05ffd50634	chr2R	25229825	25229861	1	GA	2	363	2	15	2	0	13	348	0.00550964187328	0.133333333333	25229831	25229862	6	0.5
tfsite_9d8201899ef2f517	tflocus_7107ce05ffd50634	chr2R	25229829	25229846	2	CT	1	429	1	36	1	0	35	393	0.002331002331	0.0277777777778	25229829	25229846	0	0
tfsite_9d8201899ef2f517	tflocus_7107ce05ffd50634	chr2R	25229829	25229846	2	GA	0	361	0	16	0	0	16	345	0	0	25229829	25229846	0	0
tfsite_dd82feacf27e3614	tflocus_4ad121a883138fcf	chr2R	25229844	25229889	1	CT	1	429	1	16	1	0	15	413	0.002331002331	0.0625	25229844	25229889	0	0
tfsite_dd82feacf27e3614	tflocus_4ad121a883138fcf	chr2R	25229844	25229889	1	GA	0	363	0	12	0	0	12	351	0	0	25229844	25229889	0	0
tfsite_c8555081cd13727f	tflocus_4ad121a883138fcf	chr2R	25229849	25229874	2	CT	3	428	3	44	3	0	41	384	0.00700934579439	0.0681818181818	25229849	25229874	0	0
tfsite_c8555081cd13727f	tflocus_4ad121a883138fcf	chr2R	25229849	25229874	2	GA	0	365	0	20	0	0	20	345	0	0	25229849	25229874	0	0
tfsite_3f098411083137a6	tflocus_3feaf9a66ca62b4c	chr2R	25229859	25229885	1	CT	1	428	1	30	1	0	29	398	0.00233644859813	0.0333333333333	25229859	25229885	0	0
tfsite_3f098411083137a6	tflocus_3feaf9a66ca62b4c	chr2R	25229859	25229885	1	GA	0	364	0	16	0	0	16	348	0	0	25229859	25229885	0	0
tfsite_4b44e764e40796d1	tflocus_65fede793ac3f51e	chr2R	25229867	25229946	1	CT	1	427	1	5	1	0	4	422	0.00234192037471	0.2	25229867	25229946	0	0
tfsite_4b44e764e40796d1	tflocus_65fede793ac3f51e	chr2R	25229867	25229946	1	GA	0	365	0	4	0	0	4	361	0	0	25229867	25229946	0	0
tfsite_67e912fa832211af	tflocus_3feaf9a66ca62b4c	chr2R	25229871	25229885	2	CT	2	429	2	38	2	0	36	391	0.004662004662	0.0526315789474	25229873	25229885	2.5	0.5
tfsite_67e912fa832211af	tflocus_3feaf9a66ca62b4c	chr2R	25229871	25229885	2	GA	1	362	1	31	1	0	30	331	0.00276243093923	0.0322580645161	25229871	25229889	0	0
tfsite_6b4e2761454e6e12	tflocus_e506f28ab45d04ea	chr2R	25229875	25229909	1	CT	2	428	2	17	2	0	15	411	0.00467289719626	0.117647058824	25229880	25229910	1	1
tfsite_6b4e2761454e6e12	tflocus_e506f28ab45d04ea	chr2R	25229875	25229909	1	GA	2	362	2	17	2	0	15	345	0.00552486187845	0.117647058824	25229870	25229908	1	1.5
tfsite_dd25b8834dc8b460	tflocus_65fede793ac3f51e	chr2R	25229890	25229915	2	CT	1	428	1	13	1	0	12	415	0.00233644859813	0.0769230769231	25229890	25229915	0	0
tfsite_dd25b8834dc8b460	tflocus_65fede793ac3f51e	chr2R	25229890	25229915	2	GA	0	363	0	25	0	0	25	338	0	0	25229890	25229915	0	0
tfsite_f2dc1ec5534fa362	tflocus_ae209c0eae69bbe4	chr2R	25229912	25229935	1	CT	1	430	1	11	1	0	10	419	0.00232558139535	0.0909090909091	25229912	25229935	0	0
tfsite_f2dc1ec5534fa362	tflocus_ae209c0eae69bbe4	chr2R	25229912	25229935	1	GA	0	366	0	20	0	0	20	346	0	0	25229912	25229935	0	0
tfsite_f1c75cc32e916eda	tflocus_50ec156a960db5cf	chr2R	25229934	25229951	1	CT	1	428	1	11	1	0	10	417	0.00233644859813	0.0909090909091	25229934	25229951	0	0
tfsite_f1c75cc32e916eda	tflocus_50ec156a960db5cf	chr2R	25229934	25229951	1	GA	0	360	0	22	0	0	22	338	0	0	25229934	25229951	0	0
tfsite_d48021df1ce06fdb	tflocus_0ba6caaf9d94b724	chr2R	25229941	25229973	1	CT	0	429	0	6	0	0	6	423	0	0	25229941	25229973	0	0
tfsite_d48021df1ce06fdb	tflocus_0ba6caaf9d94b724	chr2R	25229941	25229973	1	GA	2	360	2	14	2	0	12	346	0.00555555555556	0.142857142857	25229941	25229973	2.5	1
tfsite_9e7eac17468912ed	tflocus_3e14b123ebcc1259	chr2R	25229945	25230004	1	CT	1	429	1	8	1	0	7	421	0.002331002331	0.125	25229945	25230004	0	0
tfsite_9e7eac17468912ed	tflocus_3e14b123ebcc1259	chr2R	25229945	25230004	1	GA	0	362	0	6	0	0	6	356	0	0	25229945	25230004	0	0
tfsite_b4aa43234d03f675	tflocus_3e14b123ebcc1259	chr2R	25229953	25229988	2	CT	1	425	1	10	1	0	9	415	0.00235294117647	0.1	25229950	25229993	0	0
tfsite_b4aa43234d03f675	tflocus_3e14b123ebcc1259	chr2R	25229953	25229988	2	GA	1	363	1	10	1	0	9	353	0.00275482093664	0.1	25229955	25229982	0	0
tfsite_c049df3d80338964	tflocus_3a96c17582afa293	chr2R	25229987	25230004	1	CT	1	422	1	17	1	0	16	405	0.00236966824645	0.0588235294118	25229987	25230004	0	0
tfsite_c049df3d80338964	tflocus_3a96c17582afa293	chr2R	25229987	25230004	1	GA	0	361	0	8	0	0	8	353	0	0	25229987	25230004	0	0
tfsite_868cbe5c8c84dbc5	tflocus_5587769eaed76937	chr2R	25230006	25230049	1	CT	2	426	2	15	2	0	13	411	0.00469483568075	0.133333333333	25230006	25230049	3	2.5
tfsite_868cbe5c8c84dbc5	tflocus_5587769eaed76937	chr2R	25230006	25230049	1	GA	0	360	0	6	0	0	6	354	0	0	25230006	25230049	0	0
tfsite_1cbc49c72f06e540	tflocus_7e0291517b4e7463	chr2R	25230022	25230081	1	CT	0	423	0	24	0	0	24	399	0	0	25230022	25230081	0	0
tfsite_1cbc49c72f06e540	tflocus_7e0291517b4e7463	chr2R	25230022	25230081	1	GA	1	361	1	6	1	0	5	355	0.00277008310249	0.166666666667	25230022	25230081	0	0
tfsite_06c80d7e7b34d7de	tflocus_24664b386e7b64ef	chr2R	25230025	25230050	1	CT	2	150	2	13	2	0	11	137	0.0133333333333	0.153846153846	25230025	25230050	0.5	4
tfsite_06c80d7e7b34d7de	tflocus_24664b386e7b64ef	chr2R	25230025	25230050	1	GA	0	130	0	3	0	0	3	127	0	0	25230025	25230050	0	0
tfsite_5139c1b7532fcf26	tflocus_7e0291517b4e7463	chr2R	25230040	25230062	2	CT	2	428	2	44	2	0	42	384	0.00467289719626	0.0454545454545	25230040	25230062	1	0.5
tfsite_5139c1b7532fcf26	tflocus_7e0291517b4e7463	chr2R	25230040	25230062	2	GA	0	368	0	20	0	0	20	348	0	0	25230040	25230062	0	0
tfsite_596600434c500b74	tflocus_a57816211f057797	chr2R	25230044	25230101	1	CT	0	426	0	20	0	0	20	406	0	0	25230044	25230101	0	0
tfsite_596600434c500b74	tflocus_a57816211f057797	chr2R	25230044	25230101	1	GA	1	366	1	18	1	0	17	348	0.00273224043716	0.0555555555556	25230044	25230101	0	0
tfsite_160d758505478c24	tflocus_7e0291517b4e7463	chr2R	25230045	25230066	3	CT	1	428	1	49	1	0	48	379	0.00233644859813	0.0204081632653	25230045	25230066	0	0
tfsite_160d758505478c24	tflocus_7e0291517b4e7463	chr2R	25230045	25230066	3	GA	0	368	0	24	0	0	24	344	0	0	25230045	25230066	0	0
tfsite_b6ad7b4b35400626	tflocus_41755cbe47e7b9da	chr2R	25230046	25230067	1	CT	2	428	2	49	2	0	47	379	0.00467289719626	0.0408163265306	25230045	25230069	1	1.5
tfsite_b6ad7b4b35400626	tflocus_41755cbe47e7b9da	chr2R	25230046	25230067	1	GA	1	368	1	24	1	0	23	344	0.00271739130435	0.0416666666667	25230049	25230065	0	0
tfsite_2eda5ef1875f9060	tflocus_41755cbe47e7b9da	chr2R	25230049	25230085	2	CT	2	428	2	36	2	0	34	392	0.00467289719626	0.0555555555556	25230049	25230085	3	4
tfsite_2eda5ef1875f9060	tflocus_41755cbe47e7b9da	chr2R	25230049	25230085	2	GA	0	367	0	22	0	0	22	345	0	0	25230049	25230085	0	0
tfsite_b32d04087791ddeb	tflocus_8f33560ae043287c	chr2R	25230055	25230135	1	CT	0	426	0	10	0	0	10	416	0	0	25230055	25230135	0	0
tfsite_b32d04087791ddeb	tflocus_8f33560ae043287c	chr2R	25230055	25230135	1	GA	1	365	1	11	0	1	11	353	0.0027397260274	0	25230055	25230135	0	0
tfsite_ac33c2e394107b15	tflocus_41755cbe47e7b9da	chr2R	25230056	25230070	3	CT	3	427	3	52	3	0	49	375	0.00702576112412	0.0576923076923	25230056	25230070	0	0
tfsite_ac33c2e394107b15	tflocus_41755cbe47e7b9da	chr2R	25230056	25230070	3	GA	2	366	2	25	2	0	23	341	0.00546448087432	0.08	25230056	25230072	3.5	0.5
tfsite_aa8a28d6737d3ee8	tflocus_a57816211f057797	chr2R	25230058	25230099	2	CT	1	426	1	23	1	0	22	403	0.00234741784038	0.0434782608696	25230058	25230099	0	0
tfsite_aa8a28d6737d3ee8	tflocus_a57816211f057797	chr2R	25230058	25230099	2	GA	0	366	0	22	0	0	22	344	0	0	25230058	25230099	0	0
tfsite_c0d33328f0681e3e	tflocus_a57816211f057797	chr2R	25230064	25230085	3	CT	3	428	3	38	3	0	35	390	0.00700934579439	0.0789473684211	25230064	25230085	5	1
tfsite_c0d33328f0681e3e	tflocus_a57816211f057797	chr2R	25230064	25230085	3	GA	1	367	1	25	1	0	24	342	0.00272479564033	0.04	25230064	25230091	0	0
tfsite_653da6fbe3887f9d	tflocus_8f33560ae043287c	chr2R	25230068	25230099	2	CT	0	426	0	25	0	0	25	401	0	0	25230068	25230099	0	0
tfsite_653da6fbe3887f9d	tflocus_8f33560ae043287c	chr2R	25230068	25230099	2	GA	1	366	1	28	1	0	27	338	0.00273224043716	0.0357142857143	25230068	25230099	0	0
tfsite_07168688010133f1	tflocus_8f33560ae043287c	chr2R	25230072	25230126	3	CT	0	424	0	11	0	0	11	413	0	0	25230072	25230126	0	0
tfsite_07168688010133f1	tflocus_8f33560ae043287c	chr2R	25230072	25230126	3	GA	2	364	2	16	2	0	14	348	0.00549450549451	0.125	25230072	25230126	5.5	6
tfsite_4fbad15fdddcddc9	tflocus_8f33560ae043287c	chr2R	25230079	25230103	4	CT	0	424	0	27	0	0	27	397	0	0	25230079	25230103	0	0
tfsite_4fbad15fdddcddc9	tflocus_8f33560ae043287c	chr2R	25230079	25230103	4	GA	2	365	2	32	2	0	30	333	0.00547945205479	0.0625	25230079	25230103	3	1.5
tfsite_02f53c3cbe63752e	tflocus_d005b91ee665e08f	chr2R	25230092	25230124	1	CT	1	425	1	21	1	0	20	404	0.00235294117647	0.047619047619	25230088	25230124	0	0
tfsite_02f53c3cbe63752e	tflocus_d005b91ee665e08f	chr2R	25230092	25230124	1	GA	2	364	2	26	1	1	25	337	0.00549450549451	0.0384615384615	25230096	25230124	4	5.5
tfsite_a8c06ee008e23c59	tflocus_84ec777129a2029a	chr2R	25230093	25230163	1	CT	1	429	1	13	1	0	12	416	0.002331002331	0.0769230769231	25230093	25230163	0	0
tfsite_a8c06ee008e23c59	tflocus_84ec777129a2029a	chr2R	25230093	25230163	1	GA	0	365	0	12	0	0	12	353	0	0	25230093	25230163	0	0
tfsite_248e0545dab43d83	tflocus_d005b91ee665e08f	chr2R	25230103	25230129	2	CT	1	427	1	22	1	0	21	405	0.00234192037471	0.0454545454545	25230103	25230121	0	0
tfsite_248e0545dab43d83	tflocus_d005b91ee665e08f	chr2R	25230103	25230129	2	GA	2	366	2	21	2	0	19	345	0.00546448087432	0.0952380952381	25230105	25230131	1.5	2
tfsite_7f3c19df0b86a440	tflocus_84ec777129a2029a	chr2R	25230107	25230149	2	CT	0	427	0	19	0	0	19	408	0	0	25230107	25230149	0	0
tfsite_7f3c19df0b86a440	tflocus_84ec777129a2029a	chr2R	25230107	25230149	2	GA	1	367	1	16	1	0	15	351	0.00272479564033	0.0625	25230107	25230149	0	0
tfsite_9a13418447d18fb1	tflocus_f3a943ff6f4178b6	chr2R	25230117	25230173	1	CT	0	427	0	15	0	0	15	412	0	0	25230117	25230173	0	0
tfsite_9a13418447d18fb1	tflocus_f3a943ff6f4178b6	chr2R	25230117	25230173	1	GA	1	365	1	18	1	0	17	347	0.0027397260274	0.0555555555556	25230117	25230173	0	0
tfsite_502de9bb6ad63296	tflocus_84ec777129a2029a	chr2R	25230130	25230136	3	CT	0	428	0	31	0	0	31	397	0	0	25230130	25230136	0	0
tfsite_502de9bb6ad63296	tflocus_84ec777129a2029a	chr2R	25230130	25230136	3	GA	2	366	2	34	2	0	32	332	0.00546448087432	0.0588235294118	25230130	25230136	1.5	1.5
tfsite_84e00676bc3cb510	tflocus_f3a943ff6f4178b6	chr2R	25230133	25230164	2	CT	2	429	2	19	2	0	17	410	0.004662004662	0.105263157895	25230132	25230162	1.5	3
tfsite_84e00676bc3cb510	tflocus_f3a943ff6f4178b6	chr2R	25230133	25230164	2	GA	1	364	1	31	1	0	30	333	0.00274725274725	0.0322580645161	25230136	25230164	0	0
tfsite_c1230053dd61518e	tflocus_f3a943ff6f4178b6	chr2R	25230137	25230147	3	CT	0	428	0	26	0	0	26	402	0	0	25230137	25230147	0	0
tfsite_c1230053dd61518e	tflocus_f3a943ff6f4178b6	chr2R	25230137	25230147	3	GA	2	367	2	35	2	0	33	332	0.00544959128065	0.0571428571429	25230137	25230147	0.5	4
tfsite_662fba843a1b5f10	tflocus_df136a86ea5efd98	chr2R	25230143	25230172	1	CT	0	430	0	19	0	0	19	411	0	0	25230143	25230172	0	0
tfsite_662fba843a1b5f10	tflocus_df136a86ea5efd98	chr2R	25230143	25230172	1	GA	1	364	1	30	1	0	29	334	0.00274725274725	0.0333333333333	25230143	25230172	0	0
tfsite_47a528dd3e98cc6e	tflocus_f3a943ff6f4178b6	chr2R	25230147	25230153	4	CT	0	429	0	29	0	0	29	400	0	0	25230147	25230153	0	0
tfsite_47a528dd3e98cc6e	tflocus_f3a943ff6f4178b6	chr2R	25230147	25230153	4	GA	1	366	1	39	1	0	38	327	0.00273224043716	0.025641025641	25230147	25230153	0	0
tfsite_b72360a43b63982b	tflocus_653c9acce240c2f5	chr2R	25230147	25230207	1	CT	0	427	0	12	0	0	12	415	0	0	25230147	25230207	0	0
tfsite_b72360a43b63982b	tflocus_653c9acce240c2f5	chr2R	25230147	25230207	1	GA	1	364	1	14	1	0	13	350	0.00274725274725	0.0714285714286	25230147	25230207	0	0
tfsite_6a0ce7f80b97ea7c	tflocus_653c9acce240c2f5	chr2R	25230162	25230225	2	CT	0	427	0	13	0	0	13	414	0	0	25230162	25230225	0	0
tfsite_6a0ce7f80b97ea7c	tflocus_653c9acce240c2f5	chr2R	25230162	25230225	2	GA	2	364	2	13	2	0	11	351	0.00549450549451	0.153846153846	25230162	25230225	3	3
tfsite_8a8a699cf91e0dc5	tflocus_58638375d36f0d9b	chr2R	25230166	25230235	1	CT	1	427	1	13	1	0	12	414	0.00234192037471	0.0769230769231	25230166	25230235	0	0
tfsite_8a8a699cf91e0dc5	tflocus_58638375d36f0d9b	chr2R	25230166	25230235	1	GA	0	365	0	11	0	0	11	354	0	0	25230166	25230235	0	0
tfsite_a940c2519afc96ff	tflocus_653c9acce240c2f5	chr2R	25230172	25230199	3	CT	2	423	2	18	2	0	16	405	0.00472813238771	0.111111111111	25230172	25230199	3	3
tfsite_a940c2519afc96ff	tflocus_653c9acce240c2f5	chr2R	25230172	25230199	3	GA	0	361	0	22	0	0	22	339	0	0	25230172	25230199	0	0
tfsite_517c34f4e1f42da7	tflocus_58638375d36f0d9b	chr2R	25230175	25230236	2	CT	1	425	1	12	1	0	11	413	0.00235294117647	0.0833333333333	25230175	25230236	0	0
tfsite_517c34f4e1f42da7	tflocus_58638375d36f0d9b	chr2R	25230175	25230236	2	GA	0	365	0	12	0	0	12	353	0	0	25230175	25230236	0	0
tfsite_35b6bda1de937db8	tflocus_58638375d36f0d9b	chr2R	25230180	25230224	3	CT	1	427	1	14	1	0	13	413	0.00234192037471	0.0714285714286	25230180	25230224	0	0
tfsite_35b6bda1de937db8	tflocus_58638375d36f0d9b	chr2R	25230180	25230224	3	GA	0	364	0	19	0	0	19	345	0	0	25230180	25230224	0	0
tfsite_a5db526c92a44bd3	tflocus_e0a4ebd5fd17bb33	chr2R	25230190	25230242	1	CT	0	426	0	24	0	0	24	402	0	0	25230190	25230242	0	0
tfsite_a5db526c92a44bd3	tflocus_e0a4ebd5fd17bb33	chr2R	25230190	25230242	1	GA	1	363	1	15	1	0	14	348	0.00275482093664	0.0666666666667	25230190	25230242	0	0
tfsite_8ec6c9105b226e34	tflocus_bd5a033162828b25	chr2R	25230192	25230267	1	CT	0	427	0	19	0	0	19	408	0	0	25230192	25230267	0	0
tfsite_8ec6c9105b226e34	tflocus_bd5a033162828b25	chr2R	25230192	25230267	1	GA	1	365	1	13	1	0	12	352	0.0027397260274	0.0769230769231	25230192	25230267	0	0
tfsite_6e44908baf785a43	tflocus_58638375d36f0d9b	chr2R	25230194	25230216	4	CT	0	431	0	25	0	0	25	406	0	0	25230194	25230216	0	0
tfsite_6e44908baf785a43	tflocus_58638375d36f0d9b	chr2R	25230194	25230216	4	GA	1	363	1	24	1	0	23	339	0.00275482093664	0.0416666666667	25230194	25230216	0	0
tfsite_59189fbbdbd8cb58	tflocus_e0a4ebd5fd17bb33	chr2R	25230194	25230229	2	CT	0	430	0	24	0	0	24	406	0	0	25230194	25230229	0	0
tfsite_59189fbbdbd8cb58	tflocus_e0a4ebd5fd17bb33	chr2R	25230194	25230229	2	GA	2	362	2	22	2	0	20	340	0.00552486187845	0.0909090909091	25230194	25230229	0.5	0.5
tfsite_e24a153bdd8a8771	tflocus_58638375d36f0d9b	chr2R	25230195	25230219	5	CT	1	431	1	25	1	0	24	406	0.00232018561485	0.04	25230195	25230219	0	0
tfsite_e24a153bdd8a8771	tflocus_58638375d36f0d9b	chr2R	25230195	25230219	5	GA	0	364	0	23	0	0	23	341	0	0	25230195	25230219	0	0
tfsite_922239b36dcf80f6	tflocus_e0a4ebd5fd17bb33	chr2R	25230207	25230229	3	CT	1	430	1	36	1	0	35	394	0.00232558139535	0.0277777777778	25230204	25230230	0	0
tfsite_922239b36dcf80f6	tflocus_e0a4ebd5fd17bb33	chr2R	25230207	25230229	3	GA	1	366	1	26	1	0	25	340	0.00273224043716	0.0384615384615	25230210	25230228	0	0
tfsite_3c5d5554c4651a45	tflocus_bd5a033162828b25	chr2R	25230209	25230246	2	CT	2	428	2	39	2	0	37	389	0.00467289719626	0.0512820512821	25230209	25230246	2.5	1
tfsite_3c5d5554c4651a45	tflocus_bd5a033162828b25	chr2R	25230209	25230246	2	GA	0	365	0	18	0	0	18	347	0	0	25230209	25230246	0	0
tfsite_749abd95ce214858	tflocus_bd5a033162828b25	chr2R	25230211	25230254	3	CT	0	428	0	35	0	0	35	393	0	0	25230211	25230254	0	0
tfsite_749abd95ce214858	tflocus_bd5a033162828b25	chr2R	25230211	25230254	3	GA	1	366	1	15	1	0	14	351	0.00273224043716	0.0666666666667	25230211	25230254	0	0
tfsite_f8bca37fcc77131f	tflocus_97e770742d58a4f3	chr2R	25230211	25230260	1	CT	0	425	0	32	0	0	32	393	0	0	25230211	25230260	0	0
tfsite_f8bca37fcc77131f	tflocus_97e770742d58a4f3	chr2R	25230211	25230260	1	GA	1	365	1	15	1	0	14	350	0.0027397260274	0.0666666666667	25230211	25230260	0	0
tfsite_e4440b288352b309	tflocus_5c809b7b307bde20	chr2R	25230211	25230290	1	CT	0	425	0	20	0	0	20	405	0	0	25230211	25230290	0	0
tfsite_e4440b288352b309	tflocus_5c809b7b307bde20	chr2R	25230211	25230290	1	GA	1	366	1	11	0	1	11	354	0.00273224043716	0	25230211	25230290	0	0
tfsite_96cee4e0057c64ad	tflocus_97e770742d58a4f3	chr2R	25230212	25230270	2	CT	3	423	3	29	3	0	26	394	0.00709219858156	0.103448275862	25230212	25230270	0	0
tfsite_96cee4e0057c64ad	tflocus_97e770742d58a4f3	chr2R	25230212	25230270	2	GA	1	364	1	12	1	0	11	352	0.00274725274725	0.0833333333333	25230204	25230277	0	0
tfsite_cac03a4447588d01	tflocus_bd5a033162828b25	chr2R	25230223	25230237	4	CT	0	426	0	45	0	0	45	381	0	0	25230223	25230237	0	0
tfsite_cac03a4447588d01	tflocus_bd5a033162828b25	chr2R	25230223	25230237	4	GA	1	367	1	24	1	0	23	343	0.00272479564033	0.0416666666667	25230223	25230237	0	0
tfsite_9adc438fdd3c2c77	tflocus_97e770742d58a4f3	chr2R	25230233	25230258	3	CT	1	426	1	41	1	0	40	385	0.00234741784038	0.0243902439024	25230232	25230256	0	0
tfsite_9adc438fdd3c2c77	tflocus_97e770742d58a4f3	chr2R	25230233	25230258	3	GA	1	363	1	28	1	0	27	335	0.00275482093664	0.0357142857143	25230233	25230260	0	0
tfsite_673dfaaa94d3a9b7	tflocus_5c809b7b307bde20	chr2R	25230233	25230283	2	CT	0	424	0	22	0	0	22	402	0	0	25230233	25230283	0	0
tfsite_673dfaaa94d3a9b7	tflocus_5c809b7b307bde20	chr2R	25230233	25230283	2	GA	1	363	1	19	1	0	18	344	0.00275482093664	0.0526315789474	25230233	25230283	0	0
tfsite_426796eb52c90442	tflocus_cfb110a653ae3aa0	chr2R	25230237	25230294	1	CT	0	424	0	23	0	0	23	401	0	0	25230237	25230294	0	0
tfsite_426796eb52c90442	tflocus_cfb110a653ae3aa0	chr2R	25230237	25230294	1	GA	1	364	1	16	1	0	15	348	0.00274725274725	0.0625	25230237	25230294	0	0
tfsite_dab14ec4a1feed3e	tflocus_e94644c68797a991	chr2R	25230244	25230315	1	CT	0	425	0	11	0	0	11	414	0	0	25230244	25230315	0	0
tfsite_dab14ec4a1feed3e	tflocus_e94644c68797a991	chr2R	25230244	25230315	1	GA	1	361	1	14	1	0	13	347	0.00277008310249	0.0714285714286	25230244	25230315	0	0
tfsite_d2a6c2a34fa1c104	tflocus_e94644c68797a991	chr2R	25230244	25230327	2	CT	0	426	0	11	0	0	11	415	0	0	25230244	25230327	0	0
tfsite_d2a6c2a34fa1c104	tflocus_e94644c68797a991	chr2R	25230244	25230327	2	GA	1	366	1	10	1	0	9	356	0.00273224043716	0.1	25230244	25230327	0	0
tfsite_bfb8dc00b719fb74	tflocus_5c809b7b307bde20	chr2R	25230247	25230272	3	CT	1	424	1	50	1	0	49	374	0.00235849056604	0.02	25230247	25230272	0	0
tfsite_bfb8dc00b719fb74	tflocus_5c809b7b307bde20	chr2R	25230247	25230272	3	GA	0	363	0	27	0	0	27	336	0	0	25230247	25230272	0	0
tfsite_87cd5959c027f7d1	tflocus_5c809b7b307bde20	chr2R	25230250	25230259	4	CT	0	423	0	73	0	0	73	350	0	0	25230250	25230259	0	0
tfsite_87cd5959c027f7d1	tflocus_5c809b7b307bde20	chr2R	25230250	25230259	4	GA	6	362	6	35	6	0	29	327	0.0165745856354	0.171428571429	25230250	25230259	1.5	1.5
tfsite_639f2f31cd9e4576	tflocus_cfb110a653ae3aa0	chr2R	25230260	25230268	2	CT	0	423	0	94	0	0	94	329	0	0	25230260	25230268	0	0
tfsite_639f2f31cd9e4576	tflocus_cfb110a653ae3aa0	chr2R	25230260	25230268	2	GA	1	360	1	48	1	0	47	312	0.00277777777778	0.0208333333333	25230260	25230268	0	0
tfsite_e5f36d6a00391bba	tflocus_e94644c68797a991	chr2R	25230264	25230291	3	CT	2	427	2	75	2	0	73	352	0.00468384074941	0.0266666666667	25230264	25230291	3	6
tfsite_e5f36d6a00391bba	tflocus_e94644c68797a991	chr2R	25230264	25230291	3	GA	0	363	0	33	0	0	33	330	0	0	25230264	25230291	0	0
tfsite_6029d5bb5cccde91	tflocus_e94644c68797a991	chr2R	25230269	25230301	4	CT	3	430	3	72	3	0	69	358	0.00697674418605	0.0416666666667	25230269	25230301	0	0
tfsite_6029d5bb5cccde91	tflocus_e94644c68797a991	chr2R	25230269	25230301	4	GA	1	364	1	32	1	0	31	332	0.00274725274725	0.03125	25230259	25230301	0	0
tfsite_fd80c66d14b02014	tflocus_92e28fbcec5f585c	chr2R	25230276	25230344	1	CT	1	427	1	15	1	0	14	412	0.00234192037471	0.0666666666667	25230276	25230344	0	0
tfsite_fd80c66d14b02014	tflocus_92e28fbcec5f585c	chr2R	25230276	25230344	1	GA	0	365	0	14	0	0	14	351	0	0	25230276	25230344	0	0
tfsite_446079160d050afd	tflocus_ea8be74d09474978	chr2R	25230279	25230315	1	CT	1	426	1	29	1	0	28	397	0.00234741784038	0.0344827586207	25230275	25230315	0	0
tfsite_446079160d050afd	tflocus_ea8be74d09474978	chr2R	25230279	25230315	1	GA	1	360	1	30	1	0	29	330	0.00277777777778	0.0333333333333	25230282	25230315	0	0
tfsite_7131b144584fcd6c	tflocus_9838dbf4a8aafc93	chr2R	25230287	25230360	1	CT	1	428	1	15	1	0	14	413	0.00233644859813	0.0666666666667	25230287	25230360	0	0
tfsite_7131b144584fcd6c	tflocus_9838dbf4a8aafc93	chr2R	25230287	25230360	1	GA	0	365	0	8	0	0	8	357	0	0	25230287	25230360	0	0
tfsite_71512a39ce751f5b	tflocus_ea8be74d09474978	chr2R	25230292	25230309	2	CT	1	425	1	60	1	0	59	365	0.00235294117647	0.0166666666667	25230292	25230309	0	0
tfsite_71512a39ce751f5b	tflocus_ea8be74d09474978	chr2R	25230292	25230309	2	GA	0	359	0	36	0	0	36	323	0	0	25230292	25230309	0	0
tfsite_6bbff024059cb81b	tflocus_9838dbf4a8aafc93	chr2R	25230302	25230337	2	CT	1	425	1	29	1	0	28	396	0.00235294117647	0.0344827586207	25230302	25230337	0	0
tfsite_6bbff024059cb81b	tflocus_9838dbf4a8aafc93	chr2R	25230302	25230337	2	GA	0	357	0	23	0	0	23	334	0	0	25230302	25230337	0	0
tfsite_8c5e99bf5585e7b7	tflocus_9838dbf4a8aafc93	chr2R	25230327	25230335	3	CT	1	428	1	37	1	0	36	391	0.00233644859813	0.027027027027	25230327	25230335	0	0
tfsite_8c5e99bf5585e7b7	tflocus_9838dbf4a8aafc93	chr2R	25230327	25230335	3	GA	0	363	0	31	0	0	31	332	0	0	25230327	25230335	0	0
tfsite_7b10ce8664eaff7a	tflocus_834c516d699ad229	chr2R	25230334	25230374	1	CT	1	429	1	16	1	0	15	413	0.002331002331	0.0625	25230328	25230376	0	0
tfsite_7b10ce8664eaff7a	tflocus_834c516d699ad229	chr2R	25230334	25230374	1	GA	1	368	1	12	1	0	11	356	0.00271739130435	0.0833333333333	25230339	25230371	0	0
tfsite_ee64b6147d49cfa2	tflocus_834c516d699ad229	chr2R	25230338	25230356	2	CT	2	427	2	23	2	0	21	404	0.00468384074941	0.0869565217391	25230334	25230359	3	0.5
tfsite_ee64b6147d49cfa2	tflocus_834c516d699ad229	chr2R	25230338	25230356	2	GA	2	366	2	19	2	0	17	347	0.00546448087432	0.105263157895	25230341	25230353	1.5	1.5
tfsite_8059c1659de75a38	tflocus_51d54e8c8feec3ba	chr2R	25230340	25230393	1	CT	0	427	0	14	0	0	14	413	0	0	25230340	25230393	0	0
tfsite_8059c1659de75a38	tflocus_51d54e8c8feec3ba	chr2R	25230340	25230393	1	GA	1	367	1	12	1	0	11	355	0.00272479564033	0.0833333333333	25230340	25230393	0	0
tfsite_2b3f5be65a9d5138	tflocus_9fcdda0ac938942f	chr2R	25230349	25230420	1	CT	1	429	1	7	1	0	6	422	0.002331002331	0.142857142857	25230349	25230420	0	0
tfsite_2b3f5be65a9d5138	tflocus_9fcdda0ac938942f	chr2R	25230349	25230420	1	GA	0	369	0	6	0	0	6	363	0	0	25230349	25230420	0	0
tfsite_0cd7f2d388da0e6b	tflocus_51d54e8c8feec3ba	chr2R	25230355	25230368	2	CT	3	430	3	20	3	0	17	410	0.00697674418605	0.15	25230355	25230368	3	0
tfsite_0cd7f2d388da0e6b	tflocus_51d54e8c8feec3ba	chr2R	25230355	25230368	2	GA	1	367	1	35	1	0	34	332	0.00272479564033	0.0285714285714	25230357	25230369	0	0
tfsite_ea9aebe9d5ec91c9	tflocus_51d54e8c8feec3ba	chr2R	25230355	25230380	3	CT	0	429	0	16	0	0	16	413	0	0	25230355	25230380	0	0
tfsite_ea9aebe9d5ec91c9	tflocus_51d54e8c8feec3ba	chr2R	25230355	25230380	3	GA	1	365	1	31	1	0	30	334	0.0027397260274	0.0322580645161	25230355	25230380	0	0
tfsite_ba3b01360ca890bf	tflocus_86c86f2b3f339915	chr2R	25230370	25230448	1	CT	1	427	1	6	1	0	5	421	0.00234192037471	0.166666666667	25230370	25230448	0	0
tfsite_ba3b01360ca890bf	tflocus_86c86f2b3f339915	chr2R	25230370	25230448	1	GA	0	367	0	5	0	0	5	362	0	0	25230370	25230448	0	0
tfsite_ee7f095f8f56ee6a	tflocus_9fcdda0ac938942f	chr2R	25230383	25230398	2	CT	2	426	2	16	2	0	14	410	0.00469483568075	0.125	25230386	25230398	3.5	0.5
tfsite_ee7f095f8f56ee6a	tflocus_9fcdda0ac938942f	chr2R	25230383	25230398	2	GA	1	365	1	25	1	0	24	340	0.0027397260274	0.04	25230383	25230407	0	0
tfsite_50df63e06dc644e6	tflocus_86c86f2b3f339915	chr2R	25230396	25230430	2	CT	0	427	0	11	0	0	11	416	0	0	25230396	25230430	0	0
tfsite_50df63e06dc644e6	tflocus_86c86f2b3f339915	chr2R	25230396	25230430	2	GA	2	366	2	14	2	0	12	352	0.00546448087432	0.142857142857	25230396	25230430	5.5	3.5
tfsite_ffb2ad06a4ebcb8a	tflocus_86c86f2b3f339915	chr2R	25230398	25230421	3	CT	0	427	0	11	0	0	11	416	0	0	25230398	25230421	0	0
tfsite_ffb2ad06a4ebcb8a	tflocus_86c86f2b3f339915	chr2R	25230398	25230421	3	GA	3	368	3	20	3	0	17	348	0.00815217391304	0.15	25230398	25230421	1	1
tfsite_1ed7776b5237ddd2	tflocus_2c029697f81e479f	chr2R	25230398	25230461	1	CT	1	427	1	9	1	0	8	418	0.00234192037471	0.111111111111	25230398	25230461	0	0
tfsite_1ed7776b5237ddd2	tflocus_2c029697f81e479f	chr2R	25230398	25230461	1	GA	0	365	0	6	0	0	6	359	0	0	25230398	25230461	0	0
tfsite_1ed274108c6e6f06	tflocus_86c86f2b3f339915	chr2R	25230400	25230414	4	CT	0	424	0	13	0	0	13	411	0	0	25230400	25230414	0	0
tfsite_1ed274108c6e6f06	tflocus_86c86f2b3f339915	chr2R	25230400	25230414	4	GA	1	364	1	31	1	0	30	333	0.00274725274725	0.0322580645161	25230400	25230414	0	0
tfsite_ff2a62c9261ee69e	tflocus_2c029697f81e479f	chr2R	25230414	25230428	2	CT	0	426	0	15	0	0	15	411	0	0	25230414	25230428	0	0
tfsite_ff2a62c9261ee69e	tflocus_2c029697f81e479f	chr2R	25230414	25230428	2	GA	1	365	1	20	1	0	19	345	0.0027397260274	0.05	25230414	25230428	0	0
tfsite_01eed92947e041cb	tflocus_0cef38b4b9c29859	chr2R	25230420	25230503	1	CT	0	429	0	8	0	0	8	421	0	0	25230420	25230503	0	0
tfsite_01eed92947e041cb	tflocus_0cef38b4b9c29859	chr2R	25230420	25230503	1	GA	1	367	1	7	0	1	7	359	0.00272479564033	0	25230420	25230503	0	0
tfsite_ac4a663a4158f1a3	tflocus_d613149d2cd8458b	chr2R	25230430	25230475	1	CT	0	428	0	9	0	0	9	419	0	0	25230430	25230475	0	0
tfsite_ac4a663a4158f1a3	tflocus_d613149d2cd8458b	chr2R	25230430	25230475	1	GA	3	367	3	11	3	0	8	356	0.00817438692098	0.272727272727	25230430	25230475	5	1
tfsite_4bb121a9e7a96151	tflocus_d613149d2cd8458b	chr2R	25230438	25230454	2	CT	0	425	0	15	0	0	15	410	0	0	25230438	25230454	0	0
tfsite_4bb121a9e7a96151	tflocus_d613149d2cd8458b	chr2R	25230438	25230454	2	GA	1	365	1	12	1	0	11	353	0.0027397260274	0.0833333333333	25230438	25230454	0	0
tfsite_78cf0beb01a7f176	tflocus_0cef38b4b9c29859	chr2R	25230445	25230495	2	CT	1	429	1	9	1	0	8	420	0.002331002331	0.111111111111	25230446	25230493	0	0
tfsite_78cf0beb01a7f176	tflocus_0cef38b4b9c29859	chr2R	25230445	25230495	2	GA	1	367	1	13	1	0	12	354	0.00272479564033	0.0769230769231	25230444	25230496	0	0
tfsite_ed30d2ab0b14db5b	tflocus_0cef38b4b9c29859	chr2R	25230448	25230476	3	CT	1	425	1	15	1	0	14	410	0.00235294117647	0.0666666666667	25230448	25230476	0	0
tfsite_ed30d2ab0b14db5b	tflocus_0cef38b4b9c29859	chr2R	25230448	25230476	3	GA	0	366	0	14	0	0	14	352	0	0	25230448	25230476	0	0
tfsite_ede7b0a5f8868c16	tflocus_0cef38b4b9c29859	chr2R	25230465	25230484	4	CT	1	428	1	39	1	0	38	389	0.00233644859813	0.025641025641	25230465	25230484	0	0
tfsite_ede7b0a5f8868c16	tflocus_0cef38b4b9c29859	chr2R	25230465	25230484	4	GA	0	366	0	16	0	0	16	350	0	0	25230465	25230484	0	0
tfsite_ad27c103786b978a	tflocus_b9f762b81051844d	chr2R	25230499	25230550	1	CT	1	430	1	8	1	0	7	422	0.00232558139535	0.125	25230499	25230550	0	0
tfsite_ad27c103786b978a	tflocus_b9f762b81051844d	chr2R	25230499	25230550	1	GA	0	364	0	13	0	0	13	351	0	0	25230499	25230550	0	0
tfsite_cc7c4fba08040945	tflocus_a599f8c0785aa08b	chr2R	25230504	25230524	1	CT	2	429	2	11	2	0	9	418	0.004662004662	0.181818181818	25230504	25230524	1	1.5
tfsite_cc7c4fba08040945	tflocus_a599f8c0785aa08b	chr2R	25230504	25230524	1	GA	0	367	0	24	0	0	24	343	0	0	25230504	25230524	0	0
tfsite_f454e0bacbfe2a04	tflocus_b9f762b81051844d	chr2R	25230522	25230544	2	CT	1	429	1	21	0	1	21	407	0.002331002331	0	25230522	25230538	0	0
tfsite_f454e0bacbfe2a04	tflocus_b9f762b81051844d	chr2R	25230522	25230544	2	GA	2	366	2	28	2	0	26	338	0.00546448087432	0.0714285714286	25230521	25230544	3.5	0
tfsite_31f8c09c57da5d07	tflocus_86095ffdcfc9f597	chr2R	25230526	25230577	1	CT	1	429	1	13	1	0	12	416	0.002331002331	0.0769230769231	25230526	25230577	0	0
tfsite_31f8c09c57da5d07	tflocus_86095ffdcfc9f597	chr2R	25230526	25230577	1	GA	0	366	0	13	0	0	13	353	0	0	25230526	25230577	0	0
tfsite_e32c733519ea66fd	tflocus_aa6d6a4985294566	chr2R	25230527	25230594	1	CT	1	425	1	11	1	0	10	414	0.00235294117647	0.0909090909091	25230527	25230594	0	0
tfsite_e32c733519ea66fd	tflocus_aa6d6a4985294566	chr2R	25230527	25230594	1	GA	0	365	0	10	0	0	10	355	0	0	25230527	25230594	0	0
tfsite_1aa16116e4cd0754	tflocus_aa6d6a4985294566	chr2R	25230543	25230575	2	CT	0	428	0	17	0	0	17	411	0	0	25230543	25230575	0	0
tfsite_1aa16116e4cd0754	tflocus_aa6d6a4985294566	chr2R	25230543	25230575	2	GA	1	364	1	14	1	0	13	350	0.00274725274725	0.0714285714286	25230543	25230575	0	0
tfsite_e171685d65af532a	tflocus_86095ffdcfc9f597	chr2R	25230544	25230556	2	CT	1	426	1	25	1	0	24	401	0.00234741784038	0.04	25230544	25230556	0	0
tfsite_e171685d65af532a	tflocus_86095ffdcfc9f597	chr2R	25230544	25230556	2	GA	0	362	0	34	0	0	34	328	0	0	25230544	25230556	0	0
tfsite_50083ff75637fef5	tflocus_aa6d6a4985294566	chr2R	25230551	25230578	3	CT	0	428	0	17	0	0	17	411	0	0	25230551	25230578	0	0
tfsite_50083ff75637fef5	tflocus_aa6d6a4985294566	chr2R	25230551	25230578	3	GA	2	365	2	16	2	0	14	349	0.00547945205479	0.125	25230551	25230578	3	6
tfsite_a218e6126a839df7	tflocus_3d3c54e2f8988aaa	chr2R	25230553	25230615	1	CT	0	428	0	7	0	0	7	421	0	0	25230553	25230615	0	0
tfsite_a218e6126a839df7	tflocus_3d3c54e2f8988aaa	chr2R	25230553	25230615	1	GA	1	367	1	12	1	0	11	355	0.00272479564033	0.0833333333333	25230553	25230615	0	0
tfsite_708b00cc9ed69221	tflocus_aa6d6a4985294566	chr2R	25230565	25230579	4	CT	0	428	0	24	0	0	24	404	0	0	25230565	25230579	0	0
tfsite_708b00cc9ed69221	tflocus_aa6d6a4985294566	chr2R	25230565	25230579	4	GA	1	370	1	19	1	0	18	351	0.0027027027027	0.0526315789474	25230565	25230579	0	0
tfsite_302c2e11d4154a7e	tflocus_3d3c54e2f8988aaa	chr2R	25230567	25230590	2	CT	1	429	1	20	1	0	19	409	0.002331002331	0.05	25230565	25230596	0	0
tfsite_302c2e11d4154a7e	tflocus_3d3c54e2f8988aaa	chr2R	25230567	25230590	2	GA	1	369	1	16	1	0	15	353	0.00271002710027	0.0625	25230569	25230584	0	0
tfsite_8d4640fd1862b8f1	tflocus_3f50e534842329f2	chr2R	25230575	25230618	1	CT	1	426	1	12	1	0	11	414	0.00234741784038	0.0833333333333	25230571	25230619	0	0
tfsite_8d4640fd1862b8f1	tflocus_3f50e534842329f2	chr2R	25230575	25230618	1	GA	1	363	1	15	1	0	14	348	0.00275482093664	0.0666666666667	25230579	25230617	0	0
tfsite_b22affc7b997a3fa	tflocus_3d3c54e2f8988aaa	chr2R	25230576	25230604	3	CT	0	422	0	15	0	0	15	407	0	0	25230576	25230604	0	0
tfsite_b22affc7b997a3fa	tflocus_3d3c54e2f8988aaa	chr2R	25230576	25230604	3	GA	1	361	1	15	1	0	14	346	0.00277008310249	0.0666666666667	25230576	25230604	0	0
tfsite_62b8f20b4b821875	tflocus_3d3c54e2f8988aaa	chr2R	25230578	25230589	4	CT	1	430	1	22	1	0	21	408	0.00232558139535	0.0454545454545	25230578	25230589	0	0
tfsite_62b8f20b4b821875	tflocus_3d3c54e2f8988aaa	chr2R	25230578	25230589	4	GA	0	369	0	19	0	0	19	350	0	0	25230578	25230589	0	0
tfsite_7d88d4b7940645df	tflocus_d3acc068d6bfd95b	chr2R	25230580	25230637	1	CT	0	425	0	14	0	0	14	411	0	0	25230580	25230637	0	0
tfsite_7d88d4b7940645df	tflocus_d3acc068d6bfd95b	chr2R	25230580	25230637	1	GA	1	362	1	12	1	0	11	350	0.00276243093923	0.0833333333333	25230580	25230637	0	0
tfsite_c567afe338eabaa5	tflocus_3f50e534842329f2	chr2R	25230589	25230618	2	CT	2	422	2	17	2	0	15	405	0.00473933649289	0.117647058824	25230589	25230614	1.5	4.5
tfsite_c567afe338eabaa5	tflocus_3f50e534842329f2	chr2R	25230589	25230618	2	GA	1	358	1	18	1	0	17	340	0.00279329608939	0.0555555555556	25230589	25230618	0	0
tfsite_433ab278f1ec20e4	tflocus_d3acc068d6bfd95b	chr2R	25230600	25230630	2	CT	1	426	1	22	1	0	21	404	0.00234741784038	0.0454545454545	25230600	25230630	0	0
tfsite_433ab278f1ec20e4	tflocus_d3acc068d6bfd95b	chr2R	25230600	25230630	2	GA	0	364	0	16	0	0	16	348	0	0	25230600	25230630	0	0
tfsite_c3bbefcccc45d27f	tflocus_bca564b8e36e7946	chr2R	25230611	25230646	1	CT	1	427	1	14	1	0	13	413	0.00234192037471	0.0714285714286	25230611	25230646	0	0
tfsite_c3bbefcccc45d27f	tflocus_bca564b8e36e7946	chr2R	25230611	25230646	1	GA	0	366	0	17	0	0	17	349	0	0	25230611	25230646	0	0
tfsite_97a897b2e36d3d5a	tflocus_c7bcb7dee986543e	chr2R	25230639	25230657	1	CT	0	428	0	26	0	0	26	402	0	0	25230639	25230657	0	0
tfsite_97a897b2e36d3d5a	tflocus_c7bcb7dee986543e	chr2R	25230639	25230657	1	GA	1	367	1	23	1	0	22	344	0.00272479564033	0.0434782608696	25230639	25230657	0	0
tfsite_361cc5db62020b6c	tflocus_e6f3176e7cf09b50	chr2R	25230648	25230691	1	CT	1	428	1	11	1	0	10	417	0.00233644859813	0.0909090909091	25230648	25230691	0	0
tfsite_361cc5db62020b6c	tflocus_e6f3176e7cf09b50	chr2R	25230648	25230691	1	GA	0	369	0	16	0	0	16	353	0	0	25230648	25230691	0	0
tfsite_812fe8e97d779ae1	tflocus_e6f3176e7cf09b50	chr2R	25230650	25230697	2	CT	0	427	0	10	0	0	10	417	0	0	25230650	25230697	0	0
tfsite_812fe8e97d779ae1	tflocus_e6f3176e7cf09b50	chr2R	25230650	25230697	2	GA	2	368	2	13	2	0	11	355	0.0054347826087	0.153846153846	25230650	25230697	6	5
tfsite_83058e9dabb3000d	tflocus_e6f3176e7cf09b50	chr2R	25230663	25230680	3	CT	2	421	2	19	2	0	17	402	0.00475059382423	0.105263157895	25230663	25230680	2	0.5
tfsite_83058e9dabb3000d	tflocus_e6f3176e7cf09b50	chr2R	25230663	25230680	3	GA	0	362	0	26	0	0	26	336	0	0	25230663	25230680	0	0
tfsite_05fdc0e47665382a	tflocus_a34ae999c76bd8c2	chr2R	25230690	25230722	1	CT	0	428	0	15	0	0	15	413	0	0	25230690	25230722	0	0
tfsite_05fdc0e47665382a	tflocus_a34ae999c76bd8c2	chr2R	25230690	25230722	1	GA	1	365	1	14	1	0	13	351	0.0027397260274	0.0714285714286	25230690	25230722	0	0
tfsite_d5f705a73f6e4ebb	tflocus_12d03bb409a5aaa7	chr2R	25230744	25230807	1	CT	0	147	0	3	0	0	3	144	0	0	25230744	25230807	0	0
tfsite_d5f705a73f6e4ebb	tflocus_12d03bb409a5aaa7	chr2R	25230744	25230807	1	GA	1	122	1	0	0	1	0	121	0.00819672131148	.	25230744	25230807	0	0
tfsite_d2c1a0c58ff0c4b3	tflocus_2697c6210822c46a	chr2R	25230754	25230784	1	CT	1	392	1	14	1	0	13	378	0.00255102040816	0.0714285714286	25230754	25230784	0	0
tfsite_d2c1a0c58ff0c4b3	tflocus_2697c6210822c46a	chr2R	25230754	25230784	1	GA	0	343	0	7	0	0	7	336	0	0	25230754	25230784	0	0
tfsite_ba218e677fb6187b	tflocus_12d03bb409a5aaa7	chr2R	25230756	25230811	2	CT	0	389	0	8	0	0	8	381	0	0	25230756	25230811	0	0
tfsite_ba218e677fb6187b	tflocus_12d03bb409a5aaa7	chr2R	25230756	25230811	2	GA	2	355	2	8	1	1	7	346	0.0056338028169	0.125	25230756	25230811	2	2.5
tfsite_b8aa8896260d9f3b	tflocus_2697c6210822c46a	chr2R	25230760	25230772	2	CT	1	396	1	15	1	0	14	381	0.00252525252525	0.0666666666667	25230760	25230776	0	0
tfsite_b8aa8896260d9f3b	tflocus_2697c6210822c46a	chr2R	25230760	25230772	2	GA	4	363	4	19	4	0	15	344	0.0110192837466	0.210526315789	25230760	25230772	2	1
tfsite_8c4c38eb81f44058	tflocus_c3cbd0c8d550eee6	chr2R	25230765	25230834	1	CT	1	426	1	8	0	1	8	417	0.00234741784038	0	25230768	25230833	0	0
tfsite_8c4c38eb81f44058	tflocus_c3cbd0c8d550eee6	chr2R	25230765	25230834	1	GA	1	362	1	8	1	0	7	354	0.00276243093923	0.125	25230762	25230835	0	0
tfsite_52fbcd4fa65d87bf	tflocus_12d03bb409a5aaa7	chr2R	25230773	25230787	3	CT	0	408	0	14	0	0	14	394	0	0	25230773	25230787	0	0
tfsite_52fbcd4fa65d87bf	tflocus_12d03bb409a5aaa7	chr2R	25230773	25230787	3	GA	1	361	1	20	1	0	19	341	0.00277008310249	0.05	25230773	25230787	0	0
tfsite_2d261dbfd52e343b	tflocus_c3cbd0c8d550eee6	chr2R	25230783	25230804	2	CT	0	421	0	13	0	0	13	408	0	0	25230783	25230804	0	0
tfsite_2d261dbfd52e343b	tflocus_c3cbd0c8d550eee6	chr2R	25230783	25230804	2	GA	2	362	2	22	2	0	20	340	0.00552486187845	0.0909090909091	25230783	25230804	5.5	2.5
tfsite_7454ddc6350c6b98	tflocus_c3cbd0c8d550eee6	chr2R	25230792	25230811	3	CT	2	411	2	14	2	0	12	397	0.00486618004866	0.142857142857	25230792	25230811	4.5	5.5
tfsite_7454ddc6350c6b98	tflocus_c3cbd0c8d550eee6	chr2R	25230792	25230811	3	GA	0	348	0	23	0	0	23	325	0	0	25230792	25230811	0	0
tfsite_f8c5afbc46eef5aa	tflocus_275948304ffcfee9	chr2R	25230807	25230864	1	CT	1	375	1	6	1	0	5	369	0.00266666666667	0.166666666667	25230807	25230864	0	0
tfsite_f8c5afbc46eef5aa	tflocus_275948304ffcfee9	chr2R	25230807	25230864	1	GA	0	313	0	7	0	0	7	306	0	0	25230807	25230864	0	0
tfsite_4e804d65dcef6b1d	tflocus_275948304ffcfee9	chr2R	25230814	25230842	2	CT	1	423	1	17	1	0	16	406	0.00236406619385	0.0588235294118	25230818	25230844	0	0
tfsite_4e804d65dcef6b1d	tflocus_275948304ffcfee9	chr2R	25230814	25230842	2	GA	1	365	1	24	1	0	23	341	0.0027397260274	0.0416666666667	25230809	25230840	0	0
tfsite_214980adac609900	tflocus_744c9a3d6652dada	chr2R	25230850	25230872	1	CT	1	416	3	14	3	0	11	402	0.00721153846154	0.214285714286	25230850	25230872	0	0
tfsite_214980adac609900	tflocus_744c9a3d6652dada	chr2R	25230850	25230872	1	GA	0	359	0	14	0	0	14	345	0	0	25230850	25230872	0	0
tfsite_f4547a2b60061a24	tflocus_6dd5fa7a61a35798	chr2R	25230852	25230922	1	CT	1	411	1	7	0	1	7	403	0.00243309002433	0	25230846	25230918	0	0
tfsite_f4547a2b60061a24	tflocus_6dd5fa7a61a35798	chr2R	25230852	25230922	1	GA	1	356	1	9	1	0	8	347	0.00280898876404	0.111111111111	25230857	25230926	0	0
tfsite_d5c704c3afb5e338	tflocus_6dd5fa7a61a35798	chr2R	25230860	25230943	2	CT	1	418	1	7	0	1	7	410	0.00239234449761	0	25230860	25230943	0	0
tfsite_d5c704c3afb5e338	tflocus_6dd5fa7a61a35798	chr2R	25230860	25230943	2	GA	0	362	0	8	0	0	8	354	0	0	25230860	25230943	0	0
tfsite_da84d119cb3605ce	tflocus_81d5715b392ba330	chr2R	25230895	25230941	1	CT	0	420	0	16	0	0	16	404	0	0	25230895	25230941	0	0
tfsite_da84d119cb3605ce	tflocus_81d5715b392ba330	chr2R	25230895	25230941	1	GA	1	363	1	13	0	1	13	349	0.00275482093664	0	25230895	25230941	0	0
tfsite_76c848b1655487af	tflocus_81d5715b392ba330	chr2R	25230896	25230927	2	CT	1	414	1	18	1	0	17	396	0.0024154589372	0.0555555555556	25230894	25230925	0	0
tfsite_76c848b1655487af	tflocus_81d5715b392ba330	chr2R	25230896	25230927	2	GA	1	356	1	14	1	0	13	342	0.00280898876404	0.0714285714286	25230898	25230929	0	0
tfsite_0e24a0ab7b1065e0	tflocus_eff5990842308665	chr2R	25230906	25230977	1	CT	1	421	1	11	1	0	10	410	0.00237529691211	0.0909090909091	25230906	25230977	0	0
tfsite_0e24a0ab7b1065e0	tflocus_eff5990842308665	chr2R	25230906	25230977	1	GA	0	362	0	10	0	0	10	352	0	0	25230906	25230977	0	0
tfsite_42f0e90f9822e807	tflocus_eff5990842308665	chr2R	25230915	25230949	2	CT	0	419	0	25	0	0	25	394	0	0	25230915	25230949	0	0
tfsite_42f0e90f9822e807	tflocus_eff5990842308665	chr2R	25230915	25230949	2	GA	2	359	2	12	2	0	10	347	0.00557103064067	0.166666666667	25230915	25230949	4.5	1.5
tfsite_e7f9a7bd99bb249d	tflocus_50681a3eb8917c42	chr2R	25230916	25230983	1	CT	1	423	1	14	1	0	13	409	0.00236406619385	0.0714285714286	25230916	25230983	0	0
tfsite_e7f9a7bd99bb249d	tflocus_50681a3eb8917c42	chr2R	25230916	25230983	1	GA	0	362	0	12	0	0	12	350	0	0	25230916	25230983	0	0
tfsite_9318f9bdcac81f2f	tflocus_eff5990842308665	chr2R	25230928	25230950	3	CT	2	425	2	38	2	0	36	387	0.00470588235294	0.0526315789474	25230928	25230950	0	1
tfsite_9318f9bdcac81f2f	tflocus_eff5990842308665	chr2R	25230928	25230950	3	GA	0	363	0	24	0	0	24	339	0	0	25230928	25230950	0	0
tfsite_c389918c317a147f	tflocus_3c99f546ee9fd041	chr2R	25230930	25230992	1	CT	1	420	1	20	1	0	19	400	0.00238095238095	0.05	25230930	25230992	0	0
tfsite_c389918c317a147f	tflocus_3c99f546ee9fd041	chr2R	25230930	25230992	1	GA	0	357	0	16	0	0	16	341	0	0	25230930	25230992	0	0
tfsite_40400f74ecc5de32	tflocus_50681a3eb8917c42	chr2R	25230941	25230973	2	CT	1	420	1	33	1	0	32	387	0.00238095238095	0.030303030303	25230941	25230973	0	0
tfsite_40400f74ecc5de32	tflocus_50681a3eb8917c42	chr2R	25230941	25230973	2	GA	0	362	0	17	0	0	17	345	0	0	25230941	25230973	0	0
tfsite_fdb7f29b1a37870d	tflocus_3c99f546ee9fd041	chr2R	25230949	25230987	2	CT	0	425	0	37	0	0	37	388	0	0	25230949	25230987	0	0
tfsite_fdb7f29b1a37870d	tflocus_3c99f546ee9fd041	chr2R	25230949	25230987	2	GA	1	360	1	23	1	0	22	337	0.00277777777778	0.0434782608696	25230949	25230987	0	0
tfsite_7eb0151e335b64cd	tflocus_50681a3eb8917c42	chr2R	25230951	25230959	3	CT	0	420	0	65	0	0	65	355	0	0	25230951	25230959	0	0
tfsite_7eb0151e335b64cd	tflocus_50681a3eb8917c42	chr2R	25230951	25230959	3	GA	1	360	1	33	1	0	32	327	0.00277777777778	0.030303030303	25230951	25230959	0	0
tfsite_c00aa504102a1666	tflocus_3c99f546ee9fd041	chr2R	25230958	25230972	3	CT	2	426	2	54	2	0	52	372	0.00469483568075	0.037037037037	25230956	25230978	1	1
tfsite_c00aa504102a1666	tflocus_3c99f546ee9fd041	chr2R	25230958	25230972	3	GA	4	360	4	25	4	0	21	335	0.0111111111111	0.16	25230958	25230972	3.5	2.5
tfsite_ec3672d79ecf8a0f	tflocus_38cdfbb83759e62f	chr2R	25230959	25231002	1	CT	0	427	0	37	0	0	37	390	0	0	25230959	25231002	0	0
tfsite_ec3672d79ecf8a0f	tflocus_38cdfbb83759e62f	chr2R	25230959	25231002	1	GA	1	363	1	15	1	0	14	348	0.00275482093664	0.0666666666667	25230959	25231002	0	0
tfsite_f7a11c8cb2a093a4	tflocus_3c99f546ee9fd041	chr2R	25230965	25230979	4	CT	1	423	1	61	1	0	60	362	0.00236406619385	0.016393442623	25230966	25230976	0	0
tfsite_f7a11c8cb2a093a4	tflocus_3c99f546ee9fd041	chr2R	25230965	25230979	4	GA	1	361	1	27	1	0	26	334	0.00277008310249	0.037037037037	25230963	25230981	0	0
tfsite_05c2938130a409ce	tflocus_38cdfbb83759e62f	chr2R	25230965	25230992	2	CT	5	428	5	49	5	0	44	379	0.0116822429907	0.102040816327	25230965	25230993	0	0
tfsite_05c2938130a409ce	tflocus_38cdfbb83759e62f	chr2R	25230965	25230992	2	GA	5	363	5	26	5	0	21	337	0.0137741046832	0.192307692308	25230964	25230991	1	3
tfsite_85530ca1dfa8c88d	tflocus_38cdfbb83759e62f	chr2R	25230967	25231009	3	CT	1	427	1	42	1	0	41	385	0.00234192037471	0.0238095238095	25230967	25231009	0	0
tfsite_85530ca1dfa8c88d	tflocus_38cdfbb83759e62f	chr2R	25230967	25231009	3	GA	0	363	0	16	0	0	16	347	0	0	25230967	25231009	0	0
tfsite_8b172eaa65cfe4d7	tflocus_38cdfbb83759e62f	chr2R	25230978	25230994	4	CT	1	426	1	55	1	0	54	371	0.00234741784038	0.0181818181818	25230981	25230993	0	0
tfsite_8b172eaa65cfe4d7	tflocus_38cdfbb83759e62f	chr2R	25230978	25230994	4	GA	1	365	1	27	1	0	26	338	0.0027397260274	0.037037037037	25230975	25230995	0	0
tfsite_fd1d52d73263b634	tflocus_1e3fc24ee26d4785	chr2R	25230981	25231009	1	CT	4	427	4	51	4	0	47	376	0.00936768149883	0.078431372549	25230981	25231009	0	0
tfsite_fd1d52d73263b634	tflocus_1e3fc24ee26d4785	chr2R	25230981	25231009	1	GA	1	365	1	18	1	0	17	347	0.0027397260274	0.0555555555556	25230982	25231018	0	0
tfsite_09023eab1c25fb94	tflocus_80bca5c6e18c3836	chr2R	25230994	25231030	1	CT	2	421	2	47	2	0	45	374	0.00475059382423	0.0425531914894	25230991	25231030	4.5	5
tfsite_09023eab1c25fb94	tflocus_80bca5c6e18c3836	chr2R	25230994	25231030	1	GA	1	365	1	24	1	0	23	341	0.0027397260274	0.0416666666667	25230994	25231030	0	0
tfsite_d43da8f8f231438a	tflocus_f8852b029e8a492b	chr2R	25231000	25231039	1	CT	1	416	1	45	1	0	44	371	0.00240384615385	0.0222222222222	25231000	25231039	0	0
tfsite_d43da8f8f231438a	tflocus_f8852b029e8a492b	chr2R	25231000	25231039	1	GA	0	362	0	25	0	0	25	337	0	0	25231000	25231039	0	0
tfsite_22c5d73d0a6c6028	tflocus_80bca5c6e18c3836	chr2R	25231007	25231027	2	CT	0	421	0	50	0	0	50	371	0	0	25231007	25231027	0	0
tfsite_22c5d73d0a6c6028	tflocus_80bca5c6e18c3836	chr2R	25231007	25231027	2	GA	2	366	2	31	2	0	29	335	0.00546448087432	0.0645161290323	25231007	25231027	1	2.5
tfsite_9fa0b3b56a2e68dd	tflocus_f8852b029e8a492b	chr2R	25231014	25231028	2	CT	0	416	0	58	0	0	58	358	0	0	25231014	25231028	0	0
tfsite_9fa0b3b56a2e68dd	tflocus_f8852b029e8a492b	chr2R	25231014	25231028	2	GA	2	365	2	38	2	0	36	327	0.00547945205479	0.0526315789474	25231014	25231028	3	1
tfsite_69cee13117524e69	tflocus_f8852b029e8a492b	chr2R	25231017	25231030	3	CT	1	422	1	56	1	0	55	366	0.00236966824645	0.0178571428571	25231008	25231042	0	0
tfsite_69cee13117524e69	tflocus_f8852b029e8a492b	chr2R	25231017	25231030	3	GA	3	365	3	42	3	0	39	323	0.00821917808219	0.0714285714286	25231017	25231030	0	0
tfsite_96cca856a7bb47bf	tflocus_f8852b029e8a492b	chr2R	25231019	25231036	4	CT	4	413	4	57	4	0	53	356	0.00968523002421	0.0701754385965	25231014	25231042	0	0
tfsite_96cca856a7bb47bf	tflocus_f8852b029e8a492b	chr2R	25231019	25231036	4	GA	13	363	13	37	7	6	30	320	0.0358126721763	0.189189189189	25231023	25231030	0	0
tfsite_973a764527d48f43	tflocus_d00e7fa21d2c5a0d	chr2R	25231024	25231103	1	CT	1	409	1	16	0	1	16	392	0.00244498777506	0	25231024	25231103	0	0
tfsite_973a764527d48f43	tflocus_d00e7fa21d2c5a0d	chr2R	25231024	25231103	1	GA	0	364	0	12	0	0	12	352	0	0	25231024	25231103	0	0
tfsite_bcba332df84a03f7	tflocus_7322342c67b24bdf	chr2R	25231027	25231060	1	CT	1	416	1	45	1	0	44	371	0.00240384615385	0.0222222222222	25231024	25231059	0	0
tfsite_bcba332df84a03f7	tflocus_7322342c67b24bdf	chr2R	25231027	25231060	1	GA	1	361	1	28	1	0	27	333	0.00277008310249	0.0357142857143	25231029	25231060	0	0
tfsite_d45279db99c7fe4f	tflocus_d00e7fa21d2c5a0d	chr2R	25231043	25231076	2	CT	0	419	0	43	0	0	43	376	0	0	25231043	25231076	0	0
tfsite_d45279db99c7fe4f	tflocus_d00e7fa21d2c5a0d	chr2R	25231043	25231076	2	GA	2	365	2	30	2	0	28	335	0.00547945205479	0.0666666666667	25231043	25231076	4.5	6
tfsite_14638e4620b7c395	tflocus_024391e6f4fe0928	chr2R	25231048	25231123	1	CT	0	405	0	24	0	0	24	381	0	0	25231048	25231123	0	0
tfsite_14638e4620b7c395	tflocus_024391e6f4fe0928	chr2R	25231048	25231123	1	GA	1	351	1	13	1	0	12	338	0.002849002849	0.0769230769231	25231048	25231123	0	0
tfsite_d28b2c7ece4e3110	tflocus_d00e7fa21d2c5a0d	chr2R	25231062	25231079	3	CT	0	423	0	45	0	0	45	378	0	0	25231062	25231079	0	0
tfsite_d28b2c7ece4e3110	tflocus_d00e7fa21d2c5a0d	chr2R	25231062	25231079	3	GA	4	358	4	38	4	0	34	320	0.0111731843575	0.105263157895	25231062	25231079	1.5	3
tfsite_66fdb5f298fdbd57	tflocus_024391e6f4fe0928	chr2R	25231065	25231105	2	CT	0	361	0	28	0	0	28	333	0	0	25231065	25231105	0	0
tfsite_66fdb5f298fdbd57	tflocus_024391e6f4fe0928	chr2R	25231065	25231105	2	GA	1	303	1	20	1	0	19	283	0.003300330033	0.05	25231065	25231105	0	0
tfsite_01ff6310775a4294	tflocus_f3c890ddb0d5b687	chr2R	25231069	25231137	1	CT	1	407	1	29	0	1	29	377	0.002457002457	0	25231066	25231141	0	0
tfsite_01ff6310775a4294	tflocus_f3c890ddb0d5b687	chr2R	25231069	25231137	1	GA	1	346	1	16	1	0	15	330	0.0028901734104	0.0625	25231071	25231133	0	0
tfsite_6f64f319fd9719f3	tflocus_f3c890ddb0d5b687	chr2R	25231073	25231124	2	CT	0	397	0	30	0	0	30	367	0	0	25231073	25231124	0	0
tfsite_6f64f319fd9719f3	tflocus_f3c890ddb0d5b687	chr2R	25231073	25231124	2	GA	2	349	2	23	2	0	21	326	0.00573065902579	0.0869565217391	25231073	25231124	2	1.5
tfsite_deff016ecb519518	tflocus_a33b30a4ba4d692b	chr2R	25231077	25231143	1	CT	1	406	1	33	1	0	32	373	0.00246305418719	0.030303030303	25231077	25231143	0	0
tfsite_deff016ecb519518	tflocus_a33b30a4ba4d692b	chr2R	25231077	25231143	1	GA	0	351	0	23	0	0	23	328	0	0	25231077	25231143	0	0
tfsite_fa388d3fdf3acb3f	tflocus_a33b30a4ba4d692b	chr2R	25231097	25231120	2	CT	1	350	1	32	1	0	31	318	0.00285714285714	0.03125	25231097	25231120	0	0
tfsite_fa388d3fdf3acb3f	tflocus_a33b30a4ba4d692b	chr2R	25231097	25231120	2	GA	0	306	0	33	0	0	33	273	0	0	25231097	25231120	0	0
tfsite_c723eacf3bc0e829	tflocus_a33b30a4ba4d692b	chr2R	25231102	25231138	3	CT	1	348	1	31	1	0	30	317	0.00287356321839	0.0322580645161	25231102	25231138	0	0
tfsite_c723eacf3bc0e829	tflocus_a33b30a4ba4d692b	chr2R	25231102	25231138	3	GA	0	301	0	27	0	0	27	274	0	0	25231102	25231138	0	0
tfsite_238fb6fd7425e4fd	tflocus_548e7cf4d8292748	chr2R	25231103	25231153	1	CT	3	349	3	33	3	0	30	316	0.00859598853868	0.0909090909091	25231103	25231153	1	1
tfsite_238fb6fd7425e4fd	tflocus_548e7cf4d8292748	chr2R	25231103	25231153	1	GA	0	310	0	19	0	0	19	291	0	0	25231103	25231153	0	0
tfsite_73d151258cc4085e	tflocus_548e7cf4d8292748	chr2R	25231106	25231146	2	CT	3	410	3	44	3	0	41	366	0.00731707317073	0.0681818181818	25231106	25231146	3	1
tfsite_73d151258cc4085e	tflocus_548e7cf4d8292748	chr2R	25231106	25231146	2	GA	1	343	1	28	1	0	27	315	0.00291545189504	0.0357142857143	25231112	25231143	0	0
tfsite_23fd9c6cde1614f5	tflocus_36e757f218715768	chr2R	25231106	25231186	1	CT	0	412	0	20	0	0	20	392	0	0	25231106	25231186	0	0
tfsite_23fd9c6cde1614f5	tflocus_36e757f218715768	chr2R	25231106	25231186	1	GA	1	348	1	12	1	0	11	336	0.00287356321839	0.0833333333333	25231106	25231186	0	0
tfsite_5e3819d62b5561a7	tflocus_a33b30a4ba4d692b	chr2R	25231110	25231130	4	CT	2	416	3	49	3	0	46	367	0.00721153846154	0.0612244897959	25231105	25231127	6	4
tfsite_5e3819d62b5561a7	tflocus_a33b30a4ba4d692b	chr2R	25231110	25231130	4	GA	3	359	3	39	3	0	36	320	0.008356545961	0.0769230769231	25231110	25231130	0	0
tfsite_3cd720c3d6988c1a	tflocus_36e757f218715768	chr2R	25231125	25231164	2	CT	1	424	1	43	1	0	42	381	0.00235849056604	0.0232558139535	25231125	25231164	0	0
tfsite_3cd720c3d6988c1a	tflocus_36e757f218715768	chr2R	25231125	25231164	2	GA	0	364	0	26	0	0	26	338	0	0	25231125	25231164	0	0
tfsite_f4c96e68ceead369	tflocus_36e757f218715768	chr2R	25231141	25231158	3	CT	1	423	2	56	2	0	54	367	0.00472813238771	0.0357142857143	25231140	25231152	0	0
tfsite_f4c96e68ceead369	tflocus_36e757f218715768	chr2R	25231141	25231158	3	GA	2	361	2	40	2	0	38	321	0.00554016620499	0.05	25231141	25231158	0	0
tfsite_81865c92a93eecde	tflocus_e21b7e511cdff519	chr2R	25231148	25231197	1	CT	0	424	0	29	0	0	29	395	0	0	25231148	25231197	0	0
tfsite_81865c92a93eecde	tflocus_e21b7e511cdff519	chr2R	25231148	25231197	1	GA	1	364	1	25	1	0	24	339	0.00274725274725	0.04	25231148	25231197	0	0
tfsite_62a72e36c974059d	tflocus_9b951a8d52a225fe	chr2R	25231149	25231230	1	CT	1	422	1	15	1	0	14	407	0.00236966824645	0.0666666666667	25231149	25231230	0	0
tfsite_62a72e36c974059d	tflocus_9b951a8d52a225fe	chr2R	25231149	25231230	1	GA	0	364	0	10	0	0	10	354	0	0	25231149	25231230	0	0
tfsite_553b39e38c43d07b	tflocus_0807946c1c4ddafb	chr2R	25231151	25231166	1	CT	4	426	4	61	4	0	57	365	0.0093896713615	0.0655737704918	25231151	25231166	2.5	2.5
tfsite_553b39e38c43d07b	tflocus_0807946c1c4ddafb	chr2R	25231151	25231166	1	GA	1	365	1	50	1	0	49	315	0.0027397260274	0.02	25231150	25231167	0	0
tfsite_429225989fcb8b14	tflocus_e21b7e511cdff519	chr2R	25231159	25231182	2	CT	1	428	1	48	1	0	47	380	0.00233644859813	0.0208333333333	25231153	25231187	0	0
tfsite_429225989fcb8b14	tflocus_e21b7e511cdff519	chr2R	25231159	25231182	2	GA	2	368	2	40	2	0	38	328	0.0054347826087	0.05	25231160	25231180	0.5	2.5
tfsite_31f709ebc7a24af0	tflocus_e21b7e511cdff519	chr2R	25231164	25231188	3	CT	2	421	2	41	2	0	39	380	0.00475059382423	0.0487804878049	25231164	25231188	6	0.5
tfsite_31f709ebc7a24af0	tflocus_e21b7e511cdff519	chr2R	25231164	25231188	3	GA	0	367	0	33	0	0	33	334	0	0	25231164	25231188	0	0
tfsite_bc57f6e0f107d57f	tflocus_9b951a8d52a225fe	chr2R	25231165	25231217	2	CT	1	415	1	24	1	0	23	391	0.00240963855422	0.0416666666667	25231165	25231217	0	0
tfsite_bc57f6e0f107d57f	tflocus_9b951a8d52a225fe	chr2R	25231165	25231217	2	GA	0	354	0	15	0	0	15	339	0	0	25231165	25231217	0	0
tfsite_80b946cd9c1e655e	tflocus_b2010d3aa2b12e4c	chr2R	25231165	25231235	1	CT	1	417	1	17	1	0	16	400	0.00239808153477	0.0588235294118	25231165	25231235	0	0
tfsite_80b946cd9c1e655e	tflocus_b2010d3aa2b12e4c	chr2R	25231165	25231235	1	GA	0	359	0	9	0	0	9	350	0	0	25231165	25231235	0	0
tfsite_09ffa3e800f19d05	tflocus_9b951a8d52a225fe	chr2R	25231174	25231204	3	CT	1	417	1	28	1	0	27	389	0.00239808153477	0.0357142857143	25231174	25231204	0	0
tfsite_09ffa3e800f19d05	tflocus_9b951a8d52a225fe	chr2R	25231174	25231204	3	GA	0	361	0	24	0	0	24	337	0	0	25231174	25231204	0	0
tfsite_3c6f8ac308adfe27	tflocus_9b951a8d52a225fe	chr2R	25231180	25231191	4	CT	1	418	1	36	1	0	35	382	0.00239234449761	0.0277777777778	25231181	25231195	0	0
tfsite_3c6f8ac308adfe27	tflocus_9b951a8d52a225fe	chr2R	25231180	25231191	4	GA	5	361	5	42	5	0	37	319	0.0138504155125	0.119047619048	25231180	25231191	0	0
tfsite_309ec5308c7cad55	tflocus_9b951a8d52a225fe	chr2R	25231181	25231203	5	CT	2	418	2	30	2	0	28	388	0.00478468899522	0.0666666666667	25231181	25231203	0	2
tfsite_309ec5308c7cad55	tflocus_9b951a8d52a225fe	chr2R	25231181	25231203	5	GA	0	361	0	28	0	0	28	333	0	0	25231181	25231203	0	0
tfsite_65a71d91ecddf5c8	tflocus_e4dda19e78561662	chr2R	25231185	25231259	1	CT	1	405	2	11	2	0	9	394	0.00493827160494	0.181818181818	25231185	25231259	0	0
tfsite_65a71d91ecddf5c8	tflocus_e4dda19e78561662	chr2R	25231185	25231259	1	GA	0	346	0	10	0	0	10	336	0	0	25231185	25231259	0	0
tfsite_d7677170ed872108	tflocus_b2010d3aa2b12e4c	chr2R	25231186	25231211	2	CT	4	399	4	25	4	0	21	374	0.0100250626566	0.16	25231186	25231211	3.5	3.5
tfsite_d7677170ed872108	tflocus_b2010d3aa2b12e4c	chr2R	25231186	25231211	2	GA	0	350	0	33	0	0	33	317	0	0	25231186	25231211	0	0
tfsite_e642bdc4fd70b284	tflocus_b2010d3aa2b12e4c	chr2R	25231189	25231202	3	CT	2	413	2	28	2	0	26	385	0.00484261501211	0.0714285714286	25231189	25231202	0	0.5
tfsite_e642bdc4fd70b284	tflocus_b2010d3aa2b12e4c	chr2R	25231189	25231202	3	GA	0	358	0	36	0	0	36	322	0	0	25231189	25231202	0	0
tfsite_fc208a8923ce4ebc	tflocus_e4dda19e78561662	chr2R	25231196	25231272	2	CT	0	410	0	9	0	0	9	401	0	0	25231196	25231272	0	0
tfsite_fc208a8923ce4ebc	tflocus_e4dda19e78561662	chr2R	25231196	25231272	2	GA	1	353	1	12	1	0	11	341	0.0028328611898	0.0833333333333	25231196	25231272	0	0
tfsite_18b3627442f28127	tflocus_b2010d3aa2b12e4c	chr2R	25231198	25231211	4	CT	1	397	1	26	1	0	25	371	0.00251889168766	0.0384615384615	25231199	25231214	0	0
tfsite_18b3627442f28127	tflocus_b2010d3aa2b12e4c	chr2R	25231198	25231211	4	GA	1	350	1	39	1	0	38	311	0.00285714285714	0.025641025641	25231196	25231208	0	0
tfsite_522a2efeb81de85e	tflocus_7f493a61b47b7c90	chr2R	25231204	25231224	1	CT	1	413	1	30	1	0	29	383	0.00242130750605	0.0333333333333	25231204	25231224	0	0
tfsite_522a2efeb81de85e	tflocus_7f493a61b47b7c90	chr2R	25231204	25231224	1	GA	0	359	0	23	0	0	23	336	0	0	25231204	25231224	0	0
tfsite_c35476011d0ba0be	tflocus_e4dda19e78561662	chr2R	25231204	25231254	3	CT	1	378	1	15	1	0	14	363	0.0026455026455	0.0666666666667	25231204	25231254	0	0
tfsite_c35476011d0ba0be	tflocus_e4dda19e78561662	chr2R	25231204	25231254	3	GA	0	318	0	10	0	0	10	308	0	0	25231204	25231254	0	0
tfsite_4c24378efe33c87c	tflocus_e4dda19e78561662	chr2R	25231212	25231240	4	CT	1	393	1	26	1	0	25	367	0.00254452926209	0.0384615384615	25231209	25231240	0	0
tfsite_4c24378efe33c87c	tflocus_e4dda19e78561662	chr2R	25231212	25231240	4	GA	1	325	1	18	1	0	17	307	0.00307692307692	0.0555555555556	25231215	25231239	0	0
tfsite_8a6efd27bb482a18	tflocus_853eed39da0d950c	chr2R	25231226	25231289	1	CT	1	417	1	11	1	0	10	406	0.00239808153477	0.0909090909091	25231224	25231283	0	0
tfsite_8a6efd27bb482a18	tflocus_853eed39da0d950c	chr2R	25231226	25231289	1	GA	1	357	1	10	1	0	9	347	0.00280112044818	0.1	25231228	25231294	0	0
tfsite_78e520b99098c078	tflocus_1e23604aa8b4dcd0	chr2R	25231233	25231251	1	CT	2	387	2	27	2	0	25	360	0.00516795865633	0.0740740740741	25231233	25231251	4	3
tfsite_78e520b99098c078	tflocus_1e23604aa8b4dcd0	chr2R	25231233	25231251	1	GA	0	322	0	23	0	0	23	299	0	0	25231233	25231251	0	0
tfsite_523bbd9b52766949	tflocus_853eed39da0d950c	chr2R	25231245	25231260	2	CT	2	405	2	39	2	0	37	366	0.00493827160494	0.0512820512821	25231245	25231260	2	1.5
tfsite_523bbd9b52766949	tflocus_853eed39da0d950c	chr2R	25231245	25231260	2	GA	0	345	0	21	0	0	21	324	0	0	25231245	25231260	0	0
tfsite_e0c812c3bcd71d62	tflocus_19c36bd46cf3414d	chr2R	25231257	25231308	1	CT	1	420	1	18	1	0	17	402	0.00238095238095	0.0555555555556	25231257	25231308	0	0
tfsite_e0c812c3bcd71d62	tflocus_19c36bd46cf3414d	chr2R	25231257	25231308	1	GA	0	352	0	13	0	0	13	339	0	0	25231257	25231308	0	0
tfsite_06b889ca975fdce2	tflocus_19c36bd46cf3414d	chr2R	25231263	25231295	2	CT	2	426	2	27	2	0	25	399	0.00469483568075	0.0740740740741	25231263	25231295	1.5	1
tfsite_06b889ca975fdce2	tflocus_19c36bd46cf3414d	chr2R	25231263	25231295	2	GA	0	361	0	16	0	0	16	345	0	0	25231263	25231295	0	0
tfsite_25183557c488cc77	tflocus_19c36bd46cf3414d	chr2R	25231277	25231295	3	CT	0	425	0	28	0	0	28	397	0	0	25231277	25231295	0	0
tfsite_25183557c488cc77	tflocus_19c36bd46cf3414d	chr2R	25231277	25231295	3	GA	2	358	2	21	2	0	19	337	0.00558659217877	0.0952380952381	25231277	25231295	1.5	3
tfsite_958146cad884821b	tflocus_e191d7c025f6b63c	chr2R	25231287	25231309	1	CT	1	424	1	31	1	0	30	393	0.00235849056604	0.0322580645161	25231287	25231308	0	0
tfsite_958146cad884821b	tflocus_e191d7c025f6b63c	chr2R	25231287	25231309	1	GA	1	361	1	19	1	0	18	342	0.00277008310249	0.0526315789474	25231286	25231309	0	0
tfsite_ff54070df4b1a9f8	tflocus_f1676e74122398c1	chr2R	25231299	25231331	1	CT	1	422	1	27	1	0	26	395	0.00236966824645	0.037037037037	25231299	25231331	0	0
tfsite_ff54070df4b1a9f8	tflocus_f1676e74122398c1	chr2R	25231299	25231331	1	GA	0	361	0	19	0	0	19	342	0	0	25231299	25231331	0	0
tfsite_7ea090b96d74c8bc	tflocus_f1676e74122398c1	chr2R	25231301	25231314	2	CT	1	426	1	38	1	0	37	388	0.00234741784038	0.0263157894737	25231301	25231314	0	0
tfsite_7ea090b96d74c8bc	tflocus_f1676e74122398c1	chr2R	25231301	25231314	2	GA	0	364	0	29	0	0	29	335	0	0	25231301	25231314	0	0
tfsite_092880d32442ee62	tflocus_d9fc2db1d8df233d	chr2R	25231316	25231379	1	CT	0	427	0	3	0	0	3	424	0	0	25231316	25231379	0	0
tfsite_092880d32442ee62	tflocus_d9fc2db1d8df233d	chr2R	25231316	25231379	1	GA	2	364	2	12	2	0	10	352	0.00549450549451	0.166666666667	25231316	25231379	2	6
tfsite_11899ba973c2c3d8	tflocus_1bda3e04b886e550	chr2R	25231324	25231398	1	CT	0	429	0	3	0	0	3	426	0	0	25231324	25231398	0	0
tfsite_11899ba973c2c3d8	tflocus_1bda3e04b886e550	chr2R	25231324	25231398	1	GA	1	364	1	11	0	1	11	352	0.00274725274725	0	25231324	25231398	0	0
tfsite_27e78eb13efa0120	tflocus_d9fc2db1d8df233d	chr2R	25231334	25231353	2	CT	0	418	0	25	0	0	25	393	0	0	25231334	25231353	0	0
tfsite_27e78eb13efa0120	tflocus_d9fc2db1d8df233d	chr2R	25231334	25231353	2	GA	5	365	5	34	5	0	29	331	0.013698630137	0.147058823529	25231334	25231353	0	0
tfsite_e668571fa9dc2a06	tflocus_1bda3e04b886e550	chr2R	25231346	25231361	2	CT	0	423	0	24	0	0	24	399	0	0	25231346	25231361	0	0
tfsite_e668571fa9dc2a06	tflocus_1bda3e04b886e550	chr2R	25231346	25231361	2	GA	1	362	1	36	1	0	35	326	0.00276243093923	0.0277777777778	25231346	25231361	0	0
tfsite_ebc36ef3b813b116	tflocus_1bda3e04b886e550	chr2R	25231350	25231386	3	CT	0	423	0	9	0	0	9	414	0	0	25231350	25231386	0	0
tfsite_ebc36ef3b813b116	tflocus_1bda3e04b886e550	chr2R	25231350	25231386	3	GA	1	364	1	19	1	0	18	345	0.00274725274725	0.0526315789474	25231350	25231386	0	0
tfsite_99cff6df8e33003d	tflocus_8c8c6d32958d6183	chr2R	25231358	25231408	1	CT	1	420	1	9	0	1	9	410	0.00238095238095	0	25231355	25231413	0	0
tfsite_99cff6df8e33003d	tflocus_8c8c6d32958d6183	chr2R	25231358	25231408	1	GA	1	363	1	16	1	0	15	347	0.00275482093664	0.0625	25231360	25231403	0	0
tfsite_c56e147cd56e36b9	tflocus_45deffc7b608331c	chr2R	25231365	25231395	1	CT	1	427	1	11	1	0	10	416	0.00234192037471	0.0909090909091	25231365	25231395	0	0
tfsite_c56e147cd56e36b9	tflocus_45deffc7b608331c	chr2R	25231365	25231395	1	GA	2	366	2	20	2	0	18	346	0.00546448087432	0.1	25231361	25231390	5	6
tfsite_c413fd66e00cbbaa	tflocus_b025b22ac2a4b31d	chr2R	25231374	25231449	1	CT	0	424	0	7	0	0	7	417	0	0	25231374	25231449	0	0
tfsite_c413fd66e00cbbaa	tflocus_b025b22ac2a4b31d	chr2R	25231374	25231449	1	GA	3	367	3	11	2	1	9	355	0.00817438692098	0.181818181818	25231374	25231449	5	2
tfsite_8d0c7881ad81b743	tflocus_8c8c6d32958d6183	chr2R	25231376	25231408	2	CT	0	420	0	12	0	0	12	408	0	0	25231376	25231408	0	0
tfsite_8d0c7881ad81b743	tflocus_8c8c6d32958d6183	chr2R	25231376	25231408	2	GA	3	361	3	20	3	0	17	341	0.00831024930748	0.15	25231376	25231408	0	0
tfsite_947c053dd2a81bb2	tflocus_8c8c6d32958d6183	chr2R	25231377	25231397	3	CT	1	428	1	12	1	0	11	416	0.00233644859813	0.0833333333333	25231377	25231395	0	0
tfsite_947c053dd2a81bb2	tflocus_8c8c6d32958d6183	chr2R	25231377	25231397	3	GA	2	366	2	25	2	0	23	341	0.00546448087432	0.08	25231375	25231400	4	3
tfsite_6098fc54f49c13dd	tflocus_0f18ee4d3affde65	chr2R	25231386	25231463	1	CT	0	424	0	5	0	0	5	419	0	0	25231386	25231463	0	0
tfsite_6098fc54f49c13dd	tflocus_0f18ee4d3affde65	chr2R	25231386	25231463	1	GA	1	366	1	9	1	0	8	357	0.00273224043716	0.111111111111	25231386	25231463	0	0
tfsite_6d3b32a4fb6d4a4e	tflocus_c732cd973011c714	chr2R	25231405	25231466	1	CT	1	424	1	9	1	0	8	415	0.00235849056604	0.111111111111	25231405	25231466	0	0
tfsite_6d3b32a4fb6d4a4e	tflocus_c732cd973011c714	chr2R	25231405	25231466	1	GA	0	367	0	10	0	0	10	357	0	0	25231405	25231466	0	0
tfsite_d3c7811975bb91e4	tflocus_8a9db50ccd295757	chr2R	25231422	25231482	1	CT	0	424	0	7	0	0	7	417	0	0	25231422	25231482	0	0
tfsite_d3c7811975bb91e4	tflocus_8a9db50ccd295757	chr2R	25231422	25231482	1	GA	1	367	1	12	1	0	11	355	0.00272479564033	0.0833333333333	25231422	25231482	0	0
tfsite_c8697d66432e83c8	tflocus_c38ef52cbb07f370	chr2R	25231458	25231519	1	CT	0	425	0	7	0	0	7	418	0	0	25231458	25231519	0	0
tfsite_c8697d66432e83c8	tflocus_c38ef52cbb07f370	chr2R	25231458	25231519	1	GA	1	364	1	12	1	0	11	352	0.00274725274725	0.0833333333333	25231458	25231519	0	0
tfsite_eebadb3b7b0df683	tflocus_c38ef52cbb07f370	chr2R	25231481	25231522	2	CT	0	426	0	11	0	0	11	415	0	0	25231481	25231522	0	0
tfsite_eebadb3b7b0df683	tflocus_c38ef52cbb07f370	chr2R	25231481	25231522	2	GA	1	364	1	27	1	0	26	337	0.00274725274725	0.037037037037	25231481	25231522	0	0
tfsite_38644c01f6b8d63e	tflocus_c38ef52cbb07f370	chr2R	25231484	25231506	3	CT	2	427	2	22	2	0	20	405	0.00468384074941	0.0909090909091	25231484	25231506	1.5	2
tfsite_38644c01f6b8d63e	tflocus_c38ef52cbb07f370	chr2R	25231484	25231506	3	GA	0	364	0	41	0	0	41	323	0	0	25231484	25231506	0	0
tfsite_02031eb9e236146a	tflocus_270dfb417d612a95	chr2R	25231494	25231564	1	CT	1	423	1	4	0	1	4	418	0.00236406619385	0	25231494	25231564	0	0
tfsite_02031eb9e236146a	tflocus_270dfb417d612a95	chr2R	25231494	25231564	1	GA	0	359	0	14	0	0	14	345	0	0	25231494	25231564	0	0
tfsite_74e647ef05a3b3e5	tflocus_270dfb417d612a95	chr2R	25231515	25231539	2	CT	2	424	2	14	2	0	12	410	0.00471698113208	0.142857142857	25231515	25231539	1	1
tfsite_74e647ef05a3b3e5	tflocus_270dfb417d612a95	chr2R	25231515	25231539	2	GA	0	363	0	34	0	0	34	329	0	0	25231515	25231539	0	0
tfsite_62716c6c5b78b790	tflocus_fa2ba8cd8190249a	chr2R	25231517	25231558	1	CT	1	426	1	10	1	0	9	416	0.00234741784038	0.1	25231516	25231560	0	0
tfsite_62716c6c5b78b790	tflocus_fa2ba8cd8190249a	chr2R	25231517	25231558	1	GA	2	359	2	21	2	0	19	338	0.00557103064067	0.0952380952381	25231522	25231557	5	1.5
tfsite_1967c4effd741551	tflocus_f3e123ecc69ebaac	chr2R	25231519	25231592	1	CT	0	428	0	4	0	0	4	424	0	0	25231519	25231592	0	0
tfsite_1967c4effd741551	tflocus_f3e123ecc69ebaac	chr2R	25231519	25231592	1	GA	2	361	2	15	1	1	14	345	0.00554016620499	0.0666666666667	25231519	25231592	2.5	3
tfsite_2458354bb147d159	tflocus_f3e123ecc69ebaac	chr2R	25231529	25231597	2	CT	0	427	0	7	0	0	7	420	0	0	25231529	25231597	0	0
tfsite_2458354bb147d159	tflocus_f3e123ecc69ebaac	chr2R	25231529	25231597	2	GA	1	357	1	13	1	0	12	344	0.00280112044818	0.0769230769231	25231529	25231597	0	0
tfsite_a7240d63ab07b85f	tflocus_fa2ba8cd8190249a	chr2R	25231539	25231551	2	CT	1	425	1	20	1	0	19	405	0.00235294117647	0.05	25231539	25231551	0	0
tfsite_a7240d63ab07b85f	tflocus_fa2ba8cd8190249a	chr2R	25231539	25231551	2	GA	0	365	0	34	0	0	34	331	0	0	25231539	25231551	0	0
tfsite_b364794b274b927a	tflocus_f3e123ecc69ebaac	chr2R	25231549	25231566	3	CT	1	411	1	18	1	0	17	393	0.00243309002433	0.0555555555556	25231549	25231566	0	0
tfsite_b364794b274b927a	tflocus_f3e123ecc69ebaac	chr2R	25231549	25231566	3	GA	0	344	0	25	0	0	25	319	0	0	25231549	25231566	0	0
tfsite_e7ee6a72328cc76d	tflocus_19f38e935b0e48be	chr2R	25231576	25231601	1	CT	1	424	1	21	1	0	20	403	0.00235849056604	0.047619047619	25231577	25231597	0	0
tfsite_e7ee6a72328cc76d	tflocus_19f38e935b0e48be	chr2R	25231576	25231601	1	GA	4	361	4	27	3	1	24	333	0.01108033241	0.111111111111	25231576	25231601	0	4
tfsite_1fcbc5bd58f096c7	tflocus_7321099dca9a222a	chr2R	25231576	25231621	1	CT	1	412	1	16	1	0	15	396	0.00242718446602	0.0625	25231577	25231619	0	0
tfsite_1fcbc5bd58f096c7	tflocus_7321099dca9a222a	chr2R	25231576	25231621	1	GA	1	357	1	18	1	0	17	339	0.00280112044818	0.0555555555556	25231575	25231622	0	0
tfsite_911edabf2fc62340	tflocus_cc723c2567a4d717	chr2R	25231585	25231662	1	CT	0	415	0	7	0	0	7	408	0	0	25231585	25231662	0	0
tfsite_911edabf2fc62340	tflocus_cc723c2567a4d717	chr2R	25231585	25231662	1	GA	3	349	2	10	1	1	9	338	0.00573065902579	0.1	25231585	25231662	0	0
tfsite_44766563565c6581	tflocus_cc723c2567a4d717	chr2R	25231596	25231662	2	CT	0	414	0	7	0	0	7	407	0	0	25231596	25231662	0	0
tfsite_44766563565c6581	tflocus_cc723c2567a4d717	chr2R	25231596	25231662	2	GA	1	349	1	12	1	0	11	337	0.00286532951289	0.0833333333333	25231596	25231662	0	0
tfsite_7bb24f54844abf06	tflocus_7321099dca9a222a	chr2R	25231602	25231611	2	CT	1	419	1	29	1	0	28	390	0.00238663484487	0.0344827586207	25231602	25231611	0	0
tfsite_7bb24f54844abf06	tflocus_7321099dca9a222a	chr2R	25231602	25231611	2	GA	0	357	0	28	0	0	28	329	0	0	25231602	25231611	0	0
tfsite_dfa275e8330036ef	tflocus_19e86c8d61d7fbe0	chr2R	25231613	25231682	1	CT	1	421	2	6	2	0	4	415	0.00475059382423	0.333333333333	25231613	25231682	0	0
tfsite_dfa275e8330036ef	tflocus_19e86c8d61d7fbe0	chr2R	25231613	25231682	1	GA	0	352	0	10	0	0	10	342	0	0	25231613	25231682	0	0
tfsite_d9dce7d0cf59fee2	tflocus_fe66060256a24c91	chr2R	25231633	25231700	1	CT	1	427	1	8	1	0	7	419	0.00234192037471	0.125	25231633	25231700	0	0
tfsite_d9dce7d0cf59fee2	tflocus_fe66060256a24c91	chr2R	25231633	25231700	1	GA	0	356	0	11	0	0	11	345	0	0	25231633	25231700	0	0
tfsite_fa9c6e13e4df1ed4	tflocus_19e86c8d61d7fbe0	chr2R	25231641	25231663	2	CT	3	418	3	19	2	1	17	398	0.00717703349282	0.105263157895	25231643	25231663	4	2
tfsite_fa9c6e13e4df1ed4	tflocus_19e86c8d61d7fbe0	chr2R	25231641	25231663	2	GA	3	349	3	16	3	0	13	333	0.00859598853868	0.1875	25231638	25231662	0	0
tfsite_7fae91721e08391a	tflocus_44b0f087dc1026d9	chr2R	25231647	25231725	1	CT	0	426	0	9	0	0	9	417	0	0	25231647	25231725	0	0
tfsite_7fae91721e08391a	tflocus_44b0f087dc1026d9	chr2R	25231647	25231725	1	GA	1	357	1	8	0	1	8	348	0.00280112044818	0	25231647	25231725	0	0
tfsite_d0e40fa3e5fd0a6c	tflocus_44b0f087dc1026d9	chr2R	25231657	25231707	2	CT	1	428	1	11	1	0	10	417	0.00233644859813	0.0909090909091	25231657	25231707	0	0
tfsite_d0e40fa3e5fd0a6c	tflocus_44b0f087dc1026d9	chr2R	25231657	25231707	2	GA	0	361	0	11	0	0	11	350	0	0	25231657	25231707	0	0
tfsite_9d1ec97f8981240e	tflocus_44b0f087dc1026d9	chr2R	25231672	25231708	3	CT	1	429	1	15	1	0	14	414	0.002331002331	0.0666666666667	25231672	25231708	0	0
tfsite_9d1ec97f8981240e	tflocus_44b0f087dc1026d9	chr2R	25231672	25231708	3	GA	0	362	0	16	0	0	16	346	0	0	25231672	25231708	0	0
tfsite_286b43dbb1edb79d	tflocus_725eed1f192f4f3b	chr2R	25231677	25231748	1	CT	0	423	0	6	0	0	6	417	0	0	25231677	25231748	0	0
tfsite_286b43dbb1edb79d	tflocus_725eed1f192f4f3b	chr2R	25231677	25231748	1	GA	1	356	1	17	0	1	17	338	0.00280898876404	0	25231677	25231748	0	0
tfsite_fd160abe0bfd8155	tflocus_6f19ee655767fea2	chr2R	25231681	25231716	1	CT	1	428	1	16	1	0	15	412	0.00233644859813	0.0625	25231681	25231716	0	0
tfsite_fd160abe0bfd8155	tflocus_6f19ee655767fea2	chr2R	25231681	25231716	1	GA	0	360	0	24	0	0	24	336	0	0	25231681	25231716	0	0
tfsite_64e17b98e7c3c89b	tflocus_8ac16267b48bf93b	chr2R	25231704	25231760	1	CT	0	417	0	8	0	0	8	409	0	0	25231704	25231760	0	0
tfsite_64e17b98e7c3c89b	tflocus_8ac16267b48bf93b	chr2R	25231704	25231760	1	GA	1	359	1	18	1	0	17	341	0.00278551532033	0.0555555555556	25231704	25231760	0	0
tfsite_a169f46f5dfe3886	tflocus_36ced677ca76a506	chr2R	25231704	25231785	1	CT	1	423	1	8	1	0	7	415	0.00236406619385	0.125	25231704	25231785	0	0
tfsite_a169f46f5dfe3886	tflocus_36ced677ca76a506	chr2R	25231704	25231785	1	GA	0	364	0	12	0	0	12	352	0	0	25231704	25231785	0	0
tfsite_461abd94de179f49	tflocus_8ac16267b48bf93b	chr2R	25231706	25231744	2	CT	0	424	0	11	0	0	11	413	0	0	25231706	25231744	0	0
tfsite_461abd94de179f49	tflocus_8ac16267b48bf93b	chr2R	25231706	25231744	2	GA	1	358	1	23	1	0	22	335	0.00279329608939	0.0434782608696	25231706	25231744	0	0
tfsite_f18abe04d4f5eaa2	tflocus_36ced677ca76a506	chr2R	25231706	25231771	2	CT	0	416	0	7	0	0	7	409	0	0	25231706	25231771	0	0
tfsite_f18abe04d4f5eaa2	tflocus_36ced677ca76a506	chr2R	25231706	25231771	2	GA	3	360	3	17	2	1	15	342	0.00833333333333	0.117647058824	25231706	25231771	2	0
tfsite_96ee05c6c748b91d	tflocus_84c38c8f83598b1e	chr2R	25231732	25231771	1	CT	0	413	0	15	0	0	15	398	0	0	25231732	25231771	0	0
tfsite_96ee05c6c748b91d	tflocus_84c38c8f83598b1e	chr2R	25231732	25231771	1	GA	1	352	1	27	1	0	26	325	0.00284090909091	0.037037037037	25231732	25231771	0	0
tfsite_b42a1de7f9255305	tflocus_84c38c8f83598b1e	chr2R	25231737	25231783	2	CT	2	416	2	16	2	0	14	400	0.00480769230769	0.125	25231737	25231783	1.5	3
tfsite_b42a1de7f9255305	tflocus_84c38c8f83598b1e	chr2R	25231737	25231783	2	GA	0	363	0	21	0	0	21	342	0	0	25231737	25231783	0	0
tfsite_4b5bfe95f3110f90	tflocus_84c38c8f83598b1e	chr2R	25231755	25231778	3	CT	1	427	1	18	1	0	17	409	0.00234192037471	0.0555555555556	25231754	25231776	0	0
tfsite_4b5bfe95f3110f90	tflocus_84c38c8f83598b1e	chr2R	25231755	25231778	3	GA	1	368	1	24	1	0	23	344	0.00271739130435	0.0416666666667	25231756	25231780	0	0
tfsite_96c930f368fdfc00	tflocus_26f199c6a0617002	chr2R	25231758	25231786	1	CT	0	426	0	17	0	0	17	409	0	0	25231758	25231786	0	0
tfsite_96c930f368fdfc00	tflocus_26f199c6a0617002	chr2R	25231758	25231786	1	GA	1	366	1	28	1	0	27	338	0.00273224043716	0.0357142857143	25231758	25231786	0	0
tfsite_b4201ea583f840de	tflocus_26f199c6a0617002	chr2R	25231773	25231786	2	CT	1	424	1	23	1	0	22	401	0.00235849056604	0.0434782608696	25231773	25231782	0	0
tfsite_b4201ea583f840de	tflocus_26f199c6a0617002	chr2R	25231773	25231786	2	GA	1	363	1	34	1	0	33	329	0.00275482093664	0.0294117647059	25231772	25231789	0	0
tfsite_1b3e91847a33c23a	tflocus_b9d957c1b2c52424	chr2R	25231773	25231823	1	CT	0	422	0	11	0	0	11	411	0	0	25231773	25231823	0	0
tfsite_1b3e91847a33c23a	tflocus_b9d957c1b2c52424	chr2R	25231773	25231823	1	GA	1	361	1	19	1	0	18	342	0.00277008310249	0.0526315789474	25231773	25231823	0	0
tfsite_9eb7443268e0ab10	tflocus_26f199c6a0617002	chr2R	25231778	25231800	3	CT	0	422	0	20	0	0	20	402	0	0	25231778	25231800	0	0
tfsite_9eb7443268e0ab10	tflocus_26f199c6a0617002	chr2R	25231778	25231800	3	GA	1	363	1	65	1	0	64	298	0.00275482093664	0.0153846153846	25231778	25231800	0	0
tfsite_8427c64217a3dafa	tflocus_b9d957c1b2c52424	chr2R	25231790	25231816	2	CT	1	425	1	26	1	0	25	399	0.00235294117647	0.0384615384615	25231786	25231818	0	0
tfsite_8427c64217a3dafa	tflocus_b9d957c1b2c52424	chr2R	25231790	25231816	2	GA	1	364	1	40	0	1	40	323	0.00274725274725	0	25231794	25231813	0	0
tfsite_f512ff144e1e53fb	tflocus_ddf5d4db31eeee35	chr2R	25231805	25231859	1	CT	0	426	0	17	0	0	17	409	0	0	25231805	25231859	0	0
tfsite_f512ff144e1e53fb	tflocus_ddf5d4db31eeee35	chr2R	25231805	25231859	1	GA	1	359	1	11	1	0	10	348	0.00278551532033	0.0909090909091	25231805	25231859	0	0
tfsite_f77cd7c3999f703d	tflocus_b9d957c1b2c52424	chr2R	25231806	25231818	3	CT	2	426	2	44	2	0	42	382	0.00469483568075	0.0454545454545	25231806	25231818	0	0
tfsite_f77cd7c3999f703d	tflocus_b9d957c1b2c52424	chr2R	25231806	25231818	3	GA	0	365	0	47	0	0	47	318	0	0	25231806	25231818	0	0
tfsite_c36c5b1471f521f4	tflocus_d5ace8d9070a7d31	chr2R	25231810	25231867	1	CT	1	425	1	16	1	0	15	409	0.00235294117647	0.0625	25231810	25231867	0	0
tfsite_c36c5b1471f521f4	tflocus_d5ace8d9070a7d31	chr2R	25231810	25231867	1	GA	0	362	0	8	0	0	8	354	0	0	25231810	25231867	0	0
tfsite_975ae0ac242e12de	tflocus_ddf5d4db31eeee35	chr2R	25231817	25231834	2	CT	1	424	1	32	1	0	31	392	0.00235849056604	0.03125	25231814	25231837	0	0
tfsite_975ae0ac242e12de	tflocus_ddf5d4db31eeee35	chr2R	25231817	25231834	2	GA	1	361	1	26	0	1	26	334	0.00277008310249	0	25231820	25231830	0	0
tfsite_3a16844322316686	tflocus_d5ace8d9070a7d31	chr2R	25231833	25231843	2	CT	0	420	0	37	0	0	37	383	0	0	25231833	25231843	0	0
tfsite_3a16844322316686	tflocus_d5ace8d9070a7d31	chr2R	25231833	25231843	2	GA	1	363	1	23	1	0	22	340	0.00275482093664	0.0434782608696	25231833	25231843	0	0
tfsite_5212fb953776406f	tflocus_969c2d638c42b32e	chr2R	25231836	25231901	1	CT	1	422	1	24	1	0	23	398	0.00236966824645	0.0416666666667	25231835	25231906	0	0
tfsite_5212fb953776406f	tflocus_969c2d638c42b32e	chr2R	25231836	25231901	1	GA	1	360	1	11	1	0	10	349	0.00277777777778	0.0909090909091	25231837	25231895	0	0
tfsite_4c7cf78f558a95f7	tflocus_7bbbabd75171dc2b	chr2R	25231840	25231876	1	CT	1	420	1	25	1	0	24	395	0.00238095238095	0.04	25231840	25231876	0	0
tfsite_4c7cf78f558a95f7	tflocus_7bbbabd75171dc2b	chr2R	25231840	25231876	1	GA	0	352	0	13	0	0	13	339	0	0	25231840	25231876	0	0
tfsite_1182bfab2093a666	tflocus_f60f31dbdf8e1833	chr2R	25231850	25231919	1	CT	1	421	1	27	1	0	26	394	0.00237529691211	0.037037037037	25231850	25231919	0	0
tfsite_1182bfab2093a666	tflocus_f60f31dbdf8e1833	chr2R	25231850	25231919	1	GA	0	357	0	13	0	0	13	344	0	0	25231850	25231919	0	0
tfsite_fc15944e93d3bf83	tflocus_969c2d638c42b32e	chr2R	25231854	25231887	2	CT	1	412	1	29	1	0	28	383	0.00242718446602	0.0344827586207	25231854	25231887	0	0
tfsite_fc15944e93d3bf83	tflocus_969c2d638c42b32e	chr2R	25231854	25231887	2	GA	0	342	0	13	0	0	13	329	0	0	25231854	25231887	0	0
tfsite_c83ab9c9e41774ba	tflocus_f60f31dbdf8e1833	chr2R	25231869	25231892	2	CT	3	413	3	51	3	0	48	362	0.00726392251816	0.0588235294118	25231869	25231892	0	0
tfsite_c83ab9c9e41774ba	tflocus_f60f31dbdf8e1833	chr2R	25231869	25231892	2	GA	0	353	0	15	0	0	15	338	0	0	25231869	25231892	0	0
tfsite_5f8320f493a2de82	tflocus_f60f31dbdf8e1833	chr2R	25231869	25231919	3	CT	1	409	1	51	1	0	50	358	0.00244498777506	0.0196078431373	25231869	25231919	0	0
tfsite_5f8320f493a2de82	tflocus_f60f31dbdf8e1833	chr2R	25231869	25231919	3	GA	0	352	0	15	0	0	15	337	0	0	25231869	25231919	0	0
tfsite_8bf1e79f70a873d7	tflocus_50faaceac24643c1	chr2R	25231869	25231937	1	CT	14	410	13	50	10	3	40	357	0.0317073170732	0.2	25231870	25231934	3	0
tfsite_8bf1e79f70a873d7	tflocus_50faaceac24643c1	chr2R	25231869	25231937	1	GA	9	350	9	15	0	9	15	326	0.0257142857143	0	25231868	25231939	0	0
tfsite_df343d5990bae0aa	tflocus_50faaceac24643c1	chr2R	25231872	25231938	2	CT	8	412	8	53	8	0	45	359	0.0194174757282	0.150943396226	25231872	25231938	0	0
tfsite_df343d5990bae0aa	tflocus_50faaceac24643c1	chr2R	25231872	25231938	2	GA	0	353	0	15	0	0	15	338	0	0	25231872	25231938	0	0
tfsite_0fd64695830386d1	tflocus_50faaceac24643c1	chr2R	25231873	25231920	3	CT	7	409	7	54	6	1	48	354	0.0171149144254	0.111111111111	25231873	25231919	0	0
tfsite_0fd64695830386d1	tflocus_50faaceac24643c1	chr2R	25231873	25231920	3	GA	4	350	4	15	1	3	14	332	0.0114285714286	0.0666666666667	25231873	25231920	0.5	0.5
tfsite_be0fcde86703955b	tflocus_f60f31dbdf8e1833	chr2R	25231885	25231895	4	CT	2	422	2	58	2	0	56	364	0.00473933649289	0.0344827586207	25231885	25231895	0	2.5
tfsite_be0fcde86703955b	tflocus_f60f31dbdf8e1833	chr2R	25231885	25231895	4	GA	0	361	0	15	0	0	15	346	0	0	25231885	25231895	0	0
tfsite_5b9e8cdcb2d7037f	tflocus_50faaceac24643c1	chr2R	25231885	25231923	4	CT	1	407	1	54	1	0	53	353	0.002457002457	0.0185185185185	25231885	25231923	0	0
tfsite_5b9e8cdcb2d7037f	tflocus_50faaceac24643c1	chr2R	25231885	25231923	4	GA	0	349	0	15	0	0	15	334	0	0	25231885	25231923	0	0
tfsite_89237b1fa527c2b1	tflocus_50faaceac24643c1	chr2R	25231886	25231933	5	CT	8	413	8	56	8	0	48	357	0.0193704600484	0.142857142857	25231886	25231934	3	0
tfsite_89237b1fa527c2b1	tflocus_50faaceac24643c1	chr2R	25231886	25231933	5	GA	7	356	7	15	7	0	8	341	0.0196629213483	0.466666666667	25231886	25231932	1	2
tfsite_7e1b678815be6a89	tflocus_50faaceac24643c1	chr2R	25231889	25231938	6	CT	0	406	0	54	0	0	54	352	0	0	25231889	25231938	0	0
tfsite_7e1b678815be6a89	tflocus_50faaceac24643c1	chr2R	25231889	25231938	6	GA	2	353	2	15	2	0	13	338	0.0056657223796	0.133333333333	25231889	25231938	1	1
tfsite_bb5ba620c29db40a	tflocus_50faaceac24643c1	chr2R	25231899	25231912	7	CT	1	413	1	62	1	0	61	351	0.00242130750605	0.0161290322581	25231899	25231912	0	0
tfsite_bb5ba620c29db40a	tflocus_50faaceac24643c1	chr2R	25231899	25231912	7	GA	0	358	0	17	0	0	17	341	0	0	25231899	25231912	0	0
tfsite_9c0fdb92beb34a73	tflocus_f7c848c31b2bb827	chr2R	25231901	25231936	1	CT	6	405	6	62	6	0	56	343	0.0148148148148	0.0967741935484	25231897	25231934	0	0
tfsite_9c0fdb92beb34a73	tflocus_f7c848c31b2bb827	chr2R	25231901	25231936	1	GA	3	353	3	19	2	1	17	333	0.00849858356941	0.105263157895	25231904	25231938	4	1
tfsite_74ab0a4bc2f42fb8	tflocus_50faaceac24643c1	chr2R	25231907	25231920	8	CT	0	419	0	67	0	0	67	352	0	0	25231907	25231920	0	0
tfsite_74ab0a4bc2f42fb8	tflocus_50faaceac24643c1	chr2R	25231907	25231920	8	GA	5	358	5	29	4	1	25	328	0.0139664804469	0.137931034483	25231907	25231920	0	0
tfsite_08ca5a4ca98454e0	tflocus_f7c848c31b2bb827	chr2R	25231916	25231938	2	CT	3	414	3	72	3	0	69	342	0.00724637681159	0.0416666666667	25231913	25231938	0	0
tfsite_08ca5a4ca98454e0	tflocus_f7c848c31b2bb827	chr2R	25231916	25231938	2	GA	4	359	4	31	3	1	28	327	0.0111420612813	0.0967741935484	25231918	25231937	1	2
tfsite_73deba3aa38ad688	tflocus_d379ed2044b01860	chr3L	2887452	2887507	1	CT	1	1	1	1	1	0	0	0	1	1	2887452	2887507	0	0
tfsite_7959c6fd38f9cd30	tflocus_6b93014f25cfe879	chr3L	2888288	2888357	1	CT	1	1	1	1	1	0	0	0	1	1	2888288	2888357	0	0
tfsite_12ebeb0a121938a9	tflocus_0d17b227543e616a	chr3L	2890707	2890785	1	CT	1	1	1	1	1	0	0	0	1	1	2890707	2890785	0	0
tfsite_14ba30e9bae26331	tflocus_f6d7bc64eaec6ccd	chr3L	2892116	2892139	1	CT	1	1	1	1	1	0	0	0	1	1	2892116	2892139	0	0
tfsite_07494fc47150b888	tflocus_14a81c54b1418f4f	chr3R	12473963	12474039	1	FWD	1	1	1	0	0	1	0	0	1	.	12473963	12474039	0	0
tfsite_f99f38fcedafa415	tflocus_2e60adbf634ee2c2	chr3R	12474846	12474924	1	FWD	1	1	1	1	1	0	0	0	1	1	12474846	12474924	0	0
tfsite_58c76ad18a3f3114	tflocus_c421744d2aa74398	chr3R	12475487	12475558	1	FWD	1	1	1	1	1	0	0	0	1	1	12475487	12475558	0	0
tfsite_f1fee0d309f20e90	tflocus_83f99742dee02be3	chr3R	12476725	12476755	1	FWD	1	1	1	1	1	0	0	0	1	1	12476725	12476755	0	0
tfsite_0dd05abeebcadc36	tflocus_8d4dd3b9b54765b3	chr3R	22683124	22683135	1	GA	1	1	1	1	1	0	0	0	1	1	22683124	22683135	0	0
tfsite_8aa6e12397c6ef62	tflocus_b89ccccf209e5a0a	chr3R	25981480	25981494	1	GA	1	1	1	1	1	0	0	0	1	1	25981480	25981494	0	0
tfsite_2f26ef07ed5a5301	tflocus_49827e23f3e23efc	chrX	8850895	8850906	1	CT	1	1	1	1	1	0	0	0	1	1	8850895	8850906	0	0
