{
"kind": "ddda_radial_v1",
"dyad_rate": [
0.03215,
0.02933,
0.0336,
0.03444,
0.03764,
0.03751,
0.04021,
0.03931,
0.04385,
0.04606,
0.05415,
0.05106,
0.05624,
0.06945,
0.07872,
0.0803,
0.08009,
0.07822,
0.08147,
0.08816,
0.08624,
0.08632,
0.08352,
0.09642,
0.10227,
0.11944,
0.12436,
0.11185,
0.10136,
0.09232,
0.09106,
0.09025,
0.08964,
0.08484,
0.0918,
0.09846,
0.10178,
0.10992,
0.08663,
0.07561,
0.08126,
0.08418,
0.08623,
0.07482,
0.09292,
0.08238,
0.09384,
0.09316,
0.08864,
0.08552,
0.08476,
0.08826,
0.08836,
0.0863,
0.08232,
0.09032,
0.08279,
0.07742,
0.07202,
0.07322,
0.06785,
0.05873,
0.05328,
0.0465,
0.04315,
0.0398,
0.04356,
0.043,
0.0358,
0.03296,
0.0318,
0.03083,
0.02901,
0.03186,
0.0257,
0.02342,
0.01997,
0.01615,
0.01554,
0.01492,
0.00923,
0.01371,
0.00452,
0.00111,
0.00112,
0.0,
0.0,
0.0,
0.0,
0.0,
0.0,
0.05,
0.05,
0.05,
0.05,
0.05
],
"linker": 0.7356,
"half": 73,
"min_sep": 150,
"edge_frac": 0.82,
"note": "edge-anchored DddA within-nucleosome deam rate vs |dist from dyad|; pooled NAPA/UBA1/PS01499"
}