label	policy	bin_start	bin_end	covered_reads	nfr_reads	nfr_occupancy
ont_early	supplied	9954000	9954100	712	219	0.30758426966292135
ont_early	supplied	9954100	9954200	716	200	0.27932960893854747
ont_early	supplied	9954200	9954300	710	170	0.23943661971830985
ont_early	supplied	9954300	9954400	711	190	0.2672292545710267
ont_early	supplied	9954400	9954500	707	183	0.25884016973125884
ont_early	supplied	9954500	9954600	713	296	0.41514726507713884
ont_early	supplied	9954600	9954700	711	337	0.4739803094233474
ont_early	supplied	9954700	9954800	707	251	0.355021216407355
ont_early	supplied	9954800	9954900	706	220	0.311614730878187
ont_early	supplied	9954900	9955000	702	223	0.3176638176638177
ont_early	supplied	9955000	9955100	704	261	0.37073863636363635
ont_early	supplied	9955100	9955200	705	281	0.39858156028368796
ont_early	supplied	9955200	9955300	703	411	0.5846372688477952
ont_early	supplied	9955300	9955400	705	427	0.6056737588652482
ont_early	supplied	9955400	9955500	693	288	0.4155844155844156
ont_early	supplied	9955500	9955600	699	271	0.3876967095851216
ont_early	supplied	9955600	9955700	709	333	0.4696755994358251
ont_early	supplied	9955700	9955800	716	327	0.45670391061452514
ont_early	supplied	9955800	9955900	713	317	0.44460028050490885
ont_early	supplied	9955900	9956000	721	309	0.42857142857142855
ont_early	supplied	9956000	9956100	724	282	0.38950276243093923
ont_early	supplied	9956100	9956200	721	214	0.29680998613037446
ont_early	supplied	9956200	9956300	725	224	0.30896551724137933
ont_early	supplied	9956300	9956400	729	360	0.49382716049382713
ont_early	supplied	9956400	9956500	734	369	0.502724795640327
ont_early	supplied	9956500	9956600	738	285	0.3861788617886179
ont_early	supplied	9956600	9956700	741	274	0.3697705802968961
ont_early	supplied	9956700	9956800	742	245	0.330188679245283
ont_early	supplied	9956800	9956900	742	191	0.2574123989218329
ont_early	supplied	9956900	9957000	739	224	0.30311231393775373
ont_early	supplied	9957000	9957100	743	220	0.2960969044414536
ont_early	supplied	9957100	9957200	743	262	0.35262449528936746
ont_early	supplied	9957200	9957300	740	231	0.31216216216216214
ont_early	supplied	9957300	9957400	741	175	0.23616734143049933
ont_early	supplied	9957400	9957500	738	235	0.31842818428184283
ont_early	supplied	9957500	9957600	737	283	0.383989145183175
ont_early	supplied	9957600	9957700	735	260	0.35374149659863946
ont_early	supplied	9957700	9957800	731	212	0.29001367989056087
ont_early	supplied	9957800	9957900	730	197	0.26986301369863014
ont_early	supplied	9957900	9958000	732	235	0.32103825136612024
ont_early	supplied	9958000	9958100	733	303	0.41336971350613916
ont_early	supplied	9958100	9958200	736	356	0.483695652173913
ont_early	supplied	9958200	9958300	748	353	0.47192513368983957
ont_early	supplied	9958300	9958400	751	324	0.43142476697736354
ont_early	supplied	9958400	9958500	746	320	0.4289544235924933
ont_early	supplied	9958500	9958600	754	383	0.5079575596816976
ont_early	supplied	9958600	9958700	755	362	0.4794701986754967
ont_early	supplied	9958700	9958800	756	444	0.5873015873015873
ont_early	supplied	9958800	9958900	764	534	0.6989528795811518
ont_early	supplied	9958900	9959000	763	450	0.5897771952817824
ont_early	supplied	9959000	9959100	765	184	0.24052287581699347
ont_early	supplied	9959100	9959200	768	204	0.265625
ont_early	supplied	9959200	9959300	769	266	0.3459037711313394
ont_early	supplied	9959300	9959400	772	250	0.3238341968911917
ont_early	supplied	9959400	9959500	770	303	0.3935064935064935
ont_early	supplied	9959500	9959600	770	362	0.4701298701298701
ont_early	supplied	9959600	9959700	762	329	0.431758530183727
ont_early	supplied	9959700	9959800	771	437	0.5667963683527886
ont_early	supplied	9959800	9959900	758	379	0.5
ont_early	supplied	9959900	9960000	754	417	0.553050397877984
ont_early	supplied	9960000	9960100	765	506	0.661437908496732
ont_early	supplied	9960100	9960200	748	446	0.5962566844919787
ont_early	supplied	9960200	9960300	760	470	0.618421052631579
ont_early	supplied	9960300	9960400	774	490	0.6330749354005168
ont_early	supplied	9960400	9960500	775	463	0.5974193548387097
ont_early	supplied	9960500	9960600	767	371	0.48370273794002605
ont_early	supplied	9960600	9960700	776	400	0.5154639175257731
ont_early	supplied	9960700	9960800	772	361	0.4676165803108808
ont_early	supplied	9960800	9960900	769	359	0.4668400520156047
ont_early	supplied	9960900	9961000	773	346	0.4476067270375162
ont_early	supplied	9961000	9961100	776	336	0.4329896907216495
ont_early	supplied	9961100	9961200	781	329	0.4212548015364917
ont_early	supplied	9961200	9961300	781	304	0.3892445582586428
ont_early	supplied	9961300	9961400	777	204	0.2625482625482625
ont_early	supplied	9961400	9961500	774	171	0.22093023255813954
ont_early	supplied	9961500	9961600	772	293	0.3795336787564767
ont_early	supplied	9961600	9961700	771	384	0.4980544747081712
ont_early	supplied	9961700	9961800	777	362	0.46589446589446587
ont_early	supplied	9961800	9961900	773	381	0.49288486416558863
ont_early	supplied	9961900	9962000	775	435	0.5612903225806452
ont_early	supplied	9962000	9962100	771	389	0.5045395590142672
ont_early	supplied	9962100	9962200	771	318	0.41245136186770426
ont_early	supplied	9962200	9962300	770	365	0.474025974025974
ont_early	supplied	9962300	9962400	769	382	0.4967490247074122
ont_early	supplied	9962400	9962500	765	406	0.530718954248366
ont_early	supplied	9962500	9962600	765	413	0.5398692810457516
ont_early	supplied	9962600	9962700	763	356	0.46657929226736566
ont_early	supplied	9962700	9962800	769	341	0.4434330299089727
ont_early	supplied	9962800	9962900	774	264	0.34108527131782945
ont_early	supplied	9962900	9963000	775	201	0.2593548387096774
ont_early	supplied	9963000	9963100	772	214	0.2772020725388601
ont_early	supplied	9963100	9963200	782	359	0.45907928388746805
ont_early	supplied	9963200	9963300	779	436	0.5596919127086007
ont_early	supplied	9963300	9963400	784	445	0.5676020408163265
ont_early	supplied	9963400	9963500	785	375	0.47770700636942676
ont_early	supplied	9963500	9963600	787	277	0.3519695044472681
ont_early	supplied	9963600	9963700	784	179	0.22831632653061223
ont_early	supplied	9963700	9963800	790	200	0.25316455696202533
ont_early	supplied	9963800	9963900	791	240	0.3034134007585335
ont_early	supplied	9963900	9964000	790	298	0.37721518987341773
ont_early	supplied	9964000	9964100	800	325	0.40625
ont_early	supplied	9964100	9964200	805	416	0.5167701863354037
ont_early	supplied	9964200	9964300	806	392	0.48635235732009924
ont_early	supplied	9964300	9964400	801	283	0.3533083645443196
ont_early	supplied	9964400	9964500	804	327	0.40671641791044777
ont_early	supplied	9964500	9964600	804	348	0.43283582089552236
ont_early	supplied	9964600	9964700	804	381	0.47388059701492535
ont_early	supplied	9964700	9964800	800	423	0.52875
ont_early	supplied	9964800	9964900	800	409	0.51125
ont_early	supplied	9964900	9965000	797	298	0.3739021329987453
ont_early	supplied	9965000	9965100	814	508	0.6240786240786241
ont_early	supplied	9965100	9965200	809	410	0.5067985166872683
ont_early	supplied	9965200	9965300	812	117	0.1440886699507389
ont_early	supplied	9965300	9965400	817	140	0.17135862913096694
ont_early	supplied	9965400	9965500	814	246	0.3022113022113022
ont_early	supplied	9965500	9965600	821	236	0.2874543239951279
ont_early	supplied	9965600	9965700	819	189	0.23076923076923078
ont_early	supplied	9965700	9965800	824	173	0.2099514563106796
ont_early	supplied	9965800	9965900	824	166	0.20145631067961164
ont_early	supplied	9965900	9966000	830	211	0.25421686746987954
ont_early	supplied	9966000	9966100	827	200	0.2418379685610641
ont_early	supplied	9966100	9966200	824	178	0.21601941747572814
ont_early	supplied	9966200	9966300	822	178	0.21654501216545013
ont_early	supplied	9966300	9966400	835	319	0.38203592814371257
ont_early	supplied	9966400	9966500	831	319	0.3838748495788207
ont_early	supplied	9966500	9966600	826	237	0.28692493946731235
ont_early	supplied	9966600	9966700	829	270	0.32569360675512665
ont_early	supplied	9966700	9966800	823	276	0.3353584447144593
ont_early	supplied	9966800	9966900	824	261	0.316747572815534
ont_early	supplied	9966900	9967000	828	215	0.25966183574879226
ont_early	supplied	9967000	9967100	827	216	0.26118500604594924
ont_early	supplied	9967100	9967200	824	232	0.2815533980582524
ont_early	supplied	9967200	9967300	822	362	0.44038929440389296
ont_early	supplied	9967300	9967400	828	487	0.5881642512077294
ont_early	supplied	9967400	9967500	832	486	0.5841346153846154
ont_early	supplied	9967500	9967600	832	490	0.5889423076923077
ont_early	supplied	9967600	9967700	832	428	0.5144230769230769
ont_early	supplied	9967700	9967800	834	370	0.44364508393285373
ont_early	supplied	9967800	9967900	829	314	0.37876960193003617
ont_early	supplied	9967900	9968000	824	370	0.44902912621359226
ont_early	supplied	9968000	9968100	822	438	0.5328467153284672
ont_early	supplied	9968100	9968200	824	401	0.4866504854368932
ont_early	supplied	9968200	9968300	820	296	0.36097560975609755
ont_early	supplied	9968300	9968400	814	198	0.24324324324324326
ont_early	supplied	9968400	9968500	817	234	0.2864137086903305
ont_early	supplied	9968500	9968600	814	338	0.4152334152334152
ont_early	supplied	9968600	9968700	811	330	0.406905055487053
ont_early	supplied	9968700	9968800	814	159	0.19533169533169534
ont_early	supplied	9968800	9968900	810	159	0.1962962962962963
ont_early	supplied	9968900	9969000	811	443	0.5462392108508015
ont_early	supplied	9969000	9969100	815	605	0.7423312883435583
ont_early	supplied	9969100	9969200	794	538	0.6775818639798489
ont_early	supplied	9969200	9969300	793	464	0.5851197982345523
ont_early	supplied	9969300	9969400	787	421	0.5349428208386277
ont_early	supplied	9969400	9969500	781	408	0.5224071702944942
ont_early	supplied	9969500	9969600	783	391	0.49936143039591313
ont_early	supplied	9969600	9969700	782	370	0.4731457800511509
ont_early	supplied	9969700	9969800	792	321	0.4053030303030303
ont_early	supplied	9969800	9969900	789	246	0.311787072243346
ont_early	supplied	9969900	9970000	787	293	0.37229987293519695
ont_early	supplied	9970000	9970100	792	348	0.4393939393939394
ont_early	supplied	9970100	9970200	787	333	0.42312579415501905
ont_early	supplied	9970200	9970300	786	297	0.37786259541984735
ont_early	supplied	9970300	9970400	788	289	0.366751269035533
ont_early	supplied	9970400	9970500	787	288	0.36594663278271916
ont_early	supplied	9970500	9970600	780	267	0.3423076923076923
ont_early	supplied	9970600	9970700	779	210	0.26957637997432604
ont_early	supplied	9970700	9970800	784	238	0.30357142857142855
ont_early	supplied	9970800	9970900	783	251	0.3205619412515964
ont_early	supplied	9970900	9971000	790	259	0.3278481012658228
ont_early	supplied	9971000	9971100	790	363	0.45949367088607596
ont_early	supplied	9971100	9971200	789	363	0.4600760456273764
ont_early	supplied	9971200	9971300	784	288	0.3673469387755102
ont_early	supplied	9971300	9971400	782	380	0.4859335038363171
ont_early	supplied	9971400	9971500	782	368	0.47058823529411764
ont_early	supplied	9971500	9971600	783	387	0.4942528735632184
ont_early	supplied	9971600	9971700	782	347	0.4437340153452685
ont_early	supplied	9971700	9971800	784	361	0.4604591836734694
ont_early	supplied	9971800	9971900	782	389	0.49744245524296676
ont_early	supplied	9971900	9972000	782	380	0.4859335038363171
ont_early	supplied	9972000	9972100	785	375	0.47770700636942676
ont_early	supplied	9972100	9972200	786	405	0.5152671755725191
ont_early	supplied	9972200	9972300	793	430	0.5422446406052963
ont_early	supplied	9972300	9972400	798	432	0.5413533834586466
ont_early	supplied	9972400	9972500	800	352	0.44
ont_early	supplied	9972500	9972600	800	314	0.3925
ont_early	supplied	9972600	9972700	798	277	0.34711779448621555
ont_early	supplied	9972700	9972800	802	504	0.628428927680798
ont_early	supplied	9972800	9972900	815	634	0.7779141104294478
ont_early	supplied	9972900	9973000	803	534	0.6650062266500623
ont_early	supplied	9973000	9973100	806	279	0.34615384615384615
ont_early	supplied	9973100	9973200	795	167	0.21006289308176102
ont_early	supplied	9973200	9973300	804	273	0.33955223880597013
ont_early	supplied	9973300	9973400	807	409	0.506815365551425
ont_early	supplied	9973400	9973500	818	467	0.5709046454767727
ont_early	supplied	9973500	9973600	821	431	0.5249695493300852
ont_early	supplied	9973600	9973700	818	373	0.4559902200488998
ont_early	supplied	9973700	9973800	817	454	0.5556915544675642
ont_early	supplied	9973800	9973900	820	435	0.5304878048780488
ont_early	supplied	9973900	9974000	822	476	0.5790754257907542
ont_early	supplied	9974000	9974100	832	491	0.5901442307692307
ont_early	supplied	9974100	9974200	833	473	0.5678271308523409
ont_early	supplied	9974200	9974300	833	493	0.5918367346938775
ont_early	supplied	9974300	9974400	832	452	0.5432692307692307
ont_early	supplied	9974400	9974500	829	396	0.4776839565741858
ont_early	supplied	9974500	9974600	837	367	0.43847072879330945
ont_early	supplied	9974600	9974700	840	263	0.3130952380952381
ont_early	supplied	9974700	9974800	837	156	0.1863799283154122
ont_early	supplied	9974800	9974900	845	188	0.22248520710059172
ont_early	supplied	9974900	9975000	847	265	0.31286894923258557
ont_early	supplied	9975000	9975100	843	370	0.4389086595492289
ont_early	supplied	9975100	9975200	847	373	0.44037780401416765
ont_early	supplied	9975200	9975300	856	433	0.5058411214953271
ont_early	supplied	9975300	9975400	854	473	0.5538641686182669
ont_early	supplied	9975400	9975500	846	424	0.5011820330969267
ont_early	supplied	9975500	9975600	848	404	0.47641509433962265
ont_early	supplied	9975600	9975700	855	428	0.5005847953216375
ont_early	supplied	9975700	9975800	850	424	0.4988235294117647
ont_early	supplied	9975800	9975900	845	355	0.42011834319526625
ont_early	supplied	9975900	9976000	846	396	0.46808510638297873
ont_early	supplied	9976000	9976100	851	406	0.4770857814336075
ont_early	supplied	9976100	9976200	848	317	0.3738207547169811
ont_early	supplied	9976200	9976300	851	320	0.37602820211515864
ont_early	supplied	9976300	9976400	852	365	0.4284037558685446
ont_early	supplied	9976400	9976500	837	287	0.3428912783751493
ont_early	supplied	9976500	9976600	840	152	0.18095238095238095
ont_early	supplied	9976600	9976700	841	140	0.16646848989298454
ont_early	supplied	9976700	9976800	841	185	0.21997621878715815
ont_early	supplied	9976800	9976900	844	262	0.3104265402843602
ont_early	supplied	9976900	9977000	838	308	0.36754176610978523
ont_early	supplied	9977000	9977100	836	411	0.4916267942583732
ont_early	supplied	9977100	9977200	841	502	0.5969084423305588
ont_early	supplied	9977200	9977300	850	490	0.5764705882352941
ont_early	supplied	9977300	9977400	857	515	0.6009334889148191
ont_early	supplied	9977400	9977500	861	584	0.6782810685249709
ont_early	supplied	9977500	9977600	869	588	0.6766398158803222
ont_early	supplied	9977600	9977700	872	552	0.6330275229357798
ont_early	supplied	9977700	9977800	877	515	0.5872291904218928
ont_early	supplied	9977800	9977900	879	474	0.5392491467576792
ont_early	supplied	9977900	9978000	875	394	0.4502857142857143
ont_early	supplied	9978000	9978100	879	437	0.49715585893060293
ont_early	supplied	9978100	9978200	880	380	0.4318181818181818
ont_early	supplied	9978200	9978300	890	412	0.46292134831460674
ont_early	supplied	9978300	9978400	893	417	0.4669652855543113
ont_early	supplied	9978400	9978500	894	329	0.3680089485458613
ont_early	supplied	9978500	9978600	891	291	0.3265993265993266
ont_early	supplied	9978600	9978700	891	305	0.34231200897867564
ont_early	supplied	9978700	9978800	887	280	0.3156708004509583
ont_early	supplied	9978800	9978900	888	367	0.4132882882882883
ont_early	supplied	9978900	9979000	889	488	0.5489313835770528
ont_early	supplied	9979000	9979100	894	542	0.6062639821029083
ont_early	supplied	9979100	9979200	894	727	0.8131991051454138
ont_early	supplied	9979200	9979300	900	744	0.8266666666666667
ont_early	supplied	9979300	9979400	904	615	0.6803097345132744
ont_early	supplied	9979400	9979500	907	518	0.5711135611907387
ont_early	supplied	9979500	9979600	903	426	0.4717607973421927
ont_early	supplied	9979600	9979700	904	467	0.5165929203539823
ont_early	supplied	9979700	9979800	900	479	0.5322222222222223
ont_early	supplied	9979800	9979900	903	479	0.530454042081949
ont_early	supplied	9979900	9980000	901	508	0.5638179800221975
ont_early	supplied	9980000	9980100	903	492	0.5448504983388704
ont_early	supplied	9980100	9980200	904	465	0.5143805309734514
ont_early	supplied	9980200	9980300	898	464	0.5167037861915368
ont_early	supplied	9980300	9980400	904	492	0.5442477876106194
ont_early	supplied	9980400	9980500	904	473	0.5232300884955752
ont_early	supplied	9980500	9980600	907	464	0.5115766262403528
ont_early	supplied	9980600	9980700	918	345	0.3758169934640523
ont_early	supplied	9980700	9980800	915	299	0.326775956284153
ont_early	supplied	9980800	9980900	919	450	0.4896626768226333
ont_early	supplied	9980900	9981000	918	588	0.6405228758169934
ont_early	supplied	9981000	9981100	924	575	0.6222943722943723
ont_early	supplied	9981100	9981200	919	505	0.5495103373231773
ont_early	supplied	9981200	9981300	918	416	0.4531590413943355
ont_early	supplied	9981300	9981400	925	376	0.4064864864864865
ont_early	supplied	9981400	9981500	924	339	0.36688311688311687
ont_early	supplied	9981500	9981600	922	299	0.324295010845987
ont_early	supplied	9981600	9981700	921	361	0.3919652551574376
ont_early	supplied	9981700	9981800	922	334	0.36225596529284165
ont_early	supplied	9981800	9981900	922	305	0.33080260303687636
ont_early	supplied	9981900	9982000	924	257	0.27813852813852813
ont_early	supplied	9982000	9982100	929	282	0.30355220667384286
ont_early	supplied	9982100	9982200	933	310	0.3322615219721329
ont_early	supplied	9982200	9982300	936	280	0.29914529914529914
ont_early	supplied	9982300	9982400	941	271	0.2879914984059511
ont_early	supplied	9982400	9982500	937	301	0.32123799359658484
ont_early	supplied	9982500	9982600	933	350	0.37513397642015006
ont_early	supplied	9982600	9982700	929	337	0.3627556512378902
ont_early	supplied	9982700	9982800	926	339	0.36609071274298055
ont_early	supplied	9982800	9982900	920	307	0.33369565217391306
ont_early	supplied	9982900	9983000	913	312	0.3417305585980285
ont_early	supplied	9983000	9983100	916	328	0.35807860262008734
ont_early	supplied	9983100	9983200	920	359	0.39021739130434785
ont_early	supplied	9983200	9983300	917	351	0.38276990185387133
ont_early	supplied	9983300	9983400	916	389	0.42467248908296945
ont_early	supplied	9983400	9983500	910	405	0.44505494505494503
ont_early	supplied	9983500	9983600	912	350	0.38377192982456143
ont_early	supplied	9983600	9983700	905	431	0.47624309392265196
ont_early	supplied	9983700	9983800	906	452	0.4988962472406181
ont_early	supplied	9983800	9983900	903	421	0.46622369878183834
ont_early	supplied	9983900	9984000	901	345	0.38290788013318533
ont_early	supplied	9984000	9984100	898	333	0.37082405345211583
ont_early	supplied	9984100	9984200	892	367	0.41143497757847536
ont_early	supplied	9984200	9984300	895	302	0.33743016759776534
ont_early	supplied	9984300	9984400	894	320	0.3579418344519016
ont_early	supplied	9984400	9984500	891	295	0.33108866442199775
ont_early	supplied	9984500	9984600	890	225	0.25280898876404495
ont_early	supplied	9984600	9984700	893	292	0.3269876819708847
ont_early	supplied	9984700	9984800	896	345	0.38504464285714285
ont_early	supplied	9984800	9984900	900	465	0.5166666666666667
ont_early	supplied	9984900	9985000	892	503	0.5639013452914798
ont_early	supplied	9985000	9985100	890	436	0.4898876404494382
ont_early	supplied	9985100	9985200	884	391	0.4423076923076923
ont_early	supplied	9985200	9985300	884	330	0.3733031674208145
ont_early	supplied	9985300	9985400	881	278	0.3155505107832009
ont_early	supplied	9985400	9985500	879	316	0.3594994311717861
ont_early	supplied	9985500	9985600	879	365	0.4152445961319681
ont_early	supplied	9985600	9985700	873	394	0.4513172966781214
ont_early	supplied	9985700	9985800	872	341	0.39105504587155965
ont_early	supplied	9985800	9985900	868	333	0.3836405529953917
ont_early	supplied	9985900	9986000	863	337	0.3904982618771727
ont_early	supplied	9986000	9986100	860	375	0.436046511627907
ont_early	supplied	9986100	9986200	860	438	0.5093023255813953
ont_early	supplied	9986200	9986300	850	445	0.5235294117647059
ont_early	supplied	9986300	9986400	846	438	0.5177304964539007
ont_early	supplied	9986400	9986500	855	393	0.45964912280701753
ont_early	supplied	9986500	9986600	831	281	0.3381468110709988
ont_early	supplied	9986600	9986700	828	304	0.3671497584541063
ont_early	supplied	9986700	9986800	818	350	0.4278728606356968
ont_early	supplied	9986800	9986900	817	316	0.386780905752754
ont_early	supplied	9986900	9987000	816	332	0.4068627450980392
ont_early	supplied	9987000	9987100	812	368	0.45320197044334976
ont_early	supplied	9987100	9987200	806	360	0.4466501240694789
ont_early	supplied	9987200	9987300	804	341	0.42412935323383083
ont_early	supplied	9987300	9987400	813	301	0.37023370233702335
ont_early	supplied	9987400	9987500	802	280	0.3491271820448878
ont_early	supplied	9987500	9987600	802	301	0.37531172069825436
ont_early	supplied	9987600	9987700	800	345	0.43125
ont_early	supplied	9987700	9987800	796	352	0.44221105527638194
ont_early	supplied	9987800	9987900	797	242	0.30363864491844417
ont_early	supplied	9987900	9988000	798	161	0.20175438596491227
ont_early	supplied	9988000	9988100	796	164	0.20603015075376885
ont_early	supplied	9988100	9988200	795	219	0.27547169811320754
ont_early	supplied	9988200	9988300	789	278	0.3523447401774398
ont_early	supplied	9988300	9988400	784	368	0.46938775510204084
ont_early	supplied	9988400	9988500	780	388	0.49743589743589745
ont_early	supplied	9988500	9988600	763	359	0.4705111402359109
ont_early	supplied	9988600	9988700	767	313	0.40808344198174706
ont_early	supplied	9988700	9988800	765	371	0.4849673202614379
ont_early	supplied	9988800	9988900	773	457	0.5912031047865459
ont_early	supplied	9988900	9989000	765	519	0.6784313725490196
ont_early	supplied	9989000	9989100	761	555	0.7293035479632063
ont_early	supplied	9989100	9989200	752	513	0.6821808510638298
ont_early	supplied	9989200	9989300	749	408	0.5447263017356475
ont_early	supplied	9989300	9989400	748	274	0.3663101604278075
ont_early	supplied	9989400	9989500	743	285	0.3835800807537012
ont_early	supplied	9989500	9989600	745	400	0.5369127516778524
ont_early	supplied	9989600	9989700	747	402	0.5381526104417671
ont_early	supplied	9989700	9989800	750	226	0.30133333333333334
ont_early	supplied	9989800	9989900	734	164	0.22343324250681199
ont_early	supplied	9989900	9990000	730	158	0.21643835616438356
ont_early	supplied	9990000	9990100	733	167	0.22783083219645292
ont_early	supplied	9990100	9990200	739	219	0.2963464140730717
ont_early	supplied	9990200	9990300	741	205	0.2766531713900135
ont_early	supplied	9990300	9990400	746	262	0.3512064343163539
ont_early	supplied	9990400	9990500	744	363	0.4879032258064516
ont_early	supplied	9990500	9990600	746	383	0.5134048257372654
ont_early	supplied	9990600	9990700	743	347	0.4670255720053836
ont_early	supplied	9990700	9990800	739	385	0.5209742895805142
ont_early	supplied	9990800	9990900	746	402	0.5388739946380697
ont_early	supplied	9990900	9991000	742	376	0.5067385444743935
ont_early	supplied	9991000	9991100	740	370	0.5
ont_early	supplied	9991100	9991200	739	341	0.4614343707713126
ont_early	supplied	9991200	9991300	732	338	0.46174863387978143
ont_early	supplied	9991300	9991400	727	341	0.469050894085282
ont_early	supplied	9991400	9991500	729	307	0.42112482853223593
ont_early	supplied	9991500	9991600	739	302	0.40866035182679294
ont_early	supplied	9991600	9991700	738	330	0.44715447154471544
ont_early	supplied	9991700	9991800	741	307	0.4143049932523617
ont_early	supplied	9991800	9991900	741	322	0.43454790823211875
ont_early	supplied	9991900	9992000	750	355	0.47333333333333333
ont_early	supplied	9992000	9992100	747	360	0.4819277108433735
ont_early	supplied	9992100	9992200	739	401	0.5426251691474966
ont_early	supplied	9992200	9992300	732	379	0.51775956284153
ont_early	supplied	9992300	9992400	725	325	0.4482758620689655
ont_early	supplied	9992400	9992500	727	360	0.4951856946354883
ont_early	supplied	9992500	9992600	730	347	0.47534246575342465
ont_early	supplied	9992600	9992700	732	313	0.4275956284153005
ont_early	supplied	9992700	9992800	724	276	0.3812154696132597
ont_early	supplied	9992800	9992900	722	304	0.42105263157894735
ont_early	supplied	9992900	9993000	726	272	0.3746556473829201
ont_early	supplied	9993000	9993100	725	240	0.3310344827586207
ont_early	supplied	9993100	9993200	726	234	0.32231404958677684
ont_early	supplied	9993200	9993300	728	311	0.4271978021978022
ont_early	supplied	9993300	9993400	728	308	0.4230769230769231
ont_early	supplied	9993400	9993500	726	195	0.26859504132231404
ont_early	supplied	9993500	9993600	718	113	0.1573816155988858
ont_early	supplied	9993600	9993700	719	156	0.21696801112656466
ont_early	supplied	9993700	9993800	722	226	0.31301939058171746
ont_early	supplied	9993800	9993900	719	210	0.29207232267037553
ont_early	supplied	9993900	9994000	718	136	0.1894150417827298
ont_early	supplied	9994000	9994100	719	113	0.1571627260083449
ont_early	supplied	9994100	9994200	724	135	0.18646408839779005
ont_early	supplied	9994200	9994300	725	115	0.15862068965517243
ont_early	supplied	9994300	9994400	724	121	0.1671270718232044
ont_early	supplied	9994400	9994500	722	150	0.2077562326869806
ont_early	supplied	9994500	9994600	723	186	0.2572614107883817
ont_early	supplied	9994600	9994700	720	187	0.25972222222222224
ont_early	supplied	9994700	9994800	719	122	0.16968011126564672
ont_early	supplied	9994800	9994900	716	159	0.22206703910614525
ont_early	supplied	9994900	9995000	714	157	0.21988795518207283
ont_early	supplied	9995000	9995100	712	155	0.21769662921348315
ont_early	supplied	9995100	9995200	712	161	0.22612359550561797
ont_early	supplied	9995200	9995300	710	219	0.3084507042253521
ont_early	supplied	9995300	9995400	709	268	0.37799717912552894
ont_early	supplied	9995400	9995500	701	249	0.35520684736091296
ont_early	supplied	9995500	9995600	701	239	0.340941512125535
ont_early	supplied	9995600	9995700	703	249	0.3541963015647226
ont_early	supplied	9995700	9995800	710	227	0.31971830985915495
ont_early	supplied	9995800	9995900	709	185	0.2609308885754584
ont_early	supplied	9995900	9996000	710	130	0.18309859154929578
ont_early	supplied	9996000	9996100	708	177	0.25
ont_early	supplied	9996100	9996200	705	156	0.22127659574468084
ont_early	supplied	9996200	9996300	701	176	0.25106990014265335
ont_early	supplied	9996300	9996400	697	326	0.46771879483500717
ont_early	supplied	9996400	9996500	695	313	0.4503597122302158
ont_early	supplied	9996500	9996600	698	285	0.40830945558739257
ont_early	supplied	9996600	9996700	694	237	0.3414985590778098
ont_early	supplied	9996700	9996800	691	222	0.32127351664254705
ont_early	supplied	9996800	9996900	684	217	0.3172514619883041
ont_early	supplied	9996900	9997000	678	219	0.3230088495575221
ont_early	supplied	9997000	9997100	675	197	0.29185185185185186
ont_early	supplied	9997100	9997200	680	265	0.3897058823529412
ont_early	supplied	9997200	9997300	670	208	0.31044776119402984
ont_early	supplied	9997300	9997400	664	165	0.24849397590361447
ont_early	supplied	9997400	9997500	662	234	0.35347432024169184
ont_early	supplied	9997500	9997600	659	297	0.45068285280728376
ont_early	supplied	9997600	9997700	663	316	0.4766214177978884
ont_early	supplied	9997700	9997800	660	348	0.5272727272727272
ont_early	supplied	9997800	9997900	659	320	0.48558421851289835
ont_early	supplied	9997900	9998000	659	220	0.3338391502276176
ont_early	supplied	9998000	9998100	659	110	0.1669195751138088
ont_early	supplied	9998100	9998200	657	139	0.2115677321156773
ont_early	supplied	9998200	9998300	661	245	0.37065052950075644
ont_early	supplied	9998300	9998400	656	269	0.4100609756097561
ont_early	supplied	9998400	9998500	658	290	0.44072948328267475
ont_early	supplied	9998500	9998600	659	269	0.40819423368740515
ont_early	supplied	9998600	9998700	664	220	0.3313253012048193
ont_early	supplied	9998700	9998800	664	237	0.3569277108433735
ont_early	supplied	9998800	9998900	672	219	0.32589285714285715
ont_early	supplied	9998900	9999000	671	185	0.2757078986587183
ont_early	supplied	9999000	9999100	673	161	0.23922734026745915
ont_early	supplied	9999100	9999200	669	166	0.24813153961136025
ont_early	supplied	9999200	9999300	670	157	0.23432835820895523
ont_early	supplied	9999300	9999400	666	178	0.2672672672672673
ont_early	supplied	9999400	9999500	668	215	0.3218562874251497
ont_early	supplied	9999500	9999600	665	240	0.3609022556390977
ont_early	supplied	9999600	9999700	667	230	0.3448275862068966
ont_early	supplied	9999700	9999800	672	276	0.4107142857142857
ont_early	supplied	9999800	9999900	668	315	0.47155688622754494
ont_early	supplied	9999900	10000000	666	254	0.3813813813813814
ont_early	supplied	10000000	10000100	670	246	0.36716417910447763
ont_early	supplied	10000100	10000200	667	254	0.3808095952023988
ont_early	supplied	10000200	10000300	669	176	0.26307922272047835
ont_early	supplied	10000300	10000400	668	116	0.17365269461077845
ont_early	supplied	10000400	10000500	668	167	0.25
ont_early	supplied	10000500	10000600	665	218	0.32781954887218046
ont_early	supplied	10000600	10000700	668	215	0.3218562874251497
ont_early	supplied	10000700	10000800	663	226	0.34087481146304677
ont_early	supplied	10000800	10000900	658	179	0.27203647416413373
ont_early	supplied	10000900	10001000	658	157	0.23860182370820668
ont_early	supplied	10001000	10001100	657	195	0.2968036529680365
ont_early	supplied	10001100	10001200	660	210	0.3181818181818182
ont_early	supplied	10001200	10001300	659	226	0.34294385432473445
ont_early	supplied	10001300	10001400	657	239	0.3637747336377473
ont_early	supplied	10001400	10001500	660	231	0.35
ont_early	supplied	10001500	10001600	660	244	0.3696969696969697
ont_early	supplied	10001600	10001700	664	190	0.286144578313253
ont_early	supplied	10001700	10001800	664	149	0.22439759036144577
ont_early	supplied	10001800	10001900	663	167	0.25188536953242835
ont_early	supplied	10001900	10002000	666	158	0.23723723723723725
ont_early	supplied	10002000	10002100	665	151	0.22706766917293233
ont_early	supplied	10002100	10002200	666	197	0.2957957957957958
ont_early	supplied	10002200	10002300	668	215	0.3218562874251497
ont_early	supplied	10002300	10002400	670	236	0.3522388059701492
ont_early	supplied	10002400	10002500	673	275	0.4086181277860327
ont_early	supplied	10002500	10002600	672	323	0.4806547619047619
ont_early	supplied	10002600	10002700	666	319	0.47897897897897895
ont_early	supplied	10002700	10002800	666	259	0.3888888888888889
ont_early	supplied	10002800	10002900	666	181	0.27177177177177175
ont_early	supplied	10002900	10003000	673	178	0.26448736998514116
ont_early	supplied	10003000	10003100	671	233	0.3472429210134128
ont_early	supplied	10003100	10003200	674	285	0.4228486646884273
ont_early	supplied	10003200	10003300	678	296	0.4365781710914454
ont_early	supplied	10003300	10003400	683	308	0.45095168374816985
ont_early	supplied	10003400	10003500	680	244	0.3588235294117647
ont_early	supplied	10003500	10003600	674	232	0.34421364985163205
ont_early	supplied	10003600	10003700	676	242	0.35798816568047337
ont_early	supplied	10003700	10003800	678	265	0.39085545722713866
ont_early	supplied	10003800	10003900	681	240	0.3524229074889868
ont_early	supplied	10003900	10004000	681	158	0.23201174743024963
ont_early	supplied	10004000	10004100	679	109	0.16053019145802652
ont_early	supplied	10004100	10004200	673	177	0.26300148588410105
ont_early	supplied	10004200	10004300	668	231	0.3458083832335329
ont_early	supplied	10004300	10004400	666	275	0.41291291291291293
ont_early	supplied	10004400	10004500	660	242	0.36666666666666664
ont_early	supplied	10004500	10004600	657	200	0.30441400304414
ont_early	supplied	10004600	10004700	656	191	0.29115853658536583
ont_early	supplied	10004700	10004800	653	201	0.30781010719754975
ont_early	supplied	10004800	10004900	651	228	0.35023041474654376
ont_early	supplied	10004900	10005000	647	190	0.2936630602782071
ont_early	supplied	10005000	10005100	648	175	0.2700617283950617
ont_early	supplied	10005100	10005200	646	254	0.3931888544891641
ont_early	supplied	10005200	10005300	645	254	0.3937984496124031
ont_early	supplied	10005300	10005400	639	249	0.38967136150234744
ont_early	supplied	10005400	10005500	631	173	0.27416798732171155
ont_early	supplied	10005500	10005600	626	120	0.19169329073482427
ont_early	supplied	10005600	10005700	623	102	0.1637239165329053
ont_early	supplied	10005700	10005800	623	193	0.3097913322632424
ont_early	supplied	10005800	10005900	616	245	0.3977272727272727
ont_early	supplied	10005900	10006000	616	183	0.29707792207792205
ont_early	supplied_nuc_complement	9954000	9954100	712	219	0.30758426966292135
ont_early	supplied_nuc_complement	9954100	9954200	716	200	0.27932960893854747
ont_early	supplied_nuc_complement	9954200	9954300	710	169	0.2380281690140845
ont_early	supplied_nuc_complement	9954300	9954400	711	189	0.26582278481012656
ont_early	supplied_nuc_complement	9954400	9954500	707	183	0.25884016973125884
ont_early	supplied_nuc_complement	9954500	9954600	713	294	0.4123422159887798
ont_early	supplied_nuc_complement	9954600	9954700	711	337	0.4739803094233474
ont_early	supplied_nuc_complement	9954700	9954800	707	251	0.355021216407355
ont_early	supplied_nuc_complement	9954800	9954900	706	219	0.3101983002832861
ont_early	supplied_nuc_complement	9954900	9955000	702	222	0.3162393162393162
ont_early	supplied_nuc_complement	9955000	9955100	704	259	0.3678977272727273
ont_early	supplied_nuc_complement	9955100	9955200	705	279	0.39574468085106385
ont_early	supplied_nuc_complement	9955200	9955300	703	410	0.5832147937411095
ont_early	supplied_nuc_complement	9955300	9955400	705	427	0.6056737588652482
ont_early	supplied_nuc_complement	9955400	9955500	693	287	0.41414141414141414
ont_early	supplied_nuc_complement	9955500	9955600	699	269	0.38483547925608014
ont_early	supplied_nuc_complement	9955600	9955700	709	330	0.46544428772919605
ont_early	supplied_nuc_complement	9955700	9955800	716	326	0.4553072625698324
ont_early	supplied_nuc_complement	9955800	9955900	713	317	0.44460028050490885
ont_early	supplied_nuc_complement	9955900	9956000	721	306	0.42441054091539526
ont_early	supplied_nuc_complement	9956000	9956100	724	279	0.38535911602209943
ont_early	supplied_nuc_complement	9956100	9956200	721	213	0.29542302357836336
ont_early	supplied_nuc_complement	9956200	9956300	725	223	0.30758620689655175
ont_early	supplied_nuc_complement	9956300	9956400	729	358	0.49108367626886146
ont_early	supplied_nuc_complement	9956400	9956500	734	367	0.5
ont_early	supplied_nuc_complement	9956500	9956600	738	283	0.38346883468834686
ont_early	supplied_nuc_complement	9956600	9956700	741	272	0.36707152496626183
ont_early	supplied_nuc_complement	9956700	9956800	742	245	0.330188679245283
ont_early	supplied_nuc_complement	9956800	9956900	742	190	0.2560646900269542
ont_early	supplied_nuc_complement	9956900	9957000	739	224	0.30311231393775373
ont_early	supplied_nuc_complement	9957000	9957100	743	220	0.2960969044414536
ont_early	supplied_nuc_complement	9957100	9957200	743	262	0.35262449528936746
ont_early	supplied_nuc_complement	9957200	9957300	740	231	0.31216216216216214
ont_early	supplied_nuc_complement	9957300	9957400	741	174	0.23481781376518218
ont_early	supplied_nuc_complement	9957400	9957500	738	234	0.3170731707317073
ont_early	supplied_nuc_complement	9957500	9957600	737	282	0.38263229308005425
ont_early	supplied_nuc_complement	9957600	9957700	735	259	0.3523809523809524
ont_early	supplied_nuc_complement	9957700	9957800	731	212	0.29001367989056087
ont_early	supplied_nuc_complement	9957800	9957900	730	197	0.26986301369863014
ont_early	supplied_nuc_complement	9957900	9958000	732	235	0.32103825136612024
ont_early	supplied_nuc_complement	9958000	9958100	733	302	0.4120054570259209
ont_early	supplied_nuc_complement	9958100	9958200	736	355	0.48233695652173914
ont_early	supplied_nuc_complement	9958200	9958300	748	348	0.46524064171123
ont_early	supplied_nuc_complement	9958300	9958400	751	322	0.42876165113182424
ont_early	supplied_nuc_complement	9958400	9958500	746	320	0.4289544235924933
ont_early	supplied_nuc_complement	9958500	9958600	754	382	0.506631299734748
ont_early	supplied_nuc_complement	9958600	9958700	755	362	0.4794701986754967
ont_early	supplied_nuc_complement	9958700	9958800	756	442	0.5846560846560847
ont_early	supplied_nuc_complement	9958800	9958900	764	529	0.6924083769633508
ont_early	supplied_nuc_complement	9958900	9959000	763	445	0.583224115334207
ont_early	supplied_nuc_complement	9959000	9959100	765	184	0.24052287581699347
ont_early	supplied_nuc_complement	9959100	9959200	768	203	0.2643229166666667
ont_early	supplied_nuc_complement	9959200	9959300	769	263	0.3420026007802341
ont_early	supplied_nuc_complement	9959300	9959400	772	249	0.3225388601036269
ont_early	supplied_nuc_complement	9959400	9959500	770	302	0.3922077922077922
ont_early	supplied_nuc_complement	9959500	9959600	770	362	0.4701298701298701
ont_early	supplied_nuc_complement	9959600	9959700	762	328	0.4304461942257218
ont_early	supplied_nuc_complement	9959700	9959800	771	432	0.5603112840466926
ont_early	supplied_nuc_complement	9959800	9959900	758	379	0.5
ont_early	supplied_nuc_complement	9959900	9960000	754	411	0.5450928381962865
ont_early	supplied_nuc_complement	9960000	9960100	765	501	0.6549019607843137
ont_early	supplied_nuc_complement	9960100	9960200	748	445	0.5949197860962567
ont_early	supplied_nuc_complement	9960200	9960300	760	470	0.618421052631579
ont_early	supplied_nuc_complement	9960300	9960400	774	486	0.627906976744186
ont_early	supplied_nuc_complement	9960400	9960500	775	461	0.5948387096774194
ont_early	supplied_nuc_complement	9960500	9960600	767	371	0.48370273794002605
ont_early	supplied_nuc_complement	9960600	9960700	776	398	0.5128865979381443
ont_early	supplied_nuc_complement	9960700	9960800	772	360	0.46632124352331605
ont_early	supplied_nuc_complement	9960800	9960900	769	358	0.46553966189856955
ont_early	supplied_nuc_complement	9960900	9961000	773	344	0.445019404915912
ont_early	supplied_nuc_complement	9961000	9961100	776	334	0.43041237113402064
ont_early	supplied_nuc_complement	9961100	9961200	781	328	0.4199743918053777
ont_early	supplied_nuc_complement	9961200	9961300	781	304	0.3892445582586428
ont_early	supplied_nuc_complement	9961300	9961400	777	203	0.26126126126126126
ont_early	supplied_nuc_complement	9961400	9961500	774	171	0.22093023255813954
ont_early	supplied_nuc_complement	9961500	9961600	772	292	0.37823834196891193
ont_early	supplied_nuc_complement	9961600	9961700	771	382	0.49546044098573283
ont_early	supplied_nuc_complement	9961700	9961800	777	359	0.462033462033462
ont_early	supplied_nuc_complement	9961800	9961900	773	381	0.49288486416558863
ont_early	supplied_nuc_complement	9961900	9962000	775	435	0.5612903225806452
ont_early	supplied_nuc_complement	9962000	9962100	771	389	0.5045395590142672
ont_early	supplied_nuc_complement	9962100	9962200	771	317	0.41115434500648507
ont_early	supplied_nuc_complement	9962200	9962300	770	365	0.474025974025974
ont_early	supplied_nuc_complement	9962300	9962400	769	382	0.4967490247074122
ont_early	supplied_nuc_complement	9962400	9962500	765	406	0.530718954248366
ont_early	supplied_nuc_complement	9962500	9962600	765	411	0.5372549019607843
ont_early	supplied_nuc_complement	9962600	9962700	763	354	0.4639580602883355
ont_early	supplied_nuc_complement	9962700	9962800	769	340	0.44213263979193757
ont_early	supplied_nuc_complement	9962800	9962900	774	263	0.3397932816537468
ont_early	supplied_nuc_complement	9962900	9963000	775	200	0.25806451612903225
ont_early	supplied_nuc_complement	9963000	9963100	772	212	0.27461139896373055
ont_early	supplied_nuc_complement	9963100	9963200	782	357	0.45652173913043476
ont_early	supplied_nuc_complement	9963200	9963300	779	434	0.5571245186136072
ont_early	supplied_nuc_complement	9963300	9963400	784	443	0.5650510204081632
ont_early	supplied_nuc_complement	9963400	9963500	785	373	0.4751592356687898
ont_early	supplied_nuc_complement	9963500	9963600	787	275	0.34942820838627703
ont_early	supplied_nuc_complement	9963600	9963700	784	177	0.22576530612244897
ont_early	supplied_nuc_complement	9963700	9963800	790	197	0.24936708860759493
ont_early	supplied_nuc_complement	9963800	9963900	791	237	0.2996207332490518
ont_early	supplied_nuc_complement	9963900	9964000	790	296	0.37468354430379747
ont_early	supplied_nuc_complement	9964000	9964100	800	324	0.405
ont_early	supplied_nuc_complement	9964100	9964200	805	415	0.515527950310559
ont_early	supplied_nuc_complement	9964200	9964300	806	391	0.4851116625310174
ont_early	supplied_nuc_complement	9964300	9964400	801	281	0.35081148564294634
ont_early	supplied_nuc_complement	9964400	9964500	804	326	0.4054726368159204
ont_early	supplied_nuc_complement	9964500	9964600	804	348	0.43283582089552236
ont_early	supplied_nuc_complement	9964600	9964700	804	379	0.47139303482587064
ont_early	supplied_nuc_complement	9964700	9964800	800	422	0.5275
ont_early	supplied_nuc_complement	9964800	9964900	800	407	0.50875
ont_early	supplied_nuc_complement	9964900	9965000	797	298	0.3739021329987453
ont_early	supplied_nuc_complement	9965000	9965100	814	506	0.6216216216216216
ont_early	supplied_nuc_complement	9965100	9965200	809	409	0.5055624227441285
ont_early	supplied_nuc_complement	9965200	9965300	812	116	0.14285714285714285
ont_early	supplied_nuc_complement	9965300	9965400	817	139	0.1701346389228886
ont_early	supplied_nuc_complement	9965400	9965500	814	246	0.3022113022113022
ont_early	supplied_nuc_complement	9965500	9965600	821	235	0.2862362971985384
ont_early	supplied_nuc_complement	9965600	9965700	819	188	0.22954822954822954
ont_early	supplied_nuc_complement	9965700	9965800	824	172	0.2087378640776699
ont_early	supplied_nuc_complement	9965800	9965900	824	165	0.20024271844660194
ont_early	supplied_nuc_complement	9965900	9966000	830	210	0.25301204819277107
ont_early	supplied_nuc_complement	9966000	9966100	827	200	0.2418379685610641
ont_early	supplied_nuc_complement	9966100	9966200	824	178	0.21601941747572814
ont_early	supplied_nuc_complement	9966200	9966300	822	177	0.21532846715328466
ont_early	supplied_nuc_complement	9966300	9966400	835	316	0.3784431137724551
ont_early	supplied_nuc_complement	9966400	9966500	831	317	0.381468110709988
ont_early	supplied_nuc_complement	9966500	9966600	826	237	0.28692493946731235
ont_early	supplied_nuc_complement	9966600	9966700	829	269	0.32448733413751507
ont_early	supplied_nuc_complement	9966700	9966800	823	274	0.33292831105710813
ont_early	supplied_nuc_complement	9966800	9966900	824	258	0.3131067961165049
ont_early	supplied_nuc_complement	9966900	9967000	828	214	0.2584541062801932
ont_early	supplied_nuc_complement	9967000	9967100	827	215	0.2599758162031439
ont_early	supplied_nuc_complement	9967100	9967200	824	228	0.2766990291262136
ont_early	supplied_nuc_complement	9967200	9967300	822	361	0.4391727493917275
ont_early	supplied_nuc_complement	9967300	9967400	828	486	0.5869565217391305
ont_early	supplied_nuc_complement	9967400	9967500	832	483	0.5805288461538461
ont_early	supplied_nuc_complement	9967500	9967600	832	489	0.5877403846153846
ont_early	supplied_nuc_complement	9967600	9967700	832	426	0.5120192307692307
ont_early	supplied_nuc_complement	9967700	9967800	834	369	0.44244604316546765
ont_early	supplied_nuc_complement	9967800	9967900	829	313	0.3775633293124246
ont_early	supplied_nuc_complement	9967900	9968000	824	369	0.44781553398058255
ont_early	supplied_nuc_complement	9968000	9968100	822	435	0.5291970802919708
ont_early	supplied_nuc_complement	9968100	9968200	824	397	0.4817961165048544
ont_early	supplied_nuc_complement	9968200	9968300	820	295	0.3597560975609756
ont_early	supplied_nuc_complement	9968300	9968400	814	197	0.24201474201474202
ont_early	supplied_nuc_complement	9968400	9968500	817	234	0.2864137086903305
ont_early	supplied_nuc_complement	9968500	9968600	814	337	0.414004914004914
ont_early	supplied_nuc_complement	9968600	9968700	811	328	0.40443896424167697
ont_early	supplied_nuc_complement	9968700	9968800	814	157	0.1928746928746929
ont_early	supplied_nuc_complement	9968800	9968900	810	158	0.19506172839506172
ont_early	supplied_nuc_complement	9968900	9969000	811	442	0.5450061652281134
ont_early	supplied_nuc_complement	9969000	9969100	815	602	0.7386503067484662
ont_early	supplied_nuc_complement	9969100	9969200	794	536	0.6750629722921915
ont_early	supplied_nuc_complement	9969200	9969300	793	462	0.5825977301387137
ont_early	supplied_nuc_complement	9969300	9969400	787	420	0.5336721728081322
ont_early	supplied_nuc_complement	9969400	9969500	781	407	0.5211267605633803
ont_early	supplied_nuc_complement	9969500	9969600	783	391	0.49936143039591313
ont_early	supplied_nuc_complement	9969600	9969700	782	368	0.47058823529411764
ont_early	supplied_nuc_complement	9969700	9969800	792	318	0.4015151515151515
ont_early	supplied_nuc_complement	9969800	9969900	789	246	0.311787072243346
ont_early	supplied_nuc_complement	9969900	9970000	787	292	0.3710292249047014
ont_early	supplied_nuc_complement	9970000	9970100	792	347	0.43813131313131315
ont_early	supplied_nuc_complement	9970100	9970200	787	331	0.420584498094028
ont_early	supplied_nuc_complement	9970200	9970300	786	294	0.37404580152671757
ont_early	supplied_nuc_complement	9970300	9970400	788	287	0.36421319796954316
ont_early	supplied_nuc_complement	9970400	9970500	787	286	0.3634053367217281
ont_early	supplied_nuc_complement	9970500	9970600	780	267	0.3423076923076923
ont_early	supplied_nuc_complement	9970600	9970700	779	210	0.26957637997432604
ont_early	supplied_nuc_complement	9970700	9970800	784	236	0.3010204081632653
ont_early	supplied_nuc_complement	9970800	9970900	783	250	0.31928480204342274
ont_early	supplied_nuc_complement	9970900	9971000	790	257	0.32531645569620254
ont_early	supplied_nuc_complement	9971000	9971100	790	360	0.45569620253164556
ont_early	supplied_nuc_complement	9971100	9971200	789	362	0.458808618504436
ont_early	supplied_nuc_complement	9971200	9971300	784	287	0.36607142857142855
ont_early	supplied_nuc_complement	9971300	9971400	782	378	0.4833759590792839
ont_early	supplied_nuc_complement	9971400	9971500	782	367	0.46930946291560105
ont_early	supplied_nuc_complement	9971500	9971600	783	386	0.4929757343550447
ont_early	supplied_nuc_complement	9971600	9971700	782	346	0.4424552429667519
ont_early	supplied_nuc_complement	9971700	9971800	784	360	0.45918367346938777
ont_early	supplied_nuc_complement	9971800	9971900	782	387	0.4948849104859335
ont_early	supplied_nuc_complement	9971900	9972000	782	379	0.4846547314578005
ont_early	supplied_nuc_complement	9972000	9972100	785	374	0.4764331210191083
ont_early	supplied_nuc_complement	9972100	9972200	786	404	0.5139949109414759
ont_early	supplied_nuc_complement	9972200	9972300	793	427	0.5384615384615384
ont_early	supplied_nuc_complement	9972300	9972400	798	431	0.5401002506265664
ont_early	supplied_nuc_complement	9972400	9972500	800	350	0.4375
ont_early	supplied_nuc_complement	9972500	9972600	800	313	0.39125
ont_early	supplied_nuc_complement	9972600	9972700	798	276	0.3458646616541353
ont_early	supplied_nuc_complement	9972700	9972800	802	500	0.6234413965087282
ont_early	supplied_nuc_complement	9972800	9972900	815	631	0.7742331288343558
ont_early	supplied_nuc_complement	9972900	9973000	803	534	0.6650062266500623
ont_early	supplied_nuc_complement	9973000	9973100	806	277	0.3436724565756824
ont_early	supplied_nuc_complement	9973100	9973200	795	167	0.21006289308176102
ont_early	supplied_nuc_complement	9973200	9973300	804	273	0.33955223880597013
ont_early	supplied_nuc_complement	9973300	9973400	807	408	0.5055762081784386
ont_early	supplied_nuc_complement	9973400	9973500	818	466	0.5696821515892421
ont_early	supplied_nuc_complement	9973500	9973600	821	431	0.5249695493300852
ont_early	supplied_nuc_complement	9973600	9973700	818	372	0.4547677261613692
ont_early	supplied_nuc_complement	9973700	9973800	817	453	0.554467564259486
ont_early	supplied_nuc_complement	9973800	9973900	820	434	0.5292682926829269
ont_early	supplied_nuc_complement	9973900	9974000	822	474	0.5766423357664233
ont_early	supplied_nuc_complement	9974000	9974100	832	487	0.5853365384615384
ont_early	supplied_nuc_complement	9974100	9974200	833	470	0.5642256902761105
ont_early	supplied_nuc_complement	9974200	9974300	833	492	0.5906362545018007
ont_early	supplied_nuc_complement	9974300	9974400	832	450	0.5408653846153846
ont_early	supplied_nuc_complement	9974400	9974500	829	395	0.4764776839565742
ont_early	supplied_nuc_complement	9974500	9974600	837	365	0.43608124253285546
ont_early	supplied_nuc_complement	9974600	9974700	840	263	0.3130952380952381
ont_early	supplied_nuc_complement	9974700	9974800	837	156	0.1863799283154122
ont_early	supplied_nuc_complement	9974800	9974900	845	186	0.22011834319526627
ont_early	supplied_nuc_complement	9974900	9975000	847	264	0.3116883116883117
ont_early	supplied_nuc_complement	9975000	9975100	843	367	0.43534994068801897
ont_early	supplied_nuc_complement	9975100	9975200	847	371	0.4380165289256198
ont_early	supplied_nuc_complement	9975200	9975300	856	430	0.5023364485981309
ont_early	supplied_nuc_complement	9975300	9975400	854	468	0.5480093676814989
ont_early	supplied_nuc_complement	9975400	9975500	846	424	0.5011820330969267
ont_early	supplied_nuc_complement	9975500	9975600	848	403	0.47523584905660377
ont_early	supplied_nuc_complement	9975600	9975700	855	425	0.49707602339181284
ont_early	supplied_nuc_complement	9975700	9975800	850	419	0.4929411764705882
ont_early	supplied_nuc_complement	9975800	9975900	845	354	0.41893491124260357
ont_early	supplied_nuc_complement	9975900	9976000	846	396	0.46808510638297873
ont_early	supplied_nuc_complement	9976000	9976100	851	406	0.4770857814336075
ont_early	supplied_nuc_complement	9976100	9976200	848	316	0.37264150943396224
ont_early	supplied_nuc_complement	9976200	9976300	851	320	0.37602820211515864
ont_early	supplied_nuc_complement	9976300	9976400	852	365	0.4284037558685446
ont_early	supplied_nuc_complement	9976400	9976500	837	287	0.3428912783751493
ont_early	supplied_nuc_complement	9976500	9976600	840	152	0.18095238095238095
ont_early	supplied_nuc_complement	9976600	9976700	841	140	0.16646848989298454
ont_early	supplied_nuc_complement	9976700	9976800	841	185	0.21997621878715815
ont_early	supplied_nuc_complement	9976800	9976900	844	262	0.3104265402843602
ont_early	supplied_nuc_complement	9976900	9977000	838	308	0.36754176610978523
ont_early	supplied_nuc_complement	9977000	9977100	836	411	0.4916267942583732
ont_early	supplied_nuc_complement	9977100	9977200	841	500	0.5945303210463734
ont_early	supplied_nuc_complement	9977200	9977300	850	488	0.5741176470588235
ont_early	supplied_nuc_complement	9977300	9977400	857	515	0.6009334889148191
ont_early	supplied_nuc_complement	9977400	9977500	861	581	0.6747967479674797
ont_early	supplied_nuc_complement	9977500	9977600	869	585	0.6731875719217492
ont_early	supplied_nuc_complement	9977600	9977700	872	549	0.6295871559633027
ont_early	supplied_nuc_complement	9977700	9977800	877	513	0.5849486887115165
ont_early	supplied_nuc_complement	9977800	9977900	879	472	0.5369738339021616
ont_early	supplied_nuc_complement	9977900	9978000	875	394	0.4502857142857143
ont_early	supplied_nuc_complement	9978000	9978100	879	436	0.4960182025028441
ont_early	supplied_nuc_complement	9978100	9978200	880	379	0.43068181818181817
ont_early	supplied_nuc_complement	9978200	9978300	890	411	0.46179775280898877
ont_early	supplied_nuc_complement	9978300	9978400	893	416	0.4658454647256439
ont_early	supplied_nuc_complement	9978400	9978500	894	328	0.3668903803131991
ont_early	supplied_nuc_complement	9978500	9978600	891	291	0.3265993265993266
ont_early	supplied_nuc_complement	9978600	9978700	891	305	0.34231200897867564
ont_early	supplied_nuc_complement	9978700	9978800	887	279	0.314543404735062
ont_early	supplied_nuc_complement	9978800	9978900	888	367	0.4132882882882883
ont_early	supplied_nuc_complement	9978900	9979000	889	488	0.5489313835770528
ont_early	supplied_nuc_complement	9979000	9979100	894	541	0.6051454138702461
ont_early	supplied_nuc_complement	9979100	9979200	894	725	0.8109619686800895
ont_early	supplied_nuc_complement	9979200	9979300	900	741	0.8233333333333334
ont_early	supplied_nuc_complement	9979300	9979400	904	611	0.6758849557522124
ont_early	supplied_nuc_complement	9979400	9979500	907	516	0.5689084895259096
ont_early	supplied_nuc_complement	9979500	9979600	903	426	0.4717607973421927
ont_early	supplied_nuc_complement	9979600	9979700	904	465	0.5143805309734514
ont_early	supplied_nuc_complement	9979700	9979800	900	477	0.53
ont_early	supplied_nuc_complement	9979800	9979900	903	479	0.530454042081949
ont_early	supplied_nuc_complement	9979900	9980000	901	507	0.562708102108768
ont_early	supplied_nuc_complement	9980000	9980100	903	491	0.5437430786267996
ont_early	supplied_nuc_complement	9980100	9980200	904	464	0.5132743362831859
ont_early	supplied_nuc_complement	9980200	9980300	898	464	0.5167037861915368
ont_early	supplied_nuc_complement	9980300	9980400	904	492	0.5442477876106194
ont_early	supplied_nuc_complement	9980400	9980500	904	473	0.5232300884955752
ont_early	supplied_nuc_complement	9980500	9980600	907	462	0.5093715545755237
ont_early	supplied_nuc_complement	9980600	9980700	918	341	0.37145969498910675
ont_early	supplied_nuc_complement	9980700	9980800	915	298	0.3256830601092896
ont_early	supplied_nuc_complement	9980800	9980900	919	450	0.4896626768226333
ont_early	supplied_nuc_complement	9980900	9981000	918	585	0.6372549019607843
ont_early	supplied_nuc_complement	9981000	9981100	924	575	0.6222943722943723
ont_early	supplied_nuc_complement	9981100	9981200	919	504	0.5484221980413493
ont_early	supplied_nuc_complement	9981200	9981300	918	414	0.45098039215686275
ont_early	supplied_nuc_complement	9981300	9981400	925	373	0.40324324324324323
ont_early	supplied_nuc_complement	9981400	9981500	924	339	0.36688311688311687
ont_early	supplied_nuc_complement	9981500	9981600	922	299	0.324295010845987
ont_early	supplied_nuc_complement	9981600	9981700	921	361	0.3919652551574376
ont_early	supplied_nuc_complement	9981700	9981800	922	334	0.36225596529284165
ont_early	supplied_nuc_complement	9981800	9981900	922	304	0.3297180043383948
ont_early	supplied_nuc_complement	9981900	9982000	924	257	0.27813852813852813
ont_early	supplied_nuc_complement	9982000	9982100	929	282	0.30355220667384286
ont_early	supplied_nuc_complement	9982100	9982200	933	310	0.3322615219721329
ont_early	supplied_nuc_complement	9982200	9982300	936	280	0.29914529914529914
ont_early	supplied_nuc_complement	9982300	9982400	941	271	0.2879914984059511
ont_early	supplied_nuc_complement	9982400	9982500	937	300	0.32017075773745995
ont_early	supplied_nuc_complement	9982500	9982600	933	348	0.3729903536977492
ont_early	supplied_nuc_complement	9982600	9982700	929	336	0.36167922497308935
ont_early	supplied_nuc_complement	9982700	9982800	926	337	0.36393088552915764
ont_early	supplied_nuc_complement	9982800	9982900	920	307	0.33369565217391306
ont_early	supplied_nuc_complement	9982900	9983000	913	312	0.3417305585980285
ont_early	supplied_nuc_complement	9983000	9983100	916	326	0.3558951965065502
ont_early	supplied_nuc_complement	9983100	9983200	920	358	0.38913043478260867
ont_early	supplied_nuc_complement	9983200	9983300	917	350	0.3816793893129771
ont_early	supplied_nuc_complement	9983300	9983400	916	389	0.42467248908296945
ont_early	supplied_nuc_complement	9983400	9983500	910	405	0.44505494505494503
ont_early	supplied_nuc_complement	9983500	9983600	912	349	0.3826754385964912
ont_early	supplied_nuc_complement	9983600	9983700	905	431	0.47624309392265196
ont_early	supplied_nuc_complement	9983700	9983800	906	451	0.4977924944812362
ont_early	supplied_nuc_complement	9983800	9983900	903	421	0.46622369878183834
ont_early	supplied_nuc_complement	9983900	9984000	901	344	0.38179800221975585
ont_early	supplied_nuc_complement	9984000	9984100	898	332	0.36971046770601335
ont_early	supplied_nuc_complement	9984100	9984200	892	366	0.4103139013452915
ont_early	supplied_nuc_complement	9984200	9984300	895	301	0.33631284916201115
ont_early	supplied_nuc_complement	9984300	9984400	894	316	0.3534675615212528
ont_early	supplied_nuc_complement	9984400	9984500	891	294	0.32996632996632996
ont_early	supplied_nuc_complement	9984500	9984600	890	225	0.25280898876404495
ont_early	supplied_nuc_complement	9984600	9984700	893	291	0.3258678611422172
ont_early	supplied_nuc_complement	9984700	9984800	896	344	0.38392857142857145
ont_early	supplied_nuc_complement	9984800	9984900	900	464	0.5155555555555555
ont_early	supplied_nuc_complement	9984900	9985000	892	504	0.5650224215246636
ont_early	supplied_nuc_complement	9985000	9985100	890	435	0.4887640449438202
ont_early	supplied_nuc_complement	9985100	9985200	884	390	0.4411764705882353
ont_early	supplied_nuc_complement	9985200	9985300	884	328	0.37104072398190047
ont_early	supplied_nuc_complement	9985300	9985400	881	276	0.3132803632236095
ont_early	supplied_nuc_complement	9985400	9985500	879	315	0.3583617747440273
ont_early	supplied_nuc_complement	9985500	9985600	879	364	0.4141069397042093
ont_early	supplied_nuc_complement	9985600	9985700	873	394	0.4513172966781214
ont_early	supplied_nuc_complement	9985700	9985800	872	341	0.39105504587155965
ont_early	supplied_nuc_complement	9985800	9985900	868	333	0.3836405529953917
ont_early	supplied_nuc_complement	9985900	9986000	863	337	0.3904982618771727
ont_early	supplied_nuc_complement	9986000	9986100	860	375	0.436046511627907
ont_early	supplied_nuc_complement	9986100	9986200	860	437	0.5081395348837209
ont_early	supplied_nuc_complement	9986200	9986300	850	445	0.5235294117647059
ont_early	supplied_nuc_complement	9986300	9986400	846	435	0.5141843971631206
ont_early	supplied_nuc_complement	9986400	9986500	855	388	0.45380116959064326
ont_early	supplied_nuc_complement	9986500	9986600	831	276	0.33212996389891697
ont_early	supplied_nuc_complement	9986600	9986700	828	303	0.36594202898550726
ont_early	supplied_nuc_complement	9986700	9986800	818	348	0.4254278728606357
ont_early	supplied_nuc_complement	9986800	9986900	817	315	0.38555691554467564
ont_early	supplied_nuc_complement	9986900	9987000	816	331	0.4056372549019608
ont_early	supplied_nuc_complement	9987000	9987100	812	367	0.45197044334975367
ont_early	supplied_nuc_complement	9987100	9987200	806	358	0.4441687344913151
ont_early	supplied_nuc_complement	9987200	9987300	804	340	0.4228855721393035
ont_early	supplied_nuc_complement	9987300	9987400	813	300	0.36900369003690037
ont_early	supplied_nuc_complement	9987400	9987500	802	279	0.3478802992518703
ont_early	supplied_nuc_complement	9987500	9987600	802	299	0.37281795511221943
ont_early	supplied_nuc_complement	9987600	9987700	800	343	0.42875
ont_early	supplied_nuc_complement	9987700	9987800	796	352	0.44221105527638194
ont_early	supplied_nuc_complement	9987800	9987900	797	242	0.30363864491844417
ont_early	supplied_nuc_complement	9987900	9988000	798	160	0.20050125313283207
ont_early	supplied_nuc_complement	9988000	9988100	796	162	0.20351758793969849
ont_early	supplied_nuc_complement	9988100	9988200	795	219	0.27547169811320754
ont_early	supplied_nuc_complement	9988200	9988300	789	277	0.35107731305449935
ont_early	supplied_nuc_complement	9988300	9988400	784	368	0.46938775510204084
ont_early	supplied_nuc_complement	9988400	9988500	780	386	0.4948717948717949
ont_early	supplied_nuc_complement	9988500	9988600	763	357	0.46788990825688076
ont_early	supplied_nuc_complement	9988600	9988700	767	312	0.4067796610169492
ont_early	supplied_nuc_complement	9988700	9988800	765	370	0.48366013071895425
ont_early	supplied_nuc_complement	9988800	9988900	773	454	0.5873221216041398
ont_early	supplied_nuc_complement	9988900	9989000	765	517	0.6758169934640523
ont_early	supplied_nuc_complement	9989000	9989100	761	552	0.7253613666228647
ont_early	supplied_nuc_complement	9989100	9989200	752	513	0.6821808510638298
ont_early	supplied_nuc_complement	9989200	9989300	749	407	0.5433911882510013
ont_early	supplied_nuc_complement	9989300	9989400	748	274	0.3663101604278075
ont_early	supplied_nuc_complement	9989400	9989500	743	285	0.3835800807537012
ont_early	supplied_nuc_complement	9989500	9989600	745	399	0.5355704697986577
ont_early	supplied_nuc_complement	9989600	9989700	747	402	0.5381526104417671
ont_early	supplied_nuc_complement	9989700	9989800	750	225	0.3
ont_early	supplied_nuc_complement	9989800	9989900	734	163	0.2220708446866485
ont_early	supplied_nuc_complement	9989900	9990000	730	157	0.21506849315068494
ont_early	supplied_nuc_complement	9990000	9990100	733	166	0.22646657571623466
ont_early	supplied_nuc_complement	9990100	9990200	739	217	0.2936400541271989
ont_early	supplied_nuc_complement	9990200	9990300	741	202	0.2726045883940621
ont_early	supplied_nuc_complement	9990300	9990400	746	260	0.3485254691689008
ont_early	supplied_nuc_complement	9990400	9990500	744	361	0.4852150537634409
ont_early	supplied_nuc_complement	9990500	9990600	746	379	0.5080428954423593
ont_early	supplied_nuc_complement	9990600	9990700	743	345	0.46433378196500674
ont_early	supplied_nuc_complement	9990700	9990800	739	384	0.5196211096075778
ont_early	supplied_nuc_complement	9990800	9990900	746	401	0.5375335120643432
ont_early	supplied_nuc_complement	9990900	9991000	742	374	0.5040431266846361
ont_early	supplied_nuc_complement	9991000	9991100	740	369	0.49864864864864866
ont_early	supplied_nuc_complement	9991100	9991200	739	340	0.46008119079837617
ont_early	supplied_nuc_complement	9991200	9991300	732	335	0.4576502732240437
ont_early	supplied_nuc_complement	9991300	9991400	727	339	0.46629986244841815
ont_early	supplied_nuc_complement	9991400	9991500	729	306	0.41975308641975306
ont_early	supplied_nuc_complement	9991500	9991600	739	301	0.40730717185385656
ont_early	supplied_nuc_complement	9991600	9991700	738	329	0.44579945799457993
ont_early	supplied_nuc_complement	9991700	9991800	741	304	0.41025641025641024
ont_early	supplied_nuc_complement	9991800	9991900	741	322	0.43454790823211875
ont_early	supplied_nuc_complement	9991900	9992000	750	354	0.472
ont_early	supplied_nuc_complement	9992000	9992100	747	359	0.48058902275769744
ont_early	supplied_nuc_complement	9992100	9992200	739	401	0.5426251691474966
ont_early	supplied_nuc_complement	9992200	9992300	732	378	0.5163934426229508
ont_early	supplied_nuc_complement	9992300	9992400	725	324	0.44689655172413795
ont_early	supplied_nuc_complement	9992400	9992500	727	358	0.4924346629986245
ont_early	supplied_nuc_complement	9992500	9992600	730	345	0.4726027397260274
ont_early	supplied_nuc_complement	9992600	9992700	732	312	0.4262295081967213
ont_early	supplied_nuc_complement	9992700	9992800	724	275	0.3798342541436464
ont_early	supplied_nuc_complement	9992800	9992900	722	302	0.4182825484764543
ont_early	supplied_nuc_complement	9992900	9993000	726	270	0.371900826446281
ont_early	supplied_nuc_complement	9993000	9993100	725	238	0.32827586206896553
ont_early	supplied_nuc_complement	9993100	9993200	726	233	0.3209366391184573
ont_early	supplied_nuc_complement	9993200	9993300	728	310	0.4258241758241758
ont_early	supplied_nuc_complement	9993300	9993400	728	306	0.42032967032967034
ont_early	supplied_nuc_complement	9993400	9993500	726	194	0.26721763085399447
ont_early	supplied_nuc_complement	9993500	9993600	718	113	0.1573816155988858
ont_early	supplied_nuc_complement	9993600	9993700	719	155	0.21557719054242003
ont_early	supplied_nuc_complement	9993700	9993800	722	226	0.31301939058171746
ont_early	supplied_nuc_complement	9993800	9993900	719	210	0.29207232267037553
ont_early	supplied_nuc_complement	9993900	9994000	718	136	0.1894150417827298
ont_early	supplied_nuc_complement	9994000	9994100	719	113	0.1571627260083449
ont_early	supplied_nuc_complement	9994100	9994200	724	132	0.18232044198895028
ont_early	supplied_nuc_complement	9994200	9994300	725	114	0.15724137931034482
ont_early	supplied_nuc_complement	9994300	9994400	724	121	0.1671270718232044
ont_early	supplied_nuc_complement	9994400	9994500	722	150	0.2077562326869806
ont_early	supplied_nuc_complement	9994500	9994600	723	184	0.2544951590594744
ont_early	supplied_nuc_complement	9994600	9994700	720	187	0.25972222222222224
ont_early	supplied_nuc_complement	9994700	9994800	719	122	0.16968011126564672
ont_early	supplied_nuc_complement	9994800	9994900	716	158	0.2206703910614525
ont_early	supplied_nuc_complement	9994900	9995000	714	157	0.21988795518207283
ont_early	supplied_nuc_complement	9995000	9995100	712	155	0.21769662921348315
ont_early	supplied_nuc_complement	9995100	9995200	712	160	0.2247191011235955
ont_early	supplied_nuc_complement	9995200	9995300	710	218	0.30704225352112674
ont_early	supplied_nuc_complement	9995300	9995400	709	267	0.3765867418899859
ont_early	supplied_nuc_complement	9995400	9995500	701	248	0.3537803138373752
ont_early	supplied_nuc_complement	9995500	9995600	701	237	0.33808844507845937
ont_early	supplied_nuc_complement	9995600	9995700	703	247	0.35135135135135137
ont_early	supplied_nuc_complement	9995700	9995800	710	226	0.3183098591549296
ont_early	supplied_nuc_complement	9995800	9995900	709	184	0.25952045133991536
ont_early	supplied_nuc_complement	9995900	9996000	710	129	0.18169014084507043
ont_early	supplied_nuc_complement	9996000	9996100	708	176	0.24858757062146894
ont_early	supplied_nuc_complement	9996100	9996200	705	155	0.2198581560283688
ont_early	supplied_nuc_complement	9996200	9996300	701	174	0.24821683309557774
ont_early	supplied_nuc_complement	9996300	9996400	697	325	0.46628407460545196
ont_early	supplied_nuc_complement	9996400	9996500	695	312	0.4489208633093525
ont_early	supplied_nuc_complement	9996500	9996600	698	284	0.4068767908309456
ont_early	supplied_nuc_complement	9996600	9996700	694	236	0.3400576368876081
ont_early	supplied_nuc_complement	9996700	9996800	691	220	0.3183791606367583
ont_early	supplied_nuc_complement	9996800	9996900	684	215	0.31432748538011696
ont_early	supplied_nuc_complement	9996900	9997000	678	219	0.3230088495575221
ont_early	supplied_nuc_complement	9997000	9997100	675	197	0.29185185185185186
ont_early	supplied_nuc_complement	9997100	9997200	680	263	0.38676470588235295
ont_early	supplied_nuc_complement	9997200	9997300	670	207	0.30895522388059704
ont_early	supplied_nuc_complement	9997300	9997400	664	164	0.2469879518072289
ont_early	supplied_nuc_complement	9997400	9997500	662	232	0.3504531722054381
ont_early	supplied_nuc_complement	9997500	9997600	659	297	0.45068285280728376
ont_early	supplied_nuc_complement	9997600	9997700	663	316	0.4766214177978884
ont_early	supplied_nuc_complement	9997700	9997800	660	348	0.5272727272727272
ont_early	supplied_nuc_complement	9997800	9997900	659	319	0.48406676783004554
ont_early	supplied_nuc_complement	9997900	9998000	659	220	0.3338391502276176
ont_early	supplied_nuc_complement	9998000	9998100	659	110	0.1669195751138088
ont_early	supplied_nuc_complement	9998100	9998200	657	138	0.2100456621004566
ont_early	supplied_nuc_complement	9998200	9998300	661	245	0.37065052950075644
ont_early	supplied_nuc_complement	9998300	9998400	656	268	0.40853658536585363
ont_early	supplied_nuc_complement	9998400	9998500	658	290	0.44072948328267475
ont_early	supplied_nuc_complement	9998500	9998600	659	269	0.40819423368740515
ont_early	supplied_nuc_complement	9998600	9998700	664	220	0.3313253012048193
ont_early	supplied_nuc_complement	9998700	9998800	664	236	0.35542168674698793
ont_early	supplied_nuc_complement	9998800	9998900	672	218	0.3244047619047619
ont_early	supplied_nuc_complement	9998900	9999000	671	184	0.27421758569299554
ont_early	supplied_nuc_complement	9999000	9999100	673	161	0.23922734026745915
ont_early	supplied_nuc_complement	9999100	9999200	669	165	0.24663677130044842
ont_early	supplied_nuc_complement	9999200	9999300	670	156	0.23283582089552238
ont_early	supplied_nuc_complement	9999300	9999400	666	177	0.26576576576576577
ont_early	supplied_nuc_complement	9999400	9999500	668	215	0.3218562874251497
ont_early	supplied_nuc_complement	9999500	9999600	665	240	0.3609022556390977
ont_early	supplied_nuc_complement	9999600	9999700	667	229	0.34332833583208394
ont_early	supplied_nuc_complement	9999700	9999800	672	274	0.40773809523809523
ont_early	supplied_nuc_complement	9999800	9999900	668	313	0.468562874251497
ont_early	supplied_nuc_complement	9999900	10000000	666	254	0.3813813813813814
ont_early	supplied_nuc_complement	10000000	10000100	670	244	0.3641791044776119
ont_early	supplied_nuc_complement	10000100	10000200	667	254	0.3808095952023988
ont_early	supplied_nuc_complement	10000200	10000300	669	176	0.26307922272047835
ont_early	supplied_nuc_complement	10000300	10000400	668	116	0.17365269461077845
ont_early	supplied_nuc_complement	10000400	10000500	668	167	0.25
ont_early	supplied_nuc_complement	10000500	10000600	665	218	0.32781954887218046
ont_early	supplied_nuc_complement	10000600	10000700	668	215	0.3218562874251497
ont_early	supplied_nuc_complement	10000700	10000800	663	226	0.34087481146304677
ont_early	supplied_nuc_complement	10000800	10000900	658	178	0.270516717325228
ont_early	supplied_nuc_complement	10000900	10001000	658	156	0.23708206686930092
ont_early	supplied_nuc_complement	10001000	10001100	657	195	0.2968036529680365
ont_early	supplied_nuc_complement	10001100	10001200	660	210	0.3181818181818182
ont_early	supplied_nuc_complement	10001200	10001300	659	226	0.34294385432473445
ont_early	supplied_nuc_complement	10001300	10001400	657	239	0.3637747336377473
ont_early	supplied_nuc_complement	10001400	10001500	660	231	0.35
ont_early	supplied_nuc_complement	10001500	10001600	660	244	0.3696969696969697
ont_early	supplied_nuc_complement	10001600	10001700	664	190	0.286144578313253
ont_early	supplied_nuc_complement	10001700	10001800	664	148	0.22289156626506024
ont_early	supplied_nuc_complement	10001800	10001900	663	167	0.25188536953242835
ont_early	supplied_nuc_complement	10001900	10002000	666	158	0.23723723723723725
ont_early	supplied_nuc_complement	10002000	10002100	665	151	0.22706766917293233
ont_early	supplied_nuc_complement	10002100	10002200	666	197	0.2957957957957958
ont_early	supplied_nuc_complement	10002200	10002300	668	215	0.3218562874251497
ont_early	supplied_nuc_complement	10002300	10002400	670	236	0.3522388059701492
ont_early	supplied_nuc_complement	10002400	10002500	673	274	0.40713224368499257
ont_early	supplied_nuc_complement	10002500	10002600	672	323	0.4806547619047619
ont_early	supplied_nuc_complement	10002600	10002700	666	319	0.47897897897897895
ont_early	supplied_nuc_complement	10002700	10002800	666	259	0.3888888888888889
ont_early	supplied_nuc_complement	10002800	10002900	666	181	0.27177177177177175
ont_early	supplied_nuc_complement	10002900	10003000	673	178	0.26448736998514116
ont_early	supplied_nuc_complement	10003000	10003100	671	232	0.34575260804769004
ont_early	supplied_nuc_complement	10003100	10003200	674	285	0.4228486646884273
ont_early	supplied_nuc_complement	10003200	10003300	678	294	0.4336283185840708
ont_early	supplied_nuc_complement	10003300	10003400	683	308	0.45095168374816985
ont_early	supplied_nuc_complement	10003400	10003500	680	243	0.3573529411764706
ont_early	supplied_nuc_complement	10003500	10003600	674	231	0.3427299703264095
ont_early	supplied_nuc_complement	10003600	10003700	676	242	0.35798816568047337
ont_early	supplied_nuc_complement	10003700	10003800	678	265	0.39085545722713866
ont_early	supplied_nuc_complement	10003800	10003900	681	240	0.3524229074889868
ont_early	supplied_nuc_complement	10003900	10004000	681	157	0.2305433186490455
ont_early	supplied_nuc_complement	10004000	10004100	679	109	0.16053019145802652
ont_early	supplied_nuc_complement	10004100	10004200	673	176	0.26151560178306094
ont_early	supplied_nuc_complement	10004200	10004300	668	231	0.3458083832335329
ont_early	supplied_nuc_complement	10004300	10004400	666	274	0.4114114114114114
ont_early	supplied_nuc_complement	10004400	10004500	660	240	0.36363636363636365
ont_early	supplied_nuc_complement	10004500	10004600	657	199	0.3028919330289193
ont_early	supplied_nuc_complement	10004600	10004700	656	188	0.2865853658536585
ont_early	supplied_nuc_complement	10004700	10004800	653	200	0.30627871362940273
ont_early	supplied_nuc_complement	10004800	10004900	651	228	0.35023041474654376
ont_early	supplied_nuc_complement	10004900	10005000	647	190	0.2936630602782071
ont_early	supplied_nuc_complement	10005000	10005100	648	175	0.2700617283950617
ont_early	supplied_nuc_complement	10005100	10005200	646	253	0.39164086687306504
ont_early	supplied_nuc_complement	10005200	10005300	645	254	0.3937984496124031
ont_early	supplied_nuc_complement	10005300	10005400	639	249	0.38967136150234744
ont_early	supplied_nuc_complement	10005400	10005500	631	171	0.27099841521394613
ont_early	supplied_nuc_complement	10005500	10005600	626	120	0.19169329073482427
ont_early	supplied_nuc_complement	10005600	10005700	623	102	0.1637239165329053
ont_early	supplied_nuc_complement	10005700	10005800	623	193	0.3097913322632424
ont_early	supplied_nuc_complement	10005800	10005900	616	245	0.3977272727272727
ont_early	supplied_nuc_complement	10005900	10006000	616	183	0.29707792207792205
ont_early	raw_hmm	9954000	9954100	712	114	0.1601123595505618
ont_early	raw_hmm	9954100	9954200	716	100	0.13966480446927373
ont_early	raw_hmm	9954200	9954300	710	89	0.12535211267605634
ont_early	raw_hmm	9954300	9954400	711	100	0.14064697609001406
ont_early	raw_hmm	9954400	9954500	707	91	0.12871287128712872
ont_early	raw_hmm	9954500	9954600	713	180	0.25245441795231416
ont_early	raw_hmm	9954600	9954700	711	200	0.2812939521800281
ont_early	raw_hmm	9954700	9954800	707	142	0.20084865629420084
ont_early	raw_hmm	9954800	9954900	706	76	0.10764872521246459
ont_early	raw_hmm	9954900	9955000	702	77	0.10968660968660969
ont_early	raw_hmm	9955000	9955100	704	119	0.1690340909090909
ont_early	raw_hmm	9955100	9955200	705	121	0.17163120567375886
ont_early	raw_hmm	9955200	9955300	703	252	0.3584637268847795
ont_early	raw_hmm	9955300	9955400	705	273	0.3872340425531915
ont_early	raw_hmm	9955400	9955500	693	167	0.240981240981241
ont_early	raw_hmm	9955500	9955600	699	152	0.21745350500715308
ont_early	raw_hmm	9955600	9955700	709	144	0.20310296191819463
ont_early	raw_hmm	9955700	9955800	716	139	0.1941340782122905
ont_early	raw_hmm	9955800	9955900	713	155	0.21739130434782608
ont_early	raw_hmm	9955900	9956000	721	155	0.21497919556171982
ont_early	raw_hmm	9956000	9956100	724	140	0.19337016574585636
ont_early	raw_hmm	9956100	9956200	721	111	0.1539528432732316
ont_early	raw_hmm	9956200	9956300	725	112	0.15448275862068966
ont_early	raw_hmm	9956300	9956400	729	199	0.2729766803840878
ont_early	raw_hmm	9956400	9956500	734	210	0.28610354223433243
ont_early	raw_hmm	9956500	9956600	738	151	0.2046070460704607
ont_early	raw_hmm	9956600	9956700	741	141	0.1902834008097166
ont_early	raw_hmm	9956700	9956800	742	125	0.16846361185983827
ont_early	raw_hmm	9956800	9956900	742	92	0.12398921832884097
ont_early	raw_hmm	9956900	9957000	739	99	0.13396481732070364
ont_early	raw_hmm	9957000	9957100	743	101	0.13593539703903096
ont_early	raw_hmm	9957100	9957200	743	129	0.17362045760430686
ont_early	raw_hmm	9957200	9957300	740	111	0.15
ont_early	raw_hmm	9957300	9957400	741	85	0.11470985155195682
ont_early	raw_hmm	9957400	9957500	738	117	0.15853658536585366
ont_early	raw_hmm	9957500	9957600	737	142	0.1926729986431479
ont_early	raw_hmm	9957600	9957700	735	112	0.1523809523809524
ont_early	raw_hmm	9957700	9957800	731	93	0.12722298221614228
ont_early	raw_hmm	9957800	9957900	730	91	0.12465753424657534
ont_early	raw_hmm	9957900	9958000	732	103	0.1407103825136612
ont_early	raw_hmm	9958000	9958100	733	153	0.208731241473397
ont_early	raw_hmm	9958100	9958200	736	160	0.21739130434782608
ont_early	raw_hmm	9958200	9958300	748	139	0.1858288770053476
ont_early	raw_hmm	9958300	9958400	751	130	0.17310252996005326
ont_early	raw_hmm	9958400	9958500	746	182	0.24396782841823056
ont_early	raw_hmm	9958500	9958600	754	223	0.2957559681697613
ont_early	raw_hmm	9958600	9958700	755	189	0.2503311258278146
ont_early	raw_hmm	9958700	9958800	756	229	0.3029100529100529
ont_early	raw_hmm	9958800	9958900	764	359	0.4698952879581152
ont_early	raw_hmm	9958900	9959000	763	283	0.3709043250327654
ont_early	raw_hmm	9959000	9959100	765	81	0.10588235294117647
ont_early	raw_hmm	9959100	9959200	768	96	0.125
ont_early	raw_hmm	9959200	9959300	769	125	0.1625487646293888
ont_early	raw_hmm	9959300	9959400	772	114	0.14766839378238342
ont_early	raw_hmm	9959400	9959500	770	179	0.23246753246753246
ont_early	raw_hmm	9959500	9959600	770	195	0.2532467532467532
ont_early	raw_hmm	9959600	9959700	762	184	0.24146981627296588
ont_early	raw_hmm	9959700	9959800	771	231	0.29961089494163423
ont_early	raw_hmm	9959800	9959900	758	187	0.24670184696569922
ont_early	raw_hmm	9959900	9960000	754	235	0.3116710875331565
ont_early	raw_hmm	9960000	9960100	765	350	0.45751633986928103
ont_early	raw_hmm	9960100	9960200	748	292	0.39037433155080214
ont_early	raw_hmm	9960200	9960300	760	336	0.4421052631578947
ont_early	raw_hmm	9960300	9960400	774	340	0.4392764857881137
ont_early	raw_hmm	9960400	9960500	775	283	0.36516129032258066
ont_early	raw_hmm	9960500	9960600	767	228	0.29726205997392435
ont_early	raw_hmm	9960600	9960700	776	253	0.32603092783505155
ont_early	raw_hmm	9960700	9960800	772	232	0.3005181347150259
ont_early	raw_hmm	9960800	9960900	769	204	0.26527958387516254
ont_early	raw_hmm	9960900	9961000	773	195	0.2522639068564036
ont_early	raw_hmm	9961000	9961100	776	178	0.22938144329896906
ont_early	raw_hmm	9961100	9961200	781	187	0.23943661971830985
ont_early	raw_hmm	9961200	9961300	781	166	0.21254801536491677
ont_early	raw_hmm	9961300	9961400	777	87	0.11196911196911197
ont_early	raw_hmm	9961400	9961500	774	73	0.09431524547803617
ont_early	raw_hmm	9961500	9961600	772	149	0.19300518134715025
ont_early	raw_hmm	9961600	9961700	771	229	0.29701686121919585
ont_early	raw_hmm	9961700	9961800	777	226	0.2908622908622909
ont_early	raw_hmm	9961800	9961900	773	239	0.3091849935316947
ont_early	raw_hmm	9961900	9962000	775	294	0.3793548387096774
ont_early	raw_hmm	9962000	9962100	771	260	0.33722438391699094
ont_early	raw_hmm	9962100	9962200	771	190	0.24643320363164722
ont_early	raw_hmm	9962200	9962300	770	231	0.3
ont_early	raw_hmm	9962300	9962400	769	238	0.3094928478543563
ont_early	raw_hmm	9962400	9962500	765	251	0.3281045751633987
ont_early	raw_hmm	9962500	9962600	765	245	0.3202614379084967
ont_early	raw_hmm	9962600	9962700	763	185	0.24246395806028834
ont_early	raw_hmm	9962700	9962800	769	173	0.22496749024707413
ont_early	raw_hmm	9962800	9962900	774	115	0.14857881136950904
ont_early	raw_hmm	9962900	9963000	775	70	0.09032258064516129
ont_early	raw_hmm	9963000	9963100	772	95	0.12305699481865284
ont_early	raw_hmm	9963100	9963200	782	192	0.24552429667519182
ont_early	raw_hmm	9963200	9963300	779	254	0.32605905006418484
ont_early	raw_hmm	9963300	9963400	784	261	0.33290816326530615
ont_early	raw_hmm	9963400	9963500	785	199	0.2535031847133758
ont_early	raw_hmm	9963500	9963600	787	128	0.16264294790343076
ont_early	raw_hmm	9963600	9963700	784	79	0.10076530612244898
ont_early	raw_hmm	9963700	9963800	790	91	0.11518987341772152
ont_early	raw_hmm	9963800	9963900	791	137	0.1731984829329962
ont_early	raw_hmm	9963900	9964000	790	172	0.21772151898734177
ont_early	raw_hmm	9964000	9964100	800	150	0.1875
ont_early	raw_hmm	9964100	9964200	805	236	0.29316770186335406
ont_early	raw_hmm	9964200	9964300	806	244	0.3027295285359802
ont_early	raw_hmm	9964300	9964400	801	146	0.1822721598002497
ont_early	raw_hmm	9964400	9964500	804	148	0.18407960199004975
ont_early	raw_hmm	9964500	9964600	804	192	0.23880597014925373
ont_early	raw_hmm	9964600	9964700	804	242	0.3009950248756219
ont_early	raw_hmm	9964700	9964800	800	260	0.325
ont_early	raw_hmm	9964800	9964900	800	255	0.31875
ont_early	raw_hmm	9964900	9965000	797	179	0.2245922208281054
ont_early	raw_hmm	9965000	9965100	814	346	0.4250614250614251
ont_early	raw_hmm	9965100	9965200	809	274	0.33868974042027195
ont_early	raw_hmm	9965200	9965300	812	59	0.07266009852216748
ont_early	raw_hmm	9965300	9965400	817	56	0.06854345165238677
ont_early	raw_hmm	9965400	9965500	814	140	0.171990171990172
ont_early	raw_hmm	9965500	9965600	821	132	0.1607795371498173
ont_early	raw_hmm	9965600	9965700	819	96	0.11721611721611722
ont_early	raw_hmm	9965700	9965800	824	88	0.10679611650485436
ont_early	raw_hmm	9965800	9965900	824	82	0.09951456310679611
ont_early	raw_hmm	9965900	9966000	830	63	0.07590361445783132
ont_early	raw_hmm	9966000	9966100	827	69	0.08343409915356712
ont_early	raw_hmm	9966100	9966200	824	71	0.08616504854368932
ont_early	raw_hmm	9966200	9966300	822	71	0.08637469586374696
ont_early	raw_hmm	9966300	9966400	835	197	0.23592814371257484
ont_early	raw_hmm	9966400	9966500	831	202	0.2430806257521059
ont_early	raw_hmm	9966500	9966600	826	120	0.14527845036319612
ont_early	raw_hmm	9966600	9966700	829	136	0.1640530759951749
ont_early	raw_hmm	9966700	9966800	823	125	0.15188335358444716
ont_early	raw_hmm	9966800	9966900	824	119	0.14441747572815533
ont_early	raw_hmm	9966900	9967000	828	108	0.13043478260869565
ont_early	raw_hmm	9967000	9967100	827	105	0.12696493349455865
ont_early	raw_hmm	9967100	9967200	824	124	0.15048543689320387
ont_early	raw_hmm	9967200	9967300	822	233	0.28345498783454987
ont_early	raw_hmm	9967300	9967400	828	339	0.40942028985507245
ont_early	raw_hmm	9967400	9967500	832	363	0.4362980769230769
ont_early	raw_hmm	9967500	9967600	832	343	0.41225961538461536
ont_early	raw_hmm	9967600	9967700	832	295	0.3545673076923077
ont_early	raw_hmm	9967700	9967800	834	199	0.23860911270983212
ont_early	raw_hmm	9967800	9967900	829	146	0.17611580217129072
ont_early	raw_hmm	9967900	9968000	824	172	0.2087378640776699
ont_early	raw_hmm	9968000	9968100	822	258	0.31386861313868614
ont_early	raw_hmm	9968100	9968200	824	211	0.25606796116504854
ont_early	raw_hmm	9968200	9968300	820	159	0.19390243902439025
ont_early	raw_hmm	9968300	9968400	814	82	0.10073710073710074
ont_early	raw_hmm	9968400	9968500	817	124	0.15177478580171358
ont_early	raw_hmm	9968500	9968600	814	164	0.20147420147420148
ont_early	raw_hmm	9968600	9968700	811	145	0.17879161528976573
ont_early	raw_hmm	9968700	9968800	814	67	0.08230958230958231
ont_early	raw_hmm	9968800	9968900	810	71	0.08765432098765433
ont_early	raw_hmm	9968900	9969000	811	219	0.27003699136868065
ont_early	raw_hmm	9969000	9969100	815	454	0.5570552147239264
ont_early	raw_hmm	9969100	9969200	794	388	0.48866498740554154
ont_early	raw_hmm	9969200	9969300	793	238	0.30012610340479196
ont_early	raw_hmm	9969300	9969400	787	250	0.3176620076238882
ont_early	raw_hmm	9969400	9969500	781	247	0.31626120358514725
ont_early	raw_hmm	9969500	9969600	783	222	0.2835249042145594
ont_early	raw_hmm	9969600	9969700	782	219	0.28005115089514065
ont_early	raw_hmm	9969700	9969800	792	176	0.2222222222222222
ont_early	raw_hmm	9969800	9969900	789	125	0.15842839036755388
ont_early	raw_hmm	9969900	9970000	787	167	0.2121982210927573
ont_early	raw_hmm	9970000	9970100	792	189	0.23863636363636365
ont_early	raw_hmm	9970100	9970200	787	192	0.24396442185514614
ont_early	raw_hmm	9970200	9970300	786	171	0.21755725190839695
ont_early	raw_hmm	9970300	9970400	788	143	0.1814720812182741
ont_early	raw_hmm	9970400	9970500	787	153	0.19440914866581957
ont_early	raw_hmm	9970500	9970600	780	139	0.1782051282051282
ont_early	raw_hmm	9970600	9970700	779	97	0.1245186136071887
ont_early	raw_hmm	9970700	9970800	784	109	0.13903061224489796
ont_early	raw_hmm	9970800	9970900	783	126	0.16091954022988506
ont_early	raw_hmm	9970900	9971000	790	121	0.15316455696202533
ont_early	raw_hmm	9971000	9971100	790	179	0.22658227848101264
ont_early	raw_hmm	9971100	9971200	789	218	0.27629911280101394
ont_early	raw_hmm	9971200	9971300	784	157	0.2002551020408163
ont_early	raw_hmm	9971300	9971400	782	188	0.24040920716112532
ont_early	raw_hmm	9971400	9971500	782	201	0.2570332480818414
ont_early	raw_hmm	9971500	9971600	783	242	0.3090676883780332
ont_early	raw_hmm	9971600	9971700	782	194	0.24808184143222506
ont_early	raw_hmm	9971700	9971800	784	204	0.2602040816326531
ont_early	raw_hmm	9971800	9971900	782	227	0.29028132992327366
ont_early	raw_hmm	9971900	9972000	782	194	0.24808184143222506
ont_early	raw_hmm	9972000	9972100	785	225	0.28662420382165604
ont_early	raw_hmm	9972100	9972200	786	284	0.361323155216285
ont_early	raw_hmm	9972200	9972300	793	284	0.35813366960907944
ont_early	raw_hmm	9972300	9972400	798	229	0.2869674185463659
ont_early	raw_hmm	9972400	9972500	800	180	0.225
ont_early	raw_hmm	9972500	9972600	800	168	0.21
ont_early	raw_hmm	9972600	9972700	798	138	0.17293233082706766
ont_early	raw_hmm	9972700	9972800	802	288	0.35910224438902744
ont_early	raw_hmm	9972800	9972900	815	474	0.5815950920245399
ont_early	raw_hmm	9972900	9973000	803	329	0.40971357409713577
ont_early	raw_hmm	9973000	9973100	806	105	0.13027295285359802
ont_early	raw_hmm	9973100	9973200	795	79	0.09937106918238994
ont_early	raw_hmm	9973200	9973300	804	143	0.17786069651741293
ont_early	raw_hmm	9973300	9973400	807	238	0.2949194547707559
ont_early	raw_hmm	9973400	9973500	818	292	0.3569682151589242
ont_early	raw_hmm	9973500	9973600	821	301	0.36662606577344703
ont_early	raw_hmm	9973600	9973700	818	206	0.25183374083129584
ont_early	raw_hmm	9973700	9973800	817	278	0.3402692778457772
ont_early	raw_hmm	9973800	9973900	820	290	0.35365853658536583
ont_early	raw_hmm	9973900	9974000	822	318	0.38686131386861317
ont_early	raw_hmm	9974000	9974100	832	291	0.34975961538461536
ont_early	raw_hmm	9974100	9974200	833	317	0.38055222088835533
ont_early	raw_hmm	9974200	9974300	833	343	0.4117647058823529
ont_early	raw_hmm	9974300	9974400	832	280	0.33653846153846156
ont_early	raw_hmm	9974400	9974500	829	234	0.2822677925211098
ont_early	raw_hmm	9974500	9974600	837	209	0.24970131421744324
ont_early	raw_hmm	9974600	9974700	840	145	0.17261904761904762
ont_early	raw_hmm	9974700	9974800	837	68	0.08124253285543608
ont_early	raw_hmm	9974800	9974900	845	77	0.09112426035502959
ont_early	raw_hmm	9974900	9975000	847	141	0.16646989374262103
ont_early	raw_hmm	9975000	9975100	843	208	0.24673784104389088
ont_early	raw_hmm	9975100	9975200	847	208	0.24557260920897284
ont_early	raw_hmm	9975200	9975300	856	268	0.3130841121495327
ont_early	raw_hmm	9975300	9975400	854	302	0.35362997658079626
ont_early	raw_hmm	9975400	9975500	846	252	0.2978723404255319
ont_early	raw_hmm	9975500	9975600	848	213	0.2511792452830189
ont_early	raw_hmm	9975600	9975700	855	243	0.28421052631578947
ont_early	raw_hmm	9975700	9975800	850	251	0.2952941176470588
ont_early	raw_hmm	9975800	9975900	845	174	0.20591715976331362
ont_early	raw_hmm	9975900	9976000	846	197	0.23286052009456265
ont_early	raw_hmm	9976000	9976100	851	202	0.23736780258519388
ont_early	raw_hmm	9976100	9976200	848	126	0.14858490566037735
ont_early	raw_hmm	9976200	9976300	851	159	0.18683901292596944
ont_early	raw_hmm	9976300	9976400	852	209	0.24530516431924881
ont_early	raw_hmm	9976400	9976500	837	159	0.18996415770609318
ont_early	raw_hmm	9976500	9976600	840	71	0.08452380952380953
ont_early	raw_hmm	9976600	9976700	841	47	0.0558858501783591
ont_early	raw_hmm	9976700	9976800	841	76	0.09036860879904875
ont_early	raw_hmm	9976800	9976900	844	117	0.1386255924170616
ont_early	raw_hmm	9976900	9977000	838	156	0.18615751789976134
ont_early	raw_hmm	9977000	9977100	836	257	0.30741626794258375
ont_early	raw_hmm	9977100	9977200	841	370	0.4399524375743163
ont_early	raw_hmm	9977200	9977300	850	361	0.42470588235294116
ont_early	raw_hmm	9977300	9977400	857	303	0.35355892648774795
ont_early	raw_hmm	9977400	9977500	861	383	0.4448315911730546
ont_early	raw_hmm	9977500	9977600	869	415	0.47756041426927504
ont_early	raw_hmm	9977600	9977700	872	419	0.4805045871559633
ont_early	raw_hmm	9977700	9977800	877	365	0.4161915621436716
ont_early	raw_hmm	9977800	9977900	879	303	0.3447098976109215
ont_early	raw_hmm	9977900	9978000	875	242	0.2765714285714286
ont_early	raw_hmm	9978000	9978100	879	224	0.25483503981797495
ont_early	raw_hmm	9978100	9978200	880	178	0.20227272727272727
ont_early	raw_hmm	9978200	9978300	890	243	0.27303370786516856
ont_early	raw_hmm	9978300	9978400	893	270	0.3023516237402016
ont_early	raw_hmm	9978400	9978500	894	205	0.22930648769574943
ont_early	raw_hmm	9978500	9978600	891	165	0.18518518518518517
ont_early	raw_hmm	9978600	9978700	891	180	0.20202020202020202
ont_early	raw_hmm	9978700	9978800	887	144	0.16234498308906425
ont_early	raw_hmm	9978800	9978900	888	155	0.17454954954954954
ont_early	raw_hmm	9978900	9979000	889	233	0.26209223847019125
ont_early	raw_hmm	9979000	9979100	894	315	0.3523489932885906
ont_early	raw_hmm	9979100	9979200	894	589	0.6588366890380313
ont_early	raw_hmm	9979200	9979300	900	592	0.6577777777777778
ont_early	raw_hmm	9979300	9979400	904	390	0.4314159292035398
ont_early	raw_hmm	9979400	9979500	907	336	0.37045203969129
ont_early	raw_hmm	9979500	9979600	903	244	0.2702104097452935
ont_early	raw_hmm	9979600	9979700	904	293	0.3241150442477876
ont_early	raw_hmm	9979700	9979800	900	316	0.3511111111111111
ont_early	raw_hmm	9979800	9979900	903	294	0.32558139534883723
ont_early	raw_hmm	9979900	9980000	901	274	0.30410654827968925
ont_early	raw_hmm	9980000	9980100	903	289	0.32004429678848284
ont_early	raw_hmm	9980100	9980200	904	290	0.32079646017699115
ont_early	raw_hmm	9980200	9980300	898	249	0.27728285077951004
ont_early	raw_hmm	9980300	9980400	904	295	0.32632743362831856
ont_early	raw_hmm	9980400	9980500	904	328	0.36283185840707965
ont_early	raw_hmm	9980500	9980600	907	292	0.3219404630650496
ont_early	raw_hmm	9980600	9980700	918	199	0.2167755991285403
ont_early	raw_hmm	9980700	9980800	915	154	0.16830601092896175
ont_early	raw_hmm	9980800	9980900	919	299	0.3253536452665941
ont_early	raw_hmm	9980900	9981000	918	416	0.4531590413943355
ont_early	raw_hmm	9981000	9981100	924	370	0.4004329004329004
ont_early	raw_hmm	9981100	9981200	919	256	0.27856365614798695
ont_early	raw_hmm	9981200	9981300	918	211	0.2298474945533769
ont_early	raw_hmm	9981300	9981400	925	142	0.1535135135135135
ont_early	raw_hmm	9981400	9981500	924	120	0.12987012987012986
ont_early	raw_hmm	9981500	9981600	922	123	0.1334056399132321
ont_early	raw_hmm	9981600	9981700	921	173	0.18783930510314875
ont_early	raw_hmm	9981700	9981800	922	164	0.17787418655097614
ont_early	raw_hmm	9981800	9981900	922	124	0.13449023861171366
ont_early	raw_hmm	9981900	9982000	924	126	0.13636363636363635
ont_early	raw_hmm	9982000	9982100	929	148	0.15931108719052745
ont_early	raw_hmm	9982100	9982200	933	154	0.16505894962486603
ont_early	raw_hmm	9982200	9982300	936	128	0.13675213675213677
ont_early	raw_hmm	9982300	9982400	941	113	0.12008501594048884
ont_early	raw_hmm	9982400	9982500	937	148	0.15795090715048027
ont_early	raw_hmm	9982500	9982600	933	168	0.18006430868167203
ont_early	raw_hmm	9982600	9982700	929	133	0.14316469321851452
ont_early	raw_hmm	9982700	9982800	926	135	0.14578833693304535
ont_early	raw_hmm	9982800	9982900	920	131	0.1423913043478261
ont_early	raw_hmm	9982900	9983000	913	159	0.1741511500547645
ont_early	raw_hmm	9983000	9983100	916	203	0.22161572052401746
ont_early	raw_hmm	9983100	9983200	920	192	0.20869565217391303
ont_early	raw_hmm	9983200	9983300	917	161	0.17557251908396945
ont_early	raw_hmm	9983300	9983400	916	177	0.19323144104803494
ont_early	raw_hmm	9983400	9983500	910	183	0.2010989010989011
ont_early	raw_hmm	9983500	9983600	912	180	0.19736842105263158
ont_early	raw_hmm	9983600	9983700	905	279	0.3082872928176796
ont_early	raw_hmm	9983700	9983800	906	299	0.33002207505518766
ont_early	raw_hmm	9983800	9983900	903	276	0.30564784053156147
ont_early	raw_hmm	9983900	9984000	901	181	0.2008879023307436
ont_early	raw_hmm	9984000	9984100	898	172	0.1915367483296214
ont_early	raw_hmm	9984100	9984200	892	202	0.226457399103139
ont_early	raw_hmm	9984200	9984300	895	158	0.17653631284916202
ont_early	raw_hmm	9984300	9984400	894	190	0.21252796420581654
ont_early	raw_hmm	9984400	9984500	891	173	0.1941638608305275
ont_early	raw_hmm	9984500	9984600	890	108	0.12134831460674157
ont_early	raw_hmm	9984600	9984700	893	133	0.14893617021276595
ont_early	raw_hmm	9984700	9984800	896	186	0.20758928571428573
ont_early	raw_hmm	9984800	9984900	900	245	0.2722222222222222
ont_early	raw_hmm	9984900	9985000	892	289	0.3239910313901345
ont_early	raw_hmm	9985000	9985100	890	253	0.2842696629213483
ont_early	raw_hmm	9985100	9985200	884	236	0.2669683257918552
ont_early	raw_hmm	9985200	9985300	884	168	0.19004524886877827
ont_early	raw_hmm	9985300	9985400	881	141	0.16004540295119182
ont_early	raw_hmm	9985400	9985500	879	169	0.19226393629124006
ont_early	raw_hmm	9985500	9985600	879	187	0.21274175199089876
ont_early	raw_hmm	9985600	9985700	873	190	0.21764032073310424
ont_early	raw_hmm	9985700	9985800	872	173	0.19839449541284404
ont_early	raw_hmm	9985800	9985900	868	168	0.1935483870967742
ont_early	raw_hmm	9985900	9986000	863	207	0.2398609501738123
ont_early	raw_hmm	9986000	9986100	860	263	0.3058139534883721
ont_early	raw_hmm	9986100	9986200	860	322	0.3744186046511628
ont_early	raw_hmm	9986200	9986300	850	296	0.34823529411764703
ont_early	raw_hmm	9986300	9986400	846	252	0.2978723404255319
ont_early	raw_hmm	9986400	9986500	855	246	0.28771929824561404
ont_early	raw_hmm	9986500	9986600	831	158	0.1901323706377858
ont_early	raw_hmm	9986600	9986700	828	155	0.18719806763285024
ont_early	raw_hmm	9986700	9986800	818	203	0.24816625916870416
ont_early	raw_hmm	9986800	9986900	817	186	0.22766217870257038
ont_early	raw_hmm	9986900	9987000	816	198	0.2426470588235294
ont_early	raw_hmm	9987000	9987100	812	197	0.24261083743842365
ont_early	raw_hmm	9987100	9987200	806	204	0.2531017369727047
ont_early	raw_hmm	9987200	9987300	804	206	0.2562189054726368
ont_early	raw_hmm	9987300	9987400	813	165	0.2029520295202952
ont_early	raw_hmm	9987400	9987500	802	139	0.17331670822942644
ont_early	raw_hmm	9987500	9987600	802	150	0.18703241895261846
ont_early	raw_hmm	9987600	9987700	800	171	0.21375
ont_early	raw_hmm	9987700	9987800	796	173	0.21733668341708542
ont_early	raw_hmm	9987800	9987900	797	116	0.14554579673776663
ont_early	raw_hmm	9987900	9988000	798	67	0.08395989974937343
ont_early	raw_hmm	9988000	9988100	796	76	0.09547738693467336
ont_early	raw_hmm	9988100	9988200	795	107	0.13459119496855346
ont_early	raw_hmm	9988200	9988300	789	144	0.18250950570342206
ont_early	raw_hmm	9988300	9988400	784	193	0.2461734693877551
ont_early	raw_hmm	9988400	9988500	780	201	0.25769230769230766
ont_early	raw_hmm	9988500	9988600	763	187	0.24508519003931847
ont_early	raw_hmm	9988600	9988700	767	179	0.2333767926988266
ont_early	raw_hmm	9988700	9988800	765	219	0.28627450980392155
ont_early	raw_hmm	9988800	9988900	773	264	0.34152652005174644
ont_early	raw_hmm	9988900	9989000	765	333	0.43529411764705883
ont_early	raw_hmm	9989000	9989100	761	344	0.4520367936925099
ont_early	raw_hmm	9989100	9989200	752	286	0.3803191489361702
ont_early	raw_hmm	9989200	9989300	749	212	0.28304405874499333
ont_early	raw_hmm	9989300	9989400	748	149	0.19919786096256684
ont_early	raw_hmm	9989400	9989500	743	168	0.22611036339165544
ont_early	raw_hmm	9989500	9989600	745	187	0.25100671140939596
ont_early	raw_hmm	9989600	9989700	747	186	0.24899598393574296
ont_early	raw_hmm	9989700	9989800	750	105	0.14
ont_early	raw_hmm	9989800	9989900	734	81	0.11035422343324251
ont_early	raw_hmm	9989900	9990000	730	76	0.10410958904109589
ont_early	raw_hmm	9990000	9990100	733	75	0.10231923601637108
ont_early	raw_hmm	9990100	9990200	739	88	0.11907983761840325
ont_early	raw_hmm	9990200	9990300	741	68	0.09176788124156546
ont_early	raw_hmm	9990300	9990400	746	143	0.19168900804289543
ont_early	raw_hmm	9990400	9990500	744	223	0.29973118279569894
ont_early	raw_hmm	9990500	9990600	746	226	0.30294906166219837
ont_early	raw_hmm	9990600	9990700	743	212	0.2853297442799462
ont_early	raw_hmm	9990700	9990800	739	252	0.34100135317997293
ont_early	raw_hmm	9990800	9990900	746	256	0.34316353887399464
ont_early	raw_hmm	9990900	9991000	742	216	0.29110512129380056
ont_early	raw_hmm	9991000	9991100	740	219	0.2959459459459459
ont_early	raw_hmm	9991100	9991200	739	192	0.2598105548037889
ont_early	raw_hmm	9991200	9991300	732	186	0.2540983606557377
ont_early	raw_hmm	9991300	9991400	727	187	0.25722145804676755
ont_early	raw_hmm	9991400	9991500	729	165	0.22633744855967078
ont_early	raw_hmm	9991500	9991600	739	158	0.21380243572395127
ont_early	raw_hmm	9991600	9991700	738	191	0.2588075880758808
ont_early	raw_hmm	9991700	9991800	741	196	0.26450742240215924
ont_early	raw_hmm	9991800	9991900	741	174	0.23481781376518218
ont_early	raw_hmm	9991900	9992000	750	231	0.308
ont_early	raw_hmm	9992000	9992100	747	246	0.3293172690763052
ont_early	raw_hmm	9992100	9992200	739	278	0.3761840324763194
ont_early	raw_hmm	9992200	9992300	732	231	0.3155737704918033
ont_early	raw_hmm	9992300	9992400	725	150	0.20689655172413793
ont_early	raw_hmm	9992400	9992500	727	208	0.2861072902338377
ont_early	raw_hmm	9992500	9992600	730	219	0.3
ont_early	raw_hmm	9992600	9992700	732	177	0.24180327868852458
ont_early	raw_hmm	9992700	9992800	724	130	0.17955801104972377
ont_early	raw_hmm	9992800	9992900	722	162	0.22437673130193905
ont_early	raw_hmm	9992900	9993000	726	156	0.21487603305785125
ont_early	raw_hmm	9993000	9993100	725	124	0.17103448275862068
ont_early	raw_hmm	9993100	9993200	726	93	0.128099173553719
ont_early	raw_hmm	9993200	9993300	728	144	0.1978021978021978
ont_early	raw_hmm	9993300	9993400	728	157	0.21565934065934067
ont_early	raw_hmm	9993400	9993500	726	94	0.12947658402203857
ont_early	raw_hmm	9993500	9993600	718	37	0.05153203342618384
ont_early	raw_hmm	9993600	9993700	719	67	0.09318497913769123
ont_early	raw_hmm	9993700	9993800	722	111	0.15373961218836565
ont_early	raw_hmm	9993800	9993900	719	94	0.13073713490959665
ont_early	raw_hmm	9993900	9994000	718	52	0.07242339832869081
ont_early	raw_hmm	9994000	9994100	719	45	0.06258692628650904
ont_early	raw_hmm	9994100	9994200	724	42	0.058011049723756904
ont_early	raw_hmm	9994200	9994300	725	36	0.0496551724137931
ont_early	raw_hmm	9994300	9994400	724	30	0.04143646408839779
ont_early	raw_hmm	9994400	9994500	722	51	0.07063711911357341
ont_early	raw_hmm	9994500	9994600	723	62	0.08575380359612725
ont_early	raw_hmm	9994600	9994700	720	66	0.09166666666666666
ont_early	raw_hmm	9994700	9994800	719	56	0.07788595271210014
ont_early	raw_hmm	9994800	9994900	716	71	0.09916201117318436
ont_early	raw_hmm	9994900	9995000	714	64	0.0896358543417367
ont_early	raw_hmm	9995000	9995100	712	65	0.09129213483146068
ont_early	raw_hmm	9995100	9995200	712	70	0.09831460674157304
ont_early	raw_hmm	9995200	9995300	710	95	0.13380281690140844
ont_early	raw_hmm	9995300	9995400	709	121	0.17066290550070523
ont_early	raw_hmm	9995400	9995500	701	90	0.12838801711840228
ont_early	raw_hmm	9995500	9995600	701	116	0.16547788873038516
ont_early	raw_hmm	9995600	9995700	703	131	0.18634423897581792
ont_early	raw_hmm	9995700	9995800	710	82	0.11549295774647887
ont_early	raw_hmm	9995800	9995900	709	52	0.07334273624823695
ont_early	raw_hmm	9995900	9996000	710	52	0.07323943661971831
ont_early	raw_hmm	9996000	9996100	708	65	0.09180790960451977
ont_early	raw_hmm	9996100	9996200	705	62	0.08794326241134752
ont_early	raw_hmm	9996200	9996300	701	63	0.0898716119828816
ont_early	raw_hmm	9996300	9996400	697	103	0.14777618364418937
ont_early	raw_hmm	9996400	9996500	695	102	0.14676258992805755
ont_early	raw_hmm	9996500	9996600	698	150	0.2148997134670487
ont_early	raw_hmm	9996600	9996700	694	137	0.19740634005763688
ont_early	raw_hmm	9996700	9996800	691	106	0.15340086830680175
ont_early	raw_hmm	9996800	9996900	684	107	0.1564327485380117
ont_early	raw_hmm	9996900	9997000	678	100	0.14749262536873156
ont_early	raw_hmm	9997000	9997100	675	116	0.17185185185185184
ont_early	raw_hmm	9997100	9997200	680	171	0.2514705882352941
ont_early	raw_hmm	9997200	9997300	670	126	0.1880597014925373
ont_early	raw_hmm	9997300	9997400	664	85	0.1280120481927711
ont_early	raw_hmm	9997400	9997500	662	129	0.19486404833836857
ont_early	raw_hmm	9997500	9997600	659	171	0.25948406676783003
ont_early	raw_hmm	9997600	9997700	663	163	0.2458521870286576
ont_early	raw_hmm	9997700	9997800	660	227	0.34393939393939393
ont_early	raw_hmm	9997800	9997900	659	188	0.2852807283763278
ont_early	raw_hmm	9997900	9998000	659	114	0.17298937784522003
ont_early	raw_hmm	9998000	9998100	659	47	0.07132018209408195
ont_early	raw_hmm	9998100	9998200	657	54	0.0821917808219178
ont_early	raw_hmm	9998200	9998300	661	101	0.15279878971255673
ont_early	raw_hmm	9998300	9998400	656	131	0.19969512195121952
ont_early	raw_hmm	9998400	9998500	658	174	0.26443768996960487
ont_early	raw_hmm	9998500	9998600	659	159	0.24127465857359637
ont_early	raw_hmm	9998600	9998700	664	99	0.14909638554216867
ont_early	raw_hmm	9998700	9998800	664	102	0.1536144578313253
ont_early	raw_hmm	9998800	9998900	672	85	0.12648809523809523
ont_early	raw_hmm	9998900	9999000	671	76	0.11326378539493294
ont_early	raw_hmm	9999000	9999100	673	73	0.10846953937592868
ont_early	raw_hmm	9999100	9999200	669	62	0.09267563527653214
ont_early	raw_hmm	9999200	9999300	670	72	0.10746268656716418
ont_early	raw_hmm	9999300	9999400	666	92	0.13813813813813813
ont_early	raw_hmm	9999400	9999500	668	118	0.17664670658682635
ont_early	raw_hmm	9999500	9999600	665	123	0.1849624060150376
ont_early	raw_hmm	9999600	9999700	667	109	0.1634182908545727
ont_early	raw_hmm	9999700	9999800	672	134	0.19940476190476192
ont_early	raw_hmm	9999800	9999900	668	175	0.2619760479041916
ont_early	raw_hmm	9999900	10000000	666	158	0.23723723723723725
ont_early	raw_hmm	10000000	10000100	670	144	0.21492537313432836
ont_early	raw_hmm	10000100	10000200	667	147	0.22038980509745126
ont_early	raw_hmm	10000200	10000300	669	92	0.1375186846038864
ont_early	raw_hmm	10000300	10000400	668	62	0.09281437125748503
ont_early	raw_hmm	10000400	10000500	668	83	0.12425149700598802
ont_early	raw_hmm	10000500	10000600	665	103	0.1548872180451128
ont_early	raw_hmm	10000600	10000700	668	92	0.1377245508982036
ont_early	raw_hmm	10000700	10000800	663	100	0.15082956259426847
ont_early	raw_hmm	10000800	10000900	658	85	0.12917933130699089
ont_early	raw_hmm	10000900	10001000	658	53	0.08054711246200608
ont_early	raw_hmm	10001000	10001100	657	100	0.15220700152207
ont_early	raw_hmm	10001100	10001200	660	111	0.16818181818181818
ont_early	raw_hmm	10001200	10001300	659	111	0.16843702579666162
ont_early	raw_hmm	10001300	10001400	657	119	0.1811263318112633
ont_early	raw_hmm	10001400	10001500	660	104	0.15757575757575756
ont_early	raw_hmm	10001500	10001600	660	113	0.1712121212121212
ont_early	raw_hmm	10001600	10001700	664	90	0.1355421686746988
ont_early	raw_hmm	10001700	10001800	664	63	0.09487951807228916
ont_early	raw_hmm	10001800	10001900	663	70	0.10558069381598793
ont_early	raw_hmm	10001900	10002000	666	70	0.10510510510510511
ont_early	raw_hmm	10002000	10002100	665	66	0.09924812030075188
ont_early	raw_hmm	10002100	10002200	666	68	0.1021021021021021
ont_early	raw_hmm	10002200	10002300	668	98	0.1467065868263473
ont_early	raw_hmm	10002300	10002400	670	130	0.19402985074626866
ont_early	raw_hmm	10002400	10002500	673	155	0.2303120356612184
ont_early	raw_hmm	10002500	10002600	672	176	0.2619047619047619
ont_early	raw_hmm	10002600	10002700	666	145	0.21771771771771772
ont_early	raw_hmm	10002700	10002800	666	84	0.12612612612612611
ont_early	raw_hmm	10002800	10002900	666	90	0.13513513513513514
ont_early	raw_hmm	10002900	10003000	673	91	0.1352154531946508
ont_early	raw_hmm	10003000	10003100	671	125	0.18628912071535023
ont_early	raw_hmm	10003100	10003200	674	167	0.24777448071216618
ont_early	raw_hmm	10003200	10003300	678	181	0.2669616519174041
ont_early	raw_hmm	10003300	10003400	683	177	0.2591508052708638
ont_early	raw_hmm	10003400	10003500	680	113	0.1661764705882353
ont_early	raw_hmm	10003500	10003600	674	115	0.17062314540059348
ont_early	raw_hmm	10003600	10003700	676	119	0.1760355029585799
ont_early	raw_hmm	10003700	10003800	678	140	0.20648967551622419
ont_early	raw_hmm	10003800	10003900	681	130	0.19089574155653452
ont_early	raw_hmm	10003900	10004000	681	77	0.1130690161527166
ont_early	raw_hmm	10004000	10004100	679	44	0.06480117820324006
ont_early	raw_hmm	10004100	10004200	673	87	0.12927191679049035
ont_early	raw_hmm	10004200	10004300	668	128	0.19161676646706588
ont_early	raw_hmm	10004300	10004400	666	163	0.24474474474474475
ont_early	raw_hmm	10004400	10004500	660	122	0.18484848484848485
ont_early	raw_hmm	10004500	10004600	657	98	0.1491628614916286
ont_early	raw_hmm	10004600	10004700	656	91	0.13871951219512196
ont_early	raw_hmm	10004700	10004800	653	91	0.13935681470137826
ont_early	raw_hmm	10004800	10004900	651	120	0.18433179723502305
ont_early	raw_hmm	10004900	10005000	647	102	0.15765069551777433
ont_early	raw_hmm	10005000	10005100	648	86	0.13271604938271606
ont_early	raw_hmm	10005100	10005200	646	152	0.23529411764705882
ont_early	raw_hmm	10005200	10005300	645	170	0.26356589147286824
ont_early	raw_hmm	10005300	10005400	639	154	0.24100156494522693
ont_early	raw_hmm	10005400	10005500	631	80	0.12678288431061807
ont_early	raw_hmm	10005500	10005600	626	52	0.08306709265175719
ont_early	raw_hmm	10005600	10005700	623	49	0.07865168539325842
ont_early	raw_hmm	10005700	10005800	623	95	0.15248796147672553
ont_early	raw_hmm	10005800	10005900	616	126	0.20454545454545456
ont_early	raw_hmm	10005900	10006000	616	89	0.1444805194805195
ont_early	conservative	9954000	9954100	712	218	0.3061797752808989
ont_early	conservative	9954100	9954200	716	198	0.276536312849162
ont_early	conservative	9954200	9954300	710	168	0.23661971830985915
ont_early	conservative	9954300	9954400	711	188	0.26441631504922647
ont_early	conservative	9954400	9954500	707	181	0.256011315417256
ont_early	conservative	9954500	9954600	713	299	0.41935483870967744
ont_early	conservative	9954600	9954700	711	338	0.47538677918424754
ont_early	conservative	9954700	9954800	707	252	0.3564356435643564
ont_early	conservative	9954800	9954900	706	220	0.311614730878187
ont_early	conservative	9954900	9955000	702	227	0.32336182336182334
ont_early	conservative	9955000	9955100	704	270	0.3835227272727273
ont_early	conservative	9955100	9955200	705	287	0.40709219858156026
ont_early	conservative	9955200	9955300	703	409	0.5817923186344239
ont_early	conservative	9955300	9955400	705	427	0.6056737588652482
ont_early	conservative	9955400	9955500	693	288	0.4155844155844156
ont_early	conservative	9955500	9955600	699	272	0.38912732474964234
ont_early	conservative	9955600	9955700	709	333	0.4696755994358251
ont_early	conservative	9955700	9955800	716	327	0.45670391061452514
ont_early	conservative	9955800	9955900	713	315	0.4417952314165498
ont_early	conservative	9955900	9956000	721	305	0.42302357836338417
ont_early	conservative	9956000	9956100	724	276	0.3812154696132597
ont_early	conservative	9956100	9956200	721	212	0.29403606102635227
ont_early	conservative	9956200	9956300	725	216	0.2979310344827586
ont_early	conservative	9956300	9956400	729	363	0.49794238683127573
ont_early	conservative	9956400	9956500	734	367	0.5
ont_early	conservative	9956500	9956600	738	283	0.38346883468834686
ont_early	conservative	9956600	9956700	741	268	0.3616734143049933
ont_early	conservative	9956700	9956800	742	245	0.330188679245283
ont_early	conservative	9956800	9956900	742	190	0.2560646900269542
ont_early	conservative	9956900	9957000	739	222	0.3004059539918809
ont_early	conservative	9957000	9957100	743	219	0.29475100942126514
ont_early	conservative	9957100	9957200	743	260	0.34993270524899056
ont_early	conservative	9957200	9957300	740	229	0.30945945945945946
ont_early	conservative	9957300	9957400	741	175	0.23616734143049933
ont_early	conservative	9957400	9957500	738	232	0.3143631436314363
ont_early	conservative	9957500	9957600	737	283	0.383989145183175
ont_early	conservative	9957600	9957700	735	258	0.3510204081632653
ont_early	conservative	9957700	9957800	731	209	0.2859097127222982
ont_early	conservative	9957800	9957900	730	198	0.27123287671232876
ont_early	conservative	9957900	9958000	732	230	0.31420765027322406
ont_early	conservative	9958000	9958100	733	299	0.40791268758526605
ont_early	conservative	9958100	9958200	736	349	0.4741847826086957
ont_early	conservative	9958200	9958300	748	344	0.45989304812834225
ont_early	conservative	9958300	9958400	751	320	0.42609853528628494
ont_early	conservative	9958400	9958500	746	319	0.42761394101876676
ont_early	conservative	9958500	9958600	754	380	0.5039787798408488
ont_early	conservative	9958600	9958700	755	360	0.4768211920529801
ont_early	conservative	9958700	9958800	756	440	0.582010582010582
ont_early	conservative	9958800	9958900	764	530	0.693717277486911
ont_early	conservative	9958900	9959000	763	445	0.583224115334207
ont_early	conservative	9959000	9959100	765	181	0.23660130718954248
ont_early	conservative	9959100	9959200	768	202	0.2630208333333333
ont_early	conservative	9959200	9959300	769	265	0.34460338101430427
ont_early	conservative	9959300	9959400	772	248	0.32124352331606215
ont_early	conservative	9959400	9959500	770	298	0.38701298701298703
ont_early	conservative	9959500	9959600	770	360	0.4675324675324675
ont_early	conservative	9959600	9959700	762	324	0.4251968503937008
ont_early	conservative	9959700	9959800	771	427	0.5538261997405967
ont_early	conservative	9959800	9959900	758	376	0.49604221635883905
ont_early	conservative	9959900	9960000	754	417	0.553050397877984
ont_early	conservative	9960000	9960100	765	506	0.661437908496732
ont_early	conservative	9960100	9960200	748	445	0.5949197860962567
ont_early	conservative	9960200	9960300	760	470	0.618421052631579
ont_early	conservative	9960300	9960400	774	490	0.6330749354005168
ont_early	conservative	9960400	9960500	775	464	0.5987096774193549
ont_early	conservative	9960500	9960600	767	370	0.48239895697522817
ont_early	conservative	9960600	9960700	776	395	0.509020618556701
ont_early	conservative	9960700	9960800	772	360	0.46632124352331605
ont_early	conservative	9960800	9960900	769	361	0.4694408322496749
ont_early	conservative	9960900	9961000	773	349	0.4514877102199224
ont_early	conservative	9961000	9961100	776	332	0.42783505154639173
ont_early	conservative	9961100	9961200	781	326	0.4174135723431498
ont_early	conservative	9961200	9961300	781	306	0.39180537772087065
ont_early	conservative	9961300	9961400	777	207	0.26640926640926643
ont_early	conservative	9961400	9961500	774	171	0.22093023255813954
ont_early	conservative	9961500	9961600	772	292	0.37823834196891193
ont_early	conservative	9961600	9961700	771	384	0.4980544747081712
ont_early	conservative	9961700	9961800	777	360	0.46332046332046334
ont_early	conservative	9961800	9961900	773	382	0.49417852522639066
ont_early	conservative	9961900	9962000	775	435	0.5612903225806452
ont_early	conservative	9962000	9962100	771	391	0.5071335927367056
ont_early	conservative	9962100	9962200	771	316	0.4098573281452659
ont_early	conservative	9962200	9962300	770	361	0.4688311688311688
ont_early	conservative	9962300	9962400	769	381	0.49544863459037713
ont_early	conservative	9962400	9962500	765	404	0.5281045751633987
ont_early	conservative	9962500	9962600	765	412	0.538562091503268
ont_early	conservative	9962600	9962700	763	357	0.46788990825688076
ont_early	conservative	9962700	9962800	769	339	0.4408322496749025
ont_early	conservative	9962800	9962900	774	263	0.3397932816537468
ont_early	conservative	9962900	9963000	775	200	0.25806451612903225
ont_early	conservative	9963000	9963100	772	218	0.2823834196891192
ont_early	conservative	9963100	9963200	782	361	0.4616368286445013
ont_early	conservative	9963200	9963300	779	435	0.558408215661104
ont_early	conservative	9963300	9963400	784	443	0.5650510204081632
ont_early	conservative	9963400	9963500	785	372	0.47388535031847134
ont_early	conservative	9963500	9963600	787	277	0.3519695044472681
ont_early	conservative	9963600	9963700	784	183	0.23341836734693877
ont_early	conservative	9963700	9963800	790	201	0.25443037974683547
ont_early	conservative	9963800	9963900	791	240	0.3034134007585335
ont_early	conservative	9963900	9964000	790	295	0.37341772151898733
ont_early	conservative	9964000	9964100	800	321	0.40125
ont_early	conservative	9964100	9964200	805	413	0.5130434782608696
ont_early	conservative	9964200	9964300	806	393	0.48759305210918114
ont_early	conservative	9964300	9964400	801	280	0.3495630461922597
ont_early	conservative	9964400	9964500	804	326	0.4054726368159204
ont_early	conservative	9964500	9964600	804	346	0.43034825870646765
ont_early	conservative	9964600	9964700	804	378	0.4701492537313433
ont_early	conservative	9964700	9964800	800	419	0.52375
ont_early	conservative	9964800	9964900	800	405	0.50625
ont_early	conservative	9964900	9965000	797	301	0.37766624843161856
ont_early	conservative	9965000	9965100	814	509	0.6253071253071253
ont_early	conservative	9965100	9965200	809	410	0.5067985166872683
ont_early	conservative	9965200	9965300	812	122	0.15024630541871922
ont_early	conservative	9965300	9965400	817	142	0.17380660954712362
ont_early	conservative	9965400	9965500	814	245	0.300982800982801
ont_early	conservative	9965500	9965600	821	237	0.28867235079171744
ont_early	conservative	9965600	9965700	819	188	0.22954822954822954
ont_early	conservative	9965700	9965800	824	171	0.20752427184466019
ont_early	conservative	9965800	9965900	824	167	0.20266990291262135
ont_early	conservative	9965900	9966000	830	211	0.25421686746987954
ont_early	conservative	9966000	9966100	827	200	0.2418379685610641
ont_early	conservative	9966100	9966200	824	174	0.2111650485436893
ont_early	conservative	9966200	9966300	822	177	0.21532846715328466
ont_early	conservative	9966300	9966400	835	320	0.38323353293413176
ont_early	conservative	9966400	9966500	831	319	0.3838748495788207
ont_early	conservative	9966500	9966600	826	232	0.28087167070217917
ont_early	conservative	9966600	9966700	829	265	0.31966224366706875
ont_early	conservative	9966700	9966800	823	272	0.330498177399757
ont_early	conservative	9966800	9966900	824	258	0.3131067961165049
ont_early	conservative	9966900	9967000	828	215	0.25966183574879226
ont_early	conservative	9967000	9967100	827	217	0.2623941958887545
ont_early	conservative	9967100	9967200	824	232	0.2815533980582524
ont_early	conservative	9967200	9967300	822	362	0.44038929440389296
ont_early	conservative	9967300	9967400	828	484	0.5845410628019324
ont_early	conservative	9967400	9967500	832	485	0.5829326923076923
ont_early	conservative	9967500	9967600	832	487	0.5853365384615384
ont_early	conservative	9967600	9967700	832	425	0.5108173076923077
ont_early	conservative	9967700	9967800	834	370	0.44364508393285373
ont_early	conservative	9967800	9967900	829	310	0.37394451145958985
ont_early	conservative	9967900	9968000	824	368	0.44660194174757284
ont_early	conservative	9968000	9968100	822	434	0.5279805352798054
ont_early	conservative	9968100	9968200	824	399	0.4842233009708738
ont_early	conservative	9968200	9968300	820	292	0.35609756097560974
ont_early	conservative	9968300	9968400	814	197	0.24201474201474202
ont_early	conservative	9968400	9968500	817	234	0.2864137086903305
ont_early	conservative	9968500	9968600	814	341	0.4189189189189189
ont_early	conservative	9968600	9968700	811	331	0.4081381011097411
ont_early	conservative	9968700	9968800	814	158	0.1941031941031941
ont_early	conservative	9968800	9968900	810	158	0.19506172839506172
ont_early	conservative	9968900	9969000	811	443	0.5462392108508015
ont_early	conservative	9969000	9969100	815	605	0.7423312883435583
ont_early	conservative	9969100	9969200	794	535	0.6738035264483627
ont_early	conservative	9969200	9969300	793	464	0.5851197982345523
ont_early	conservative	9969300	9969400	787	417	0.5298602287166455
ont_early	conservative	9969400	9969500	781	408	0.5224071702944942
ont_early	conservative	9969500	9969600	783	385	0.49169859514687103
ont_early	conservative	9969600	9969700	782	366	0.4680306905370844
ont_early	conservative	9969700	9969800	792	311	0.3926767676767677
ont_early	conservative	9969800	9969900	789	247	0.31305449936628643
ont_early	conservative	9969900	9970000	787	294	0.3735705209656925
ont_early	conservative	9970000	9970100	792	345	0.4356060606060606
ont_early	conservative	9970100	9970200	787	329	0.41804320203303685
ont_early	conservative	9970200	9970300	786	294	0.37404580152671757
ont_early	conservative	9970300	9970400	788	286	0.3629441624365482
ont_early	conservative	9970400	9970500	787	286	0.3634053367217281
ont_early	conservative	9970500	9970600	780	263	0.3371794871794872
ont_early	conservative	9970600	9970700	779	207	0.26572528883183566
ont_early	conservative	9970700	9970800	784	238	0.30357142857142855
ont_early	conservative	9970800	9970900	783	250	0.31928480204342274
ont_early	conservative	9970900	9971000	790	256	0.3240506329113924
ont_early	conservative	9971000	9971100	790	363	0.45949367088607596
ont_early	conservative	9971100	9971200	789	363	0.4600760456273764
ont_early	conservative	9971200	9971300	784	287	0.36607142857142855
ont_early	conservative	9971300	9971400	782	381	0.48721227621483376
ont_early	conservative	9971400	9971500	782	366	0.4680306905370844
ont_early	conservative	9971500	9971600	783	385	0.49169859514687103
ont_early	conservative	9971600	9971700	782	344	0.4398976982097187
ont_early	conservative	9971700	9971800	784	360	0.45918367346938777
ont_early	conservative	9971800	9971900	782	386	0.4936061381074169
ont_early	conservative	9971900	9972000	782	376	0.48081841432225064
ont_early	conservative	9972000	9972100	785	373	0.4751592356687898
ont_early	conservative	9972100	9972200	786	401	0.510178117048346
ont_early	conservative	9972200	9972300	793	427	0.5384615384615384
ont_early	conservative	9972300	9972400	798	427	0.5350877192982456
ont_early	conservative	9972400	9972500	800	350	0.4375
ont_early	conservative	9972500	9972600	800	310	0.3875
ont_early	conservative	9972600	9972700	798	274	0.3433583959899749
ont_early	conservative	9972700	9972800	802	507	0.6321695760598504
ont_early	conservative	9972800	9972900	815	637	0.7815950920245399
ont_early	conservative	9972900	9973000	803	535	0.6662515566625156
ont_early	conservative	9973000	9973100	806	280	0.34739454094292804
ont_early	conservative	9973100	9973200	795	167	0.21006289308176102
ont_early	conservative	9973200	9973300	804	268	0.3333333333333333
ont_early	conservative	9973300	9973400	807	408	0.5055762081784386
ont_early	conservative	9973400	9973500	818	466	0.5696821515892421
ont_early	conservative	9973500	9973600	821	430	0.5237515225334958
ont_early	conservative	9973600	9973700	818	374	0.4572127139364303
ont_early	conservative	9973700	9973800	817	453	0.554467564259486
ont_early	conservative	9973800	9973900	820	433	0.5280487804878049
ont_early	conservative	9973900	9974000	822	474	0.5766423357664233
ont_early	conservative	9974000	9974100	832	491	0.5901442307692307
ont_early	conservative	9974100	9974200	833	475	0.5702280912364946
ont_early	conservative	9974200	9974300	833	497	0.5966386554621849
ont_early	conservative	9974300	9974400	832	454	0.5456730769230769
ont_early	conservative	9974400	9974500	829	394	0.4752714113389626
ont_early	conservative	9974500	9974600	837	366	0.43727598566308246
ont_early	conservative	9974600	9974700	840	262	0.3119047619047619
ont_early	conservative	9974700	9974800	837	160	0.1911589008363202
ont_early	conservative	9974800	9974900	845	190	0.22485207100591717
ont_early	conservative	9974900	9975000	847	265	0.31286894923258557
ont_early	conservative	9975000	9975100	843	370	0.4389086595492289
ont_early	conservative	9975100	9975200	847	374	0.44155844155844154
ont_early	conservative	9975200	9975300	856	432	0.5046728971962616
ont_early	conservative	9975300	9975400	854	473	0.5538641686182669
ont_early	conservative	9975400	9975500	846	425	0.5023640661938534
ont_early	conservative	9975500	9975600	848	410	0.4834905660377358
ont_early	conservative	9975600	9975700	855	435	0.5087719298245614
ont_early	conservative	9975700	9975800	850	429	0.5047058823529412
ont_early	conservative	9975800	9975900	845	351	0.4153846153846154
ont_early	conservative	9975900	9976000	846	393	0.4645390070921986
ont_early	conservative	9976000	9976100	851	406	0.4770857814336075
ont_early	conservative	9976100	9976200	848	316	0.37264150943396224
ont_early	conservative	9976200	9976300	851	319	0.37485311398354876
ont_early	conservative	9976300	9976400	852	363	0.426056338028169
ont_early	conservative	9976400	9976500	837	285	0.34050179211469533
ont_early	conservative	9976500	9976600	840	152	0.18095238095238095
ont_early	conservative	9976600	9976700	841	141	0.16765755053507728
ont_early	conservative	9976700	9976800	841	189	0.22473246135552913
ont_early	conservative	9976800	9976900	844	260	0.3080568720379147
ont_early	conservative	9976900	9977000	838	307	0.36634844868735084
ont_early	conservative	9977000	9977100	836	406	0.48564593301435405
ont_early	conservative	9977100	9977200	841	499	0.5933412604042806
ont_early	conservative	9977200	9977300	850	489	0.5752941176470588
ont_early	conservative	9977300	9977400	857	513	0.5985997666277713
ont_early	conservative	9977400	9977500	861	584	0.6782810685249709
ont_early	conservative	9977500	9977600	869	586	0.6743383199079401
ont_early	conservative	9977600	9977700	872	550	0.6307339449541285
ont_early	conservative	9977700	9977800	877	514	0.5860889395667047
ont_early	conservative	9977800	9977900	879	471	0.5358361774744027
ont_early	conservative	9977900	9978000	875	397	0.45371428571428574
ont_early	conservative	9978000	9978100	879	438	0.49829351535836175
ont_early	conservative	9978100	9978200	880	377	0.4284090909090909
ont_early	conservative	9978200	9978300	890	409	0.45955056179775283
ont_early	conservative	9978300	9978400	893	413	0.46248600223964165
ont_early	conservative	9978400	9978500	894	323	0.36129753914988816
ont_early	conservative	9978500	9978600	891	291	0.3265993265993266
ont_early	conservative	9978600	9978700	891	304	0.34118967452300786
ont_early	conservative	9978700	9978800	887	279	0.314543404735062
ont_early	conservative	9978800	9978900	888	365	0.41103603603603606
ont_early	conservative	9978900	9979000	889	484	0.5444319460067492
ont_early	conservative	9979000	9979100	894	540	0.6040268456375839
ont_early	conservative	9979100	9979200	894	725	0.8109619686800895
ont_early	conservative	9979200	9979300	900	739	0.8211111111111111
ont_early	conservative	9979300	9979400	904	614	0.6792035398230089
ont_early	conservative	9979400	9979500	907	515	0.5678059536934951
ont_early	conservative	9979500	9979600	903	422	0.4673311184939092
ont_early	conservative	9979600	9979700	904	463	0.5121681415929203
ont_early	conservative	9979700	9979800	900	474	0.5266666666666666
ont_early	conservative	9979800	9979900	903	476	0.5271317829457365
ont_early	conservative	9979900	9980000	901	506	0.5615982241953386
ont_early	conservative	9980000	9980100	903	489	0.5415282392026578
ont_early	conservative	9980100	9980200	904	459	0.5077433628318584
ont_early	conservative	9980200	9980300	898	462	0.5144766146993318
ont_early	conservative	9980300	9980400	904	484	0.5353982300884956
ont_early	conservative	9980400	9980500	904	470	0.5199115044247787
ont_early	conservative	9980500	9980600	907	464	0.5115766262403528
ont_early	conservative	9980600	9980700	918	340	0.37037037037037035
ont_early	conservative	9980700	9980800	915	296	0.32349726775956283
ont_early	conservative	9980800	9980900	919	447	0.48639825897714906
ont_early	conservative	9980900	9981000	918	586	0.6383442265795207
ont_early	conservative	9981000	9981100	924	574	0.6212121212121212
ont_early	conservative	9981100	9981200	919	507	0.5516866158868335
ont_early	conservative	9981200	9981300	918	415	0.45206971677559915
ont_early	conservative	9981300	9981400	925	370	0.4
ont_early	conservative	9981400	9981500	924	337	0.3647186147186147
ont_early	conservative	9981500	9981600	922	299	0.324295010845987
ont_early	conservative	9981600	9981700	921	358	0.38870792616720956
ont_early	conservative	9981700	9981800	922	331	0.35900216919739697
ont_early	conservative	9981800	9981900	922	300	0.32537960954446854
ont_early	conservative	9981900	9982000	924	255	0.275974025974026
ont_early	conservative	9982000	9982100	929	279	0.30032292787944026
ont_early	conservative	9982100	9982200	933	309	0.3311897106109325
ont_early	conservative	9982200	9982300	936	281	0.3002136752136752
ont_early	conservative	9982300	9982400	941	269	0.2858660998937301
ont_early	conservative	9982400	9982500	937	302	0.3223052294557097
ont_early	conservative	9982500	9982600	933	348	0.3729903536977492
ont_early	conservative	9982600	9982700	929	332	0.3573735199138859
ont_early	conservative	9982700	9982800	926	333	0.3596112311015119
ont_early	conservative	9982800	9982900	920	308	0.3347826086956522
ont_early	conservative	9982900	9983000	913	311	0.34063526834611174
ont_early	conservative	9983000	9983100	916	330	0.36026200873362446
ont_early	conservative	9983100	9983200	920	360	0.391304347826087
ont_early	conservative	9983200	9983300	917	349	0.38058887677208286
ont_early	conservative	9983300	9983400	916	389	0.42467248908296945
ont_early	conservative	9983400	9983500	910	400	0.43956043956043955
ont_early	conservative	9983500	9983600	912	346	0.3793859649122807
ont_early	conservative	9983600	9983700	905	428	0.47292817679558014
ont_early	conservative	9983700	9983800	906	449	0.4955849889624724
ont_early	conservative	9983800	9983900	903	418	0.4629014396456257
ont_early	conservative	9983900	9984000	901	345	0.38290788013318533
ont_early	conservative	9984000	9984100	898	330	0.3674832962138085
ont_early	conservative	9984100	9984200	892	367	0.41143497757847536
ont_early	conservative	9984200	9984300	895	304	0.3396648044692737
ont_early	conservative	9984300	9984400	894	319	0.3568232662192394
ont_early	conservative	9984400	9984500	891	294	0.32996632996632996
ont_early	conservative	9984500	9984600	890	221	0.24831460674157305
ont_early	conservative	9984600	9984700	893	289	0.3236282194848824
ont_early	conservative	9984700	9984800	896	343	0.3828125
ont_early	conservative	9984800	9984900	900	465	0.5166666666666667
ont_early	conservative	9984900	9985000	892	503	0.5639013452914798
ont_early	conservative	9985000	9985100	890	433	0.48651685393258426
ont_early	conservative	9985100	9985200	884	388	0.43891402714932126
ont_early	conservative	9985200	9985300	884	325	0.36764705882352944
ont_early	conservative	9985300	9985400	881	273	0.3098751418842225
ont_early	conservative	9985400	9985500	879	311	0.35381114903299204
ont_early	conservative	9985500	9985600	879	363	0.4129692832764505
ont_early	conservative	9985600	9985700	873	394	0.4513172966781214
ont_early	conservative	9985700	9985800	872	337	0.38646788990825687
ont_early	conservative	9985800	9985900	868	329	0.3790322580645161
ont_early	conservative	9985900	9986000	863	331	0.38354577056778677
ont_early	conservative	9986000	9986100	860	372	0.4325581395348837
ont_early	conservative	9986100	9986200	860	436	0.5069767441860465
ont_early	conservative	9986200	9986300	850	444	0.5223529411764706
ont_early	conservative	9986300	9986400	846	435	0.5141843971631206
ont_early	conservative	9986400	9986500	855	391	0.45730994152046783
ont_early	conservative	9986500	9986600	831	281	0.3381468110709988
ont_early	conservative	9986600	9986700	828	304	0.3671497584541063
ont_early	conservative	9986700	9986800	818	353	0.4315403422982885
ont_early	conservative	9986800	9986900	817	316	0.386780905752754
ont_early	conservative	9986900	9987000	816	331	0.4056372549019608
ont_early	conservative	9987000	9987100	812	366	0.45073891625615764
ont_early	conservative	9987100	9987200	806	356	0.44168734491315137
ont_early	conservative	9987200	9987300	804	340	0.4228855721393035
ont_early	conservative	9987300	9987400	813	301	0.37023370233702335
ont_early	conservative	9987400	9987500	802	275	0.3428927680798005
ont_early	conservative	9987500	9987600	802	298	0.371571072319202
ont_early	conservative	9987600	9987700	800	343	0.42875
ont_early	conservative	9987700	9987800	796	352	0.44221105527638194
ont_early	conservative	9987800	9987900	797	237	0.2973651191969887
ont_early	conservative	9987900	9988000	798	157	0.19674185463659147
ont_early	conservative	9988000	9988100	796	162	0.20351758793969849
ont_early	conservative	9988100	9988200	795	218	0.2742138364779874
ont_early	conservative	9988200	9988300	789	276	0.34980988593155893
ont_early	conservative	9988300	9988400	784	366	0.46683673469387754
ont_early	conservative	9988400	9988500	780	387	0.49615384615384617
ont_early	conservative	9988500	9988600	763	361	0.47313237221494103
ont_early	conservative	9988600	9988700	767	317	0.4132985658409387
ont_early	conservative	9988700	9988800	765	373	0.4875816993464052
ont_early	conservative	9988800	9988900	773	459	0.5937904269081501
ont_early	conservative	9988900	9989000	765	521	0.681045751633987
ont_early	conservative	9989000	9989100	761	554	0.7279894875164258
ont_early	conservative	9989100	9989200	752	513	0.6821808510638298
ont_early	conservative	9989200	9989300	749	410	0.5473965287049399
ont_early	conservative	9989300	9989400	748	277	0.37032085561497324
ont_early	conservative	9989400	9989500	743	286	0.38492597577388965
ont_early	conservative	9989500	9989600	745	398	0.5342281879194631
ont_early	conservative	9989600	9989700	747	403	0.5394912985274432
ont_early	conservative	9989700	9989800	750	225	0.3
ont_early	conservative	9989800	9989900	734	164	0.22343324250681199
ont_early	conservative	9989900	9990000	730	159	0.21780821917808219
ont_early	conservative	9990000	9990100	733	167	0.22783083219645292
ont_early	conservative	9990100	9990200	739	217	0.2936400541271989
ont_early	conservative	9990200	9990300	741	205	0.2766531713900135
ont_early	conservative	9990300	9990400	746	259	0.34718498659517427
ont_early	conservative	9990400	9990500	744	362	0.48655913978494625
ont_early	conservative	9990500	9990600	746	381	0.5107238605898123
ont_early	conservative	9990600	9990700	743	345	0.46433378196500674
ont_early	conservative	9990700	9990800	739	384	0.5196211096075778
ont_early	conservative	9990800	9990900	746	401	0.5375335120643432
ont_early	conservative	9990900	9991000	742	373	0.5026954177897575
ont_early	conservative	9991000	9991100	740	368	0.4972972972972973
ont_early	conservative	9991100	9991200	739	337	0.456021650879567
ont_early	conservative	9991200	9991300	732	337	0.4603825136612022
ont_early	conservative	9991300	9991400	727	341	0.469050894085282
ont_early	conservative	9991400	9991500	729	307	0.42112482853223593
ont_early	conservative	9991500	9991600	739	300	0.4059539918809202
ont_early	conservative	9991600	9991700	738	327	0.44308943089430897
ont_early	conservative	9991700	9991800	741	303	0.4089068825910931
ont_early	conservative	9991800	9991900	741	318	0.4291497975708502
ont_early	conservative	9991900	9992000	750	351	0.468
ont_early	conservative	9992000	9992100	747	356	0.47657295850066933
ont_early	conservative	9992100	9992200	739	397	0.5372124492557511
ont_early	conservative	9992200	9992300	732	377	0.5150273224043715
ont_early	conservative	9992300	9992400	725	323	0.44551724137931037
ont_early	conservative	9992400	9992500	727	357	0.49105914718019256
ont_early	conservative	9992500	9992600	730	345	0.4726027397260274
ont_early	conservative	9992600	9992700	732	309	0.42213114754098363
ont_early	conservative	9992700	9992800	724	272	0.3756906077348066
ont_early	conservative	9992800	9992900	722	301	0.4168975069252078
ont_early	conservative	9992900	9993000	726	271	0.37327823691460055
ont_early	conservative	9993000	9993100	725	240	0.3310344827586207
ont_early	conservative	9993100	9993200	726	236	0.325068870523416
ont_early	conservative	9993200	9993300	728	312	0.42857142857142855
ont_early	conservative	9993300	9993400	728	306	0.42032967032967034
ont_early	conservative	9993400	9993500	726	193	0.26584022038567495
ont_early	conservative	9993500	9993600	718	113	0.1573816155988858
ont_early	conservative	9993600	9993700	719	155	0.21557719054242003
ont_early	conservative	9993700	9993800	722	227	0.314404432132964
ont_early	conservative	9993800	9993900	719	212	0.2948539638386648
ont_early	conservative	9993900	9994000	718	136	0.1894150417827298
ont_early	conservative	9994000	9994100	719	112	0.15577190542420027
ont_early	conservative	9994100	9994200	724	134	0.1850828729281768
ont_early	conservative	9994200	9994300	725	118	0.16275862068965516
ont_early	conservative	9994300	9994400	724	124	0.1712707182320442
ont_early	conservative	9994400	9994500	722	153	0.21191135734072022
ont_early	conservative	9994500	9994600	723	186	0.2572614107883817
ont_early	conservative	9994600	9994700	720	186	0.25833333333333336
ont_early	conservative	9994700	9994800	719	121	0.16828929068150209
ont_early	conservative	9994800	9994900	716	158	0.2206703910614525
ont_early	conservative	9994900	9995000	714	161	0.22549019607843138
ont_early	conservative	9995000	9995100	712	155	0.21769662921348315
ont_early	conservative	9995100	9995200	712	163	0.22893258426966293
ont_early	conservative	9995200	9995300	710	220	0.30985915492957744
ont_early	conservative	9995300	9995400	709	268	0.37799717912552894
ont_early	conservative	9995400	9995500	701	247	0.35235378031383735
ont_early	conservative	9995500	9995600	701	237	0.33808844507845937
ont_early	conservative	9995600	9995700	703	250	0.35561877667140823
ont_early	conservative	9995700	9995800	710	227	0.31971830985915495
ont_early	conservative	9995800	9995900	709	184	0.25952045133991536
ont_early	conservative	9995900	9996000	710	130	0.18309859154929578
ont_early	conservative	9996000	9996100	708	178	0.2514124293785311
ont_early	conservative	9996100	9996200	705	156	0.22127659574468084
ont_early	conservative	9996200	9996300	701	174	0.24821683309557774
ont_early	conservative	9996300	9996400	697	319	0.45767575322812054
ont_early	conservative	9996400	9996500	695	302	0.43453237410071943
ont_early	conservative	9996500	9996600	698	282	0.4040114613180516
ont_early	conservative	9996600	9996700	694	234	0.3371757925072046
ont_early	conservative	9996700	9996800	691	218	0.3154848046309696
ont_early	conservative	9996800	9996900	684	215	0.31432748538011696
ont_early	conservative	9996900	9997000	678	216	0.3185840707964602
ont_early	conservative	9997000	9997100	675	196	0.2903703703703704
ont_early	conservative	9997100	9997200	680	265	0.3897058823529412
ont_early	conservative	9997200	9997300	670	207	0.30895522388059704
ont_early	conservative	9997300	9997400	664	165	0.24849397590361447
ont_early	conservative	9997400	9997500	662	236	0.3564954682779456
ont_early	conservative	9997500	9997600	659	298	0.45220030349013657
ont_early	conservative	9997600	9997700	663	315	0.4751131221719457
ont_early	conservative	9997700	9997800	660	346	0.5242424242424243
ont_early	conservative	9997800	9997900	659	320	0.48558421851289835
ont_early	conservative	9997900	9998000	659	219	0.3323216995447648
ont_early	conservative	9998000	9998100	659	110	0.1669195751138088
ont_early	conservative	9998100	9998200	657	139	0.2115677321156773
ont_early	conservative	9998200	9998300	661	243	0.367624810892587
ont_early	conservative	9998300	9998400	656	268	0.40853658536585363
ont_early	conservative	9998400	9998500	658	289	0.439209726443769
ont_early	conservative	9998500	9998600	659	267	0.40515933232169954
ont_early	conservative	9998600	9998700	664	219	0.32981927710843373
ont_early	conservative	9998700	9998800	664	238	0.35843373493975905
ont_early	conservative	9998800	9998900	672	218	0.3244047619047619
ont_early	conservative	9998900	9999000	671	183	0.2727272727272727
ont_early	conservative	9999000	9999100	673	157	0.23328380386329867
ont_early	conservative	9999100	9999200	669	163	0.2436472346786248
ont_early	conservative	9999200	9999300	670	156	0.23283582089552238
ont_early	conservative	9999300	9999400	666	177	0.26576576576576577
ont_early	conservative	9999400	9999500	668	215	0.3218562874251497
ont_early	conservative	9999500	9999600	665	238	0.35789473684210527
ont_early	conservative	9999600	9999700	667	226	0.33883058470764615
ont_early	conservative	9999700	9999800	672	276	0.4107142857142857
ont_early	conservative	9999800	9999900	668	316	0.47305389221556887
ont_early	conservative	9999900	10000000	666	254	0.3813813813813814
ont_early	conservative	10000000	10000100	670	245	0.3656716417910448
ont_early	conservative	10000100	10000200	667	254	0.3808095952023988
ont_early	conservative	10000200	10000300	669	171	0.2556053811659193
ont_early	conservative	10000300	10000400	668	116	0.17365269461077845
ont_early	conservative	10000400	10000500	668	164	0.24550898203592814
ont_early	conservative	10000500	10000600	665	219	0.3293233082706767
ont_early	conservative	10000600	10000700	668	217	0.3248502994011976
ont_early	conservative	10000700	10000800	663	228	0.3438914027149321
ont_early	conservative	10000800	10000900	658	179	0.27203647416413373
ont_early	conservative	10000900	10001000	658	158	0.24012158054711247
ont_early	conservative	10001000	10001100	657	198	0.3013698630136986
ont_early	conservative	10001100	10001200	660	212	0.3212121212121212
ont_early	conservative	10001200	10001300	659	225	0.34142640364188165
ont_early	conservative	10001300	10001400	657	238	0.3622526636225266
ont_early	conservative	10001400	10001500	660	230	0.3484848484848485
ont_early	conservative	10001500	10001600	660	243	0.36818181818181817
ont_early	conservative	10001600	10001700	664	188	0.28313253012048195
ont_early	conservative	10001700	10001800	664	154	0.2319277108433735
ont_early	conservative	10001800	10001900	663	168	0.25339366515837103
ont_early	conservative	10001900	10002000	666	158	0.23723723723723725
ont_early	conservative	10002000	10002100	665	151	0.22706766917293233
ont_early	conservative	10002100	10002200	666	196	0.29429429429429427
ont_early	conservative	10002200	10002300	668	215	0.3218562874251497
ont_early	conservative	10002300	10002400	670	233	0.34776119402985073
ont_early	conservative	10002400	10002500	673	270	0.4011887072808321
ont_early	conservative	10002500	10002600	672	325	0.4836309523809524
ont_early	conservative	10002600	10002700	666	318	0.4774774774774775
ont_early	conservative	10002700	10002800	666	258	0.38738738738738737
ont_early	conservative	10002800	10002900	666	182	0.2732732732732733
ont_early	conservative	10002900	10003000	673	176	0.26151560178306094
ont_early	conservative	10003000	10003100	671	231	0.3442622950819672
ont_early	conservative	10003100	10003200	674	284	0.42136498516320475
ont_early	conservative	10003200	10003300	678	295	0.4351032448377581
ont_early	conservative	10003300	10003400	683	307	0.4494875549048316
ont_early	conservative	10003400	10003500	680	241	0.35441176470588237
ont_early	conservative	10003500	10003600	674	230	0.34124629080118696
ont_early	conservative	10003600	10003700	676	241	0.35650887573964496
ont_early	conservative	10003700	10003800	678	264	0.3893805309734513
ont_early	conservative	10003800	10003900	681	236	0.3465491923641703
ont_early	conservative	10003900	10004000	681	151	0.22173274596182085
ont_early	conservative	10004000	10004100	679	108	0.15905743740795286
ont_early	conservative	10004100	10004200	673	175	0.2600297176820208
ont_early	conservative	10004200	10004300	668	228	0.3413173652694611
ont_early	conservative	10004300	10004400	666	270	0.40540540540540543
ont_early	conservative	10004400	10004500	660	241	0.36515151515151517
ont_early	conservative	10004500	10004600	657	200	0.30441400304414
ont_early	conservative	10004600	10004700	656	189	0.28810975609756095
ont_early	conservative	10004700	10004800	653	197	0.3016845329249617
ont_early	conservative	10004800	10004900	651	224	0.34408602150537637
ont_early	conservative	10004900	10005000	647	184	0.28438948995363217
ont_early	conservative	10005000	10005100	648	171	0.2638888888888889
ont_early	conservative	10005100	10005200	646	254	0.3931888544891641
ont_early	conservative	10005200	10005300	645	256	0.39689922480620154
ont_early	conservative	10005300	10005400	639	251	0.39280125195618154
ont_early	conservative	10005400	10005500	631	177	0.2805071315372425
ont_early	conservative	10005500	10005600	626	119	0.1900958466453674
ont_early	conservative	10005600	10005700	623	101	0.16211878009630817
ont_early	conservative	10005700	10005800	623	190	0.30497592295345105
ont_early	conservative	10005800	10005900	616	247	0.400974025974026
ont_early	conservative	10005900	10006000	616	183	0.29707792207792205
ont_early	topology_fragment	9954000	9954100	712	124	0.17415730337078653
ont_early	topology_fragment	9954100	9954200	716	110	0.15363128491620112
ont_early	topology_fragment	9954200	9954300	710	92	0.1295774647887324
ont_early	topology_fragment	9954300	9954400	711	107	0.15049226441631505
ont_early	topology_fragment	9954400	9954500	707	97	0.1371994342291372
ont_early	topology_fragment	9954500	9954600	713	188	0.26367461430575034
ont_early	topology_fragment	9954600	9954700	711	215	0.30239099859353025
ont_early	topology_fragment	9954700	9954800	707	153	0.2164073550212164
ont_early	topology_fragment	9954800	9954900	706	97	0.13739376770538245
ont_early	topology_fragment	9954900	9955000	702	98	0.1396011396011396
ont_early	topology_fragment	9955000	9955100	704	136	0.19318181818181818
ont_early	topology_fragment	9955100	9955200	705	141	0.2
ont_early	topology_fragment	9955200	9955300	703	274	0.38975817923186346
ont_early	topology_fragment	9955300	9955400	705	287	0.40709219858156026
ont_early	topology_fragment	9955400	9955500	693	173	0.24963924963924963
ont_early	topology_fragment	9955500	9955600	699	161	0.23032904148783978
ont_early	topology_fragment	9955600	9955700	709	161	0.22708039492242596
ont_early	topology_fragment	9955700	9955800	716	161	0.22486033519553073
ont_early	topology_fragment	9955800	9955900	713	175	0.24544179523141654
ont_early	topology_fragment	9955900	9956000	721	168	0.23300970873786409
ont_early	topology_fragment	9956000	9956100	724	147	0.20303867403314918
ont_early	topology_fragment	9956100	9956200	721	120	0.1664355062413315
ont_early	topology_fragment	9956200	9956300	725	118	0.16275862068965516
ont_early	topology_fragment	9956300	9956400	729	213	0.29218106995884774
ont_early	topology_fragment	9956400	9956500	734	225	0.3065395095367847
ont_early	topology_fragment	9956500	9956600	738	161	0.2181571815718157
ont_early	topology_fragment	9956600	9956700	741	154	0.2078272604588394
ont_early	topology_fragment	9956700	9956800	742	134	0.18059299191374664
ont_early	topology_fragment	9956800	9956900	742	100	0.1347708894878706
ont_early	topology_fragment	9956900	9957000	739	114	0.15426251691474965
ont_early	topology_fragment	9957000	9957100	743	117	0.15746971736204576
ont_early	topology_fragment	9957100	9957200	743	150	0.2018842530282638
ont_early	topology_fragment	9957200	9957300	740	133	0.17972972972972973
ont_early	topology_fragment	9957300	9957400	741	92	0.1241565452091768
ont_early	topology_fragment	9957400	9957500	738	128	0.17344173441734417
ont_early	topology_fragment	9957500	9957600	737	160	0.21709633649932158
ont_early	topology_fragment	9957600	9957700	735	131	0.1782312925170068
ont_early	topology_fragment	9957700	9957800	731	107	0.146374829001368
ont_early	topology_fragment	9957800	9957900	730	100	0.136986301369863
ont_early	topology_fragment	9957900	9958000	732	115	0.15710382513661203
ont_early	topology_fragment	9958000	9958100	733	168	0.2291950886766712
ont_early	topology_fragment	9958100	9958200	736	176	0.2391304347826087
ont_early	topology_fragment	9958200	9958300	748	154	0.20588235294117646
ont_early	topology_fragment	9958300	9958400	751	143	0.1904127829560586
ont_early	topology_fragment	9958400	9958500	746	189	0.25335120643431636
ont_early	topology_fragment	9958500	9958600	754	232	0.3076923076923077
ont_early	topology_fragment	9958600	9958700	755	201	0.2662251655629139
ont_early	topology_fragment	9958700	9958800	756	242	0.3201058201058201
ont_early	topology_fragment	9958800	9958900	764	374	0.4895287958115183
ont_early	topology_fragment	9958900	9959000	763	292	0.382699868938401
ont_early	topology_fragment	9959000	9959100	765	88	0.11503267973856209
ont_early	topology_fragment	9959100	9959200	768	103	0.13411458333333334
ont_early	topology_fragment	9959200	9959300	769	135	0.1755526657997399
ont_early	topology_fragment	9959300	9959400	772	124	0.16062176165803108
ont_early	topology_fragment	9959400	9959500	770	186	0.24155844155844156
ont_early	topology_fragment	9959500	9959600	770	203	0.2636363636363636
ont_early	topology_fragment	9959600	9959700	762	192	0.25196850393700787
ont_early	topology_fragment	9959700	9959800	771	258	0.3346303501945525
ont_early	topology_fragment	9959800	9959900	758	208	0.27440633245382584
ont_early	topology_fragment	9959900	9960000	754	244	0.32360742705570295
ont_early	topology_fragment	9960000	9960100	765	364	0.47581699346405226
ont_early	topology_fragment	9960100	9960200	748	301	0.40240641711229946
ont_early	topology_fragment	9960200	9960300	760	342	0.45
ont_early	topology_fragment	9960300	9960400	774	348	0.4496124031007752
ont_early	topology_fragment	9960400	9960500	775	291	0.37548387096774194
ont_early	topology_fragment	9960500	9960600	767	236	0.3076923076923077
ont_early	topology_fragment	9960600	9960700	776	266	0.3427835051546392
ont_early	topology_fragment	9960700	9960800	772	244	0.3160621761658031
ont_early	topology_fragment	9960800	9960900	769	220	0.28608582574772434
ont_early	topology_fragment	9960900	9961000	773	208	0.2690815006468305
ont_early	topology_fragment	9961000	9961100	776	189	0.24355670103092783
ont_early	topology_fragment	9961100	9961200	781	202	0.2586427656850192
ont_early	topology_fragment	9961200	9961300	781	182	0.2330345710627401
ont_early	topology_fragment	9961300	9961400	777	94	0.12097812097812098
ont_early	topology_fragment	9961400	9961500	774	78	0.10077519379844961
ont_early	topology_fragment	9961500	9961600	772	163	0.211139896373057
ont_early	topology_fragment	9961600	9961700	771	245	0.31776913099870296
ont_early	topology_fragment	9961700	9961800	777	240	0.3088803088803089
ont_early	topology_fragment	9961800	9961900	773	246	0.3182406209573092
ont_early	topology_fragment	9961900	9962000	775	303	0.3909677419354839
ont_early	topology_fragment	9962000	9962100	771	269	0.34889753566796367
ont_early	topology_fragment	9962100	9962200	771	202	0.2619974059662776
ont_early	topology_fragment	9962200	9962300	770	242	0.3142857142857143
ont_early	topology_fragment	9962300	9962400	769	248	0.32249674902470743
ont_early	topology_fragment	9962400	9962500	765	260	0.33986928104575165
ont_early	topology_fragment	9962500	9962600	765	252	0.32941176470588235
ont_early	topology_fragment	9962600	9962700	763	195	0.25557011795543905
ont_early	topology_fragment	9962700	9962800	769	183	0.23797139141742524
ont_early	topology_fragment	9962800	9962900	774	135	0.1744186046511628
ont_early	topology_fragment	9962900	9963000	775	88	0.1135483870967742
ont_early	topology_fragment	9963000	9963100	772	108	0.13989637305699482
ont_early	topology_fragment	9963100	9963200	782	206	0.26342710997442453
ont_early	topology_fragment	9963200	9963300	779	265	0.34017971758664955
ont_early	topology_fragment	9963300	9963400	784	276	0.3520408163265306
ont_early	topology_fragment	9963400	9963500	785	212	0.2700636942675159
ont_early	topology_fragment	9963500	9963600	787	139	0.17662007623888182
ont_early	topology_fragment	9963600	9963700	784	90	0.11479591836734694
ont_early	topology_fragment	9963700	9963800	790	103	0.13037974683544304
ont_early	topology_fragment	9963800	9963900	791	150	0.18963337547408343
ont_early	topology_fragment	9963900	9964000	790	184	0.23291139240506328
ont_early	topology_fragment	9964000	9964100	800	161	0.20125
ont_early	topology_fragment	9964100	9964200	805	245	0.30434782608695654
ont_early	topology_fragment	9964200	9964300	806	249	0.30893300248138955
ont_early	topology_fragment	9964300	9964400	801	152	0.18976279650436953
ont_early	topology_fragment	9964400	9964500	804	164	0.20398009950248755
ont_early	topology_fragment	9964500	9964600	804	207	0.2574626865671642
ont_early	topology_fragment	9964600	9964700	804	249	0.30970149253731344
ont_early	topology_fragment	9964700	9964800	800	263	0.32875
ont_early	topology_fragment	9964800	9964900	800	259	0.32375
ont_early	topology_fragment	9964900	9965000	797	181	0.22710163111668757
ont_early	topology_fragment	9965000	9965100	814	357	0.43857493857493857
ont_early	topology_fragment	9965100	9965200	809	283	0.34981458590852904
ont_early	topology_fragment	9965200	9965300	812	66	0.0812807881773399
ont_early	topology_fragment	9965300	9965400	817	66	0.08078335373317014
ont_early	topology_fragment	9965400	9965500	814	148	0.18181818181818182
ont_early	topology_fragment	9965500	9965600	821	144	0.1753958587088916
ont_early	topology_fragment	9965600	9965700	819	109	0.1330891330891331
ont_early	topology_fragment	9965700	9965800	824	97	0.11771844660194175
ont_early	topology_fragment	9965800	9965900	824	90	0.10922330097087378
ont_early	topology_fragment	9965900	9966000	830	90	0.10843373493975904
ont_early	topology_fragment	9966000	9966100	827	91	0.11003627569528417
ont_early	topology_fragment	9966100	9966200	824	80	0.0970873786407767
ont_early	topology_fragment	9966200	9966300	822	80	0.09732360097323602
ont_early	topology_fragment	9966300	9966400	835	205	0.24550898203592814
ont_early	topology_fragment	9966400	9966500	831	211	0.2539109506618532
ont_early	topology_fragment	9966500	9966600	826	131	0.1585956416464891
ont_early	topology_fragment	9966600	9966700	829	152	0.18335343787696018
ont_early	topology_fragment	9966700	9966800	823	134	0.16281895504252733
ont_early	topology_fragment	9966800	9966900	824	130	0.15776699029126215
ont_early	topology_fragment	9966900	9967000	828	120	0.14492753623188406
ont_early	topology_fragment	9967000	9967100	827	113	0.13663845223700122
ont_early	topology_fragment	9967100	9967200	824	135	0.1638349514563107
ont_early	topology_fragment	9967200	9967300	822	237	0.28832116788321166
ont_early	topology_fragment	9967300	9967400	828	345	0.4166666666666667
ont_early	topology_fragment	9967400	9967500	832	367	0.4411057692307692
ont_early	topology_fragment	9967500	9967600	832	347	0.4170673076923077
ont_early	topology_fragment	9967600	9967700	832	303	0.3641826923076923
ont_early	topology_fragment	9967700	9967800	834	209	0.25059952038369304
ont_early	topology_fragment	9967800	9967900	829	159	0.19179734620024125
ont_early	topology_fragment	9967900	9968000	824	190	0.23058252427184467
ont_early	topology_fragment	9968000	9968100	822	275	0.33454987834549876
ont_early	topology_fragment	9968100	9968200	824	225	0.27305825242718446
ont_early	topology_fragment	9968200	9968300	820	170	0.2073170731707317
ont_early	topology_fragment	9968300	9968400	814	88	0.10810810810810811
ont_early	topology_fragment	9968400	9968500	817	126	0.15422276621787026
ont_early	topology_fragment	9968500	9968600	814	178	0.21867321867321868
ont_early	topology_fragment	9968600	9968700	811	165	0.2034525277435265
ont_early	topology_fragment	9968700	9968800	814	71	0.08722358722358722
ont_early	topology_fragment	9968800	9968900	810	75	0.09259259259259259
ont_early	topology_fragment	9968900	9969000	811	226	0.2786683107274969
ont_early	topology_fragment	9969000	9969100	815	467	0.5730061349693252
ont_early	topology_fragment	9969100	9969200	794	401	0.5050377833753149
ont_early	topology_fragment	9969200	9969300	793	256	0.3228247162673392
ont_early	topology_fragment	9969300	9969400	787	263	0.3341804320203304
ont_early	topology_fragment	9969400	9969500	781	257	0.3290653008962868
ont_early	topology_fragment	9969500	9969600	783	234	0.2988505747126437
ont_early	topology_fragment	9969600	9969700	782	228	0.2915601023017903
ont_early	topology_fragment	9969700	9969800	792	180	0.22727272727272727
ont_early	topology_fragment	9969800	9969900	789	129	0.1634980988593156
ont_early	topology_fragment	9969900	9970000	787	176	0.22363405336721728
ont_early	topology_fragment	9970000	9970100	792	198	0.25
ont_early	topology_fragment	9970100	9970200	787	202	0.25667090216010163
ont_early	topology_fragment	9970200	9970300	786	181	0.23027989821882952
ont_early	topology_fragment	9970300	9970400	788	160	0.20304568527918782
ont_early	topology_fragment	9970400	9970500	787	174	0.22109275730622618
ont_early	topology_fragment	9970500	9970600	780	154	0.19743589743589743
ont_early	topology_fragment	9970600	9970700	779	109	0.1399229781771502
ont_early	topology_fragment	9970700	9970800	784	123	0.1568877551020408
ont_early	topology_fragment	9970800	9970900	783	140	0.17879948914431673
ont_early	topology_fragment	9970900	9971000	790	132	0.1670886075949367
ont_early	topology_fragment	9971000	9971100	790	200	0.25316455696202533
ont_early	topology_fragment	9971100	9971200	789	240	0.3041825095057034
ont_early	topology_fragment	9971200	9971300	784	166	0.21173469387755103
ont_early	topology_fragment	9971300	9971400	782	201	0.2570332480818414
ont_early	topology_fragment	9971400	9971500	782	206	0.26342710997442453
ont_early	topology_fragment	9971500	9971600	783	257	0.3282247765006386
ont_early	topology_fragment	9971600	9971700	782	206	0.26342710997442453
ont_early	topology_fragment	9971700	9971800	784	211	0.26913265306122447
ont_early	topology_fragment	9971800	9971900	782	236	0.30179028132992325
ont_early	topology_fragment	9971900	9972000	782	205	0.26214833759590794
ont_early	topology_fragment	9972000	9972100	785	232	0.29554140127388534
ont_early	topology_fragment	9972100	9972200	786	292	0.37150127226463103
ont_early	topology_fragment	9972200	9972300	793	291	0.3669609079445145
ont_early	topology_fragment	9972300	9972400	798	238	0.2982456140350877
ont_early	topology_fragment	9972400	9972500	800	191	0.23875
ont_early	topology_fragment	9972500	9972600	800	180	0.225
ont_early	topology_fragment	9972600	9972700	798	146	0.18295739348370926
ont_early	topology_fragment	9972700	9972800	802	294	0.36658354114713215
ont_early	topology_fragment	9972800	9972900	815	487	0.5975460122699386
ont_early	topology_fragment	9972900	9973000	803	340	0.42341220423412207
ont_early	topology_fragment	9973000	9973100	806	115	0.14267990074441686
ont_early	topology_fragment	9973100	9973200	795	85	0.1069182389937107
ont_early	topology_fragment	9973200	9973300	804	151	0.18781094527363185
ont_early	topology_fragment	9973300	9973400	807	248	0.3073110285006196
ont_early	topology_fragment	9973400	9973500	818	304	0.37163814180929094
ont_early	topology_fragment	9973500	9973600	821	312	0.3800243605359318
ont_early	topology_fragment	9973600	9973700	818	216	0.26405867970660146
ont_early	topology_fragment	9973700	9973800	817	289	0.3537331701346389
ont_early	topology_fragment	9973800	9973900	820	303	0.3695121951219512
ont_early	topology_fragment	9973900	9974000	822	325	0.3953771289537713
ont_early	topology_fragment	9974000	9974100	832	294	0.35336538461538464
ont_early	topology_fragment	9974100	9974200	833	322	0.3865546218487395
ont_early	topology_fragment	9974200	9974300	833	350	0.42016806722689076
ont_early	topology_fragment	9974300	9974400	832	295	0.3545673076923077
ont_early	topology_fragment	9974400	9974500	829	250	0.30156815440289503
ont_early	topology_fragment	9974500	9974600	837	231	0.27598566308243727
ont_early	topology_fragment	9974600	9974700	840	159	0.18928571428571428
ont_early	topology_fragment	9974700	9974800	837	73	0.08721624850657109
ont_early	topology_fragment	9974800	9974900	845	86	0.10177514792899409
ont_early	topology_fragment	9974900	9975000	847	150	0.1770956316410862
ont_early	topology_fragment	9975000	9975100	843	221	0.26215895610913403
ont_early	topology_fragment	9975100	9975200	847	223	0.2632821723730815
ont_early	topology_fragment	9975200	9975300	856	281	0.3282710280373832
ont_early	topology_fragment	9975300	9975400	854	312	0.36533957845433257
ont_early	topology_fragment	9975400	9975500	846	260	0.3073286052009456
ont_early	topology_fragment	9975500	9975600	848	224	0.2641509433962264
ont_early	topology_fragment	9975600	9975700	855	258	0.3017543859649123
ont_early	topology_fragment	9975700	9975800	850	264	0.31058823529411766
ont_early	topology_fragment	9975800	9975900	845	188	0.22248520710059172
ont_early	topology_fragment	9975900	9976000	846	219	0.25886524822695034
ont_early	topology_fragment	9976000	9976100	851	228	0.2679200940070505
ont_early	topology_fragment	9976100	9976200	848	147	0.1733490566037736
ont_early	topology_fragment	9976200	9976300	851	172	0.20211515863689777
ont_early	topology_fragment	9976300	9976400	852	220	0.25821596244131456
ont_early	topology_fragment	9976400	9976500	837	167	0.19952210274790919
ont_early	topology_fragment	9976500	9976600	840	73	0.0869047619047619
ont_early	topology_fragment	9976600	9976700	841	52	0.06183115338882283
ont_early	topology_fragment	9976700	9976800	841	86	0.10225921521997622
ont_early	topology_fragment	9976800	9976900	844	128	0.15165876777251186
ont_early	topology_fragment	9976900	9977000	838	167	0.19928400954653938
ont_early	topology_fragment	9977000	9977100	836	271	0.3241626794258373
ont_early	topology_fragment	9977100	9977200	841	380	0.4518430439952438
ont_early	topology_fragment	9977200	9977300	850	367	0.43176470588235294
ont_early	topology_fragment	9977300	9977400	857	309	0.3605600933488915
ont_early	topology_fragment	9977400	9977500	861	391	0.454123112659698
ont_early	topology_fragment	9977500	9977600	869	427	0.49136939010356734
ont_early	topology_fragment	9977600	9977700	872	427	0.4896788990825688
ont_early	topology_fragment	9977700	9977800	877	376	0.42873432155074115
ont_early	topology_fragment	9977800	9977900	879	315	0.3583617747440273
ont_early	topology_fragment	9977900	9978000	875	253	0.28914285714285715
ont_early	topology_fragment	9978000	9978100	879	242	0.2753128555176337
ont_early	topology_fragment	9978100	9978200	880	194	0.22045454545454546
ont_early	topology_fragment	9978200	9978300	890	258	0.2898876404494382
ont_early	topology_fragment	9978300	9978400	893	279	0.3124300111982083
ont_early	topology_fragment	9978400	9978500	894	215	0.24049217002237136
ont_early	topology_fragment	9978500	9978600	891	172	0.19304152637485972
ont_early	topology_fragment	9978600	9978700	891	189	0.21212121212121213
ont_early	topology_fragment	9978700	9978800	887	155	0.17474633596392333
ont_early	topology_fragment	9978800	9978900	888	170	0.19144144144144143
ont_early	topology_fragment	9978900	9979000	889	253	0.2845894263217098
ont_early	topology_fragment	9979000	9979100	894	326	0.36465324384787473
ont_early	topology_fragment	9979100	9979200	894	598	0.668903803131991
ont_early	topology_fragment	9979200	9979300	900	599	0.6655555555555556
ont_early	topology_fragment	9979300	9979400	904	393	0.43473451327433627
ont_early	topology_fragment	9979400	9979500	907	349	0.38478500551267913
ont_early	topology_fragment	9979500	9979600	903	258	0.2857142857142857
ont_early	topology_fragment	9979600	9979700	904	307	0.3396017699115044
ont_early	topology_fragment	9979700	9979800	900	325	0.3611111111111111
ont_early	topology_fragment	9979800	9979900	903	303	0.33554817275747506
ont_early	topology_fragment	9979900	9980000	901	289	0.32075471698113206
ont_early	topology_fragment	9980000	9980100	903	305	0.3377630121816168
ont_early	topology_fragment	9980100	9980200	904	304	0.336283185840708
ont_early	topology_fragment	9980200	9980300	898	267	0.2973273942093541
ont_early	topology_fragment	9980300	9980400	904	312	0.34513274336283184
ont_early	topology_fragment	9980400	9980500	904	338	0.37389380530973454
ont_early	topology_fragment	9980500	9980600	907	303	0.3340683572216097
ont_early	topology_fragment	9980600	9980700	918	211	0.2298474945533769
ont_early	topology_fragment	9980700	9980800	915	160	0.17486338797814208
ont_early	topology_fragment	9980800	9980900	919	306	0.33297062023939067
ont_early	topology_fragment	9980900	9981000	918	429	0.4673202614379085
ont_early	topology_fragment	9981000	9981100	924	387	0.41883116883116883
ont_early	topology_fragment	9981100	9981200	919	284	0.30903155603917304
ont_early	topology_fragment	9981200	9981300	918	228	0.24836601307189543
ont_early	topology_fragment	9981300	9981400	925	169	0.1827027027027027
ont_early	topology_fragment	9981400	9981500	924	144	0.15584415584415584
ont_early	topology_fragment	9981500	9981600	922	134	0.14533622559652928
ont_early	topology_fragment	9981600	9981700	921	188	0.20412595005428882
ont_early	topology_fragment	9981700	9981800	922	190	0.20607375271149675
ont_early	topology_fragment	9981800	9981900	922	146	0.15835140997830802
ont_early	topology_fragment	9981900	9982000	924	135	0.1461038961038961
ont_early	topology_fragment	9982000	9982100	929	155	0.1668460710441335
ont_early	topology_fragment	9982100	9982200	933	170	0.18220793140407288
ont_early	topology_fragment	9982200	9982300	936	146	0.15598290598290598
ont_early	topology_fragment	9982300	9982400	941	129	0.13708820403825717
ont_early	topology_fragment	9982400	9982500	937	158	0.16862326574172892
ont_early	topology_fragment	9982500	9982600	933	173	0.18542336548767416
ont_early	topology_fragment	9982600	9982700	929	146	0.15715823466092574
ont_early	topology_fragment	9982700	9982800	926	161	0.17386609071274298
ont_early	topology_fragment	9982800	9982900	920	152	0.16521739130434782
ont_early	topology_fragment	9982900	9983000	913	179	0.19605695509309967
ont_early	topology_fragment	9983000	9983100	916	217	0.2368995633187773
ont_early	topology_fragment	9983100	9983200	920	215	0.23369565217391305
ont_early	topology_fragment	9983200	9983300	917	189	0.20610687022900764
ont_early	topology_fragment	9983300	9983400	916	201	0.21943231441048036
ont_early	topology_fragment	9983400	9983500	910	205	0.22527472527472528
ont_early	topology_fragment	9983500	9983600	912	194	0.21271929824561403
ont_early	topology_fragment	9983600	9983700	905	286	0.3160220994475138
ont_early	topology_fragment	9983700	9983800	906	309	0.34105960264900664
ont_early	topology_fragment	9983800	9983900	903	283	0.3133997785160576
ont_early	topology_fragment	9983900	9984000	901	188	0.20865704772475027
ont_early	topology_fragment	9984000	9984100	898	183	0.20378619153674832
ont_early	topology_fragment	9984100	9984200	892	223	0.25
ont_early	topology_fragment	9984200	9984300	895	172	0.19217877094972066
ont_early	topology_fragment	9984300	9984400	894	200	0.22371364653243847
ont_early	topology_fragment	9984400	9984500	891	182	0.20426487093153758
ont_early	topology_fragment	9984500	9984600	890	120	0.1348314606741573
ont_early	topology_fragment	9984600	9984700	893	140	0.15677491601343785
ont_early	topology_fragment	9984700	9984800	896	197	0.21986607142857142
ont_early	topology_fragment	9984800	9984900	900	257	0.28555555555555556
ont_early	topology_fragment	9984900	9985000	892	307	0.34417040358744394
ont_early	topology_fragment	9985000	9985100	890	270	0.30337078651685395
ont_early	topology_fragment	9985100	9985200	884	252	0.2850678733031674
ont_early	topology_fragment	9985200	9985300	884	176	0.19909502262443438
ont_early	topology_fragment	9985300	9985400	881	144	0.16345062429057888
ont_early	topology_fragment	9985400	9985500	879	179	0.2036405005688282
ont_early	topology_fragment	9985500	9985600	879	202	0.229806598407281
ont_early	topology_fragment	9985600	9985700	873	206	0.23596792668957617
ont_early	topology_fragment	9985700	9985800	872	186	0.21330275229357798
ont_early	topology_fragment	9985800	9985900	868	181	0.20852534562211983
ont_early	topology_fragment	9985900	9986000	863	214	0.24797219003476245
ont_early	topology_fragment	9986000	9986100	860	267	0.31046511627906975
ont_early	topology_fragment	9986100	9986200	860	331	0.38488372093023254
ont_early	topology_fragment	9986200	9986300	850	306	0.36
ont_early	topology_fragment	9986300	9986400	846	267	0.31560283687943264
ont_early	topology_fragment	9986400	9986500	855	259	0.30292397660818715
ont_early	topology_fragment	9986500	9986600	831	167	0.2009626955475331
ont_early	topology_fragment	9986600	9986700	828	175	0.2113526570048309
ont_early	topology_fragment	9986700	9986800	818	221	0.2701711491442543
ont_early	topology_fragment	9986800	9986900	817	203	0.2484700122399021
ont_early	topology_fragment	9986900	9987000	816	206	0.25245098039215685
ont_early	topology_fragment	9987000	9987100	812	202	0.24876847290640394
ont_early	topology_fragment	9987100	9987200	806	216	0.2679900744416873
ont_early	topology_fragment	9987200	9987300	804	222	0.27611940298507465
ont_early	topology_fragment	9987300	9987400	813	177	0.2177121771217712
ont_early	topology_fragment	9987400	9987500	802	151	0.1882793017456359
ont_early	topology_fragment	9987500	9987600	802	161	0.20074812967581046
ont_early	topology_fragment	9987600	9987700	800	185	0.23125
ont_early	topology_fragment	9987700	9987800	796	192	0.24120603015075376
ont_early	topology_fragment	9987800	9987900	797	127	0.15934755332496864
ont_early	topology_fragment	9987900	9988000	798	75	0.09398496240601503
ont_early	topology_fragment	9988000	9988100	796	87	0.1092964824120603
ont_early	topology_fragment	9988100	9988200	795	118	0.14842767295597484
ont_early	topology_fragment	9988200	9988300	789	152	0.1926489226869455
ont_early	topology_fragment	9988300	9988400	784	209	0.26658163265306123
ont_early	topology_fragment	9988400	9988500	780	219	0.28076923076923077
ont_early	topology_fragment	9988500	9988600	763	204	0.2673656618610747
ont_early	topology_fragment	9988600	9988700	767	187	0.2438070404172099
ont_early	topology_fragment	9988700	9988800	765	229	0.29934640522875816
ont_early	topology_fragment	9988800	9988900	773	278	0.35963777490297544
ont_early	topology_fragment	9988900	9989000	765	343	0.44836601307189544
ont_early	topology_fragment	9989000	9989100	761	355	0.4664914586070959
ont_early	topology_fragment	9989100	9989200	752	301	0.4002659574468085
ont_early	topology_fragment	9989200	9989300	749	228	0.30440587449933243
ont_early	topology_fragment	9989300	9989400	748	166	0.22192513368983957
ont_early	topology_fragment	9989400	9989500	743	184	0.24764468371467024
ont_early	topology_fragment	9989500	9989600	745	201	0.2697986577181208
ont_early	topology_fragment	9989600	9989700	747	202	0.27041499330655955
ont_early	topology_fragment	9989700	9989800	750	114	0.152
ont_early	topology_fragment	9989800	9989900	734	85	0.11580381471389646
ont_early	topology_fragment	9989900	9990000	730	81	0.11095890410958904
ont_early	topology_fragment	9990000	9990100	733	80	0.10914051841746249
ont_early	topology_fragment	9990100	9990200	739	96	0.12990527740189445
ont_early	topology_fragment	9990200	9990300	741	81	0.10931174089068826
ont_early	topology_fragment	9990300	9990400	746	154	0.2064343163538874
ont_early	topology_fragment	9990400	9990500	744	229	0.3077956989247312
ont_early	topology_fragment	9990500	9990600	746	236	0.3163538873994638
ont_early	topology_fragment	9990600	9990700	743	224	0.30148048452220727
ont_early	topology_fragment	9990700	9990800	739	265	0.35859269282814615
ont_early	topology_fragment	9990800	9990900	746	264	0.353887399463807
ont_early	topology_fragment	9990900	9991000	742	224	0.3018867924528302
ont_early	topology_fragment	9991000	9991100	740	231	0.31216216216216214
ont_early	topology_fragment	9991100	9991200	739	201	0.2719891745602165
ont_early	topology_fragment	9991200	9991300	732	194	0.2650273224043716
ont_early	topology_fragment	9991300	9991400	727	195	0.26822558459422285
ont_early	topology_fragment	9991400	9991500	729	173	0.23731138545953362
ont_early	topology_fragment	9991500	9991600	739	164	0.2219215155615697
ont_early	topology_fragment	9991600	9991700	738	195	0.26422764227642276
ont_early	topology_fragment	9991700	9991800	741	200	0.2699055330634278
ont_early	topology_fragment	9991800	9991900	741	188	0.25371120107962214
ont_early	topology_fragment	9991900	9992000	750	239	0.31866666666666665
ont_early	topology_fragment	9992000	9992100	747	248	0.3319946452476573
ont_early	topology_fragment	9992100	9992200	739	280	0.37889039242219213
ont_early	topology_fragment	9992200	9992300	732	235	0.32103825136612024
ont_early	topology_fragment	9992300	9992400	725	157	0.21655172413793103
ont_early	topology_fragment	9992400	9992500	727	216	0.297111416781293
ont_early	topology_fragment	9992500	9992600	730	230	0.3150684931506849
ont_early	topology_fragment	9992600	9992700	732	191	0.2609289617486339
ont_early	topology_fragment	9992700	9992800	724	146	0.20165745856353592
ont_early	topology_fragment	9992800	9992900	722	181	0.25069252077562326
ont_early	topology_fragment	9992900	9993000	726	167	0.23002754820936638
ont_early	topology_fragment	9993000	9993100	725	133	0.18344827586206897
ont_early	topology_fragment	9993100	9993200	726	99	0.13636363636363635
ont_early	topology_fragment	9993200	9993300	728	156	0.21428571428571427
ont_early	topology_fragment	9993300	9993400	728	171	0.2348901098901099
ont_early	topology_fragment	9993400	9993500	726	107	0.14738292011019283
ont_early	topology_fragment	9993500	9993600	718	49	0.06824512534818941
ont_early	topology_fragment	9993600	9993700	719	73	0.10152990264255911
ont_early	topology_fragment	9993700	9993800	722	120	0.16620498614958448
ont_early	topology_fragment	9993800	9993900	719	112	0.15577190542420027
ont_early	topology_fragment	9993900	9994000	718	67	0.09331476323119778
ont_early	topology_fragment	9994000	9994100	719	50	0.06954102920723226
ont_early	topology_fragment	9994100	9994200	724	48	0.06629834254143646
ont_early	topology_fragment	9994200	9994300	725	49	0.06758620689655172
ont_early	topology_fragment	9994300	9994400	724	47	0.0649171270718232
ont_early	topology_fragment	9994400	9994500	722	68	0.09418282548476455
ont_early	topology_fragment	9994500	9994600	723	76	0.10511756569847856
ont_early	topology_fragment	9994600	9994700	720	75	0.10416666666666667
ont_early	topology_fragment	9994700	9994800	719	60	0.08344923504867872
ont_early	topology_fragment	9994800	9994900	716	80	0.11173184357541899
ont_early	topology_fragment	9994900	9995000	714	74	0.10364145658263306
ont_early	topology_fragment	9995000	9995100	712	67	0.09410112359550561
ont_early	topology_fragment	9995100	9995200	712	74	0.10393258426966293
ont_early	topology_fragment	9995200	9995300	710	108	0.15211267605633802
ont_early	topology_fragment	9995300	9995400	709	151	0.21297602256699577
ont_early	topology_fragment	9995400	9995500	701	119	0.16975748930099857
ont_early	topology_fragment	9995500	9995600	701	126	0.1797432239657632
ont_early	topology_fragment	9995600	9995700	703	143	0.2034139402560455
ont_early	topology_fragment	9995700	9995800	710	106	0.14929577464788732
ont_early	topology_fragment	9995800	9995900	709	72	0.10155148095909731
ont_early	topology_fragment	9995900	9996000	710	65	0.09154929577464789
ont_early	topology_fragment	9996000	9996100	708	83	0.1172316384180791
ont_early	topology_fragment	9996100	9996200	705	70	0.09929078014184398
ont_early	topology_fragment	9996200	9996300	701	76	0.10841654778887304
ont_early	topology_fragment	9996300	9996400	697	124	0.17790530846484937
ont_early	topology_fragment	9996400	9996500	695	115	0.16546762589928057
ont_early	topology_fragment	9996500	9996600	698	161	0.23065902578796563
ont_early	topology_fragment	9996600	9996700	694	144	0.207492795389049
ont_early	topology_fragment	9996700	9996800	691	112	0.16208393632416787
ont_early	topology_fragment	9996800	9996900	684	118	0.17251461988304093
ont_early	topology_fragment	9996900	9997000	678	120	0.17699115044247787
ont_early	topology_fragment	9997000	9997100	675	129	0.19111111111111112
ont_early	topology_fragment	9997100	9997200	680	184	0.27058823529411763
ont_early	topology_fragment	9997200	9997300	670	134	0.2
ont_early	topology_fragment	9997300	9997400	664	96	0.14457831325301204
ont_early	topology_fragment	9997400	9997500	662	138	0.2084592145015106
ont_early	topology_fragment	9997500	9997600	659	177	0.26858877086494687
ont_early	topology_fragment	9997600	9997700	663	168	0.25339366515837103
ont_early	topology_fragment	9997700	9997800	660	238	0.3606060606060606
ont_early	topology_fragment	9997800	9997900	659	203	0.30804248861911987
ont_early	topology_fragment	9997900	9998000	659	123	0.18664643399089528
ont_early	topology_fragment	9998000	9998100	659	55	0.0834597875569044
ont_early	topology_fragment	9998100	9998200	657	63	0.0958904109589041
ont_early	topology_fragment	9998200	9998300	661	118	0.17851739788199697
ont_early	topology_fragment	9998300	9998400	656	146	0.2225609756097561
ont_early	topology_fragment	9998400	9998500	658	179	0.27203647416413373
ont_early	topology_fragment	9998500	9998600	659	164	0.2488619119878604
ont_early	topology_fragment	9998600	9998700	664	116	0.1746987951807229
ont_early	topology_fragment	9998700	9998800	664	125	0.18825301204819278
ont_early	topology_fragment	9998800	9998900	672	104	0.15476190476190477
ont_early	topology_fragment	9998900	9999000	671	90	0.13412816691505217
ont_early	topology_fragment	9999000	9999100	673	81	0.12035661218424963
ont_early	topology_fragment	9999100	9999200	669	70	0.10463378176382661
ont_early	topology_fragment	9999200	9999300	670	78	0.11641791044776119
ont_early	topology_fragment	9999300	9999400	666	98	0.14714714714714713
ont_early	topology_fragment	9999400	9999500	668	122	0.18263473053892215
ont_early	topology_fragment	9999500	9999600	665	131	0.19699248120300752
ont_early	topology_fragment	9999600	9999700	667	117	0.17541229385307347
ont_early	topology_fragment	9999700	9999800	672	144	0.21428571428571427
ont_early	topology_fragment	9999800	9999900	668	181	0.27095808383233533
ont_early	topology_fragment	9999900	10000000	666	162	0.24324324324324326
ont_early	topology_fragment	10000000	10000100	670	151	0.2253731343283582
ont_early	topology_fragment	10000100	10000200	667	159	0.2383808095952024
ont_early	topology_fragment	10000200	10000300	669	98	0.14648729446935724
ont_early	topology_fragment	10000300	10000400	668	64	0.09580838323353294
ont_early	topology_fragment	10000400	10000500	668	89	0.13323353293413173
ont_early	topology_fragment	10000500	10000600	665	114	0.17142857142857143
ont_early	topology_fragment	10000600	10000700	668	108	0.16167664670658682
ont_early	topology_fragment	10000700	10000800	663	114	0.17194570135746606
ont_early	topology_fragment	10000800	10000900	658	98	0.14893617021276595
ont_early	topology_fragment	10000900	10001000	658	71	0.10790273556231003
ont_early	topology_fragment	10001000	10001100	657	113	0.1719939117199391
ont_early	topology_fragment	10001100	10001200	660	119	0.1803030303030303
ont_early	topology_fragment	10001200	10001300	659	119	0.18057663125948406
ont_early	topology_fragment	10001300	10001400	657	127	0.1933028919330289
ont_early	topology_fragment	10001400	10001500	660	115	0.17424242424242425
ont_early	topology_fragment	10001500	10001600	660	127	0.19242424242424241
ont_early	topology_fragment	10001600	10001700	664	102	0.1536144578313253
ont_early	topology_fragment	10001700	10001800	664	74	0.11144578313253012
ont_early	topology_fragment	10001800	10001900	663	82	0.12368024132730016
ont_early	topology_fragment	10001900	10002000	666	80	0.12012012012012012
ont_early	topology_fragment	10002000	10002100	665	74	0.11127819548872181
ont_early	topology_fragment	10002100	10002200	666	85	0.12762762762762764
ont_early	topology_fragment	10002200	10002300	668	114	0.17065868263473055
ont_early	topology_fragment	10002300	10002400	670	143	0.21343283582089553
ont_early	topology_fragment	10002400	10002500	673	168	0.24962852897473997
ont_early	topology_fragment	10002500	10002600	672	191	0.28422619047619047
ont_early	topology_fragment	10002600	10002700	666	159	0.23873873873873874
ont_early	topology_fragment	10002700	10002800	666	97	0.14564564564564564
ont_early	topology_fragment	10002800	10002900	666	100	0.15015015015015015
ont_early	topology_fragment	10002900	10003000	673	98	0.14561664190193166
ont_early	topology_fragment	10003000	10003100	671	133	0.19821162444113263
ont_early	topology_fragment	10003100	10003200	674	179	0.2655786350148368
ont_early	topology_fragment	10003200	10003300	678	190	0.28023598820059
ont_early	topology_fragment	10003300	10003400	683	188	0.2752562225475842
ont_early	topology_fragment	10003400	10003500	680	121	0.17794117647058824
ont_early	topology_fragment	10003500	10003600	674	123	0.1824925816023739
ont_early	topology_fragment	10003600	10003700	676	130	0.19230769230769232
ont_early	topology_fragment	10003700	10003800	678	153	0.22566371681415928
ont_early	topology_fragment	10003800	10003900	681	140	0.2055800293685756
ont_early	topology_fragment	10003900	10004000	681	85	0.12481644640234948
ont_early	topology_fragment	10004000	10004100	679	53	0.0780559646539028
ont_early	topology_fragment	10004100	10004200	673	100	0.1485884101040119
ont_early	topology_fragment	10004200	10004300	668	137	0.20508982035928144
ont_early	topology_fragment	10004300	10004400	666	175	0.2627627627627628
ont_early	topology_fragment	10004400	10004500	660	133	0.2015151515151515
ont_early	topology_fragment	10004500	10004600	657	108	0.1643835616438356
ont_early	topology_fragment	10004600	10004700	656	105	0.1600609756097561
ont_early	topology_fragment	10004700	10004800	653	105	0.16079632465543645
ont_early	topology_fragment	10004800	10004900	651	132	0.20276497695852536
ont_early	topology_fragment	10004900	10005000	647	110	0.17001545595054096
ont_early	topology_fragment	10005000	10005100	648	91	0.1404320987654321
ont_early	topology_fragment	10005100	10005200	646	160	0.2476780185758514
ont_early	topology_fragment	10005200	10005300	645	177	0.2744186046511628
ont_early	topology_fragment	10005300	10005400	639	162	0.2535211267605634
ont_early	topology_fragment	10005400	10005500	631	90	0.14263074484944532
ont_early	topology_fragment	10005500	10005600	626	62	0.09904153354632587
ont_early	topology_fragment	10005600	10005700	623	55	0.08828250401284109
ont_early	topology_fragment	10005700	10005800	623	99	0.15890850722311398
ont_early	topology_fragment	10005800	10005900	616	136	0.22077922077922077
ont_early	topology_fragment	10005900	10006000	616	97	0.15746753246753248
ont_late	supplied	9954000	9954100	715	195	0.2727272727272727
ont_late	supplied	9954100	9954200	714	175	0.24509803921568626
ont_late	supplied	9954200	9954300	716	146	0.20391061452513967
ont_late	supplied	9954300	9954400	717	182	0.25383542538354253
ont_late	supplied	9954400	9954500	714	176	0.24649859943977592
ont_late	supplied	9954500	9954600	709	269	0.37940761636107195
ont_late	supplied	9954600	9954700	711	317	0.44585091420534456
ont_late	supplied	9954700	9954800	708	230	0.3248587570621469
ont_late	supplied	9954800	9954900	703	208	0.2958748221906117
ont_late	supplied	9954900	9955000	704	208	0.29545454545454547
ont_late	supplied	9955000	9955100	704	313	0.4446022727272727
ont_late	supplied	9955100	9955200	706	326	0.46175637393767704
ont_late	supplied	9955200	9955300	696	450	0.646551724137931
ont_late	supplied	9955300	9955400	705	449	0.6368794326241135
ont_late	supplied	9955400	9955500	694	316	0.4553314121037464
ont_late	supplied	9955500	9955600	693	288	0.4155844155844156
ont_late	supplied	9955600	9955700	707	345	0.48797736916548795
ont_late	supplied	9955700	9955800	745	344	0.46174496644295304
ont_late	supplied	9955800	9955900	739	296	0.40054127198917455
ont_late	supplied	9955900	9956000	746	285	0.3820375335120643
ont_late	supplied	9956000	9956100	749	266	0.35514018691588783
ont_late	supplied	9956100	9956200	750	196	0.2613333333333333
ont_late	supplied	9956200	9956300	751	194	0.2583222370173103
ont_late	supplied	9956300	9956400	754	343	0.45490716180371354
ont_late	supplied	9956400	9956500	764	371	0.4856020942408377
ont_late	supplied	9956500	9956600	760	290	0.3815789473684211
ont_late	supplied	9956600	9956700	769	240	0.31209362808842656
ont_late	supplied	9956700	9956800	765	229	0.29934640522875816
ont_late	supplied	9956800	9956900	770	150	0.19480519480519481
ont_late	supplied	9956900	9957000	764	186	0.24345549738219896
ont_late	supplied	9957000	9957100	764	207	0.2709424083769634
ont_late	supplied	9957100	9957200	764	221	0.2892670157068063
ont_late	supplied	9957200	9957300	766	171	0.22323759791122716
ont_late	supplied	9957300	9957400	769	114	0.1482444733420026
ont_late	supplied	9957400	9957500	771	197	0.25551232166018156
ont_late	supplied	9957500	9957600	768	278	0.3619791666666667
ont_late	supplied	9957600	9957700	767	252	0.3285528031290743
ont_late	supplied	9957700	9957800	761	182	0.23915900131406045
ont_late	supplied	9957800	9957900	762	174	0.2283464566929134
ont_late	supplied	9957900	9958000	773	231	0.2988357050452781
ont_late	supplied	9958000	9958100	776	278	0.3582474226804124
ont_late	supplied	9958100	9958200	770	363	0.4714285714285714
ont_late	supplied	9958200	9958300	774	344	0.4444444444444444
ont_late	supplied	9958300	9958400	768	267	0.34765625
ont_late	supplied	9958400	9958500	766	282	0.3681462140992167
ont_late	supplied	9958500	9958600	768	378	0.4921875
ont_late	supplied	9958600	9958700	772	351	0.45466321243523317
ont_late	supplied	9958700	9958800	781	442	0.5659411011523687
ont_late	supplied	9958800	9958900	797	509	0.6386449184441656
ont_late	supplied	9958900	9959000	792	428	0.5404040404040404
ont_late	supplied	9959000	9959100	788	155	0.1967005076142132
ont_late	supplied	9959100	9959200	796	169	0.21231155778894473
ont_late	supplied	9959200	9959300	796	223	0.28015075376884424
ont_late	supplied	9959300	9959400	799	216	0.27033792240300375
ont_late	supplied	9959400	9959500	799	339	0.42428035043804757
ont_late	supplied	9959500	9959600	799	416	0.5206508135168961
ont_late	supplied	9959600	9959700	797	370	0.4642409033877039
ont_late	supplied	9959700	9959800	809	466	0.5760197775030902
ont_late	supplied	9959800	9959900	786	368	0.4681933842239186
ont_late	supplied	9959900	9960000	781	413	0.528809218950064
ont_late	supplied	9960000	9960100	794	537	0.6763224181360201
ont_late	supplied	9960100	9960200	777	445	0.5727155727155727
ont_late	supplied	9960200	9960300	785	496	0.6318471337579618
ont_late	supplied	9960300	9960400	806	518	0.6426799007444168
ont_late	supplied	9960400	9960500	791	452	0.5714285714285714
ont_late	supplied	9960500	9960600	794	386	0.48614609571788414
ont_late	supplied	9960600	9960700	792	385	0.4861111111111111
ont_late	supplied	9960700	9960800	799	375	0.4693366708385482
ont_late	supplied	9960800	9960900	801	370	0.46192259675405745
ont_late	supplied	9960900	9961000	799	364	0.4555694618272841
ont_late	supplied	9961000	9961100	803	324	0.40348692403486924
ont_late	supplied	9961100	9961200	809	283	0.34981458590852904
ont_late	supplied	9961200	9961300	812	265	0.3263546798029557
ont_late	supplied	9961300	9961400	819	168	0.20512820512820512
ont_late	supplied	9961400	9961500	825	163	0.19757575757575757
ont_late	supplied	9961500	9961600	827	311	0.37605804111245467
ont_late	supplied	9961600	9961700	830	402	0.4843373493975904
ont_late	supplied	9961700	9961800	830	390	0.46987951807228917
ont_late	supplied	9961800	9961900	826	406	0.4915254237288136
ont_late	supplied	9961900	9962000	831	455	0.5475330926594465
ont_late	supplied	9962000	9962100	833	399	0.4789915966386555
ont_late	supplied	9962100	9962200	833	294	0.35294117647058826
ont_late	supplied	9962200	9962300	828	363	0.4384057971014493
ont_late	supplied	9962300	9962400	831	407	0.4897713598074609
ont_late	supplied	9962400	9962500	841	439	0.5219976218787158
ont_late	supplied	9962500	9962600	843	427	0.5065243179122183
ont_late	supplied	9962600	9962700	840	387	0.4607142857142857
ont_late	supplied	9962700	9962800	840	354	0.42142857142857143
ont_late	supplied	9962800	9962900	841	230	0.2734839476813318
ont_late	supplied	9962900	9963000	835	164	0.19640718562874251
ont_late	supplied	9963000	9963100	831	197	0.23706377858002406
ont_late	supplied	9963100	9963200	836	336	0.4019138755980861
ont_late	supplied	9963200	9963300	832	429	0.515625
ont_late	supplied	9963300	9963400	838	418	0.4988066825775656
ont_late	supplied	9963400	9963500	837	347	0.4145758661887694
ont_late	supplied	9963500	9963600	843	245	0.29062870699881377
ont_late	supplied	9963600	9963700	843	178	0.2111506524317912
ont_late	supplied	9963700	9963800	841	198	0.23543400713436385
ont_late	supplied	9963800	9963900	838	249	0.2971360381861575
ont_late	supplied	9963900	9964000	838	307	0.36634844868735084
ont_late	supplied	9964000	9964100	842	367	0.4358669833729216
ont_late	supplied	9964100	9964200	847	449	0.5301062573789846
ont_late	supplied	9964200	9964300	850	382	0.44941176470588234
ont_late	supplied	9964300	9964400	848	289	0.3408018867924528
ont_late	supplied	9964400	9964500	847	319	0.37662337662337664
ont_late	supplied	9964500	9964600	851	326	0.38307873090481787
ont_late	supplied	9964600	9964700	853	384	0.4501758499413834
ont_late	supplied	9964700	9964800	854	440	0.5152224824355972
ont_late	supplied	9964800	9964900	857	419	0.48891481913652274
ont_late	supplied	9964900	9965000	851	307	0.3607520564042303
ont_late	supplied	9965000	9965100	860	583	0.6779069767441861
ont_late	supplied	9965100	9965200	844	501	0.5936018957345972
ont_late	supplied	9965200	9965300	837	101	0.12066905615292713
ont_late	supplied	9965300	9965400	832	111	0.13341346153846154
ont_late	supplied	9965400	9965500	833	237	0.2845138055222089
ont_late	supplied	9965500	9965600	834	189	0.22661870503597123
ont_late	supplied	9965600	9965700	833	145	0.17406962785114047
ont_late	supplied	9965700	9965800	827	141	0.17049576783555018
ont_late	supplied	9965800	9965900	826	144	0.17433414043583534
ont_late	supplied	9965900	9966000	830	166	0.2
ont_late	supplied	9966000	9966100	826	165	0.19975786924939468
ont_late	supplied	9966100	9966200	828	137	0.16545893719806765
ont_late	supplied	9966200	9966300	826	153	0.18523002421307505
ont_late	supplied	9966300	9966400	840	317	0.3773809523809524
ont_late	supplied	9966400	9966500	834	324	0.38848920863309355
ont_late	supplied	9966500	9966600	824	207	0.2512135922330097
ont_late	supplied	9966600	9966700	820	232	0.28292682926829266
ont_late	supplied	9966700	9966800	819	233	0.2844932844932845
ont_late	supplied	9966800	9966900	822	241	0.29318734793187345
ont_late	supplied	9966900	9967000	826	231	0.2796610169491525
ont_late	supplied	9967000	9967100	816	208	0.2549019607843137
ont_late	supplied	9967100	9967200	812	266	0.3275862068965517
ont_late	supplied	9967200	9967300	819	354	0.43223443223443225
ont_late	supplied	9967300	9967400	818	478	0.5843520782396088
ont_late	supplied	9967400	9967500	808	491	0.6076732673267327
ont_late	supplied	9967500	9967600	806	505	0.6265508684863523
ont_late	supplied	9967600	9967700	802	468	0.5835411471321695
ont_late	supplied	9967700	9967800	797	380	0.4767879548306148
ont_late	supplied	9967800	9967900	799	315	0.39424280350438046
ont_late	supplied	9967900	9968000	796	366	0.45979899497487436
ont_late	supplied	9968000	9968100	799	446	0.55819774718398
ont_late	supplied	9968100	9968200	798	392	0.49122807017543857
ont_late	supplied	9968200	9968300	798	277	0.34711779448621555
ont_late	supplied	9968300	9968400	802	159	0.19825436408977556
ont_late	supplied	9968400	9968500	806	227	0.2816377171215881
ont_late	supplied	9968500	9968600	806	309	0.38337468982630274
ont_late	supplied	9968600	9968700	806	312	0.3870967741935484
ont_late	supplied	9968700	9968800	793	169	0.21311475409836064
ont_late	supplied	9968800	9968900	801	142	0.1772784019975031
ont_late	supplied	9968900	9969000	797	490	0.6148055207026348
ont_late	supplied	9969000	9969100	810	633	0.7814814814814814
ont_late	supplied	9969100	9969200	810	558	0.6888888888888889
ont_late	supplied	9969200	9969300	806	481	0.5967741935483871
ont_late	supplied	9969300	9969400	804	432	0.5373134328358209
ont_late	supplied	9969400	9969500	799	402	0.5031289111389237
ont_late	supplied	9969500	9969600	799	383	0.4793491864831039
ont_late	supplied	9969600	9969700	793	367	0.46279949558638084
ont_late	supplied	9969700	9969800	797	303	0.38017565872020076
ont_late	supplied	9969800	9969900	800	272	0.34
ont_late	supplied	9969900	9970000	802	315	0.39276807980049877
ont_late	supplied	9970000	9970100	796	362	0.4547738693467337
ont_late	supplied	9970100	9970200	798	353	0.4423558897243108
ont_late	supplied	9970200	9970300	799	328	0.41051314142678347
ont_late	supplied	9970300	9970400	802	311	0.3877805486284289
ont_late	supplied	9970400	9970500	807	315	0.3903345724907063
ont_late	supplied	9970500	9970600	809	259	0.32014833127317677
ont_late	supplied	9970600	9970700	807	213	0.26394052044609667
ont_late	supplied	9970700	9970800	812	257	0.31650246305418717
ont_late	supplied	9970800	9970900	806	251	0.31141439205955335
ont_late	supplied	9970900	9971000	814	233	0.28624078624078625
ont_late	supplied	9971000	9971100	811	411	0.5067817509247842
ont_late	supplied	9971100	9971200	806	437	0.5421836228287841
ont_late	supplied	9971200	9971300	788	337	0.4276649746192893
ont_late	supplied	9971300	9971400	795	448	0.5635220125786163
ont_late	supplied	9971400	9971500	790	405	0.5126582278481012
ont_late	supplied	9971500	9971600	794	447	0.5629722921914357
ont_late	supplied	9971600	9971700	798	395	0.4949874686716792
ont_late	supplied	9971700	9971800	802	350	0.43640897755610975
ont_late	supplied	9971800	9971900	794	377	0.4748110831234257
ont_late	supplied	9971900	9972000	795	406	0.5106918238993711
ont_late	supplied	9972000	9972100	801	417	0.5205992509363296
ont_late	supplied	9972100	9972200	799	428	0.5356695869837297
ont_late	supplied	9972200	9972300	795	443	0.5572327044025157
ont_late	supplied	9972300	9972400	790	401	0.5075949367088608
ont_late	supplied	9972400	9972500	781	328	0.4199743918053777
ont_late	supplied	9972500	9972600	785	294	0.37452229299363055
ont_late	supplied	9972600	9972700	780	285	0.36538461538461536
ont_late	supplied	9972700	9972800	781	529	0.677336747759283
ont_late	supplied	9972800	9972900	791	611	0.7724399494310998
ont_late	supplied	9972900	9973000	786	510	0.648854961832061
ont_late	supplied	9973000	9973100	776	289	0.37242268041237114
ont_late	supplied	9973100	9973200	778	170	0.2185089974293059
ont_late	supplied	9973200	9973300	790	304	0.3848101265822785
ont_late	supplied	9973300	9973400	790	401	0.5075949367088608
ont_late	supplied	9973400	9973500	765	459	0.6
ont_late	supplied	9973500	9973600	756	425	0.5621693121693122
ont_late	supplied	9973600	9973700	744	377	0.5067204301075269
ont_late	supplied	9973700	9973800	754	490	0.649867374005305
ont_late	supplied	9973800	9973900	763	512	0.6710353866317169
ont_late	supplied	9973900	9974000	759	505	0.6653491436100132
ont_late	supplied	9974000	9974100	764	523	0.6845549738219895
ont_late	supplied	9974100	9974200	769	516	0.6710013003901171
ont_late	supplied	9974200	9974300	775	527	0.68
ont_late	supplied	9974300	9974400	769	506	0.657997399219766
ont_late	supplied	9974400	9974500	768	422	0.5494791666666666
ont_late	supplied	9974500	9974600	767	367	0.4784876140808344
ont_late	supplied	9974600	9974700	765	279	0.36470588235294116
ont_late	supplied	9974700	9974800	769	147	0.19115734720416125
ont_late	supplied	9974800	9974900	771	142	0.18417639429312582
ont_late	supplied	9974900	9975000	772	219	0.28367875647668395
ont_late	supplied	9975000	9975100	767	310	0.4041720990873533
ont_late	supplied	9975100	9975200	773	322	0.4165588615782665
ont_late	supplied	9975200	9975300	778	332	0.4267352185089974
ont_late	supplied	9975300	9975400	781	337	0.43149807938540335
ont_late	supplied	9975400	9975500	780	322	0.4128205128205128
ont_late	supplied	9975500	9975600	782	321	0.41048593350383633
ont_late	supplied	9975600	9975700	783	303	0.38697318007662834
ont_late	supplied	9975700	9975800	784	298	0.38010204081632654
ont_late	supplied	9975800	9975900	783	258	0.32950191570881227
ont_late	supplied	9975900	9976000	780	307	0.3935897435897436
ont_late	supplied	9976000	9976100	782	333	0.4258312020460358
ont_late	supplied	9976100	9976200	790	248	0.3139240506329114
ont_late	supplied	9976200	9976300	792	356	0.4494949494949495
ont_late	supplied	9976300	9976400	798	430	0.5388471177944862
ont_late	supplied	9976400	9976500	802	344	0.428927680798005
ont_late	supplied	9976500	9976600	802	164	0.20448877805486285
ont_late	supplied	9976600	9976700	798	100	0.12531328320802004
ont_late	supplied	9976700	9976800	801	126	0.15730337078651685
ont_late	supplied	9976800	9976900	802	167	0.2082294264339152
ont_late	supplied	9976900	9977000	805	191	0.2372670807453416
ont_late	supplied	9977000	9977100	806	255	0.3163771712158809
ont_late	supplied	9977100	9977200	802	357	0.4451371571072319
ont_late	supplied	9977200	9977300	805	317	0.3937888198757764
ont_late	supplied	9977300	9977400	802	364	0.4538653366583541
ont_late	supplied	9977400	9977500	803	470	0.5853051058530511
ont_late	supplied	9977500	9977600	803	437	0.5442092154420921
ont_late	supplied	9977600	9977700	799	436	0.5456821026282853
ont_late	supplied	9977700	9977800	796	380	0.47738693467336685
ont_late	supplied	9977800	9977900	793	355	0.44766708701134933
ont_late	supplied	9977900	9978000	788	369	0.4682741116751269
ont_late	supplied	9978000	9978100	797	362	0.45420326223337515
ont_late	supplied	9978100	9978200	796	276	0.34673366834170855
ont_late	supplied	9978200	9978300	796	274	0.3442211055276382
ont_late	supplied	9978300	9978400	798	302	0.37844611528822053
ont_late	supplied	9978400	9978500	791	262	0.33122629582806573
ont_late	supplied	9978500	9978600	789	265	0.3358681875792142
ont_late	supplied	9978600	9978700	789	303	0.3840304182509506
ont_late	supplied	9978700	9978800	795	273	0.3433962264150943
ont_late	supplied	9978800	9978900	796	371	0.46608040201005024
ont_late	supplied	9978900	9979000	802	474	0.5910224438902744
ont_late	supplied	9979000	9979100	793	501	0.6317780580075663
ont_late	supplied	9979100	9979200	797	633	0.794228356336261
ont_late	supplied	9979200	9979300	793	660	0.832282471626734
ont_late	supplied	9979300	9979400	788	555	0.7043147208121827
ont_late	supplied	9979400	9979500	776	379	0.4884020618556701
ont_late	supplied	9979500	9979600	778	308	0.39588688946015427
ont_late	supplied	9979600	9979700	779	349	0.44801026957637996
ont_late	supplied	9979700	9979800	779	378	0.4852374839537869
ont_late	supplied	9979800	9979900	781	401	0.5134443021766966
ont_late	supplied	9979900	9980000	776	435	0.5605670103092784
ont_late	supplied	9980000	9980100	773	419	0.5420439844760673
ont_late	supplied	9980100	9980200	775	395	0.5096774193548387
ont_late	supplied	9980200	9980300	778	412	0.5295629820051414
ont_late	supplied	9980300	9980400	779	401	0.5147625160462131
ont_late	supplied	9980400	9980500	783	404	0.5159642401021711
ont_late	supplied	9980500	9980600	786	378	0.48091603053435117
ont_late	supplied	9980600	9980700	786	253	0.32188295165394404
ont_late	supplied	9980700	9980800	786	206	0.26208651399491095
ont_late	supplied	9980800	9980900	794	334	0.42065491183879095
ont_late	supplied	9980900	9981000	793	495	0.6242118537200504
ont_late	supplied	9981000	9981100	793	506	0.6380832282471627
ont_late	supplied	9981100	9981200	792	459	0.5795454545454546
ont_late	supplied	9981200	9981300	789	411	0.5209125475285171
ont_late	supplied	9981300	9981400	793	380	0.4791929382093317
ont_late	supplied	9981400	9981500	798	317	0.39724310776942356
ont_late	supplied	9981500	9981600	797	298	0.3739021329987453
ont_late	supplied	9981600	9981700	797	368	0.4617314930991217
ont_late	supplied	9981700	9981800	788	343	0.4352791878172589
ont_late	supplied	9981800	9981900	788	294	0.3730964467005076
ont_late	supplied	9981900	9982000	785	245	0.31210191082802546
ont_late	supplied	9982000	9982100	784	251	0.3201530612244898
ont_late	supplied	9982100	9982200	782	261	0.3337595907928389
ont_late	supplied	9982200	9982300	784	254	0.3239795918367347
ont_late	supplied	9982300	9982400	783	244	0.3116219667943806
ont_late	supplied	9982400	9982500	779	269	0.3453145057766367
ont_late	supplied	9982500	9982600	775	315	0.4064516129032258
ont_late	supplied	9982600	9982700	773	271	0.35058214747736094
ont_late	supplied	9982700	9982800	779	297	0.38125802310654683
ont_late	supplied	9982800	9982900	770	280	0.36363636363636365
ont_late	supplied	9982900	9983000	768	274	0.3567708333333333
ont_late	supplied	9983000	9983100	771	310	0.40207522697795073
ont_late	supplied	9983100	9983200	772	303	0.39248704663212436
ont_late	supplied	9983200	9983300	768	304	0.3958333333333333
ont_late	supplied	9983300	9983400	767	353	0.4602346805736636
ont_late	supplied	9983400	9983500	771	379	0.4915693904020752
ont_late	supplied	9983500	9983600	769	314	0.4083224967490247
ont_late	supplied	9983600	9983700	770	348	0.45194805194805193
ont_late	supplied	9983700	9983800	773	326	0.4217335058214748
ont_late	supplied	9983800	9983900	767	314	0.409387222946545
ont_late	supplied	9983900	9984000	766	251	0.3276762402088773
ont_late	supplied	9984000	9984100	766	256	0.3342036553524804
ont_late	supplied	9984100	9984200	768	310	0.4036458333333333
ont_late	supplied	9984200	9984300	754	228	0.30238726790450926
ont_late	supplied	9984300	9984400	752	202	0.26861702127659576
ont_late	supplied	9984400	9984500	750	200	0.26666666666666666
ont_late	supplied	9984500	9984600	753	172	0.22841965471447542
ont_late	supplied	9984600	9984700	749	219	0.2923898531375167
ont_late	supplied	9984700	9984800	754	269	0.356763925729443
ont_late	supplied	9984800	9984900	752	340	0.4521276595744681
ont_late	supplied	9984900	9985000	745	356	0.4778523489932886
ont_late	supplied	9985000	9985100	741	278	0.37516869095816463
ont_late	supplied	9985100	9985200	743	251	0.33781965006729475
ont_late	supplied	9985200	9985300	739	230	0.3112313937753721
ont_late	supplied	9985300	9985400	733	229	0.31241473396998637
ont_late	supplied	9985400	9985500	736	316	0.42934782608695654
ont_late	supplied	9985500	9985600	734	338	0.4604904632152589
ont_late	supplied	9985600	9985700	738	368	0.4986449864498645
ont_late	supplied	9985700	9985800	730	313	0.42876712328767125
ont_late	supplied	9985800	9985900	733	256	0.34924965893587995
ont_late	supplied	9985900	9986000	720	230	0.3194444444444444
ont_late	supplied	9986000	9986100	721	264	0.36615811373092927
ont_late	supplied	9986100	9986200	723	330	0.45643153526970953
ont_late	supplied	9986200	9986300	718	326	0.45403899721448465
ont_late	supplied	9986300	9986400	723	314	0.4343015214384509
ont_late	supplied	9986400	9986500	715	275	0.38461538461538464
ont_late	supplied	9986500	9986600	705	180	0.2553191489361702
ont_late	supplied	9986600	9986700	707	197	0.27864214992927866
ont_late	supplied	9986700	9986800	708	256	0.3615819209039548
ont_late	supplied	9986800	9986900	708	230	0.3248587570621469
ont_late	supplied	9986900	9987000	716	260	0.36312849162011174
ont_late	supplied	9987000	9987100	720	293	0.40694444444444444
ont_late	supplied	9987100	9987200	721	256	0.3550624133148405
ont_late	supplied	9987200	9987300	719	259	0.36022253129346316
ont_late	supplied	9987300	9987400	720	266	0.36944444444444446
ont_late	supplied	9987400	9987500	725	250	0.3448275862068966
ont_late	supplied	9987500	9987600	717	253	0.3528591352859135
ont_late	supplied	9987600	9987700	717	286	0.398884239888424
ont_late	supplied	9987700	9987800	708	286	0.403954802259887
ont_late	supplied	9987800	9987900	709	213	0.3004231311706629
ont_late	supplied	9987900	9988000	707	121	0.17114568599717114
ont_late	supplied	9988000	9988100	708	127	0.17937853107344634
ont_late	supplied	9988100	9988200	703	182	0.25889046941678523
ont_late	supplied	9988200	9988300	702	263	0.37464387464387466
ont_late	supplied	9988300	9988400	701	372	0.5306704707560628
ont_late	supplied	9988400	9988500	695	410	0.5899280575539568
ont_late	supplied	9988500	9988600	688	381	0.5537790697674418
ont_late	supplied	9988600	9988700	686	315	0.45918367346938777
ont_late	supplied	9988700	9988800	681	345	0.5066079295154186
ont_late	supplied	9988800	9988900	693	419	0.6046176046176046
ont_late	supplied	9988900	9989000	684	480	0.7017543859649122
ont_late	supplied	9989000	9989100	691	538	0.7785817655571635
ont_late	supplied	9989100	9989200	683	510	0.746705710102489
ont_late	supplied	9989200	9989300	672	401	0.5967261904761905
ont_late	supplied	9989300	9989400	674	257	0.38130563798219586
ont_late	supplied	9989400	9989500	667	247	0.37031484257871067
ont_late	supplied	9989500	9989600	668	367	0.5494011976047904
ont_late	supplied	9989600	9989700	667	363	0.5442278860569715
ont_late	supplied	9989700	9989800	687	191	0.2780203784570597
ont_late	supplied	9989800	9989900	683	149	0.21815519765739386
ont_late	supplied	9989900	9990000	678	116	0.1710914454277286
ont_late	supplied	9990000	9990100	683	147	0.21522693997071743
ont_late	supplied	9990100	9990200	686	201	0.29300291545189505
ont_late	supplied	9990200	9990300	682	204	0.2991202346041056
ont_late	supplied	9990300	9990400	689	251	0.36429608127721336
ont_late	supplied	9990400	9990500	687	344	0.5007278020378457
ont_late	supplied	9990500	9990600	688	366	0.5319767441860465
ont_late	supplied	9990600	9990700	687	348	0.5065502183406113
ont_late	supplied	9990700	9990800	678	355	0.523598820058997
ont_late	supplied	9990800	9990900	678	349	0.5147492625368731
ont_late	supplied	9990900	9991000	673	341	0.5066864784546805
ont_late	supplied	9991000	9991100	675	346	0.5125925925925926
ont_late	supplied	9991100	9991200	682	306	0.44868035190615835
ont_late	supplied	9991200	9991300	682	329	0.48240469208211145
ont_late	supplied	9991300	9991400	683	326	0.4773060029282577
ont_late	supplied	9991400	9991500	689	313	0.45428156748911463
ont_late	supplied	9991500	9991600	687	294	0.4279475982532751
ont_late	supplied	9991600	9991700	679	332	0.4889543446244477
ont_late	supplied	9991700	9991800	680	337	0.49558823529411766
ont_late	supplied	9991800	9991900	682	325	0.47653958944281527
ont_late	supplied	9991900	9992000	682	337	0.4941348973607038
ont_late	supplied	9992000	9992100	676	347	0.5133136094674556
ont_late	supplied	9992100	9992200	677	391	0.5775480059084195
ont_late	supplied	9992200	9992300	673	396	0.5884101040118871
ont_late	supplied	9992300	9992400	679	317	0.46686303387334316
ont_late	supplied	9992400	9992500	679	316	0.4653902798232695
ont_late	supplied	9992500	9992600	678	329	0.48525073746312686
ont_late	supplied	9992600	9992700	681	310	0.4552129221732746
ont_late	supplied	9992700	9992800	677	262	0.3870014771048744
ont_late	supplied	9992800	9992900	675	295	0.43703703703703706
ont_late	supplied	9992900	9993000	674	249	0.3694362017804154
ont_late	supplied	9993000	9993100	680	200	0.29411764705882354
ont_late	supplied	9993100	9993200	674	202	0.2997032640949555
ont_late	supplied	9993200	9993300	679	266	0.3917525773195876
ont_late	supplied	9993300	9993400	672	237	0.35267857142857145
ont_late	supplied	9993400	9993500	673	153	0.22734026745913818
ont_late	supplied	9993500	9993600	673	101	0.150074294205052
ont_late	supplied	9993600	9993700	677	135	0.19940915805022155
ont_late	supplied	9993700	9993800	675	203	0.30074074074074075
ont_late	supplied	9993800	9993900	675	174	0.2577777777777778
ont_late	supplied	9993900	9994000	678	102	0.1504424778761062
ont_late	supplied	9994000	9994100	679	93	0.13696612665684832
ont_late	supplied	9994100	9994200	682	101	0.14809384164222875
ont_late	supplied	9994200	9994300	682	81	0.1187683284457478
ont_late	supplied	9994300	9994400	674	85	0.1261127596439169
ont_late	supplied	9994400	9994500	672	105	0.15625
ont_late	supplied	9994500	9994600	665	146	0.21954887218045113
ont_late	supplied	9994600	9994700	667	147	0.22038980509745126
ont_late	supplied	9994700	9994800	659	87	0.13201820940819423
ont_late	supplied	9994800	9994900	658	126	0.19148936170212766
ont_late	supplied	9994900	9995000	658	123	0.18693009118541035
ont_late	supplied	9995000	9995100	651	126	0.1935483870967742
ont_late	supplied	9995100	9995200	648	138	0.21296296296296297
ont_late	supplied	9995200	9995300	645	188	0.29147286821705426
ont_late	supplied	9995300	9995400	640	214	0.334375
ont_late	supplied	9995400	9995500	641	190	0.296411856474259
ont_late	supplied	9995500	9995600	645	209	0.324031007751938
ont_late	supplied	9995600	9995700	642	231	0.3598130841121495
ont_late	supplied	9995700	9995800	644	210	0.32608695652173914
ont_late	supplied	9995800	9995900	640	163	0.2546875
ont_late	supplied	9995900	9996000	639	106	0.16588419405320814
ont_late	supplied	9996000	9996100	642	142	0.22118380062305296
ont_late	supplied	9996100	9996200	648	147	0.22685185185185186
ont_late	supplied	9996200	9996300	647	165	0.2550231839258114
ont_late	supplied	9996300	9996400	651	296	0.45468509984639016
ont_late	supplied	9996400	9996500	650	295	0.45384615384615384
ont_late	supplied	9996500	9996600	656	291	0.44359756097560976
ont_late	supplied	9996600	9996700	661	242	0.3661119515885023
ont_late	supplied	9996700	9996800	669	225	0.336322869955157
ont_late	supplied	9996800	9996900	669	229	0.3423019431988042
ont_late	supplied	9996900	9997000	668	221	0.33083832335329344
ont_late	supplied	9997000	9997100	669	171	0.2556053811659193
ont_late	supplied	9997100	9997200	672	261	0.38839285714285715
ont_late	supplied	9997200	9997300	670	198	0.2955223880597015
ont_late	supplied	9997300	9997400	667	134	0.20089955022488756
ont_late	supplied	9997400	9997500	671	236	0.35171385991058124
ont_late	supplied	9997500	9997600	664	295	0.4442771084337349
ont_late	supplied	9997600	9997700	664	316	0.4759036144578313
ont_late	supplied	9997700	9997800	664	378	0.5692771084337349
ont_late	supplied	9997800	9997900	669	342	0.5112107623318386
ont_late	supplied	9997900	9998000	668	219	0.3278443113772455
ont_late	supplied	9998000	9998100	666	116	0.17417417417417416
ont_late	supplied	9998100	9998200	667	124	0.18590704647676162
ont_late	supplied	9998200	9998300	672	244	0.3630952380952381
ont_late	supplied	9998300	9998400	671	274	0.4083457526080477
ont_late	supplied	9998400	9998500	672	318	0.4732142857142857
ont_late	supplied	9998500	9998600	670	290	0.43283582089552236
ont_late	supplied	9998600	9998700	673	230	0.34175334323922735
ont_late	supplied	9998700	9998800	671	248	0.36959761549925485
ont_late	supplied	9998800	9998900	672	200	0.2976190476190476
ont_late	supplied	9998900	9999000	672	147	0.21875
ont_late	supplied	9999000	9999100	674	136	0.20178041543026706
ont_late	supplied	9999100	9999200	672	134	0.19940476190476192
ont_late	supplied	9999200	9999300	672	135	0.20089285714285715
ont_late	supplied	9999300	9999400	671	157	0.23397913561847988
ont_late	supplied	9999400	9999500	668	238	0.3562874251497006
ont_late	supplied	9999500	9999600	670	257	0.3835820895522388
ont_late	supplied	9999600	9999700	665	242	0.36390977443609024
ont_late	supplied	9999700	9999800	666	288	0.43243243243243246
ont_late	supplied	9999800	9999900	661	298	0.4508320726172466
ont_late	supplied	9999900	10000000	660	242	0.36666666666666664
ont_late	supplied	10000000	10000100	662	257	0.38821752265861026
ont_late	supplied	10000100	10000200	656	240	0.36585365853658536
ont_late	supplied	10000200	10000300	651	133	0.20430107526881722
ont_late	supplied	10000300	10000400	654	62	0.09480122324159021
ont_late	supplied	10000400	10000500	653	132	0.20214395099540583
ont_late	supplied	10000500	10000600	651	174	0.2672811059907834
ont_late	supplied	10000600	10000700	653	180	0.27565084226646247
ont_late	supplied	10000700	10000800	654	198	0.30275229357798167
ont_late	supplied	10000800	10000900	656	163	0.24847560975609756
ont_late	supplied	10000900	10001000	656	142	0.21646341463414634
ont_late	supplied	10001000	10001100	660	186	0.2818181818181818
ont_late	supplied	10001100	10001200	664	191	0.2876506024096386
ont_late	supplied	10001200	10001300	666	200	0.3003003003003003
ont_late	supplied	10001300	10001400	668	206	0.3083832335329341
ont_late	supplied	10001400	10001500	672	215	0.31994047619047616
ont_late	supplied	10001500	10001600	669	248	0.37070254110612855
ont_late	supplied	10001600	10001700	670	186	0.27761194029850744
ont_late	supplied	10001700	10001800	669	134	0.20029895366218237
ont_late	supplied	10001800	10001900	667	132	0.19790104947526238
ont_late	supplied	10001900	10002000	665	122	0.18345864661654135
ont_late	supplied	10002000	10002100	661	119	0.1800302571860817
ont_late	supplied	10002100	10002200	657	165	0.2511415525114155
ont_late	supplied	10002200	10002300	656	197	0.3003048780487805
ont_late	supplied	10002300	10002400	654	235	0.35932721712538224
ont_late	supplied	10002400	10002500	652	277	0.42484662576687116
ont_late	supplied	10002500	10002600	654	326	0.4984709480122324
ont_late	supplied	10002600	10002700	653	320	0.4900459418070444
ont_late	supplied	10002700	10002800	654	234	0.3577981651376147
ont_late	supplied	10002800	10002900	652	153	0.23466257668711657
ont_late	supplied	10002900	10003000	653	146	0.22358346094946402
ont_late	supplied	10003000	10003100	647	196	0.3029366306027821
ont_late	supplied	10003100	10003200	645	263	0.4077519379844961
ont_late	supplied	10003200	10003300	650	266	0.40923076923076923
ont_late	supplied	10003300	10003400	648	271	0.4182098765432099
ont_late	supplied	10003400	10003500	646	197	0.30495356037151705
ont_late	supplied	10003500	10003600	649	173	0.2665639445300462
ont_late	supplied	10003600	10003700	652	176	0.26993865030674846
ont_late	supplied	10003700	10003800	655	191	0.2916030534351145
ont_late	supplied	10003800	10003900	657	172	0.2617960426179604
ont_late	supplied	10003900	10004000	658	131	0.19908814589665655
ont_late	supplied	10004000	10004100	659	110	0.1669195751138088
ont_late	supplied	10004100	10004200	659	146	0.22154779969650987
ont_late	supplied	10004200	10004300	657	204	0.3105022831050228
ont_late	supplied	10004300	10004400	656	261	0.3978658536585366
ont_late	supplied	10004400	10004500	657	229	0.3485540334855403
ont_late	supplied	10004500	10004600	650	190	0.2923076923076923
ont_late	supplied	10004600	10004700	647	168	0.2596599690880989
ont_late	supplied	10004700	10004800	651	167	0.2565284178187404
ont_late	supplied	10004800	10004900	642	182	0.2834890965732087
ont_late	supplied	10004900	10005000	640	163	0.2546875
ont_late	supplied	10005000	10005100	642	169	0.2632398753894081
ont_late	supplied	10005100	10005200	642	289	0.4501557632398754
ont_late	supplied	10005200	10005300	641	297	0.46333853354134164
ont_late	supplied	10005300	10005400	638	241	0.3777429467084639
ont_late	supplied	10005400	10005500	633	173	0.27330173775671407
ont_late	supplied	10005500	10005600	628	120	0.1910828025477707
ont_late	supplied	10005600	10005700	624	102	0.16346153846153846
ont_late	supplied	10005700	10005800	622	187	0.30064308681672025
ont_late	supplied	10005800	10005900	619	255	0.41195476575121165
ont_late	supplied	10005900	10006000	618	179	0.2896440129449838
ont_late	supplied_nuc_complement	9954000	9954100	715	194	0.27132867132867133
ont_late	supplied_nuc_complement	9954100	9954200	714	173	0.242296918767507
ont_late	supplied_nuc_complement	9954200	9954300	716	146	0.20391061452513967
ont_late	supplied_nuc_complement	9954300	9954400	717	181	0.2524407252440725
ont_late	supplied_nuc_complement	9954400	9954500	714	174	0.24369747899159663
ont_late	supplied_nuc_complement	9954500	9954600	709	268	0.37799717912552894
ont_late	supplied_nuc_complement	9954600	9954700	711	315	0.4430379746835443
ont_late	supplied_nuc_complement	9954700	9954800	708	228	0.3220338983050847
ont_late	supplied_nuc_complement	9954800	9954900	703	207	0.29445234708392604
ont_late	supplied_nuc_complement	9954900	9955000	704	207	0.2940340909090909
ont_late	supplied_nuc_complement	9955000	9955100	704	312	0.4431818181818182
ont_late	supplied_nuc_complement	9955100	9955200	706	324	0.45892351274787535
ont_late	supplied_nuc_complement	9955200	9955300	696	445	0.639367816091954
ont_late	supplied_nuc_complement	9955300	9955400	705	445	0.6312056737588653
ont_late	supplied_nuc_complement	9955400	9955500	694	315	0.4538904899135447
ont_late	supplied_nuc_complement	9955500	9955600	693	286	0.4126984126984127
ont_late	supplied_nuc_complement	9955600	9955700	707	343	0.48514851485148514
ont_late	supplied_nuc_complement	9955700	9955800	745	341	0.4577181208053691
ont_late	supplied_nuc_complement	9955800	9955900	739	294	0.39783491204330174
ont_late	supplied_nuc_complement	9955900	9956000	746	284	0.3806970509383378
ont_late	supplied_nuc_complement	9956000	9956100	749	262	0.34979973297730305
ont_late	supplied_nuc_complement	9956100	9956200	750	194	0.25866666666666666
ont_late	supplied_nuc_complement	9956200	9956300	751	193	0.2569906790945406
ont_late	supplied_nuc_complement	9956300	9956400	754	340	0.4509283819628647
ont_late	supplied_nuc_complement	9956400	9956500	764	366	0.4790575916230366
ont_late	supplied_nuc_complement	9956500	9956600	760	287	0.37763157894736843
ont_late	supplied_nuc_complement	9956600	9956700	769	239	0.3107932379713914
ont_late	supplied_nuc_complement	9956700	9956800	765	228	0.2980392156862745
ont_late	supplied_nuc_complement	9956800	9956900	770	148	0.19220779220779222
ont_late	supplied_nuc_complement	9956900	9957000	764	183	0.2395287958115183
ont_late	supplied_nuc_complement	9957000	9957100	764	204	0.2670157068062827
ont_late	supplied_nuc_complement	9957100	9957200	764	220	0.2879581151832461
ont_late	supplied_nuc_complement	9957200	9957300	766	172	0.2245430809399478
ont_late	supplied_nuc_complement	9957300	9957400	769	114	0.1482444733420026
ont_late	supplied_nuc_complement	9957400	9957500	771	196	0.25421530479896237
ont_late	supplied_nuc_complement	9957500	9957600	768	278	0.3619791666666667
ont_late	supplied_nuc_complement	9957600	9957700	767	250	0.3259452411994785
ont_late	supplied_nuc_complement	9957700	9957800	761	179	0.2352168199737188
ont_late	supplied_nuc_complement	9957800	9957900	762	174	0.2283464566929134
ont_late	supplied_nuc_complement	9957900	9958000	773	229	0.296248382923674
ont_late	supplied_nuc_complement	9958000	9958100	776	276	0.3556701030927835
ont_late	supplied_nuc_complement	9958100	9958200	770	363	0.4714285714285714
ont_late	supplied_nuc_complement	9958200	9958300	774	342	0.4418604651162791
ont_late	supplied_nuc_complement	9958300	9958400	768	265	0.3450520833333333
ont_late	supplied_nuc_complement	9958400	9958500	766	278	0.3629242819843342
ont_late	supplied_nuc_complement	9958500	9958600	768	375	0.48828125
ont_late	supplied_nuc_complement	9958600	9958700	772	350	0.4533678756476684
ont_late	supplied_nuc_complement	9958700	9958800	781	437	0.559539052496799
ont_late	supplied_nuc_complement	9958800	9958900	797	501	0.6286072772898369
ont_late	supplied_nuc_complement	9958900	9959000	792	424	0.5353535353535354
ont_late	supplied_nuc_complement	9959000	9959100	788	153	0.19416243654822335
ont_late	supplied_nuc_complement	9959100	9959200	796	168	0.21105527638190955
ont_late	supplied_nuc_complement	9959200	9959300	796	220	0.27638190954773867
ont_late	supplied_nuc_complement	9959300	9959400	799	211	0.2640801001251564
ont_late	supplied_nuc_complement	9959400	9959500	799	336	0.42052565707133915
ont_late	supplied_nuc_complement	9959500	9959600	799	414	0.5181476846057572
ont_late	supplied_nuc_complement	9959600	9959700	797	369	0.4629861982434128
ont_late	supplied_nuc_complement	9959700	9959800	809	464	0.5735475896168108
ont_late	supplied_nuc_complement	9959800	9959900	786	364	0.4631043256997455
ont_late	supplied_nuc_complement	9959900	9960000	781	411	0.5262483994878361
ont_late	supplied_nuc_complement	9960000	9960100	794	532	0.6700251889168766
ont_late	supplied_nuc_complement	9960100	9960200	777	439	0.564993564993565
ont_late	supplied_nuc_complement	9960200	9960300	785	493	0.6280254777070063
ont_late	supplied_nuc_complement	9960300	9960400	806	514	0.6377171215880894
ont_late	supplied_nuc_complement	9960400	9960500	791	449	0.5676359039190898
ont_late	supplied_nuc_complement	9960500	9960600	794	385	0.48488664987405544
ont_late	supplied_nuc_complement	9960600	9960700	792	386	0.48737373737373735
ont_late	supplied_nuc_complement	9960700	9960800	799	375	0.4693366708385482
ont_late	supplied_nuc_complement	9960800	9960900	801	368	0.45942571785268416
ont_late	supplied_nuc_complement	9960900	9961000	799	363	0.45431789737171463
ont_late	supplied_nuc_complement	9961000	9961100	803	324	0.40348692403486924
ont_late	supplied_nuc_complement	9961100	9961200	809	282	0.34857849196538937
ont_late	supplied_nuc_complement	9961200	9961300	812	263	0.32389162561576357
ont_late	supplied_nuc_complement	9961300	9961400	819	167	0.2039072039072039
ont_late	supplied_nuc_complement	9961400	9961500	825	161	0.19515151515151516
ont_late	supplied_nuc_complement	9961500	9961600	827	306	0.37001209189842804
ont_late	supplied_nuc_complement	9961600	9961700	830	400	0.4819277108433735
ont_late	supplied_nuc_complement	9961700	9961800	830	388	0.4674698795180723
ont_late	supplied_nuc_complement	9961800	9961900	826	406	0.4915254237288136
ont_late	supplied_nuc_complement	9961900	9962000	831	454	0.54632972322503
ont_late	supplied_nuc_complement	9962000	9962100	833	395	0.47418967587034816
ont_late	supplied_nuc_complement	9962100	9962200	833	291	0.34933973589435774
ont_late	supplied_nuc_complement	9962200	9962300	828	362	0.43719806763285024
ont_late	supplied_nuc_complement	9962300	9962400	831	405	0.48736462093862815
ont_late	supplied_nuc_complement	9962400	9962500	841	436	0.5184304399524375
ont_late	supplied_nuc_complement	9962500	9962600	843	425	0.5041518386714117
ont_late	supplied_nuc_complement	9962600	9962700	840	386	0.4595238095238095
ont_late	supplied_nuc_complement	9962700	9962800	840	351	0.41785714285714287
ont_late	supplied_nuc_complement	9962800	9962900	841	229	0.272294887039239
ont_late	supplied_nuc_complement	9962900	9963000	835	163	0.19520958083832335
ont_late	supplied_nuc_complement	9963000	9963100	831	195	0.23465703971119134
ont_late	supplied_nuc_complement	9963100	9963200	836	333	0.39832535885167464
ont_late	supplied_nuc_complement	9963200	9963300	832	427	0.5132211538461539
ont_late	supplied_nuc_complement	9963300	9963400	838	414	0.49403341288782815
ont_late	supplied_nuc_complement	9963400	9963500	837	345	0.4121863799283154
ont_late	supplied_nuc_complement	9963500	9963600	843	243	0.28825622775800713
ont_late	supplied_nuc_complement	9963600	9963700	843	178	0.2111506524317912
ont_late	supplied_nuc_complement	9963700	9963800	841	198	0.23543400713436385
ont_late	supplied_nuc_complement	9963800	9963900	838	248	0.29594272076372313
ont_late	supplied_nuc_complement	9963900	9964000	838	307	0.36634844868735084
ont_late	supplied_nuc_complement	9964000	9964100	842	365	0.4334916864608076
ont_late	supplied_nuc_complement	9964100	9964200	847	447	0.5277449822904369
ont_late	supplied_nuc_complement	9964200	9964300	850	379	0.44588235294117645
ont_late	supplied_nuc_complement	9964300	9964400	848	288	0.33962264150943394
ont_late	supplied_nuc_complement	9964400	9964500	847	318	0.3754427390791027
ont_late	supplied_nuc_complement	9964500	9964600	851	326	0.38307873090481787
ont_late	supplied_nuc_complement	9964600	9964700	853	380	0.4454865181711606
ont_late	supplied_nuc_complement	9964700	9964800	854	438	0.5128805620608899
ont_late	supplied_nuc_complement	9964800	9964900	857	415	0.48424737456242706
ont_late	supplied_nuc_complement	9964900	9965000	851	305	0.3584018801410106
ont_late	supplied_nuc_complement	9965000	9965100	860	579	0.6732558139534883
ont_late	supplied_nuc_complement	9965100	9965200	844	499	0.5912322274881516
ont_late	supplied_nuc_complement	9965200	9965300	837	100	0.11947431302270012
ont_late	supplied_nuc_complement	9965300	9965400	832	111	0.13341346153846154
ont_late	supplied_nuc_complement	9965400	9965500	833	237	0.2845138055222089
ont_late	supplied_nuc_complement	9965500	9965600	834	188	0.22541966426858512
ont_late	supplied_nuc_complement	9965600	9965700	833	144	0.17286914765906364
ont_late	supplied_nuc_complement	9965700	9965800	827	141	0.17049576783555018
ont_late	supplied_nuc_complement	9965800	9965900	826	143	0.17312348668280872
ont_late	supplied_nuc_complement	9965900	9966000	830	163	0.1963855421686747
ont_late	supplied_nuc_complement	9966000	9966100	826	163	0.1973365617433414
ont_late	supplied_nuc_complement	9966100	9966200	828	133	0.1606280193236715
ont_late	supplied_nuc_complement	9966200	9966300	826	150	0.18159806295399517
ont_late	supplied_nuc_complement	9966300	9966400	840	315	0.375
ont_late	supplied_nuc_complement	9966400	9966500	834	322	0.38609112709832133
ont_late	supplied_nuc_complement	9966500	9966600	824	206	0.25
ont_late	supplied_nuc_complement	9966600	9966700	820	232	0.28292682926829266
ont_late	supplied_nuc_complement	9966700	9966800	819	232	0.28327228327228327
ont_late	supplied_nuc_complement	9966800	9966900	822	240	0.291970802919708
ont_late	supplied_nuc_complement	9966900	9967000	826	230	0.2784503631961259
ont_late	supplied_nuc_complement	9967000	9967100	816	207	0.2536764705882353
ont_late	supplied_nuc_complement	9967100	9967200	812	265	0.3263546798029557
ont_late	supplied_nuc_complement	9967200	9967300	819	354	0.43223443223443225
ont_late	supplied_nuc_complement	9967300	9967400	818	478	0.5843520782396088
ont_late	supplied_nuc_complement	9967400	9967500	808	487	0.6027227722772277
ont_late	supplied_nuc_complement	9967500	9967600	806	505	0.6265508684863523
ont_late	supplied_nuc_complement	9967600	9967700	802	466	0.5810473815461347
ont_late	supplied_nuc_complement	9967700	9967800	797	380	0.4767879548306148
ont_late	supplied_nuc_complement	9967800	9967900	799	314	0.392991239048811
ont_late	supplied_nuc_complement	9967900	9968000	796	364	0.457286432160804
ont_late	supplied_nuc_complement	9968000	9968100	799	444	0.5556946182728411
ont_late	supplied_nuc_complement	9968100	9968200	798	391	0.4899749373433584
ont_late	supplied_nuc_complement	9968200	9968300	798	276	0.3458646616541353
ont_late	supplied_nuc_complement	9968300	9968400	802	158	0.1970074812967581
ont_late	supplied_nuc_complement	9968400	9968500	806	226	0.2803970223325062
ont_late	supplied_nuc_complement	9968500	9968600	806	309	0.38337468982630274
ont_late	supplied_nuc_complement	9968600	9968700	806	310	0.38461538461538464
ont_late	supplied_nuc_complement	9968700	9968800	793	169	0.21311475409836064
ont_late	supplied_nuc_complement	9968800	9968900	801	141	0.1760299625468165
ont_late	supplied_nuc_complement	9968900	9969000	797	488	0.6122961104140527
ont_late	supplied_nuc_complement	9969000	9969100	810	631	0.7790123456790123
ont_late	supplied_nuc_complement	9969100	9969200	810	558	0.6888888888888889
ont_late	supplied_nuc_complement	9969200	9969300	806	479	0.5942928039702233
ont_late	supplied_nuc_complement	9969300	9969400	804	428	0.5323383084577115
ont_late	supplied_nuc_complement	9969400	9969500	799	402	0.5031289111389237
ont_late	supplied_nuc_complement	9969500	9969600	799	382	0.4780976220275344
ont_late	supplied_nuc_complement	9969600	9969700	793	365	0.46027742749054223
ont_late	supplied_nuc_complement	9969700	9969800	797	301	0.37766624843161856
ont_late	supplied_nuc_complement	9969800	9969900	800	270	0.3375
ont_late	supplied_nuc_complement	9969900	9970000	802	314	0.3915211970074813
ont_late	supplied_nuc_complement	9970000	9970100	796	361	0.4535175879396985
ont_late	supplied_nuc_complement	9970100	9970200	798	352	0.44110275689223055
ont_late	supplied_nuc_complement	9970200	9970300	799	327	0.409261576971214
ont_late	supplied_nuc_complement	9970300	9970400	802	310	0.3865336658354115
ont_late	supplied_nuc_complement	9970400	9970500	807	313	0.3878562577447336
ont_late	supplied_nuc_complement	9970500	9970600	809	257	0.3176761433868974
ont_late	supplied_nuc_complement	9970600	9970700	807	212	0.26270136307311026
ont_late	supplied_nuc_complement	9970700	9970800	812	255	0.31403940886699505
ont_late	supplied_nuc_complement	9970800	9970900	806	250	0.31017369727047145
ont_late	supplied_nuc_complement	9970900	9971000	814	233	0.28624078624078625
ont_late	supplied_nuc_complement	9971000	9971100	811	409	0.5043156596794082
ont_late	supplied_nuc_complement	9971100	9971200	806	434	0.5384615384615384
ont_late	supplied_nuc_complement	9971200	9971300	788	336	0.4263959390862944
ont_late	supplied_nuc_complement	9971300	9971400	795	446	0.5610062893081761
ont_late	supplied_nuc_complement	9971400	9971500	790	404	0.5113924050632911
ont_late	supplied_nuc_complement	9971500	9971600	794	444	0.5591939546599496
ont_late	supplied_nuc_complement	9971600	9971700	798	394	0.49373433583959897
ont_late	supplied_nuc_complement	9971700	9971800	802	349	0.43516209476309226
ont_late	supplied_nuc_complement	9971800	9971900	794	375	0.4722921914357683
ont_late	supplied_nuc_complement	9971900	9972000	795	405	0.5094339622641509
ont_late	supplied_nuc_complement	9972000	9972100	801	415	0.5181023720349563
ont_late	supplied_nuc_complement	9972100	9972200	799	428	0.5356695869837297
ont_late	supplied_nuc_complement	9972200	9972300	795	440	0.5534591194968553
ont_late	supplied_nuc_complement	9972300	9972400	790	399	0.5050632911392405
ont_late	supplied_nuc_complement	9972400	9972500	781	328	0.4199743918053777
ont_late	supplied_nuc_complement	9972500	9972600	785	292	0.3719745222929936
ont_late	supplied_nuc_complement	9972600	9972700	780	284	0.3641025641025641
ont_late	supplied_nuc_complement	9972700	9972800	781	528	0.676056338028169
ont_late	supplied_nuc_complement	9972800	9972900	791	611	0.7724399494310998
ont_late	supplied_nuc_complement	9972900	9973000	786	507	0.6450381679389313
ont_late	supplied_nuc_complement	9973000	9973100	776	289	0.37242268041237114
ont_late	supplied_nuc_complement	9973100	9973200	778	170	0.2185089974293059
ont_late	supplied_nuc_complement	9973200	9973300	790	304	0.3848101265822785
ont_late	supplied_nuc_complement	9973300	9973400	790	399	0.5050632911392405
ont_late	supplied_nuc_complement	9973400	9973500	765	457	0.5973856209150327
ont_late	supplied_nuc_complement	9973500	9973600	756	425	0.5621693121693122
ont_late	supplied_nuc_complement	9973600	9973700	744	373	0.5013440860215054
ont_late	supplied_nuc_complement	9973700	9973800	754	488	0.6472148541114059
ont_late	supplied_nuc_complement	9973800	9973900	763	511	0.6697247706422018
ont_late	supplied_nuc_complement	9973900	9974000	759	504	0.6640316205533597
ont_late	supplied_nuc_complement	9974000	9974100	764	521	0.6819371727748691
ont_late	supplied_nuc_complement	9974100	9974200	769	508	0.6605981794538361
ont_late	supplied_nuc_complement	9974200	9974300	775	521	0.672258064516129
ont_late	supplied_nuc_complement	9974300	9974400	769	505	0.6566970091027308
ont_late	supplied_nuc_complement	9974400	9974500	768	421	0.5481770833333334
ont_late	supplied_nuc_complement	9974500	9974600	767	367	0.4784876140808344
ont_late	supplied_nuc_complement	9974600	9974700	765	279	0.36470588235294116
ont_late	supplied_nuc_complement	9974700	9974800	769	146	0.18985695708712613
ont_late	supplied_nuc_complement	9974800	9974900	771	141	0.1828793774319066
ont_late	supplied_nuc_complement	9974900	9975000	772	217	0.2810880829015544
ont_late	supplied_nuc_complement	9975000	9975100	767	310	0.4041720990873533
ont_late	supplied_nuc_complement	9975100	9975200	773	322	0.4165588615782665
ont_late	supplied_nuc_complement	9975200	9975300	778	332	0.4267352185089974
ont_late	supplied_nuc_complement	9975300	9975400	781	336	0.43021766965428937
ont_late	supplied_nuc_complement	9975400	9975500	780	321	0.4115384615384615
ont_late	supplied_nuc_complement	9975500	9975600	782	320	0.4092071611253197
ont_late	supplied_nuc_complement	9975600	9975700	783	303	0.38697318007662834
ont_late	supplied_nuc_complement	9975700	9975800	784	298	0.38010204081632654
ont_late	supplied_nuc_complement	9975800	9975900	783	258	0.32950191570881227
ont_late	supplied_nuc_complement	9975900	9976000	780	306	0.3923076923076923
ont_late	supplied_nuc_complement	9976000	9976100	782	332	0.42455242966751916
ont_late	supplied_nuc_complement	9976100	9976200	790	246	0.31139240506329113
ont_late	supplied_nuc_complement	9976200	9976300	792	356	0.4494949494949495
ont_late	supplied_nuc_complement	9976300	9976400	798	429	0.5375939849624061
ont_late	supplied_nuc_complement	9976400	9976500	802	342	0.42643391521197005
ont_late	supplied_nuc_complement	9976500	9976600	802	163	0.20324189526184538
ont_late	supplied_nuc_complement	9976600	9976700	798	100	0.12531328320802004
ont_late	supplied_nuc_complement	9976700	9976800	801	126	0.15730337078651685
ont_late	supplied_nuc_complement	9976800	9976900	802	167	0.2082294264339152
ont_late	supplied_nuc_complement	9976900	9977000	805	191	0.2372670807453416
ont_late	supplied_nuc_complement	9977000	9977100	806	256	0.3176178660049628
ont_late	supplied_nuc_complement	9977100	9977200	802	357	0.4451371571072319
ont_late	supplied_nuc_complement	9977200	9977300	805	318	0.3950310559006211
ont_late	supplied_nuc_complement	9977300	9977400	802	362	0.4513715710723192
ont_late	supplied_nuc_complement	9977400	9977500	803	464	0.5778331257783312
ont_late	supplied_nuc_complement	9977500	9977600	803	435	0.5417185554171855
ont_late	supplied_nuc_complement	9977600	9977700	799	432	0.5406758448060075
ont_late	supplied_nuc_complement	9977700	9977800	796	375	0.47110552763819097
ont_late	supplied_nuc_complement	9977800	9977900	793	353	0.4451450189155107
ont_late	supplied_nuc_complement	9977900	9978000	788	368	0.467005076142132
ont_late	supplied_nuc_complement	9978000	9978100	797	361	0.45294855708908405
ont_late	supplied_nuc_complement	9978100	9978200	796	275	0.3454773869346734
ont_late	supplied_nuc_complement	9978200	9978300	796	272	0.3417085427135678
ont_late	supplied_nuc_complement	9978300	9978400	798	298	0.37343358395989973
ont_late	supplied_nuc_complement	9978400	9978500	791	260	0.32869785082174463
ont_late	supplied_nuc_complement	9978500	9978600	789	264	0.33460076045627374
ont_late	supplied_nuc_complement	9978600	9978700	789	302	0.38276299112801015
ont_late	supplied_nuc_complement	9978700	9978800	795	271	0.34088050314465407
ont_late	supplied_nuc_complement	9978800	9978900	796	369	0.4635678391959799
ont_late	supplied_nuc_complement	9978900	9979000	802	472	0.5885286783042394
ont_late	supplied_nuc_complement	9979000	9979100	793	500	0.6305170239596469
ont_late	supplied_nuc_complement	9979100	9979200	797	632	0.7929736511919699
ont_late	supplied_nuc_complement	9979200	9979300	793	657	0.8284993694829761
ont_late	supplied_nuc_complement	9979300	9979400	788	548	0.6954314720812182
ont_late	supplied_nuc_complement	9979400	9979500	776	377	0.48582474226804123
ont_late	supplied_nuc_complement	9979500	9979600	778	308	0.39588688946015427
ont_late	supplied_nuc_complement	9979600	9979700	779	349	0.44801026957637996
ont_late	supplied_nuc_complement	9979700	9979800	779	378	0.4852374839537869
ont_late	supplied_nuc_complement	9979800	9979900	781	401	0.5134443021766966
ont_late	supplied_nuc_complement	9979900	9980000	776	435	0.5605670103092784
ont_late	supplied_nuc_complement	9980000	9980100	773	419	0.5420439844760673
ont_late	supplied_nuc_complement	9980100	9980200	775	394	0.5083870967741936
ont_late	supplied_nuc_complement	9980200	9980300	778	411	0.5282776349614395
ont_late	supplied_nuc_complement	9980300	9980400	779	400	0.5134788189987163
ont_late	supplied_nuc_complement	9980400	9980500	783	402	0.5134099616858238
ont_late	supplied_nuc_complement	9980500	9980600	786	375	0.4770992366412214
ont_late	supplied_nuc_complement	9980600	9980700	786	251	0.3193384223918575
ont_late	supplied_nuc_complement	9980700	9980800	786	203	0.2582697201017812
ont_late	supplied_nuc_complement	9980800	9980900	794	331	0.4168765743073048
ont_late	supplied_nuc_complement	9980900	9981000	793	492	0.6204287515762925
ont_late	supplied_nuc_complement	9981000	9981100	793	504	0.6355611601513241
ont_late	supplied_nuc_complement	9981100	9981200	792	453	0.571969696969697
ont_late	supplied_nuc_complement	9981200	9981300	789	406	0.514575411913815
ont_late	supplied_nuc_complement	9981300	9981400	793	376	0.47414880201765447
ont_late	supplied_nuc_complement	9981400	9981500	798	311	0.38972431077694236
ont_late	supplied_nuc_complement	9981500	9981600	797	295	0.370138017565872
ont_late	supplied_nuc_complement	9981600	9981700	797	365	0.45796737766624845
ont_late	supplied_nuc_complement	9981700	9981800	788	340	0.43147208121827413
ont_late	supplied_nuc_complement	9981800	9981900	788	292	0.37055837563451777
ont_late	supplied_nuc_complement	9981900	9982000	785	244	0.310828025477707
ont_late	supplied_nuc_complement	9982000	9982100	784	249	0.31760204081632654
ont_late	supplied_nuc_complement	9982100	9982200	782	259	0.3312020460358056
ont_late	supplied_nuc_complement	9982200	9982300	784	253	0.3227040816326531
ont_late	supplied_nuc_complement	9982300	9982400	783	241	0.30779054916985954
ont_late	supplied_nuc_complement	9982400	9982500	779	267	0.3427471116816431
ont_late	supplied_nuc_complement	9982500	9982600	775	315	0.4064516129032258
ont_late	supplied_nuc_complement	9982600	9982700	773	271	0.35058214747736094
ont_late	supplied_nuc_complement	9982700	9982800	779	295	0.37869062901155326
ont_late	supplied_nuc_complement	9982800	9982900	770	279	0.36233766233766235
ont_late	supplied_nuc_complement	9982900	9983000	768	274	0.3567708333333333
ont_late	supplied_nuc_complement	9983000	9983100	771	310	0.40207522697795073
ont_late	supplied_nuc_complement	9983100	9983200	772	303	0.39248704663212436
ont_late	supplied_nuc_complement	9983200	9983300	768	303	0.39453125
ont_late	supplied_nuc_complement	9983300	9983400	767	352	0.4589308996088657
ont_late	supplied_nuc_complement	9983400	9983500	771	377	0.4889753566796368
ont_late	supplied_nuc_complement	9983500	9983600	769	311	0.4044213263979194
ont_late	supplied_nuc_complement	9983600	9983700	770	343	0.44545454545454544
ont_late	supplied_nuc_complement	9983700	9983800	773	322	0.4165588615782665
ont_late	supplied_nuc_complement	9983800	9983900	767	310	0.4041720990873533
ont_late	supplied_nuc_complement	9983900	9984000	766	249	0.32506527415143605
ont_late	supplied_nuc_complement	9984000	9984100	766	253	0.3302872062663185
ont_late	supplied_nuc_complement	9984100	9984200	768	307	0.3997395833333333
ont_late	supplied_nuc_complement	9984200	9984300	754	226	0.29973474801061006
ont_late	supplied_nuc_complement	9984300	9984400	752	199	0.2646276595744681
ont_late	supplied_nuc_complement	9984400	9984500	750	198	0.264
ont_late	supplied_nuc_complement	9984500	9984600	753	169	0.2244355909694555
ont_late	supplied_nuc_complement	9984600	9984700	749	217	0.2897196261682243
ont_late	supplied_nuc_complement	9984700	9984800	754	265	0.35145888594164454
ont_late	supplied_nuc_complement	9984800	9984900	752	335	0.4454787234042553
ont_late	supplied_nuc_complement	9984900	9985000	745	353	0.4738255033557047
ont_late	supplied_nuc_complement	9985000	9985100	741	275	0.37112010796221323
ont_late	supplied_nuc_complement	9985100	9985200	743	248	0.33378196500672946
ont_late	supplied_nuc_complement	9985200	9985300	739	228	0.3085250338294993
ont_late	supplied_nuc_complement	9985300	9985400	733	228	0.31105047748976805
ont_late	supplied_nuc_complement	9985400	9985500	736	315	0.4279891304347826
ont_late	supplied_nuc_complement	9985500	9985600	734	336	0.45776566757493187
ont_late	supplied_nuc_complement	9985600	9985700	738	362	0.4905149051490515
ont_late	supplied_nuc_complement	9985700	9985800	730	310	0.4246575342465753
ont_late	supplied_nuc_complement	9985800	9985900	733	253	0.3451568894952251
ont_late	supplied_nuc_complement	9985900	9986000	720	229	0.31805555555555554
ont_late	supplied_nuc_complement	9986000	9986100	721	264	0.36615811373092927
ont_late	supplied_nuc_complement	9986100	9986200	723	328	0.4536652835408022
ont_late	supplied_nuc_complement	9986200	9986300	718	326	0.45403899721448465
ont_late	supplied_nuc_complement	9986300	9986400	723	313	0.43291839557399725
ont_late	supplied_nuc_complement	9986400	9986500	715	272	0.3804195804195804
ont_late	supplied_nuc_complement	9986500	9986600	705	180	0.2553191489361702
ont_late	supplied_nuc_complement	9986600	9986700	707	197	0.27864214992927866
ont_late	supplied_nuc_complement	9986700	9986800	708	254	0.3587570621468927
ont_late	supplied_nuc_complement	9986800	9986900	708	229	0.3234463276836158
ont_late	supplied_nuc_complement	9986900	9987000	716	259	0.361731843575419
ont_late	supplied_nuc_complement	9987000	9987100	720	292	0.40555555555555556
ont_late	supplied_nuc_complement	9987100	9987200	721	253	0.3509015256588072
ont_late	supplied_nuc_complement	9987200	9987300	719	258	0.3588317107093185
ont_late	supplied_nuc_complement	9987300	9987400	720	264	0.36666666666666664
ont_late	supplied_nuc_complement	9987400	9987500	725	248	0.34206896551724136
ont_late	supplied_nuc_complement	9987500	9987600	717	251	0.3500697350069735
ont_late	supplied_nuc_complement	9987600	9987700	717	282	0.39330543933054396
ont_late	supplied_nuc_complement	9987700	9987800	708	282	0.3983050847457627
ont_late	supplied_nuc_complement	9987800	9987900	709	211	0.29760225669957685
ont_late	supplied_nuc_complement	9987900	9988000	707	120	0.16973125884016974
ont_late	supplied_nuc_complement	9988000	9988100	708	126	0.17796610169491525
ont_late	supplied_nuc_complement	9988100	9988200	703	181	0.2574679943100996
ont_late	supplied_nuc_complement	9988200	9988300	702	260	0.37037037037037035
ont_late	supplied_nuc_complement	9988300	9988400	701	371	0.5292439372325249
ont_late	supplied_nuc_complement	9988400	9988500	695	408	0.5870503597122302
ont_late	supplied_nuc_complement	9988500	9988600	688	378	0.5494186046511628
ont_late	supplied_nuc_complement	9988600	9988700	686	312	0.45481049562682213
ont_late	supplied_nuc_complement	9988700	9988800	681	343	0.5036710719530103
ont_late	supplied_nuc_complement	9988800	9988900	693	417	0.6017316017316018
ont_late	supplied_nuc_complement	9988900	9989000	684	475	0.6944444444444444
ont_late	supplied_nuc_complement	9989000	9989100	691	535	0.7742402315484804
ont_late	supplied_nuc_complement	9989100	9989200	683	507	0.7423133235724744
ont_late	supplied_nuc_complement	9989200	9989300	672	399	0.59375
ont_late	supplied_nuc_complement	9989300	9989400	674	254	0.3768545994065282
ont_late	supplied_nuc_complement	9989400	9989500	667	245	0.36731634182908546
ont_late	supplied_nuc_complement	9989500	9989600	668	364	0.5449101796407185
ont_late	supplied_nuc_complement	9989600	9989700	667	361	0.5412293853073463
ont_late	supplied_nuc_complement	9989700	9989800	687	189	0.27510917030567683
ont_late	supplied_nuc_complement	9989800	9989900	683	148	0.21669106881405564
ont_late	supplied_nuc_complement	9989900	9990000	678	114	0.168141592920354
ont_late	supplied_nuc_complement	9990000	9990100	683	146	0.21376281112737922
ont_late	supplied_nuc_complement	9990100	9990200	686	198	0.2886297376093295
ont_late	supplied_nuc_complement	9990200	9990300	682	202	0.2961876832844575
ont_late	supplied_nuc_complement	9990300	9990400	689	250	0.36284470246734396
ont_late	supplied_nuc_complement	9990400	9990500	687	343	0.4992721979621543
ont_late	supplied_nuc_complement	9990500	9990600	688	365	0.5305232558139535
ont_late	supplied_nuc_complement	9990600	9990700	687	347	0.50509461426492
ont_late	supplied_nuc_complement	9990700	9990800	678	354	0.5221238938053098
ont_late	supplied_nuc_complement	9990800	9990900	678	348	0.5132743362831859
ont_late	supplied_nuc_complement	9990900	9991000	673	339	0.5037147102526003
ont_late	supplied_nuc_complement	9991000	9991100	675	344	0.5096296296296297
ont_late	supplied_nuc_complement	9991100	9991200	682	305	0.4472140762463343
ont_late	supplied_nuc_complement	9991200	9991300	682	327	0.47947214076246336
ont_late	supplied_nuc_complement	9991300	9991400	683	325	0.47584187408491946
ont_late	supplied_nuc_complement	9991400	9991500	689	313	0.45428156748911463
ont_late	supplied_nuc_complement	9991500	9991600	687	294	0.4279475982532751
ont_late	supplied_nuc_complement	9991600	9991700	679	332	0.4889543446244477
ont_late	supplied_nuc_complement	9991700	9991800	680	336	0.49411764705882355
ont_late	supplied_nuc_complement	9991800	9991900	682	325	0.47653958944281527
ont_late	supplied_nuc_complement	9991900	9992000	682	336	0.49266862170087977
ont_late	supplied_nuc_complement	9992000	9992100	676	347	0.5133136094674556
ont_late	supplied_nuc_complement	9992100	9992200	677	391	0.5775480059084195
ont_late	supplied_nuc_complement	9992200	9992300	673	395	0.586924219910847
ont_late	supplied_nuc_complement	9992300	9992400	679	315	0.4639175257731959
ont_late	supplied_nuc_complement	9992400	9992500	679	313	0.46097201767304863
ont_late	supplied_nuc_complement	9992500	9992600	678	329	0.48525073746312686
ont_late	supplied_nuc_complement	9992600	9992700	681	309	0.45374449339207046
ont_late	supplied_nuc_complement	9992700	9992800	677	260	0.38404726735598227
ont_late	supplied_nuc_complement	9992800	9992900	675	294	0.43555555555555553
ont_late	supplied_nuc_complement	9992900	9993000	674	249	0.3694362017804154
ont_late	supplied_nuc_complement	9993000	9993100	680	199	0.2926470588235294
ont_late	supplied_nuc_complement	9993100	9993200	674	200	0.29673590504451036
ont_late	supplied_nuc_complement	9993200	9993300	679	263	0.3873343151693667
ont_late	supplied_nuc_complement	9993300	9993400	672	237	0.35267857142857145
ont_late	supplied_nuc_complement	9993400	9993500	673	152	0.22585438335809807
ont_late	supplied_nuc_complement	9993500	9993600	673	100	0.1485884101040119
ont_late	supplied_nuc_complement	9993600	9993700	677	134	0.19793205317577547
ont_late	supplied_nuc_complement	9993700	9993800	675	203	0.30074074074074075
ont_late	supplied_nuc_complement	9993800	9993900	675	174	0.2577777777777778
ont_late	supplied_nuc_complement	9993900	9994000	678	102	0.1504424778761062
ont_late	supplied_nuc_complement	9994000	9994100	679	93	0.13696612665684832
ont_late	supplied_nuc_complement	9994100	9994200	682	100	0.1466275659824047
ont_late	supplied_nuc_complement	9994200	9994300	682	80	0.11730205278592376
ont_late	supplied_nuc_complement	9994300	9994400	674	83	0.12314540059347182
ont_late	supplied_nuc_complement	9994400	9994500	672	104	0.15476190476190477
ont_late	supplied_nuc_complement	9994500	9994600	665	145	0.21804511278195488
ont_late	supplied_nuc_complement	9994600	9994700	667	147	0.22038980509745126
ont_late	supplied_nuc_complement	9994700	9994800	659	85	0.12898330804248861
ont_late	supplied_nuc_complement	9994800	9994900	658	126	0.19148936170212766
ont_late	supplied_nuc_complement	9994900	9995000	658	123	0.18693009118541035
ont_late	supplied_nuc_complement	9995000	9995100	651	125	0.19201228878648233
ont_late	supplied_nuc_complement	9995100	9995200	648	138	0.21296296296296297
ont_late	supplied_nuc_complement	9995200	9995300	645	187	0.289922480620155
ont_late	supplied_nuc_complement	9995300	9995400	640	214	0.334375
ont_late	supplied_nuc_complement	9995400	9995500	641	189	0.2948517940717629
ont_late	supplied_nuc_complement	9995500	9995600	645	207	0.3209302325581395
ont_late	supplied_nuc_complement	9995600	9995700	642	229	0.35669781931464173
ont_late	supplied_nuc_complement	9995700	9995800	644	209	0.3245341614906832
ont_late	supplied_nuc_complement	9995800	9995900	640	161	0.2515625
ont_late	supplied_nuc_complement	9995900	9996000	639	106	0.16588419405320814
ont_late	supplied_nuc_complement	9996000	9996100	642	142	0.22118380062305296
ont_late	supplied_nuc_complement	9996100	9996200	648	143	0.22067901234567902
ont_late	supplied_nuc_complement	9996200	9996300	647	159	0.24574961360123648
ont_late	supplied_nuc_complement	9996300	9996400	651	294	0.45161290322580644
ont_late	supplied_nuc_complement	9996400	9996500	650	294	0.4523076923076923
ont_late	supplied_nuc_complement	9996500	9996600	656	289	0.4405487804878049
ont_late	supplied_nuc_complement	9996600	9996700	661	241	0.36459909228441756
ont_late	supplied_nuc_complement	9996700	9996800	669	222	0.33183856502242154
ont_late	supplied_nuc_complement	9996800	9996900	669	227	0.3393124065769806
ont_late	supplied_nuc_complement	9996900	9997000	668	221	0.33083832335329344
ont_late	supplied_nuc_complement	9997000	9997100	669	171	0.2556053811659193
ont_late	supplied_nuc_complement	9997100	9997200	672	258	0.38392857142857145
ont_late	supplied_nuc_complement	9997200	9997300	670	196	0.29253731343283584
ont_late	supplied_nuc_complement	9997300	9997400	667	134	0.20089955022488756
ont_late	supplied_nuc_complement	9997400	9997500	671	236	0.35171385991058124
ont_late	supplied_nuc_complement	9997500	9997600	664	295	0.4442771084337349
ont_late	supplied_nuc_complement	9997600	9997700	664	315	0.4743975903614458
ont_late	supplied_nuc_complement	9997700	9997800	664	378	0.5692771084337349
ont_late	supplied_nuc_complement	9997800	9997900	669	342	0.5112107623318386
ont_late	supplied_nuc_complement	9997900	9998000	668	219	0.3278443113772455
ont_late	supplied_nuc_complement	9998000	9998100	666	117	0.17567567567567569
ont_late	supplied_nuc_complement	9998100	9998200	667	125	0.1874062968515742
ont_late	supplied_nuc_complement	9998200	9998300	672	242	0.3601190476190476
ont_late	supplied_nuc_complement	9998300	9998400	671	274	0.4083457526080477
ont_late	supplied_nuc_complement	9998400	9998500	672	318	0.4732142857142857
ont_late	supplied_nuc_complement	9998500	9998600	670	289	0.43134328358208956
ont_late	supplied_nuc_complement	9998600	9998700	673	229	0.34026745913818723
ont_late	supplied_nuc_complement	9998700	9998800	671	246	0.36661698956780925
ont_late	supplied_nuc_complement	9998800	9998900	672	200	0.2976190476190476
ont_late	supplied_nuc_complement	9998900	9999000	672	147	0.21875
ont_late	supplied_nuc_complement	9999000	9999100	674	134	0.19881305637982197
ont_late	supplied_nuc_complement	9999100	9999200	672	132	0.19642857142857142
ont_late	supplied_nuc_complement	9999200	9999300	672	133	0.19791666666666666
ont_late	supplied_nuc_complement	9999300	9999400	671	155	0.23099850968703428
ont_late	supplied_nuc_complement	9999400	9999500	668	237	0.35479041916167664
ont_late	supplied_nuc_complement	9999500	9999600	670	255	0.3805970149253731
ont_late	supplied_nuc_complement	9999600	9999700	665	240	0.3609022556390977
ont_late	supplied_nuc_complement	9999700	9999800	666	287	0.43093093093093093
ont_late	supplied_nuc_complement	9999800	9999900	661	297	0.4493192133131619
ont_late	supplied_nuc_complement	9999900	10000000	660	241	0.36515151515151517
ont_late	supplied_nuc_complement	10000000	10000100	662	256	0.3867069486404834
ont_late	supplied_nuc_complement	10000100	10000200	656	240	0.36585365853658536
ont_late	supplied_nuc_complement	10000200	10000300	651	133	0.20430107526881722
ont_late	supplied_nuc_complement	10000300	10000400	654	62	0.09480122324159021
ont_late	supplied_nuc_complement	10000400	10000500	653	132	0.20214395099540583
ont_late	supplied_nuc_complement	10000500	10000600	651	174	0.2672811059907834
ont_late	supplied_nuc_complement	10000600	10000700	653	180	0.27565084226646247
ont_late	supplied_nuc_complement	10000700	10000800	654	198	0.30275229357798167
ont_late	supplied_nuc_complement	10000800	10000900	656	163	0.24847560975609756
ont_late	supplied_nuc_complement	10000900	10001000	656	142	0.21646341463414634
ont_late	supplied_nuc_complement	10001000	10001100	660	186	0.2818181818181818
ont_late	supplied_nuc_complement	10001100	10001200	664	191	0.2876506024096386
ont_late	supplied_nuc_complement	10001200	10001300	666	199	0.2987987987987988
ont_late	supplied_nuc_complement	10001300	10001400	668	204	0.30538922155688625
ont_late	supplied_nuc_complement	10001400	10001500	672	211	0.31398809523809523
ont_late	supplied_nuc_complement	10001500	10001600	669	247	0.3692077727952167
ont_late	supplied_nuc_complement	10001600	10001700	670	185	0.27611940298507465
ont_late	supplied_nuc_complement	10001700	10001800	669	132	0.19730941704035873
ont_late	supplied_nuc_complement	10001800	10001900	667	131	0.19640179910044978
ont_late	supplied_nuc_complement	10001900	10002000	665	121	0.18195488721804512
ont_late	supplied_nuc_complement	10002000	10002100	661	118	0.17851739788199697
ont_late	supplied_nuc_complement	10002100	10002200	657	164	0.2496194824961948
ont_late	supplied_nuc_complement	10002200	10002300	656	196	0.29878048780487804
ont_late	supplied_nuc_complement	10002300	10002400	654	233	0.3562691131498471
ont_late	supplied_nuc_complement	10002400	10002500	652	275	0.4217791411042945
ont_late	supplied_nuc_complement	10002500	10002600	654	325	0.4969418960244648
ont_late	supplied_nuc_complement	10002600	10002700	653	319	0.4885145482388974
ont_late	supplied_nuc_complement	10002700	10002800	654	232	0.3547400611620795
ont_late	supplied_nuc_complement	10002800	10002900	652	151	0.23159509202453987
ont_late	supplied_nuc_complement	10002900	10003000	653	145	0.222052067381317
ont_late	supplied_nuc_complement	10003000	10003100	647	195	0.30139103554868624
ont_late	supplied_nuc_complement	10003100	10003200	645	261	0.4046511627906977
ont_late	supplied_nuc_complement	10003200	10003300	650	264	0.40615384615384614
ont_late	supplied_nuc_complement	10003300	10003400	648	269	0.41512345679012347
ont_late	supplied_nuc_complement	10003400	10003500	646	196	0.30340557275541796
ont_late	supplied_nuc_complement	10003500	10003600	649	173	0.2665639445300462
ont_late	supplied_nuc_complement	10003600	10003700	652	176	0.26993865030674846
ont_late	supplied_nuc_complement	10003700	10003800	655	191	0.2916030534351145
ont_late	supplied_nuc_complement	10003800	10003900	657	172	0.2617960426179604
ont_late	supplied_nuc_complement	10003900	10004000	658	130	0.19756838905775076
ont_late	supplied_nuc_complement	10004000	10004100	659	109	0.165402124430956
ont_late	supplied_nuc_complement	10004100	10004200	659	145	0.22003034901365706
ont_late	supplied_nuc_complement	10004200	10004300	657	204	0.3105022831050228
ont_late	supplied_nuc_complement	10004300	10004400	656	259	0.3948170731707317
ont_late	supplied_nuc_complement	10004400	10004500	657	227	0.3455098934550989
ont_late	supplied_nuc_complement	10004500	10004600	650	188	0.28923076923076924
ont_late	supplied_nuc_complement	10004600	10004700	647	169	0.26120556414219476
ont_late	supplied_nuc_complement	10004700	10004800	651	167	0.2565284178187404
ont_late	supplied_nuc_complement	10004800	10004900	642	182	0.2834890965732087
ont_late	supplied_nuc_complement	10004900	10005000	640	163	0.2546875
ont_late	supplied_nuc_complement	10005000	10005100	642	169	0.2632398753894081
ont_late	supplied_nuc_complement	10005100	10005200	642	288	0.4485981308411215
ont_late	supplied_nuc_complement	10005200	10005300	641	297	0.46333853354134164
ont_late	supplied_nuc_complement	10005300	10005400	638	241	0.3777429467084639
ont_late	supplied_nuc_complement	10005400	10005500	633	173	0.27330173775671407
ont_late	supplied_nuc_complement	10005500	10005600	628	120	0.1910828025477707
ont_late	supplied_nuc_complement	10005600	10005700	624	102	0.16346153846153846
ont_late	supplied_nuc_complement	10005700	10005800	622	187	0.30064308681672025
ont_late	supplied_nuc_complement	10005800	10005900	619	255	0.41195476575121165
ont_late	supplied_nuc_complement	10005900	10006000	618	179	0.2896440129449838
ont_late	raw_hmm	9954000	9954100	715	90	0.1258741258741259
ont_late	raw_hmm	9954100	9954200	714	65	0.09103641456582633
ont_late	raw_hmm	9954200	9954300	716	66	0.09217877094972067
ont_late	raw_hmm	9954300	9954400	717	82	0.11436541143654114
ont_late	raw_hmm	9954400	9954500	714	86	0.12044817927170869
ont_late	raw_hmm	9954500	9954600	709	137	0.19322990126939352
ont_late	raw_hmm	9954600	9954700	711	164	0.23066104078762306
ont_late	raw_hmm	9954700	9954800	708	107	0.15112994350282485
ont_late	raw_hmm	9954800	9954900	703	67	0.0953058321479374
ont_late	raw_hmm	9954900	9955000	704	70	0.09943181818181818
ont_late	raw_hmm	9955000	9955100	704	125	0.17755681818181818
ont_late	raw_hmm	9955100	9955200	706	119	0.16855524079320114
ont_late	raw_hmm	9955200	9955300	696	279	0.40086206896551724
ont_late	raw_hmm	9955300	9955400	705	289	0.4099290780141844
ont_late	raw_hmm	9955400	9955500	694	183	0.26368876080691644
ont_late	raw_hmm	9955500	9955600	693	142	0.2049062049062049
ont_late	raw_hmm	9955600	9955700	707	137	0.19377652050919378
ont_late	raw_hmm	9955700	9955800	745	121	0.16241610738255033
ont_late	raw_hmm	9955800	9955900	739	140	0.18944519621109607
ont_late	raw_hmm	9955900	9956000	746	135	0.18096514745308312
ont_late	raw_hmm	9956000	9956100	749	110	0.14686248331108145
ont_late	raw_hmm	9956100	9956200	750	87	0.116
ont_late	raw_hmm	9956200	9956300	751	90	0.11984021304926765
ont_late	raw_hmm	9956300	9956400	754	186	0.246684350132626
ont_late	raw_hmm	9956400	9956500	764	199	0.2604712041884817
ont_late	raw_hmm	9956500	9956600	760	151	0.1986842105263158
ont_late	raw_hmm	9956600	9956700	769	97	0.12613784135240572
ont_late	raw_hmm	9956700	9956800	765	104	0.13594771241830064
ont_late	raw_hmm	9956800	9956900	770	68	0.08831168831168831
ont_late	raw_hmm	9956900	9957000	764	64	0.08376963350785341
ont_late	raw_hmm	9957000	9957100	764	82	0.10732984293193717
ont_late	raw_hmm	9957100	9957200	764	94	0.12303664921465969
ont_late	raw_hmm	9957200	9957300	766	74	0.09660574412532637
ont_late	raw_hmm	9957300	9957400	769	50	0.06501950585175553
ont_late	raw_hmm	9957400	9957500	771	93	0.12062256809338522
ont_late	raw_hmm	9957500	9957600	768	128	0.16666666666666666
ont_late	raw_hmm	9957600	9957700	767	100	0.1303780964797914
ont_late	raw_hmm	9957700	9957800	761	67	0.08804204993429698
ont_late	raw_hmm	9957800	9957900	762	47	0.06167979002624672
ont_late	raw_hmm	9957900	9958000	773	74	0.09573091849935317
ont_late	raw_hmm	9958000	9958100	776	130	0.16752577319587628
ont_late	raw_hmm	9958100	9958200	770	156	0.2025974025974026
ont_late	raw_hmm	9958200	9958300	774	121	0.15633074935400518
ont_late	raw_hmm	9958300	9958400	768	90	0.1171875
ont_late	raw_hmm	9958400	9958500	766	128	0.1671018276762402
ont_late	raw_hmm	9958500	9958600	768	195	0.25390625
ont_late	raw_hmm	9958600	9958700	772	172	0.22279792746113988
ont_late	raw_hmm	9958700	9958800	781	251	0.3213828425096031
ont_late	raw_hmm	9958800	9958900	797	361	0.45294855708908405
ont_late	raw_hmm	9958900	9959000	792	256	0.32323232323232326
ont_late	raw_hmm	9959000	9959100	788	57	0.07233502538071065
ont_late	raw_hmm	9959100	9959200	796	80	0.10050251256281408
ont_late	raw_hmm	9959200	9959300	796	100	0.12562814070351758
ont_late	raw_hmm	9959300	9959400	799	87	0.10888610763454318
ont_late	raw_hmm	9959400	9959500	799	180	0.22528160200250313
ont_late	raw_hmm	9959500	9959600	799	205	0.2565707133917397
ont_late	raw_hmm	9959600	9959700	797	167	0.2095357590966123
ont_late	raw_hmm	9959700	9959800	809	230	0.2843016069221261
ont_late	raw_hmm	9959800	9959900	786	169	0.21501272264631044
ont_late	raw_hmm	9959900	9960000	781	208	0.26632522407170295
ont_late	raw_hmm	9960000	9960100	794	337	0.4244332493702771
ont_late	raw_hmm	9960100	9960200	777	283	0.3642213642213642
ont_late	raw_hmm	9960200	9960300	785	356	0.4535031847133758
ont_late	raw_hmm	9960300	9960400	806	348	0.4317617866004963
ont_late	raw_hmm	9960400	9960500	791	280	0.35398230088495575
ont_late	raw_hmm	9960500	9960600	794	217	0.27329974811083124
ont_late	raw_hmm	9960600	9960700	792	229	0.28914141414141414
ont_late	raw_hmm	9960700	9960800	799	198	0.24780976220275344
ont_late	raw_hmm	9960800	9960900	801	193	0.24094881398252185
ont_late	raw_hmm	9960900	9961000	799	193	0.24155193992490614
ont_late	raw_hmm	9961000	9961100	803	139	0.17310087173100872
ont_late	raw_hmm	9961100	9961200	809	141	0.17428924598269468
ont_late	raw_hmm	9961200	9961300	812	144	0.17733990147783252
ont_late	raw_hmm	9961300	9961400	819	65	0.07936507936507936
ont_late	raw_hmm	9961400	9961500	825	57	0.06909090909090909
ont_late	raw_hmm	9961500	9961600	827	145	0.17533252720677148
ont_late	raw_hmm	9961600	9961700	830	202	0.2433734939759036
ont_late	raw_hmm	9961700	9961800	830	201	0.2421686746987952
ont_late	raw_hmm	9961800	9961900	826	234	0.28329297820823246
ont_late	raw_hmm	9961900	9962000	831	282	0.33935018050541516
ont_late	raw_hmm	9962000	9962100	833	242	0.290516206482593
ont_late	raw_hmm	9962100	9962200	833	143	0.1716686674669868
ont_late	raw_hmm	9962200	9962300	828	195	0.23550724637681159
ont_late	raw_hmm	9962300	9962400	831	225	0.27075812274368233
ont_late	raw_hmm	9962400	9962500	841	273	0.32461355529131986
ont_late	raw_hmm	9962500	9962600	843	248	0.2941874258600237
ont_late	raw_hmm	9962600	9962700	840	172	0.20476190476190476
ont_late	raw_hmm	9962700	9962800	840	171	0.20357142857142857
ont_late	raw_hmm	9962800	9962900	841	100	0.11890606420927467
ont_late	raw_hmm	9962900	9963000	835	54	0.06467065868263473
ont_late	raw_hmm	9963000	9963100	831	58	0.06979542719614922
ont_late	raw_hmm	9963100	9963200	836	161	0.19258373205741627
ont_late	raw_hmm	9963200	9963300	832	221	0.265625
ont_late	raw_hmm	9963300	9963400	838	207	0.24701670644391407
ont_late	raw_hmm	9963400	9963500	837	151	0.18040621266427717
ont_late	raw_hmm	9963500	9963600	843	84	0.099644128113879
ont_late	raw_hmm	9963600	9963700	843	45	0.05338078291814947
ont_late	raw_hmm	9963700	9963800	841	79	0.093935790725327
ont_late	raw_hmm	9963800	9963900	838	131	0.15632458233890215
ont_late	raw_hmm	9963900	9964000	838	166	0.19809069212410502
ont_late	raw_hmm	9964000	9964100	842	166	0.19714964370546317
ont_late	raw_hmm	9964100	9964200	847	227	0.2680047225501771
ont_late	raw_hmm	9964200	9964300	850	227	0.26705882352941174
ont_late	raw_hmm	9964300	9964400	848	136	0.16037735849056603
ont_late	raw_hmm	9964400	9964500	847	140	0.1652892561983471
ont_late	raw_hmm	9964500	9964600	851	171	0.2009400705052879
ont_late	raw_hmm	9964600	9964700	853	225	0.2637749120750293
ont_late	raw_hmm	9964700	9964800	854	274	0.32084309133489464
ont_late	raw_hmm	9964800	9964900	857	268	0.31271878646441076
ont_late	raw_hmm	9964900	9965000	851	170	0.199764982373678
ont_late	raw_hmm	9965000	9965100	860	406	0.4720930232558139
ont_late	raw_hmm	9965100	9965200	844	328	0.3886255924170616
ont_late	raw_hmm	9965200	9965300	837	39	0.04659498207885305
ont_late	raw_hmm	9965300	9965400	832	30	0.036057692307692304
ont_late	raw_hmm	9965400	9965500	833	119	0.14285714285714285
ont_late	raw_hmm	9965500	9965600	834	90	0.1079136690647482
ont_late	raw_hmm	9965600	9965700	833	58	0.06962785114045618
ont_late	raw_hmm	9965700	9965800	827	68	0.08222490931076179
ont_late	raw_hmm	9965800	9965900	826	60	0.07263922518159806
ont_late	raw_hmm	9965900	9966000	830	39	0.046987951807228916
ont_late	raw_hmm	9966000	9966100	826	57	0.06900726392251816
ont_late	raw_hmm	9966100	9966200	828	60	0.07246376811594203
ont_late	raw_hmm	9966200	9966300	826	64	0.0774818401937046
ont_late	raw_hmm	9966300	9966400	840	194	0.23095238095238096
ont_late	raw_hmm	9966400	9966500	834	197	0.23621103117505995
ont_late	raw_hmm	9966500	9966600	824	99	0.12014563106796117
ont_late	raw_hmm	9966600	9966700	820	109	0.1329268292682927
ont_late	raw_hmm	9966700	9966800	819	94	0.11477411477411477
ont_late	raw_hmm	9966800	9966900	822	107	0.13017031630170317
ont_late	raw_hmm	9966900	9967000	826	101	0.12227602905569007
ont_late	raw_hmm	9967000	9967100	816	90	0.11029411764705882
ont_late	raw_hmm	9967100	9967200	812	114	0.14039408866995073
ont_late	raw_hmm	9967200	9967300	819	209	0.25518925518925517
ont_late	raw_hmm	9967300	9967400	818	322	0.39364303178484106
ont_late	raw_hmm	9967400	9967500	808	358	0.4430693069306931
ont_late	raw_hmm	9967500	9967600	806	352	0.43672456575682383
ont_late	raw_hmm	9967600	9967700	802	309	0.385286783042394
ont_late	raw_hmm	9967700	9967800	797	208	0.26097867001254704
ont_late	raw_hmm	9967800	9967900	799	140	0.17521902377972465
ont_late	raw_hmm	9967900	9968000	796	150	0.1884422110552764
ont_late	raw_hmm	9968000	9968100	799	254	0.31789737171464333
ont_late	raw_hmm	9968100	9968200	798	196	0.24561403508771928
ont_late	raw_hmm	9968200	9968300	798	138	0.17293233082706766
ont_late	raw_hmm	9968300	9968400	802	68	0.08478802992518704
ont_late	raw_hmm	9968400	9968500	806	124	0.15384615384615385
ont_late	raw_hmm	9968500	9968600	806	149	0.184863523573201
ont_late	raw_hmm	9968600	9968700	806	128	0.1588089330024814
ont_late	raw_hmm	9968700	9968800	793	76	0.09583858764186633
ont_late	raw_hmm	9968800	9968900	801	64	0.07990012484394507
ont_late	raw_hmm	9968900	9969000	797	258	0.3237139272271016
ont_late	raw_hmm	9969000	9969100	810	478	0.5901234567901235
ont_late	raw_hmm	9969100	9969200	810	398	0.49135802469135803
ont_late	raw_hmm	9969200	9969300	806	233	0.2890818858560794
ont_late	raw_hmm	9969300	9969400	804	235	0.2922885572139303
ont_late	raw_hmm	9969400	9969500	799	215	0.2690863579474343
ont_late	raw_hmm	9969500	9969600	799	194	0.2428035043804756
ont_late	raw_hmm	9969600	9969700	793	199	0.2509457755359395
ont_late	raw_hmm	9969700	9969800	797	161	0.20200752823086573
ont_late	raw_hmm	9969800	9969900	800	130	0.1625
ont_late	raw_hmm	9969900	9970000	802	173	0.21571072319201995
ont_late	raw_hmm	9970000	9970100	796	192	0.24120603015075376
ont_late	raw_hmm	9970100	9970200	798	198	0.24812030075187969
ont_late	raw_hmm	9970200	9970300	799	166	0.20775969962453067
ont_late	raw_hmm	9970300	9970400	802	137	0.1708229426433915
ont_late	raw_hmm	9970400	9970500	807	142	0.17596034696406443
ont_late	raw_hmm	9970500	9970600	809	118	0.14585908529048208
ont_late	raw_hmm	9970600	9970700	807	78	0.09665427509293681
ont_late	raw_hmm	9970700	9970800	812	114	0.14039408866995073
ont_late	raw_hmm	9970800	9970900	806	121	0.1501240694789082
ont_late	raw_hmm	9970900	9971000	814	103	0.12653562653562653
ont_late	raw_hmm	9971000	9971100	811	216	0.26633785450061653
ont_late	raw_hmm	9971100	9971200	806	256	0.3176178660049628
ont_late	raw_hmm	9971200	9971300	788	192	0.2436548223350254
ont_late	raw_hmm	9971300	9971400	795	238	0.2993710691823899
ont_late	raw_hmm	9971400	9971500	790	218	0.2759493670886076
ont_late	raw_hmm	9971500	9971600	794	265	0.3337531486146096
ont_late	raw_hmm	9971600	9971700	798	215	0.2694235588972431
ont_late	raw_hmm	9971700	9971800	802	199	0.24812967581047382
ont_late	raw_hmm	9971800	9971900	794	224	0.28211586901763225
ont_late	raw_hmm	9971900	9972000	795	207	0.26037735849056604
ont_late	raw_hmm	9972000	9972100	801	238	0.29712858926342073
ont_late	raw_hmm	9972100	9972200	799	264	0.3304130162703379
ont_late	raw_hmm	9972200	9972300	795	269	0.3383647798742138
ont_late	raw_hmm	9972300	9972400	790	206	0.2607594936708861
ont_late	raw_hmm	9972400	9972500	781	150	0.19206145966709348
ont_late	raw_hmm	9972500	9972600	785	129	0.1643312101910828
ont_late	raw_hmm	9972600	9972700	780	129	0.16538461538461538
ont_late	raw_hmm	9972700	9972800	781	303	0.3879641485275288
ont_late	raw_hmm	9972800	9972900	791	438	0.5537294563843237
ont_late	raw_hmm	9972900	9973000	786	294	0.37404580152671757
ont_late	raw_hmm	9973000	9973100	776	115	0.1481958762886598
ont_late	raw_hmm	9973100	9973200	778	73	0.09383033419023136
ont_late	raw_hmm	9973200	9973300	790	156	0.19746835443037974
ont_late	raw_hmm	9973300	9973400	790	224	0.28354430379746837
ont_late	raw_hmm	9973400	9973500	765	279	0.36470588235294116
ont_late	raw_hmm	9973500	9973600	756	280	0.37037037037037035
ont_late	raw_hmm	9973600	9973700	744	214	0.28763440860215056
ont_late	raw_hmm	9973700	9973800	754	302	0.4005305039787798
ont_late	raw_hmm	9973800	9973900	763	362	0.4744429882044561
ont_late	raw_hmm	9973900	9974000	759	346	0.45586297760210803
ont_late	raw_hmm	9974000	9974100	764	328	0.4293193717277487
ont_late	raw_hmm	9974100	9974200	769	380	0.494148244473342
ont_late	raw_hmm	9974200	9974300	775	390	0.5032258064516129
ont_late	raw_hmm	9974300	9974400	769	317	0.41222366710013003
ont_late	raw_hmm	9974400	9974500	768	223	0.2903645833333333
ont_late	raw_hmm	9974500	9974600	767	184	0.23989569752281617
ont_late	raw_hmm	9974600	9974700	765	139	0.18169934640522875
ont_late	raw_hmm	9974700	9974800	769	63	0.08192457737321196
ont_late	raw_hmm	9974800	9974900	771	56	0.07263294422827497
ont_late	raw_hmm	9974900	9975000	772	95	0.12305699481865284
ont_late	raw_hmm	9975000	9975100	767	136	0.1773142112125163
ont_late	raw_hmm	9975100	9975200	773	129	0.16688227684346701
ont_late	raw_hmm	9975200	9975300	778	149	0.19151670951156813
ont_late	raw_hmm	9975300	9975400	781	169	0.21638924455825864
ont_late	raw_hmm	9975400	9975500	780	133	0.17051282051282052
ont_late	raw_hmm	9975500	9975600	782	120	0.1534526854219949
ont_late	raw_hmm	9975600	9975700	783	116	0.14814814814814814
ont_late	raw_hmm	9975700	9975800	784	122	0.1556122448979592
ont_late	raw_hmm	9975800	9975900	783	104	0.13282247765006386
ont_late	raw_hmm	9975900	9976000	780	134	0.1717948717948718
ont_late	raw_hmm	9976000	9976100	782	143	0.18286445012787725
ont_late	raw_hmm	9976100	9976200	790	90	0.11392405063291139
ont_late	raw_hmm	9976200	9976300	792	135	0.17045454545454544
ont_late	raw_hmm	9976300	9976400	798	214	0.2681704260651629
ont_late	raw_hmm	9976400	9976500	802	178	0.22194513715710723
ont_late	raw_hmm	9976500	9976600	802	62	0.0773067331670823
ont_late	raw_hmm	9976600	9976700	798	28	0.03508771929824561
ont_late	raw_hmm	9976700	9976800	801	34	0.04244694132334582
ont_late	raw_hmm	9976800	9976900	802	72	0.08977556109725686
ont_late	raw_hmm	9976900	9977000	805	86	0.10683229813664596
ont_late	raw_hmm	9977000	9977100	806	114	0.141439205955335
ont_late	raw_hmm	9977100	9977200	802	179	0.2231920199501247
ont_late	raw_hmm	9977200	9977300	805	157	0.19503105590062111
ont_late	raw_hmm	9977300	9977400	802	155	0.19326683291770574
ont_late	raw_hmm	9977400	9977500	803	232	0.2889165628891656
ont_late	raw_hmm	9977500	9977600	803	252	0.3138231631382316
ont_late	raw_hmm	9977600	9977700	799	254	0.31789737171464333
ont_late	raw_hmm	9977700	9977800	796	213	0.2675879396984925
ont_late	raw_hmm	9977800	9977900	793	181	0.22824716267339218
ont_late	raw_hmm	9977900	9978000	788	190	0.24111675126903553
ont_late	raw_hmm	9978000	9978100	797	177	0.22208281053952322
ont_late	raw_hmm	9978100	9978200	796	96	0.12060301507537688
ont_late	raw_hmm	9978200	9978300	796	117	0.14698492462311558
ont_late	raw_hmm	9978300	9978400	798	140	0.17543859649122806
ont_late	raw_hmm	9978400	9978500	791	118	0.14917825537294563
ont_late	raw_hmm	9978500	9978600	789	131	0.16603295310519645
ont_late	raw_hmm	9978600	9978700	789	143	0.18124207858048164
ont_late	raw_hmm	9978700	9978800	795	109	0.1371069182389937
ont_late	raw_hmm	9978800	9978900	796	153	0.1922110552763819
ont_late	raw_hmm	9978900	9979000	802	217	0.27057356608478805
ont_late	raw_hmm	9979000	9979100	793	276	0.3480453972257251
ont_late	raw_hmm	9979100	9979200	797	505	0.6336260978670013
ont_late	raw_hmm	9979200	9979300	793	529	0.6670870113493065
ont_late	raw_hmm	9979300	9979400	788	356	0.4517766497461929
ont_late	raw_hmm	9979400	9979500	776	194	0.25
ont_late	raw_hmm	9979500	9979600	778	132	0.16966580976863754
ont_late	raw_hmm	9979600	9979700	779	179	0.22978177150192555
ont_late	raw_hmm	9979700	9979800	779	202	0.2593068035943517
ont_late	raw_hmm	9979800	9979900	781	202	0.2586427656850192
ont_late	raw_hmm	9979900	9980000	776	193	0.24871134020618557
ont_late	raw_hmm	9980000	9980100	773	209	0.2703751617076326
ont_late	raw_hmm	9980100	9980200	775	204	0.2632258064516129
ont_late	raw_hmm	9980200	9980300	778	181	0.2326478149100257
ont_late	raw_hmm	9980300	9980400	779	199	0.2554557124518614
ont_late	raw_hmm	9980400	9980500	783	232	0.2962962962962963
ont_late	raw_hmm	9980500	9980600	786	198	0.25190839694656486
ont_late	raw_hmm	9980600	9980700	786	127	0.16157760814249364
ont_late	raw_hmm	9980700	9980800	786	78	0.09923664122137404
ont_late	raw_hmm	9980800	9980900	794	181	0.22795969773299748
ont_late	raw_hmm	9980900	9981000	793	290	0.3656998738965952
ont_late	raw_hmm	9981000	9981100	793	281	0.35435056746532156
ont_late	raw_hmm	9981100	9981200	792	247	0.31186868686868685
ont_late	raw_hmm	9981200	9981300	789	197	0.24968314321926488
ont_late	raw_hmm	9981300	9981400	793	159	0.2005044136191677
ont_late	raw_hmm	9981400	9981500	798	136	0.17042606516290726
ont_late	raw_hmm	9981500	9981600	797	122	0.15307402760351319
ont_late	raw_hmm	9981600	9981700	797	175	0.21957340025094102
ont_late	raw_hmm	9981700	9981800	788	163	0.2068527918781726
ont_late	raw_hmm	9981800	9981900	788	120	0.15228426395939088
ont_late	raw_hmm	9981900	9982000	785	111	0.14140127388535031
ont_late	raw_hmm	9982000	9982100	784	116	0.14795918367346939
ont_late	raw_hmm	9982100	9982200	782	131	0.16751918158567775
ont_late	raw_hmm	9982200	9982300	784	118	0.15051020408163265
ont_late	raw_hmm	9982300	9982400	783	95	0.12132822477650064
ont_late	raw_hmm	9982400	9982500	779	114	0.14634146341463414
ont_late	raw_hmm	9982500	9982600	775	127	0.1638709677419355
ont_late	raw_hmm	9982600	9982700	773	81	0.10478654592496765
ont_late	raw_hmm	9982700	9982800	779	111	0.14249037227214378
ont_late	raw_hmm	9982800	9982900	770	100	0.12987012987012986
ont_late	raw_hmm	9982900	9983000	768	113	0.14713541666666666
ont_late	raw_hmm	9983000	9983100	771	159	0.20622568093385213
ont_late	raw_hmm	9983100	9983200	772	145	0.1878238341968912
ont_late	raw_hmm	9983200	9983300	768	119	0.15494791666666666
ont_late	raw_hmm	9983300	9983400	767	150	0.19556714471968709
ont_late	raw_hmm	9983400	9983500	771	161	0.20881971465629054
ont_late	raw_hmm	9983500	9983600	769	145	0.18855656697009102
ont_late	raw_hmm	9983600	9983700	770	201	0.261038961038961
ont_late	raw_hmm	9983700	9983800	773	170	0.21992238033635186
ont_late	raw_hmm	9983800	9983900	767	154	0.20078226857887874
ont_late	raw_hmm	9983900	9984000	766	95	0.12402088772845953
ont_late	raw_hmm	9984000	9984100	766	106	0.13838120104438642
ont_late	raw_hmm	9984100	9984200	768	155	0.20182291666666666
ont_late	raw_hmm	9984200	9984300	754	92	0.1220159151193634
ont_late	raw_hmm	9984300	9984400	752	72	0.09574468085106383
ont_late	raw_hmm	9984400	9984500	750	78	0.104
ont_late	raw_hmm	9984500	9984600	753	74	0.09827357237715803
ont_late	raw_hmm	9984600	9984700	749	83	0.11081441922563418
ont_late	raw_hmm	9984700	9984800	754	111	0.14721485411140584
ont_late	raw_hmm	9984800	9984900	752	135	0.17952127659574468
ont_late	raw_hmm	9984900	9985000	745	158	0.21208053691275167
ont_late	raw_hmm	9985000	9985100	741	114	0.15384615384615385
ont_late	raw_hmm	9985100	9985200	743	109	0.14670255720053835
ont_late	raw_hmm	9985200	9985300	739	97	0.13125845737483086
ont_late	raw_hmm	9985300	9985400	733	111	0.15143246930422918
ont_late	raw_hmm	9985400	9985500	736	173	0.23505434782608695
ont_late	raw_hmm	9985500	9985600	734	190	0.25885558583106266
ont_late	raw_hmm	9985600	9985700	738	179	0.24254742547425473
ont_late	raw_hmm	9985700	9985800	730	138	0.18904109589041096
ont_late	raw_hmm	9985800	9985900	733	116	0.1582537517053206
ont_late	raw_hmm	9985900	9986000	720	96	0.13333333333333333
ont_late	raw_hmm	9986000	9986100	721	133	0.18446601941747573
ont_late	raw_hmm	9986100	9986200	723	191	0.2641770401106501
ont_late	raw_hmm	9986200	9986300	718	162	0.22562674094707522
ont_late	raw_hmm	9986300	9986400	723	134	0.18533886583679116
ont_late	raw_hmm	9986400	9986500	715	132	0.18461538461538463
ont_late	raw_hmm	9986500	9986600	705	58	0.08226950354609928
ont_late	raw_hmm	9986600	9986700	707	78	0.11032531824611033
ont_late	raw_hmm	9986700	9986800	708	110	0.1553672316384181
ont_late	raw_hmm	9986800	9986900	708	110	0.1553672316384181
ont_late	raw_hmm	9986900	9987000	716	151	0.21089385474860337
ont_late	raw_hmm	9987000	9987100	720	151	0.20972222222222223
ont_late	raw_hmm	9987100	9987200	721	133	0.18446601941747573
ont_late	raw_hmm	9987200	9987300	719	122	0.16968011126564672
ont_late	raw_hmm	9987300	9987400	720	117	0.1625
ont_late	raw_hmm	9987400	9987500	725	101	0.1393103448275862
ont_late	raw_hmm	9987500	9987600	717	114	0.1589958158995816
ont_late	raw_hmm	9987600	9987700	717	133	0.18549511854951187
ont_late	raw_hmm	9987700	9987800	708	141	0.19915254237288135
ont_late	raw_hmm	9987800	9987900	709	94	0.1325811001410437
ont_late	raw_hmm	9987900	9988000	707	55	0.07779349363507779
ont_late	raw_hmm	9988000	9988100	708	48	0.06779661016949153
ont_late	raw_hmm	9988100	9988200	703	81	0.11522048364153627
ont_late	raw_hmm	9988200	9988300	702	138	0.19658119658119658
ont_late	raw_hmm	9988300	9988400	701	190	0.2710413694721826
ont_late	raw_hmm	9988400	9988500	695	216	0.3107913669064748
ont_late	raw_hmm	9988500	9988600	688	209	0.30377906976744184
ont_late	raw_hmm	9988600	9988700	686	160	0.23323615160349853
ont_late	raw_hmm	9988700	9988800	681	180	0.2643171806167401
ont_late	raw_hmm	9988800	9988900	693	251	0.3621933621933622
ont_late	raw_hmm	9988900	9989000	684	290	0.4239766081871345
ont_late	raw_hmm	9989000	9989100	691	334	0.4833574529667149
ont_late	raw_hmm	9989100	9989200	683	302	0.44216691068814057
ont_late	raw_hmm	9989200	9989300	672	222	0.33035714285714285
ont_late	raw_hmm	9989300	9989400	674	124	0.18397626112759644
ont_late	raw_hmm	9989400	9989500	667	116	0.17391304347826086
ont_late	raw_hmm	9989500	9989600	668	141	0.21107784431137724
ont_late	raw_hmm	9989600	9989700	667	151	0.22638680659670166
ont_late	raw_hmm	9989700	9989800	687	67	0.0975254730713246
ont_late	raw_hmm	9989800	9989900	683	54	0.07906295754026355
ont_late	raw_hmm	9989900	9990000	678	47	0.06932153392330384
ont_late	raw_hmm	9990000	9990100	683	73	0.10688140556368961
ont_late	raw_hmm	9990100	9990200	686	92	0.13411078717201166
ont_late	raw_hmm	9990200	9990300	682	60	0.08797653958944282
ont_late	raw_hmm	9990300	9990400	689	121	0.17561683599419448
ont_late	raw_hmm	9990400	9990500	687	189	0.27510917030567683
ont_late	raw_hmm	9990500	9990600	688	188	0.27325581395348836
ont_late	raw_hmm	9990600	9990700	687	163	0.23726346433770015
ont_late	raw_hmm	9990700	9990800	678	209	0.308259587020649
ont_late	raw_hmm	9990800	9990900	678	200	0.2949852507374631
ont_late	raw_hmm	9990900	9991000	673	181	0.2689450222882615
ont_late	raw_hmm	9991000	9991100	675	191	0.28296296296296297
ont_late	raw_hmm	9991100	9991200	682	159	0.23313782991202345
ont_late	raw_hmm	9991200	9991300	682	161	0.23607038123167157
ont_late	raw_hmm	9991300	9991400	683	164	0.24011713030746706
ont_late	raw_hmm	9991400	9991500	689	154	0.22351233671988388
ont_late	raw_hmm	9991500	9991600	687	148	0.21542940320232898
ont_late	raw_hmm	9991600	9991700	679	174	0.25625920471281294
ont_late	raw_hmm	9991700	9991800	680	191	0.28088235294117647
ont_late	raw_hmm	9991800	9991900	682	160	0.23460410557184752
ont_late	raw_hmm	9991900	9992000	682	187	0.27419354838709675
ont_late	raw_hmm	9992000	9992100	676	224	0.33136094674556216
ont_late	raw_hmm	9992100	9992200	677	278	0.41063515509601184
ont_late	raw_hmm	9992200	9992300	673	243	0.3610698365527489
ont_late	raw_hmm	9992300	9992400	679	147	0.21649484536082475
ont_late	raw_hmm	9992400	9992500	679	184	0.2709867452135493
ont_late	raw_hmm	9992500	9992600	678	181	0.2669616519174041
ont_late	raw_hmm	9992600	9992700	681	159	0.23348017621145375
ont_late	raw_hmm	9992700	9992800	677	111	0.16395864106351551
ont_late	raw_hmm	9992800	9992900	675	136	0.20148148148148148
ont_late	raw_hmm	9992900	9993000	674	117	0.17359050445103857
ont_late	raw_hmm	9993000	9993100	680	81	0.11911764705882352
ont_late	raw_hmm	9993100	9993200	674	59	0.08753709198813056
ont_late	raw_hmm	9993200	9993300	679	109	0.16053019145802652
ont_late	raw_hmm	9993300	9993400	672	109	0.16220238095238096
ont_late	raw_hmm	9993400	9993500	673	65	0.09658246656760773
ont_late	raw_hmm	9993500	9993600	673	31	0.04606240713224369
ont_late	raw_hmm	9993600	9993700	677	55	0.08124076809453472
ont_late	raw_hmm	9993700	9993800	675	90	0.13333333333333333
ont_late	raw_hmm	9993800	9993900	675	75	0.1111111111111111
ont_late	raw_hmm	9993900	9994000	678	36	0.05309734513274336
ont_late	raw_hmm	9994000	9994100	679	37	0.054491899852724596
ont_late	raw_hmm	9994100	9994200	682	34	0.04985337243401759
ont_late	raw_hmm	9994200	9994300	682	25	0.036656891495601175
ont_late	raw_hmm	9994300	9994400	674	17	0.025222551928783383
ont_late	raw_hmm	9994400	9994500	672	35	0.052083333333333336
ont_late	raw_hmm	9994500	9994600	665	46	0.06917293233082707
ont_late	raw_hmm	9994600	9994700	667	42	0.06296851574212893
ont_late	raw_hmm	9994700	9994800	659	31	0.04704097116843703
ont_late	raw_hmm	9994800	9994900	658	55	0.08358662613981763
ont_late	raw_hmm	9994900	9995000	658	54	0.08206686930091185
ont_late	raw_hmm	9995000	9995100	651	54	0.08294930875576037
ont_late	raw_hmm	9995100	9995200	648	58	0.08950617283950617
ont_late	raw_hmm	9995200	9995300	645	75	0.11627906976744186
ont_late	raw_hmm	9995300	9995400	640	83	0.1296875
ont_late	raw_hmm	9995400	9995500	641	60	0.093603744149766
ont_late	raw_hmm	9995500	9995600	645	92	0.14263565891472868
ont_late	raw_hmm	9995600	9995700	642	119	0.1853582554517134
ont_late	raw_hmm	9995700	9995800	644	69	0.10714285714285714
ont_late	raw_hmm	9995800	9995900	640	39	0.0609375
ont_late	raw_hmm	9995900	9996000	639	35	0.054773082942097026
ont_late	raw_hmm	9996000	9996100	642	49	0.0763239875389408
ont_late	raw_hmm	9996100	9996200	648	57	0.08796296296296297
ont_late	raw_hmm	9996200	9996300	647	75	0.11591962905718702
ont_late	raw_hmm	9996300	9996400	651	123	0.1889400921658986
ont_late	raw_hmm	9996400	9996500	650	123	0.18923076923076923
ont_late	raw_hmm	9996500	9996600	656	150	0.22865853658536586
ont_late	raw_hmm	9996600	9996700	661	137	0.20726172465960666
ont_late	raw_hmm	9996700	9996800	669	103	0.15396113602391628
ont_late	raw_hmm	9996800	9996900	669	96	0.14349775784753363
ont_late	raw_hmm	9996900	9997000	668	88	0.1317365269461078
ont_late	raw_hmm	9997000	9997100	669	86	0.12855007473841554
ont_late	raw_hmm	9997100	9997200	672	140	0.20833333333333334
ont_late	raw_hmm	9997200	9997300	670	91	0.13582089552238805
ont_late	raw_hmm	9997300	9997400	667	52	0.07796101949025487
ont_late	raw_hmm	9997400	9997500	671	109	0.16244411326378538
ont_late	raw_hmm	9997500	9997600	664	140	0.21084337349397592
ont_late	raw_hmm	9997600	9997700	664	126	0.1897590361445783
ont_late	raw_hmm	9997700	9997800	664	212	0.3192771084337349
ont_late	raw_hmm	9997800	9997900	669	184	0.2750373692077728
ont_late	raw_hmm	9997900	9998000	668	101	0.15119760479041916
ont_late	raw_hmm	9998000	9998100	666	46	0.06906906906906907
ont_late	raw_hmm	9998100	9998200	667	46	0.06896551724137931
ont_late	raw_hmm	9998200	9998300	672	102	0.15178571428571427
ont_late	raw_hmm	9998300	9998400	671	142	0.21162444113263784
ont_late	raw_hmm	9998400	9998500	672	181	0.2693452380952381
ont_late	raw_hmm	9998500	9998600	670	157	0.23432835820895523
ont_late	raw_hmm	9998600	9998700	673	79	0.11738484398216939
ont_late	raw_hmm	9998700	9998800	671	103	0.15350223546944858
ont_late	raw_hmm	9998800	9998900	672	69	0.10267857142857142
ont_late	raw_hmm	9998900	9999000	672	37	0.05505952380952381
ont_late	raw_hmm	9999000	9999100	674	50	0.07418397626112759
ont_late	raw_hmm	9999100	9999200	672	42	0.0625
ont_late	raw_hmm	9999200	9999300	672	56	0.08333333333333333
ont_late	raw_hmm	9999300	9999400	671	67	0.09985096870342772
ont_late	raw_hmm	9999400	9999500	668	94	0.1407185628742515
ont_late	raw_hmm	9999500	9999600	670	104	0.15522388059701492
ont_late	raw_hmm	9999600	9999700	665	110	0.16541353383458646
ont_late	raw_hmm	9999700	9999800	666	147	0.22072072072072071
ont_late	raw_hmm	9999800	9999900	661	181	0.27382753403933435
ont_late	raw_hmm	9999900	10000000	660	144	0.21818181818181817
ont_late	raw_hmm	10000000	10000100	662	127	0.19184290030211482
ont_late	raw_hmm	10000100	10000200	656	122	0.18597560975609756
ont_late	raw_hmm	10000200	10000300	651	58	0.0890937019969278
ont_late	raw_hmm	10000300	10000400	654	24	0.03669724770642202
ont_late	raw_hmm	10000400	10000500	653	51	0.0781010719754977
ont_late	raw_hmm	10000500	10000600	651	68	0.10445468509984639
ont_late	raw_hmm	10000600	10000700	653	72	0.11026033690658499
ont_late	raw_hmm	10000700	10000800	654	72	0.11009174311926606
ont_late	raw_hmm	10000800	10000900	656	63	0.09603658536585366
ont_late	raw_hmm	10000900	10001000	656	46	0.0701219512195122
ont_late	raw_hmm	10001000	10001100	660	79	0.11969696969696969
ont_late	raw_hmm	10001100	10001200	664	75	0.11295180722891567
ont_late	raw_hmm	10001200	10001300	666	86	0.12912912912912913
ont_late	raw_hmm	10001300	10001400	668	100	0.1497005988023952
ont_late	raw_hmm	10001400	10001500	672	80	0.11904761904761904
ont_late	raw_hmm	10001500	10001600	669	101	0.15097159940209268
ont_late	raw_hmm	10001600	10001700	670	77	0.11492537313432835
ont_late	raw_hmm	10001700	10001800	669	39	0.05829596412556054
ont_late	raw_hmm	10001800	10001900	667	44	0.06596701649175413
ont_late	raw_hmm	10001900	10002000	665	41	0.061654135338345864
ont_late	raw_hmm	10002000	10002100	661	38	0.057488653555219364
ont_late	raw_hmm	10002100	10002200	657	35	0.0532724505327245
ont_late	raw_hmm	10002200	10002300	656	56	0.08536585365853659
ont_late	raw_hmm	10002300	10002400	654	99	0.15137614678899083
ont_late	raw_hmm	10002400	10002500	652	131	0.200920245398773
ont_late	raw_hmm	10002500	10002600	654	169	0.25840978593272174
ont_late	raw_hmm	10002600	10002700	653	129	0.19754977029096477
ont_late	raw_hmm	10002700	10002800	654	54	0.08256880733944955
ont_late	raw_hmm	10002800	10002900	652	58	0.08895705521472393
ont_late	raw_hmm	10002900	10003000	653	57	0.08728943338437979
ont_late	raw_hmm	10003000	10003100	647	84	0.12982998454404945
ont_late	raw_hmm	10003100	10003200	645	117	0.1813953488372093
ont_late	raw_hmm	10003200	10003300	650	125	0.19230769230769232
ont_late	raw_hmm	10003300	10003400	648	143	0.22067901234567902
ont_late	raw_hmm	10003400	10003500	646	81	0.12538699690402477
ont_late	raw_hmm	10003500	10003600	649	63	0.0970724191063174
ont_late	raw_hmm	10003600	10003700	652	80	0.12269938650306748
ont_late	raw_hmm	10003700	10003800	655	105	0.16030534351145037
ont_late	raw_hmm	10003800	10003900	657	88	0.1339421613394216
ont_late	raw_hmm	10003900	10004000	658	47	0.07142857142857142
ont_late	raw_hmm	10004000	10004100	659	39	0.05918057663125948
ont_late	raw_hmm	10004100	10004200	659	70	0.1062215477996965
ont_late	raw_hmm	10004200	10004300	657	107	0.1628614916286149
ont_late	raw_hmm	10004300	10004400	656	129	0.19664634146341464
ont_late	raw_hmm	10004400	10004500	657	90	0.136986301369863
ont_late	raw_hmm	10004500	10004600	650	51	0.07846153846153846
ont_late	raw_hmm	10004600	10004700	647	54	0.08346213292117466
ont_late	raw_hmm	10004700	10004800	651	53	0.08141321044546851
ont_late	raw_hmm	10004800	10004900	642	73	0.11370716510903427
ont_late	raw_hmm	10004900	10005000	640	73	0.1140625
ont_late	raw_hmm	10005000	10005100	642	57	0.08878504672897196
ont_late	raw_hmm	10005100	10005200	642	156	0.24299065420560748
ont_late	raw_hmm	10005200	10005300	641	163	0.2542901716068643
ont_late	raw_hmm	10005300	10005400	638	129	0.20219435736677116
ont_late	raw_hmm	10005400	10005500	633	70	0.11058451816745656
ont_late	raw_hmm	10005500	10005600	628	40	0.06369426751592357
ont_late	raw_hmm	10005600	10005700	624	30	0.04807692307692308
ont_late	raw_hmm	10005700	10005800	622	78	0.12540192926045016
ont_late	raw_hmm	10005800	10005900	619	113	0.1825525040387722
ont_late	raw_hmm	10005900	10006000	618	63	0.10194174757281553
ont_late	conservative	9954000	9954100	715	193	0.2699300699300699
ont_late	conservative	9954100	9954200	714	175	0.24509803921568626
ont_late	conservative	9954200	9954300	716	146	0.20391061452513967
ont_late	conservative	9954300	9954400	717	182	0.25383542538354253
ont_late	conservative	9954400	9954500	714	177	0.24789915966386555
ont_late	conservative	9954500	9954600	709	268	0.37799717912552894
ont_late	conservative	9954600	9954700	711	317	0.44585091420534456
ont_late	conservative	9954700	9954800	708	230	0.3248587570621469
ont_late	conservative	9954800	9954900	703	209	0.2972972972972973
ont_late	conservative	9954900	9955000	704	209	0.296875
ont_late	conservative	9955000	9955100	704	319	0.453125
ont_late	conservative	9955100	9955200	706	332	0.4702549575070821
ont_late	conservative	9955200	9955300	696	449	0.6451149425287356
ont_late	conservative	9955300	9955400	705	450	0.6382978723404256
ont_late	conservative	9955400	9955500	694	313	0.4510086455331412
ont_late	conservative	9955500	9955600	693	288	0.4155844155844156
ont_late	conservative	9955600	9955700	707	346	0.4893917963224894
ont_late	conservative	9955700	9955800	745	341	0.4577181208053691
ont_late	conservative	9955800	9955900	739	298	0.40324763193504737
ont_late	conservative	9955900	9956000	746	287	0.3847184986595174
ont_late	conservative	9956000	9956100	749	270	0.3604806408544726
ont_late	conservative	9956100	9956200	750	199	0.2653333333333333
ont_late	conservative	9956200	9956300	751	197	0.2623169107856192
ont_late	conservative	9956300	9956400	754	340	0.4509283819628647
ont_late	conservative	9956400	9956500	764	369	0.4829842931937173
ont_late	conservative	9956500	9956600	760	288	0.37894736842105264
ont_late	conservative	9956600	9956700	769	239	0.3107932379713914
ont_late	conservative	9956700	9956800	765	229	0.29934640522875816
ont_late	conservative	9956800	9956900	770	149	0.19350649350649352
ont_late	conservative	9956900	9957000	764	186	0.24345549738219896
ont_late	conservative	9957000	9957100	764	204	0.2670157068062827
ont_late	conservative	9957100	9957200	764	220	0.2879581151832461
ont_late	conservative	9957200	9957300	766	167	0.21801566579634465
ont_late	conservative	9957300	9957400	769	113	0.1469440832249675
ont_late	conservative	9957400	9957500	771	196	0.25421530479896237
ont_late	conservative	9957500	9957600	768	278	0.3619791666666667
ont_late	conservative	9957600	9957700	767	251	0.3272490221642764
ont_late	conservative	9957700	9957800	761	181	0.2378449408672799
ont_late	conservative	9957800	9957900	762	172	0.22572178477690288
ont_late	conservative	9957900	9958000	773	224	0.2897800776196636
ont_late	conservative	9958000	9958100	776	272	0.35051546391752575
ont_late	conservative	9958100	9958200	770	356	0.4623376623376623
ont_late	conservative	9958200	9958300	774	337	0.4354005167958656
ont_late	conservative	9958300	9958400	768	266	0.3463541666666667
ont_late	conservative	9958400	9958500	766	278	0.3629242819843342
ont_late	conservative	9958500	9958600	768	374	0.4869791666666667
ont_late	conservative	9958600	9958700	772	346	0.4481865284974093
ont_late	conservative	9958700	9958800	781	441	0.5646606914212549
ont_late	conservative	9958800	9958900	797	513	0.64366373902133
ont_late	conservative	9958900	9959000	792	430	0.5429292929292929
ont_late	conservative	9959000	9959100	788	154	0.19543147208121828
ont_late	conservative	9959100	9959200	796	170	0.2135678391959799
ont_late	conservative	9959200	9959300	796	221	0.2776381909547739
ont_late	conservative	9959300	9959400	799	217	0.2715894868585732
ont_late	conservative	9959400	9959500	799	339	0.42428035043804757
ont_late	conservative	9959500	9959600	799	412	0.5156445556946183
ont_late	conservative	9959600	9959700	797	367	0.4604767879548306
ont_late	conservative	9959700	9959800	809	460	0.5686032138442522
ont_late	conservative	9959800	9959900	786	369	0.46946564885496184
ont_late	conservative	9959900	9960000	781	411	0.5262483994878361
ont_late	conservative	9960000	9960100	794	536	0.6750629722921915
ont_late	conservative	9960100	9960200	777	445	0.5727155727155727
ont_late	conservative	9960200	9960300	785	490	0.6242038216560509
ont_late	conservative	9960300	9960400	806	516	0.6401985111662531
ont_late	conservative	9960400	9960500	791	453	0.572692793931732
ont_late	conservative	9960500	9960600	794	383	0.482367758186398
ont_late	conservative	9960600	9960700	792	383	0.48358585858585856
ont_late	conservative	9960700	9960800	799	375	0.4693366708385482
ont_late	conservative	9960800	9960900	801	368	0.45942571785268416
ont_late	conservative	9960900	9961000	799	367	0.4593241551939925
ont_late	conservative	9961000	9961100	803	323	0.40224159402241594
ont_late	conservative	9961100	9961200	809	280	0.34610630407911
ont_late	conservative	9961200	9961300	812	264	0.3251231527093596
ont_late	conservative	9961300	9961400	819	168	0.20512820512820512
ont_late	conservative	9961400	9961500	825	161	0.19515151515151516
ont_late	conservative	9961500	9961600	827	308	0.3724304715840387
ont_late	conservative	9961600	9961700	830	396	0.4771084337349398
ont_late	conservative	9961700	9961800	830	382	0.4602409638554217
ont_late	conservative	9961800	9961900	826	399	0.4830508474576271
ont_late	conservative	9961900	9962000	831	452	0.5439229843561973
ont_late	conservative	9962000	9962100	833	395	0.47418967587034816
ont_late	conservative	9962100	9962200	833	289	0.3469387755102041
ont_late	conservative	9962200	9962300	828	364	0.4396135265700483
ont_late	conservative	9962300	9962400	831	404	0.4861612515042118
ont_late	conservative	9962400	9962500	841	437	0.5196195005945303
ont_late	conservative	9962500	9962600	843	423	0.501779359430605
ont_late	conservative	9962600	9962700	840	384	0.45714285714285713
ont_late	conservative	9962700	9962800	840	355	0.4226190476190476
ont_late	conservative	9962800	9962900	841	229	0.272294887039239
ont_late	conservative	9962900	9963000	835	167	0.2
ont_late	conservative	9963000	9963100	831	199	0.2394705174488568
ont_late	conservative	9963100	9963200	836	333	0.39832535885167464
ont_late	conservative	9963200	9963300	832	427	0.5132211538461539
ont_late	conservative	9963300	9963400	838	416	0.4964200477326969
ont_late	conservative	9963400	9963500	837	347	0.4145758661887694
ont_late	conservative	9963500	9963600	843	246	0.2918149466192171
ont_late	conservative	9963600	9963700	843	179	0.21233689205219455
ont_late	conservative	9963700	9963800	841	197	0.2342449464922711
ont_late	conservative	9963800	9963900	838	248	0.29594272076372313
ont_late	conservative	9963900	9964000	838	308	0.36754176610978523
ont_late	conservative	9964000	9964100	842	368	0.43705463182897863
ont_late	conservative	9964100	9964200	847	450	0.5312868949232585
ont_late	conservative	9964200	9964300	850	382	0.44941176470588234
ont_late	conservative	9964300	9964400	848	282	0.33254716981132076
ont_late	conservative	9964400	9964500	847	316	0.3730814639905549
ont_late	conservative	9964500	9964600	851	320	0.37602820211515864
ont_late	conservative	9964600	9964700	853	382	0.447831184056272
ont_late	conservative	9964700	9964800	854	440	0.5152224824355972
ont_late	conservative	9964800	9964900	857	410	0.47841306884480744
ont_late	conservative	9964900	9965000	851	305	0.3584018801410106
ont_late	conservative	9965000	9965100	860	580	0.6744186046511628
ont_late	conservative	9965100	9965200	844	499	0.5912322274881516
ont_late	conservative	9965200	9965300	837	101	0.12066905615292713
ont_late	conservative	9965300	9965400	832	112	0.1346153846153846
ont_late	conservative	9965400	9965500	833	234	0.2809123649459784
ont_late	conservative	9965500	9965600	834	189	0.22661870503597123
ont_late	conservative	9965600	9965700	833	144	0.17286914765906364
ont_late	conservative	9965700	9965800	827	142	0.1717049576783555
ont_late	conservative	9965800	9965900	826	142	0.17191283292978207
ont_late	conservative	9965900	9966000	830	168	0.20240963855421687
ont_late	conservative	9966000	9966100	826	165	0.19975786924939468
ont_late	conservative	9966100	9966200	828	135	0.16304347826086957
ont_late	conservative	9966200	9966300	826	154	0.1864406779661017
ont_late	conservative	9966300	9966400	840	316	0.3761904761904762
ont_late	conservative	9966400	9966500	834	323	0.3872901678657074
ont_late	conservative	9966500	9966600	824	207	0.2512135922330097
ont_late	conservative	9966600	9966700	820	231	0.2817073170731707
ont_late	conservative	9966700	9966800	819	225	0.27472527472527475
ont_late	conservative	9966800	9966900	822	239	0.29075425790754256
ont_late	conservative	9966900	9967000	826	231	0.2796610169491525
ont_late	conservative	9967000	9967100	816	210	0.25735294117647056
ont_late	conservative	9967100	9967200	812	266	0.3275862068965517
ont_late	conservative	9967200	9967300	819	355	0.43345543345543347
ont_late	conservative	9967300	9967400	818	471	0.5757946210268948
ont_late	conservative	9967400	9967500	808	484	0.599009900990099
ont_late	conservative	9967500	9967600	806	503	0.6240694789081885
ont_late	conservative	9967600	9967700	802	464	0.5785536159600998
ont_late	conservative	9967700	9967800	797	375	0.47051442910915936
ont_late	conservative	9967800	9967900	799	317	0.3967459324155194
ont_late	conservative	9967900	9968000	796	360	0.45226130653266333
ont_late	conservative	9968000	9968100	799	439	0.5494367959949937
ont_late	conservative	9968100	9968200	798	384	0.48120300751879697
ont_late	conservative	9968200	9968300	798	272	0.3408521303258145
ont_late	conservative	9968300	9968400	802	158	0.1970074812967581
ont_late	conservative	9968400	9968500	806	225	0.27915632754342434
ont_late	conservative	9968500	9968600	806	304	0.3771712158808933
ont_late	conservative	9968600	9968700	806	304	0.3771712158808933
ont_late	conservative	9968700	9968800	793	167	0.21059268600252207
ont_late	conservative	9968800	9968900	801	140	0.17478152309612985
ont_late	conservative	9968900	9969000	797	489	0.6135508155583438
ont_late	conservative	9969000	9969100	810	630	0.7777777777777778
ont_late	conservative	9969100	9969200	810	558	0.6888888888888889
ont_late	conservative	9969200	9969300	806	474	0.5880893300248139
ont_late	conservative	9969300	9969400	804	427	0.5310945273631841
ont_late	conservative	9969400	9969500	799	401	0.5018773466833542
ont_late	conservative	9969500	9969600	799	376	0.47058823529411764
ont_late	conservative	9969600	9969700	793	365	0.46027742749054223
ont_late	conservative	9969700	9969800	797	297	0.3726474278544542
ont_late	conservative	9969800	9969900	800	269	0.33625
ont_late	conservative	9969900	9970000	802	313	0.39027431421446385
ont_late	conservative	9970000	9970100	796	359	0.4510050251256281
ont_late	conservative	9970100	9970200	798	348	0.43609022556390975
ont_late	conservative	9970200	9970300	799	323	0.40425531914893614
ont_late	conservative	9970300	9970400	802	307	0.3827930174563591
ont_late	conservative	9970400	9970500	807	313	0.3878562577447336
ont_late	conservative	9970500	9970600	809	254	0.31396786155747836
ont_late	conservative	9970600	9970700	807	208	0.2577447335811648
ont_late	conservative	9970700	9970800	812	251	0.3091133004926108
ont_late	conservative	9970800	9970900	806	248	0.3076923076923077
ont_late	conservative	9970900	9971000	814	228	0.2800982800982801
ont_late	conservative	9971000	9971100	811	406	0.5006165228113441
ont_late	conservative	9971100	9971200	806	434	0.5384615384615384
ont_late	conservative	9971200	9971300	788	335	0.4251269035532995
ont_late	conservative	9971300	9971400	795	444	0.5584905660377358
ont_late	conservative	9971400	9971500	790	407	0.5151898734177215
ont_late	conservative	9971500	9971600	794	445	0.5604534005037783
ont_late	conservative	9971600	9971700	798	393	0.4924812030075188
ont_late	conservative	9971700	9971800	802	350	0.43640897755610975
ont_late	conservative	9971800	9971900	794	371	0.4672544080604534
ont_late	conservative	9971900	9972000	795	400	0.5031446540880503
ont_late	conservative	9972000	9972100	801	414	0.5168539325842697
ont_late	conservative	9972100	9972200	799	422	0.5281602002503129
ont_late	conservative	9972200	9972300	795	444	0.5584905660377358
ont_late	conservative	9972300	9972400	790	400	0.5063291139240507
ont_late	conservative	9972400	9972500	781	328	0.4199743918053777
ont_late	conservative	9972500	9972600	785	289	0.3681528662420382
ont_late	conservative	9972600	9972700	780	281	0.36025641025641025
ont_late	conservative	9972700	9972800	781	530	0.678617157490397
ont_late	conservative	9972800	9972900	791	612	0.7737041719342604
ont_late	conservative	9972900	9973000	786	507	0.6450381679389313
ont_late	conservative	9973000	9973100	776	289	0.37242268041237114
ont_late	conservative	9973100	9973200	778	170	0.2185089974293059
ont_late	conservative	9973200	9973300	790	302	0.3822784810126582
ont_late	conservative	9973300	9973400	790	401	0.5075949367088608
ont_late	conservative	9973400	9973500	765	456	0.596078431372549
ont_late	conservative	9973500	9973600	756	422	0.5582010582010583
ont_late	conservative	9973600	9973700	744	377	0.5067204301075269
ont_late	conservative	9973700	9973800	754	492	0.6525198938992043
ont_late	conservative	9973800	9973900	763	512	0.6710353866317169
ont_late	conservative	9973900	9974000	759	504	0.6640316205533597
ont_late	conservative	9974000	9974100	764	516	0.675392670157068
ont_late	conservative	9974100	9974200	769	513	0.6671001300390117
ont_late	conservative	9974200	9974300	775	525	0.6774193548387096
ont_late	conservative	9974300	9974400	769	499	0.6488946684005201
ont_late	conservative	9974400	9974500	768	413	0.5377604166666666
ont_late	conservative	9974500	9974600	767	363	0.47327249022164275
ont_late	conservative	9974600	9974700	765	280	0.3660130718954248
ont_late	conservative	9974700	9974800	769	147	0.19115734720416125
ont_late	conservative	9974800	9974900	771	142	0.18417639429312582
ont_late	conservative	9974900	9975000	772	220	0.2849740932642487
ont_late	conservative	9975000	9975100	767	309	0.4028683181225554
ont_late	conservative	9975100	9975200	773	324	0.4191461836998706
ont_late	conservative	9975200	9975300	778	333	0.42802056555269924
ont_late	conservative	9975300	9975400	781	337	0.43149807938540335
ont_late	conservative	9975400	9975500	780	317	0.4064102564102564
ont_late	conservative	9975500	9975600	782	320	0.4092071611253197
ont_late	conservative	9975600	9975700	783	304	0.388250319284802
ont_late	conservative	9975700	9975800	784	300	0.3826530612244898
ont_late	conservative	9975800	9975900	783	249	0.31800766283524906
ont_late	conservative	9975900	9976000	780	309	0.39615384615384613
ont_late	conservative	9976000	9976100	782	333	0.4258312020460358
ont_late	conservative	9976100	9976200	790	245	0.310126582278481
ont_late	conservative	9976200	9976300	792	356	0.4494949494949495
ont_late	conservative	9976300	9976400	798	428	0.5363408521303258
ont_late	conservative	9976400	9976500	802	343	0.42768079800498754
ont_late	conservative	9976500	9976600	802	166	0.20698254364089774
ont_late	conservative	9976600	9976700	798	99	0.12406015037593984
ont_late	conservative	9976700	9976800	801	126	0.15730337078651685
ont_late	conservative	9976800	9976900	802	167	0.2082294264339152
ont_late	conservative	9976900	9977000	805	192	0.23850931677018633
ont_late	conservative	9977000	9977100	806	255	0.3163771712158809
ont_late	conservative	9977100	9977200	802	355	0.442643391521197
ont_late	conservative	9977200	9977300	805	318	0.3950310559006211
ont_late	conservative	9977300	9977400	802	359	0.4476309226932668
ont_late	conservative	9977400	9977500	803	466	0.5803237858032378
ont_late	conservative	9977500	9977600	803	434	0.5404732254047323
ont_late	conservative	9977600	9977700	799	433	0.541927409261577
ont_late	conservative	9977700	9977800	796	374	0.46984924623115576
ont_late	conservative	9977800	9977900	793	350	0.44136191677175285
ont_late	conservative	9977900	9978000	788	361	0.4581218274111675
ont_late	conservative	9978000	9978100	797	357	0.4479297365119197
ont_late	conservative	9978100	9978200	796	272	0.3417085427135678
ont_late	conservative	9978200	9978300	796	264	0.3316582914572864
ont_late	conservative	9978300	9978400	798	293	0.36716791979949875
ont_late	conservative	9978400	9978500	791	257	0.324905183312263
ont_late	conservative	9978500	9978600	789	260	0.32953105196451205
ont_late	conservative	9978600	9978700	789	295	0.37389100126742714
ont_late	conservative	9978700	9978800	795	264	0.3320754716981132
ont_late	conservative	9978800	9978900	796	367	0.4610552763819096
ont_late	conservative	9978900	9979000	802	471	0.587281795511222
ont_late	conservative	9979000	9979100	793	501	0.6317780580075663
ont_late	conservative	9979100	9979200	797	635	0.7967377666248432
ont_late	conservative	9979200	9979300	793	661	0.8335435056746532
ont_late	conservative	9979300	9979400	788	553	0.7017766497461929
ont_late	conservative	9979400	9979500	776	382	0.49226804123711343
ont_late	conservative	9979500	9979600	778	305	0.39203084832904883
ont_late	conservative	9979600	9979700	779	346	0.4441591784338896
ont_late	conservative	9979700	9979800	779	380	0.4878048780487805
ont_late	conservative	9979800	9979900	781	395	0.5057618437900128
ont_late	conservative	9979900	9980000	776	431	0.5554123711340206
ont_late	conservative	9980000	9980100	773	414	0.535575679172057
ont_late	conservative	9980100	9980200	775	386	0.49806451612903224
ont_late	conservative	9980200	9980300	778	407	0.5231362467866324
ont_late	conservative	9980300	9980400	779	390	0.5006418485237484
ont_late	conservative	9980400	9980500	783	394	0.5031928480204342
ont_late	conservative	9980500	9980600	786	371	0.4720101781170484
ont_late	conservative	9980600	9980700	786	249	0.31679389312977096
ont_late	conservative	9980700	9980800	786	200	0.2544529262086514
ont_late	conservative	9980800	9980900	794	326	0.4105793450881612
ont_late	conservative	9980900	9981000	793	491	0.6191677175283733
ont_late	conservative	9981000	9981100	793	503	0.6343001261034048
ont_late	conservative	9981100	9981200	792	457	0.577020202020202
ont_late	conservative	9981200	9981300	789	410	0.5196451204055766
ont_late	conservative	9981300	9981400	793	380	0.4791929382093317
ont_late	conservative	9981400	9981500	798	318	0.39849624060150374
ont_late	conservative	9981500	9981600	797	299	0.3751568381430364
ont_late	conservative	9981600	9981700	797	364	0.45671267252195735
ont_late	conservative	9981700	9981800	788	339	0.4302030456852792
ont_late	conservative	9981800	9981900	788	290	0.3680203045685279
ont_late	conservative	9981900	9982000	785	241	0.3070063694267516
ont_late	conservative	9982000	9982100	784	247	0.31505102040816324
ont_late	conservative	9982100	9982200	782	254	0.3248081841432225
ont_late	conservative	9982200	9982300	784	251	0.3201530612244898
ont_late	conservative	9982300	9982400	783	242	0.3090676883780332
ont_late	conservative	9982400	9982500	779	269	0.3453145057766367
ont_late	conservative	9982500	9982600	775	314	0.40516129032258064
ont_late	conservative	9982600	9982700	773	265	0.3428201811125485
ont_late	conservative	9982700	9982800	779	294	0.3774069319640565
ont_late	conservative	9982800	9982900	770	274	0.35584415584415585
ont_late	conservative	9982900	9983000	768	270	0.3515625
ont_late	conservative	9983000	9983100	771	306	0.3968871595330739
ont_late	conservative	9983100	9983200	772	299	0.3873056994818653
ont_late	conservative	9983200	9983300	768	307	0.3997395833333333
ont_late	conservative	9983300	9983400	767	356	0.4641460234680574
ont_late	conservative	9983400	9983500	771	368	0.4773022049286641
ont_late	conservative	9983500	9983600	769	308	0.40052015604681407
ont_late	conservative	9983600	9983700	770	342	0.44415584415584414
ont_late	conservative	9983700	9983800	773	323	0.4178525226390686
ont_late	conservative	9983800	9983900	767	310	0.4041720990873533
ont_late	conservative	9983900	9984000	766	250	0.3263707571801567
ont_late	conservative	9984000	9984100	766	251	0.3276762402088773
ont_late	conservative	9984100	9984200	768	308	0.4010416666666667
ont_late	conservative	9984200	9984300	754	228	0.30238726790450926
ont_late	conservative	9984300	9984400	752	202	0.26861702127659576
ont_late	conservative	9984400	9984500	750	200	0.26666666666666666
ont_late	conservative	9984500	9984600	753	171	0.22709163346613545
ont_late	conservative	9984600	9984700	749	216	0.2883845126835781
ont_late	conservative	9984700	9984800	754	269	0.356763925729443
ont_late	conservative	9984800	9984900	752	344	0.4574468085106383
ont_late	conservative	9984900	9985000	745	357	0.4791946308724832
ont_late	conservative	9985000	9985100	741	276	0.3724696356275304
ont_late	conservative	9985100	9985200	743	248	0.33378196500672946
ont_late	conservative	9985200	9985300	739	219	0.2963464140730717
ont_late	conservative	9985300	9985400	733	227	0.3096862210095498
ont_late	conservative	9985400	9985500	736	306	0.4157608695652174
ont_late	conservative	9985500	9985600	734	335	0.4564032697547684
ont_late	conservative	9985600	9985700	738	362	0.4905149051490515
ont_late	conservative	9985700	9985800	730	308	0.42191780821917807
ont_late	conservative	9985800	9985900	733	251	0.3424283765347885
ont_late	conservative	9985900	9986000	720	227	0.31527777777777777
ont_late	conservative	9986000	9986100	721	258	0.3578363384188627
ont_late	conservative	9986100	9986200	723	330	0.45643153526970953
ont_late	conservative	9986200	9986300	718	323	0.44986072423398327
ont_late	conservative	9986300	9986400	723	309	0.42738589211618255
ont_late	conservative	9986400	9986500	715	268	0.3748251748251748
ont_late	conservative	9986500	9986600	705	177	0.251063829787234
ont_late	conservative	9986600	9986700	707	198	0.28005657708628007
ont_late	conservative	9986700	9986800	708	258	0.3644067796610169
ont_late	conservative	9986800	9986900	708	229	0.3234463276836158
ont_late	conservative	9986900	9987000	716	259	0.361731843575419
ont_late	conservative	9987000	9987100	720	292	0.40555555555555556
ont_late	conservative	9987100	9987200	721	253	0.3509015256588072
ont_late	conservative	9987200	9987300	719	255	0.35465924895688455
ont_late	conservative	9987300	9987400	720	260	0.3611111111111111
ont_late	conservative	9987400	9987500	725	244	0.33655172413793105
ont_late	conservative	9987500	9987600	717	245	0.3417015341701534
ont_late	conservative	9987600	9987700	717	283	0.3947001394700139
ont_late	conservative	9987700	9987800	708	283	0.3997175141242938
ont_late	conservative	9987800	9987900	709	209	0.2947813822284908
ont_late	conservative	9987900	9988000	707	119	0.16831683168316833
ont_late	conservative	9988000	9988100	708	125	0.1765536723163842
ont_late	conservative	9988100	9988200	703	179	0.2546230440967283
ont_late	conservative	9988200	9988300	702	262	0.3732193732193732
ont_late	conservative	9988300	9988400	701	368	0.5249643366619116
ont_late	conservative	9988400	9988500	695	407	0.5856115107913669
ont_late	conservative	9988500	9988600	688	378	0.5494186046511628
ont_late	conservative	9988600	9988700	686	314	0.4577259475218659
ont_late	conservative	9988700	9988800	681	342	0.5022026431718062
ont_late	conservative	9988800	9988900	693	421	0.6075036075036075
ont_late	conservative	9988900	9989000	684	482	0.7046783625730995
ont_late	conservative	9989000	9989100	691	541	0.7829232995658466
ont_late	conservative	9989100	9989200	683	511	0.7481698389458272
ont_late	conservative	9989200	9989300	672	396	0.5892857142857143
ont_late	conservative	9989300	9989400	674	257	0.38130563798219586
ont_late	conservative	9989400	9989500	667	247	0.37031484257871067
ont_late	conservative	9989500	9989600	668	365	0.5464071856287425
ont_late	conservative	9989600	9989700	667	361	0.5412293853073463
ont_late	conservative	9989700	9989800	687	188	0.27365356622998543
ont_late	conservative	9989800	9989900	683	145	0.212298682284041
ont_late	conservative	9989900	9990000	678	112	0.16519174041297935
ont_late	conservative	9990000	9990100	683	146	0.21376281112737922
ont_late	conservative	9990100	9990200	686	199	0.29008746355685133
ont_late	conservative	9990200	9990300	682	200	0.2932551319648094
ont_late	conservative	9990300	9990400	689	243	0.35268505079825835
ont_late	conservative	9990400	9990500	687	339	0.49344978165938863
ont_late	conservative	9990500	9990600	688	362	0.5261627906976745
ont_late	conservative	9990600	9990700	687	344	0.5007278020378457
ont_late	conservative	9990700	9990800	678	355	0.523598820058997
ont_late	conservative	9990800	9990900	678	346	0.5103244837758112
ont_late	conservative	9990900	9991000	673	336	0.49925705794947994
ont_late	conservative	9991000	9991100	675	340	0.5037037037037037
ont_late	conservative	9991100	9991200	682	305	0.4472140762463343
ont_late	conservative	9991200	9991300	682	327	0.47947214076246336
ont_late	conservative	9991300	9991400	683	327	0.4787701317715959
ont_late	conservative	9991400	9991500	689	311	0.4513788098693759
ont_late	conservative	9991500	9991600	687	293	0.4264919941775837
ont_late	conservative	9991600	9991700	679	332	0.4889543446244477
ont_late	conservative	9991700	9991800	680	336	0.49411764705882355
ont_late	conservative	9991800	9991900	682	320	0.46920821114369504
ont_late	conservative	9991900	9992000	682	335	0.4912023460410557
ont_late	conservative	9992000	9992100	676	341	0.5044378698224852
ont_late	conservative	9992100	9992200	677	389	0.5745937961595273
ont_late	conservative	9992200	9992300	673	394	0.5854383358098069
ont_late	conservative	9992300	9992400	679	311	0.4580265095729013
ont_late	conservative	9992400	9992500	679	313	0.46097201767304863
ont_late	conservative	9992500	9992600	678	328	0.4837758112094395
ont_late	conservative	9992600	9992700	681	304	0.44640234948604995
ont_late	conservative	9992700	9992800	677	259	0.3825701624815362
ont_late	conservative	9992800	9992900	675	288	0.4266666666666667
ont_late	conservative	9992900	9993000	674	246	0.3649851632047478
ont_late	conservative	9993000	9993100	680	200	0.29411764705882354
ont_late	conservative	9993100	9993200	674	200	0.29673590504451036
ont_late	conservative	9993200	9993300	679	263	0.3873343151693667
ont_late	conservative	9993300	9993400	672	235	0.34970238095238093
ont_late	conservative	9993400	9993500	673	151	0.22436849925705796
ont_late	conservative	9993500	9993600	673	102	0.1515601783060921
ont_late	conservative	9993600	9993700	677	133	0.1964549483013294
ont_late	conservative	9993700	9993800	675	205	0.3037037037037037
ont_late	conservative	9993800	9993900	675	177	0.26222222222222225
ont_late	conservative	9993900	9994000	678	104	0.15339233038348082
ont_late	conservative	9994000	9994100	679	92	0.13549337260677466
ont_late	conservative	9994100	9994200	682	102	0.1495601173020528
ont_late	conservative	9994200	9994300	682	83	0.1217008797653959
ont_late	conservative	9994300	9994400	674	85	0.1261127596439169
ont_late	conservative	9994400	9994500	672	103	0.15327380952380953
ont_late	conservative	9994500	9994600	665	143	0.21503759398496242
ont_late	conservative	9994600	9994700	667	147	0.22038980509745126
ont_late	conservative	9994700	9994800	659	86	0.13050075872534142
ont_late	conservative	9994800	9994900	658	126	0.19148936170212766
ont_late	conservative	9994900	9995000	658	120	0.182370820668693
ont_late	conservative	9995000	9995100	651	121	0.1858678955453149
ont_late	conservative	9995100	9995200	648	135	0.20833333333333334
ont_late	conservative	9995200	9995300	645	187	0.289922480620155
ont_late	conservative	9995300	9995400	640	213	0.3328125
ont_late	conservative	9995400	9995500	641	188	0.29329173166926675
ont_late	conservative	9995500	9995600	645	208	0.32248062015503876
ont_late	conservative	9995600	9995700	642	231	0.3598130841121495
ont_late	conservative	9995700	9995800	644	212	0.32919254658385094
ont_late	conservative	9995800	9995900	640	164	0.25625
ont_late	conservative	9995900	9996000	639	105	0.1643192488262911
ont_late	conservative	9996000	9996100	642	142	0.22118380062305296
ont_late	conservative	9996100	9996200	648	144	0.2222222222222222
ont_late	conservative	9996200	9996300	647	165	0.2550231839258114
ont_late	conservative	9996300	9996400	651	299	0.4592933947772657
ont_late	conservative	9996400	9996500	650	292	0.4492307692307692
ont_late	conservative	9996500	9996600	656	290	0.4420731707317073
ont_late	conservative	9996600	9996700	661	237	0.3585476550680787
ont_late	conservative	9996700	9996800	669	223	0.3333333333333333
ont_late	conservative	9996800	9996900	669	228	0.34080717488789236
ont_late	conservative	9996900	9997000	668	223	0.3338323353293413
ont_late	conservative	9997000	9997100	669	171	0.2556053811659193
ont_late	conservative	9997100	9997200	672	260	0.3869047619047619
ont_late	conservative	9997200	9997300	670	196	0.29253731343283584
ont_late	conservative	9997300	9997400	667	135	0.20239880059970014
ont_late	conservative	9997400	9997500	671	237	0.353204172876304
ont_late	conservative	9997500	9997600	664	296	0.4457831325301205
ont_late	conservative	9997600	9997700	664	314	0.47289156626506024
ont_late	conservative	9997700	9997800	664	376	0.5662650602409639
ont_late	conservative	9997800	9997900	669	342	0.5112107623318386
ont_late	conservative	9997900	9998000	668	219	0.3278443113772455
ont_late	conservative	9998000	9998100	666	114	0.17117117117117117
ont_late	conservative	9998100	9998200	667	121	0.18140929535232383
ont_late	conservative	9998200	9998300	672	241	0.3586309523809524
ont_late	conservative	9998300	9998400	671	274	0.4083457526080477
ont_late	conservative	9998400	9998500	672	316	0.47023809523809523
ont_late	conservative	9998500	9998600	670	290	0.43283582089552236
ont_late	conservative	9998600	9998700	673	230	0.34175334323922735
ont_late	conservative	9998700	9998800	671	249	0.3710879284649776
ont_late	conservative	9998800	9998900	672	199	0.2961309523809524
ont_late	conservative	9998900	9999000	672	145	0.21577380952380953
ont_late	conservative	9999000	9999100	674	135	0.20029673590504452
ont_late	conservative	9999100	9999200	672	133	0.19791666666666666
ont_late	conservative	9999200	9999300	672	135	0.20089285714285715
ont_late	conservative	9999300	9999400	671	154	0.22950819672131148
ont_late	conservative	9999400	9999500	668	236	0.3532934131736527
ont_late	conservative	9999500	9999600	670	255	0.3805970149253731
ont_late	conservative	9999600	9999700	665	237	0.35639097744360904
ont_late	conservative	9999700	9999800	666	288	0.43243243243243246
ont_late	conservative	9999800	9999900	661	299	0.4523449319213313
ont_late	conservative	9999900	10000000	660	244	0.3696969696969697
ont_late	conservative	10000000	10000100	662	256	0.3867069486404834
ont_late	conservative	10000100	10000200	656	238	0.3628048780487805
ont_late	conservative	10000200	10000300	651	132	0.20276497695852536
ont_late	conservative	10000300	10000400	654	64	0.09785932721712538
ont_late	conservative	10000400	10000500	653	133	0.20367534456355282
ont_late	conservative	10000500	10000600	651	172	0.2642089093701997
ont_late	conservative	10000600	10000700	653	179	0.27411944869831545
ont_late	conservative	10000700	10000800	654	197	0.3012232415902141
ont_late	conservative	10000800	10000900	656	163	0.24847560975609756
ont_late	conservative	10000900	10001000	656	144	0.21951219512195122
ont_late	conservative	10001000	10001100	660	185	0.2803030303030303
ont_late	conservative	10001100	10001200	664	189	0.28463855421686746
ont_late	conservative	10001200	10001300	666	200	0.3003003003003003
ont_late	conservative	10001300	10001400	668	205	0.3068862275449102
ont_late	conservative	10001400	10001500	672	209	0.31101190476190477
ont_late	conservative	10001500	10001600	669	245	0.3662182361733931
ont_late	conservative	10001600	10001700	670	186	0.27761194029850744
ont_late	conservative	10001700	10001800	669	137	0.20478325859491778
ont_late	conservative	10001800	10001900	667	133	0.19940029985007496
ont_late	conservative	10001900	10002000	665	125	0.18796992481203006
ont_late	conservative	10002000	10002100	661	118	0.17851739788199697
ont_late	conservative	10002100	10002200	657	164	0.2496194824961948
ont_late	conservative	10002200	10002300	656	194	0.29573170731707316
ont_late	conservative	10002300	10002400	654	229	0.35015290519877673
ont_late	conservative	10002400	10002500	652	271	0.4156441717791411
ont_late	conservative	10002500	10002600	654	325	0.4969418960244648
ont_late	conservative	10002600	10002700	653	308	0.47166921898928027
ont_late	conservative	10002700	10002800	654	227	0.3470948012232416
ont_late	conservative	10002800	10002900	652	148	0.22699386503067484
ont_late	conservative	10002900	10003000	653	144	0.22052067381316998
ont_late	conservative	10003000	10003100	647	196	0.3029366306027821
ont_late	conservative	10003100	10003200	645	261	0.4046511627906977
ont_late	conservative	10003200	10003300	650	266	0.40923076923076923
ont_late	conservative	10003300	10003400	648	264	0.4074074074074074
ont_late	conservative	10003400	10003500	646	190	0.29411764705882354
ont_late	conservative	10003500	10003600	649	169	0.26040061633281975
ont_late	conservative	10003600	10003700	652	173	0.26533742331288346
ont_late	conservative	10003700	10003800	655	190	0.2900763358778626
ont_late	conservative	10003800	10003900	657	170	0.258751902587519
ont_late	conservative	10003900	10004000	658	127	0.19300911854103345
ont_late	conservative	10004000	10004100	659	108	0.1638846737481032
ont_late	conservative	10004100	10004200	659	146	0.22154779969650987
ont_late	conservative	10004200	10004300	657	200	0.30441400304414
ont_late	conservative	10004300	10004400	656	256	0.3902439024390244
ont_late	conservative	10004400	10004500	657	224	0.3409436834094368
ont_late	conservative	10004500	10004600	650	191	0.29384615384615387
ont_late	conservative	10004600	10004700	647	167	0.2581143740340031
ont_late	conservative	10004700	10004800	651	164	0.2519201228878648
ont_late	conservative	10004800	10004900	642	182	0.2834890965732087
ont_late	conservative	10004900	10005000	640	161	0.2515625
ont_late	conservative	10005000	10005100	642	165	0.2570093457943925
ont_late	conservative	10005100	10005200	642	288	0.4485981308411215
ont_late	conservative	10005200	10005300	641	297	0.46333853354134164
ont_late	conservative	10005300	10005400	638	239	0.37460815047021945
ont_late	conservative	10005400	10005500	633	170	0.2685624012638231
ont_late	conservative	10005500	10005600	628	120	0.1910828025477707
ont_late	conservative	10005600	10005700	624	102	0.16346153846153846
ont_late	conservative	10005700	10005800	622	187	0.30064308681672025
ont_late	conservative	10005800	10005900	619	253	0.4087237479806139
ont_late	conservative	10005900	10006000	618	180	0.2912621359223301
ont_late	topology_fragment	9954000	9954100	715	95	0.13286713286713286
ont_late	topology_fragment	9954100	9954200	714	72	0.10084033613445378
ont_late	topology_fragment	9954200	9954300	716	74	0.10335195530726257
ont_late	topology_fragment	9954300	9954400	717	93	0.1297071129707113
ont_late	topology_fragment	9954400	9954500	714	92	0.12885154061624648
ont_late	topology_fragment	9954500	9954600	709	143	0.2016925246826516
ont_late	topology_fragment	9954600	9954700	711	179	0.2517580872011252
ont_late	topology_fragment	9954700	9954800	708	114	0.16101694915254236
ont_late	topology_fragment	9954800	9954900	703	88	0.1251778093883357
ont_late	topology_fragment	9954900	9955000	704	91	0.12926136363636365
ont_late	topology_fragment	9955000	9955100	704	141	0.2002840909090909
ont_late	topology_fragment	9955100	9955200	706	139	0.19688385269121814
ont_late	topology_fragment	9955200	9955300	696	302	0.4339080459770115
ont_late	topology_fragment	9955300	9955400	705	309	0.43829787234042555
ont_late	topology_fragment	9955400	9955500	694	194	0.27953890489913547
ont_late	topology_fragment	9955500	9955600	693	146	0.2106782106782107
ont_late	topology_fragment	9955600	9955700	707	154	0.21782178217821782
ont_late	topology_fragment	9955700	9955800	745	143	0.1919463087248322
ont_late	topology_fragment	9955800	9955900	739	163	0.22056833558863329
ont_late	topology_fragment	9955900	9956000	746	157	0.21045576407506703
ont_late	topology_fragment	9956000	9956100	749	125	0.16688918558077437
ont_late	topology_fragment	9956100	9956200	750	96	0.128
ont_late	topology_fragment	9956200	9956300	751	95	0.12649800266311584
ont_late	topology_fragment	9956300	9956400	754	195	0.25862068965517243
ont_late	topology_fragment	9956400	9956500	764	216	0.28272251308900526
ont_late	topology_fragment	9956500	9956600	760	165	0.21710526315789475
ont_late	topology_fragment	9956600	9956700	769	112	0.14564369310793238
ont_late	topology_fragment	9956700	9956800	765	115	0.1503267973856209
ont_late	topology_fragment	9956800	9956900	770	78	0.1012987012987013
ont_late	topology_fragment	9956900	9957000	764	89	0.11649214659685864
ont_late	topology_fragment	9957000	9957100	764	101	0.13219895287958114
ont_late	topology_fragment	9957100	9957200	764	115	0.1505235602094241
ont_late	topology_fragment	9957200	9957300	766	88	0.11488250652741515
ont_late	topology_fragment	9957300	9957400	769	53	0.06892067620286085
ont_late	topology_fragment	9957400	9957500	771	101	0.1309987029831388
ont_late	topology_fragment	9957500	9957600	768	148	0.19270833333333334
ont_late	topology_fragment	9957600	9957700	767	120	0.15645371577574968
ont_late	topology_fragment	9957700	9957800	761	79	0.1038107752956636
ont_late	topology_fragment	9957800	9957900	762	63	0.08267716535433071
ont_late	topology_fragment	9957900	9958000	773	91	0.11772315653298836
ont_late	topology_fragment	9958000	9958100	776	144	0.18556701030927836
ont_late	topology_fragment	9958100	9958200	770	178	0.23116883116883116
ont_late	topology_fragment	9958200	9958300	774	144	0.18604651162790697
ont_late	topology_fragment	9958300	9958400	768	109	0.14192708333333334
ont_late	topology_fragment	9958400	9958500	766	133	0.17362924281984335
ont_late	topology_fragment	9958500	9958600	768	201	0.26171875
ont_late	topology_fragment	9958600	9958700	772	178	0.23056994818652848
ont_late	topology_fragment	9958700	9958800	781	255	0.3265044814340589
ont_late	topology_fragment	9958800	9958900	797	365	0.45796737766624845
ont_late	topology_fragment	9958900	9959000	792	260	0.3282828282828283
ont_late	topology_fragment	9959000	9959100	788	64	0.08121827411167512
ont_late	topology_fragment	9959100	9959200	796	88	0.11055276381909548
ont_late	topology_fragment	9959200	9959300	796	109	0.13693467336683418
ont_late	topology_fragment	9959300	9959400	799	101	0.12640801001251564
ont_late	topology_fragment	9959400	9959500	799	191	0.2390488110137672
ont_late	topology_fragment	9959500	9959600	799	218	0.27284105131414266
ont_late	topology_fragment	9959600	9959700	797	179	0.2245922208281054
ont_late	topology_fragment	9959700	9959800	809	261	0.3226205191594561
ont_late	topology_fragment	9959800	9959900	786	191	0.2430025445292621
ont_late	topology_fragment	9959900	9960000	781	221	0.28297055057618437
ont_late	topology_fragment	9960000	9960100	794	351	0.4420654911838791
ont_late	topology_fragment	9960100	9960200	777	290	0.3732303732303732
ont_late	topology_fragment	9960200	9960300	785	368	0.46878980891719746
ont_late	topology_fragment	9960300	9960400	806	362	0.4491315136476427
ont_late	topology_fragment	9960400	9960500	791	294	0.37168141592920356
ont_late	topology_fragment	9960500	9960600	794	227	0.2858942065491184
ont_late	topology_fragment	9960600	9960700	792	235	0.2967171717171717
ont_late	topology_fragment	9960700	9960800	799	207	0.2590738423028786
ont_late	topology_fragment	9960800	9960900	801	203	0.2534332084893883
ont_late	topology_fragment	9960900	9961000	799	208	0.26032540675844806
ont_late	topology_fragment	9961000	9961100	803	157	0.19551681195516812
ont_late	topology_fragment	9961100	9961200	809	151	0.18665018541409148
ont_late	topology_fragment	9961200	9961300	812	154	0.1896551724137931
ont_late	topology_fragment	9961300	9961400	819	74	0.09035409035409035
ont_late	topology_fragment	9961400	9961500	825	69	0.08363636363636363
ont_late	topology_fragment	9961500	9961600	827	169	0.20435308343409916
ont_late	topology_fragment	9961600	9961700	830	224	0.26987951807228916
ont_late	topology_fragment	9961700	9961800	830	220	0.26506024096385544
ont_late	topology_fragment	9961800	9961900	826	241	0.2917675544794189
ont_late	topology_fragment	9961900	9962000	831	290	0.3489771359807461
ont_late	topology_fragment	9962000	9962100	833	249	0.29891956782713086
ont_late	topology_fragment	9962100	9962200	833	151	0.18127250900360145
ont_late	topology_fragment	9962200	9962300	828	208	0.25120772946859904
ont_late	topology_fragment	9962300	9962400	831	242	0.29121540312876054
ont_late	topology_fragment	9962400	9962500	841	284	0.3376932223543401
ont_late	topology_fragment	9962500	9962600	843	255	0.302491103202847
ont_late	topology_fragment	9962600	9962700	840	189	0.225
ont_late	topology_fragment	9962700	9962800	840	186	0.22142857142857142
ont_late	topology_fragment	9962800	9962900	841	121	0.14387633769322236
ont_late	topology_fragment	9962900	9963000	835	75	0.08982035928143713
ont_late	topology_fragment	9963000	9963100	831	79	0.0950661853188929
ont_late	topology_fragment	9963100	9963200	836	187	0.2236842105263158
ont_late	topology_fragment	9963200	9963300	832	239	0.28725961538461536
ont_late	topology_fragment	9963300	9963400	838	229	0.2732696897374702
ont_late	topology_fragment	9963400	9963500	837	177	0.2114695340501792
ont_late	topology_fragment	9963500	9963600	843	102	0.12099644128113879
ont_late	topology_fragment	9963600	9963700	843	63	0.07473309608540925
ont_late	topology_fragment	9963700	9963800	841	90	0.1070154577883472
ont_late	topology_fragment	9963800	9963900	838	137	0.16348448687350836
ont_late	topology_fragment	9963900	9964000	838	176	0.2100238663484487
ont_late	topology_fragment	9964000	9964100	842	184	0.21852731591448932
ont_late	topology_fragment	9964100	9964200	847	243	0.28689492325855964
ont_late	topology_fragment	9964200	9964300	850	239	0.2811764705882353
ont_late	topology_fragment	9964300	9964400	848	146	0.1721698113207547
ont_late	topology_fragment	9964400	9964500	847	154	0.18181818181818182
ont_late	topology_fragment	9964500	9964600	851	182	0.21386603995299647
ont_late	topology_fragment	9964600	9964700	853	234	0.27432590855803046
ont_late	topology_fragment	9964700	9964800	854	282	0.33021077283372363
ont_late	topology_fragment	9964800	9964900	857	274	0.31971995332555425
ont_late	topology_fragment	9964900	9965000	851	171	0.2009400705052879
ont_late	topology_fragment	9965000	9965100	860	422	0.4906976744186046
ont_late	topology_fragment	9965100	9965200	844	342	0.4052132701421801
ont_late	topology_fragment	9965200	9965300	837	50	0.05973715651135006
ont_late	topology_fragment	9965300	9965400	832	40	0.04807692307692308
ont_late	topology_fragment	9965400	9965500	833	127	0.1524609843937575
ont_late	topology_fragment	9965500	9965600	834	96	0.11510791366906475
ont_late	topology_fragment	9965600	9965700	833	65	0.07803121248499399
ont_late	topology_fragment	9965700	9965800	827	77	0.09310761789600967
ont_late	topology_fragment	9965800	9965900	826	71	0.08595641646489104
ont_late	topology_fragment	9965900	9966000	830	64	0.07710843373493977
ont_late	topology_fragment	9966000	9966100	826	73	0.08837772397094432
ont_late	topology_fragment	9966100	9966200	828	63	0.07608695652173914
ont_late	topology_fragment	9966200	9966300	826	68	0.08232445520581114
ont_late	topology_fragment	9966300	9966400	840	199	0.2369047619047619
ont_late	topology_fragment	9966400	9966500	834	203	0.2434052757793765
ont_late	topology_fragment	9966500	9966600	824	109	0.13228155339805825
ont_late	topology_fragment	9966600	9966700	820	123	0.15
ont_late	topology_fragment	9966700	9966800	819	108	0.13186813186813187
ont_late	topology_fragment	9966800	9966900	822	120	0.145985401459854
ont_late	topology_fragment	9966900	9967000	826	114	0.13801452784503632
ont_late	topology_fragment	9967000	9967100	816	102	0.125
ont_late	topology_fragment	9967100	9967200	812	132	0.1625615763546798
ont_late	topology_fragment	9967200	9967300	819	220	0.2686202686202686
ont_late	topology_fragment	9967300	9967400	818	332	0.4058679706601467
ont_late	topology_fragment	9967400	9967500	808	366	0.452970297029703
ont_late	topology_fragment	9967500	9967600	806	362	0.4491315136476427
ont_late	topology_fragment	9967600	9967700	802	320	0.39900249376558605
ont_late	topology_fragment	9967700	9967800	797	220	0.27603513174404015
ont_late	topology_fragment	9967800	9967900	799	155	0.1939924906132666
ont_late	topology_fragment	9967900	9968000	796	174	0.2185929648241206
ont_late	topology_fragment	9968000	9968100	799	273	0.34167709637046306
ont_late	topology_fragment	9968100	9968200	798	206	0.2581453634085213
ont_late	topology_fragment	9968200	9968300	798	144	0.18045112781954886
ont_late	topology_fragment	9968300	9968400	802	80	0.09975062344139651
ont_late	topology_fragment	9968400	9968500	806	137	0.16997518610421836
ont_late	topology_fragment	9968500	9968600	806	174	0.21588089330024815
ont_late	topology_fragment	9968600	9968700	806	151	0.18734491315136476
ont_late	topology_fragment	9968700	9968800	793	80	0.1008827238335435
ont_late	topology_fragment	9968800	9968900	801	67	0.08364544319600499
ont_late	topology_fragment	9968900	9969000	797	262	0.328732747804266
ont_late	topology_fragment	9969000	9969100	810	492	0.6074074074074074
ont_late	topology_fragment	9969100	9969200	810	415	0.5123456790123457
ont_late	topology_fragment	9969200	9969300	806	255	0.3163771712158809
ont_late	topology_fragment	9969300	9969400	804	254	0.31592039800995025
ont_late	topology_fragment	9969400	9969500	799	224	0.28035043804755944
ont_late	topology_fragment	9969500	9969600	799	205	0.2565707133917397
ont_late	topology_fragment	9969600	9969700	793	212	0.2673392181588903
ont_late	topology_fragment	9969700	9969800	797	167	0.2095357590966123
ont_late	topology_fragment	9969800	9969900	800	139	0.17375
ont_late	topology_fragment	9969900	9970000	802	184	0.22942643391521197
ont_late	topology_fragment	9970000	9970100	796	201	0.25251256281407036
ont_late	topology_fragment	9970100	9970200	798	204	0.2556390977443609
ont_late	topology_fragment	9970200	9970300	799	178	0.2227784730913642
ont_late	topology_fragment	9970300	9970400	802	155	0.19326683291770574
ont_late	topology_fragment	9970400	9970500	807	163	0.20198265179677818
ont_late	topology_fragment	9970500	9970600	809	133	0.16440049443757726
ont_late	topology_fragment	9970600	9970700	807	90	0.11152416356877323
ont_late	topology_fragment	9970700	9970800	812	126	0.15517241379310345
ont_late	topology_fragment	9970800	9970900	806	130	0.16129032258064516
ont_late	topology_fragment	9970900	9971000	814	111	0.13636363636363635
ont_late	topology_fragment	9971000	9971100	811	238	0.2934648581997534
ont_late	topology_fragment	9971100	9971200	806	277	0.3436724565756824
ont_late	topology_fragment	9971200	9971300	788	200	0.25380710659898476
ont_late	topology_fragment	9971300	9971400	795	257	0.3232704402515723
ont_late	topology_fragment	9971400	9971500	790	225	0.2848101265822785
ont_late	topology_fragment	9971500	9971600	794	274	0.345088161209068
ont_late	topology_fragment	9971600	9971700	798	228	0.2857142857142857
ont_late	topology_fragment	9971700	9971800	802	209	0.26059850374064836
ont_late	topology_fragment	9971800	9971900	794	235	0.2959697732997481
ont_late	topology_fragment	9971900	9972000	795	221	0.2779874213836478
ont_late	topology_fragment	9972000	9972100	801	254	0.317103620474407
ont_late	topology_fragment	9972100	9972200	799	279	0.34918648310387984
ont_late	topology_fragment	9972200	9972300	795	286	0.35974842767295595
ont_late	topology_fragment	9972300	9972400	790	221	0.27974683544303797
ont_late	topology_fragment	9972400	9972500	781	161	0.20614596670934698
ont_late	topology_fragment	9972500	9972600	785	148	0.18853503184713377
ont_late	topology_fragment	9972600	9972700	780	146	0.18717948717948718
ont_late	topology_fragment	9972700	9972800	781	309	0.39564660691421255
ont_late	topology_fragment	9972800	9972900	791	445	0.5625790139064475
ont_late	topology_fragment	9972900	9973000	786	302	0.3842239185750636
ont_late	topology_fragment	9973000	9973100	776	125	0.16108247422680413
ont_late	topology_fragment	9973100	9973200	778	81	0.10411311053984576
ont_late	topology_fragment	9973200	9973300	790	158	0.2
ont_late	topology_fragment	9973300	9973400	790	232	0.2936708860759494
ont_late	topology_fragment	9973400	9973500	765	289	0.37777777777777777
ont_late	topology_fragment	9973500	9973600	756	286	0.3783068783068783
ont_late	topology_fragment	9973600	9973700	744	217	0.2916666666666667
ont_late	topology_fragment	9973700	9973800	754	320	0.4244031830238727
ont_late	topology_fragment	9973800	9973900	763	377	0.4941022280471822
ont_late	topology_fragment	9973900	9974000	759	353	0.4650856389986825
ont_late	topology_fragment	9974000	9974100	764	333	0.43586387434554974
ont_late	topology_fragment	9974100	9974200	769	385	0.5006501950585176
ont_late	topology_fragment	9974200	9974300	775	396	0.5109677419354839
ont_late	topology_fragment	9974300	9974400	769	324	0.4213263979193758
ont_late	topology_fragment	9974400	9974500	768	237	0.30859375
ont_late	topology_fragment	9974500	9974600	767	201	0.2620599739243807
ont_late	topology_fragment	9974600	9974700	765	153	0.2
ont_late	topology_fragment	9974700	9974800	769	69	0.08972691807542263
ont_late	topology_fragment	9974800	9974900	771	64	0.08300907911802853
ont_late	topology_fragment	9974900	9975000	772	102	0.13212435233160622
ont_late	topology_fragment	9975000	9975100	767	148	0.19295958279009126
ont_late	topology_fragment	9975100	9975200	773	146	0.1888745148771022
ont_late	topology_fragment	9975200	9975300	778	164	0.21079691516709512
ont_late	topology_fragment	9975300	9975400	781	186	0.23815620998719592
ont_late	topology_fragment	9975400	9975500	780	156	0.2
ont_late	topology_fragment	9975500	9975600	782	142	0.1815856777493606
ont_late	topology_fragment	9975600	9975700	783	134	0.17113665389527458
ont_late	topology_fragment	9975700	9975800	784	144	0.1836734693877551
ont_late	topology_fragment	9975800	9975900	783	117	0.14942528735632185
ont_late	topology_fragment	9975900	9976000	780	155	0.1987179487179487
ont_late	topology_fragment	9976000	9976100	782	172	0.21994884910485935
ont_late	topology_fragment	9976100	9976200	790	108	0.13670886075949368
ont_late	topology_fragment	9976200	9976300	792	153	0.19318181818181818
ont_late	topology_fragment	9976300	9976400	798	236	0.2957393483709273
ont_late	topology_fragment	9976400	9976500	802	188	0.2344139650872818
ont_late	topology_fragment	9976500	9976600	802	68	0.08478802992518704
ont_late	topology_fragment	9976600	9976700	798	34	0.042606516290726815
ont_late	topology_fragment	9976700	9976800	801	44	0.05493133583021224
ont_late	topology_fragment	9976800	9976900	802	84	0.10473815461346633
ont_late	topology_fragment	9976900	9977000	805	98	0.12173913043478261
ont_late	topology_fragment	9977000	9977100	806	130	0.16129032258064516
ont_late	topology_fragment	9977100	9977200	802	191	0.23815461346633415
ont_late	topology_fragment	9977200	9977300	805	178	0.22111801242236026
ont_late	topology_fragment	9977300	9977400	802	184	0.22942643391521197
ont_late	topology_fragment	9977400	9977500	803	266	0.3312577833125778
ont_late	topology_fragment	9977500	9977600	803	276	0.3437110834371108
ont_late	topology_fragment	9977600	9977700	799	266	0.33291614518147683
ont_late	topology_fragment	9977700	9977800	796	219	0.2751256281407035
ont_late	topology_fragment	9977800	9977900	793	193	0.24337957124842372
ont_late	topology_fragment	9977900	9978000	788	202	0.2563451776649746
ont_late	topology_fragment	9978000	9978100	797	193	0.24215809284818068
ont_late	topology_fragment	9978100	9978200	796	106	0.13316582914572864
ont_late	topology_fragment	9978200	9978300	796	126	0.15829145728643215
ont_late	topology_fragment	9978300	9978400	798	151	0.18922305764411027
ont_late	topology_fragment	9978400	9978500	791	130	0.16434892541087232
ont_late	topology_fragment	9978500	9978600	789	146	0.1850443599493029
ont_late	topology_fragment	9978600	9978700	789	157	0.19898605830164764
ont_late	topology_fragment	9978700	9978800	795	123	0.15471698113207547
ont_late	topology_fragment	9978800	9978900	796	172	0.21608040201005024
ont_late	topology_fragment	9978900	9979000	802	235	0.29301745635910226
ont_late	topology_fragment	9979000	9979100	793	286	0.36065573770491804
ont_late	topology_fragment	9979100	9979200	797	512	0.6424090338770388
ont_late	topology_fragment	9979200	9979300	793	538	0.6784363177805801
ont_late	topology_fragment	9979300	9979400	788	365	0.4631979695431472
ont_late	topology_fragment	9979400	9979500	776	198	0.2551546391752577
ont_late	topology_fragment	9979500	9979600	778	142	0.18251928020565553
ont_late	topology_fragment	9979600	9979700	779	193	0.24775353016688062
ont_late	topology_fragment	9979700	9979800	779	216	0.2772785622593068
ont_late	topology_fragment	9979800	9979900	781	221	0.28297055057618437
ont_late	topology_fragment	9979900	9980000	776	215	0.2770618556701031
ont_late	topology_fragment	9980000	9980100	773	230	0.2975420439844761
ont_late	topology_fragment	9980100	9980200	775	216	0.2787096774193548
ont_late	topology_fragment	9980200	9980300	778	196	0.2519280205655527
ont_late	topology_fragment	9980300	9980400	779	213	0.2734274711168164
ont_late	topology_fragment	9980400	9980500	783	242	0.3090676883780332
ont_late	topology_fragment	9980500	9980600	786	208	0.26463104325699743
ont_late	topology_fragment	9980600	9980700	786	134	0.17048346055979643
ont_late	topology_fragment	9980700	9980800	786	85	0.10814249363867684
ont_late	topology_fragment	9980800	9980900	794	193	0.24307304785894207
ont_late	topology_fragment	9980900	9981000	793	307	0.3871374527112232
ont_late	topology_fragment	9981000	9981100	793	294	0.3707440100882724
ont_late	topology_fragment	9981100	9981200	792	263	0.33207070707070707
ont_late	topology_fragment	9981200	9981300	789	218	0.27629911280101394
ont_late	topology_fragment	9981300	9981400	793	184	0.23203026481715006
ont_late	topology_fragment	9981400	9981500	798	161	0.20175438596491227
ont_late	topology_fragment	9981500	9981600	797	138	0.17314930991217065
ont_late	topology_fragment	9981600	9981700	797	188	0.23588456712672523
ont_late	topology_fragment	9981700	9981800	788	189	0.2398477157360406
ont_late	topology_fragment	9981800	9981900	788	146	0.18527918781725888
ont_late	topology_fragment	9981900	9982000	785	123	0.15668789808917197
ont_late	topology_fragment	9982000	9982100	784	124	0.15816326530612246
ont_late	topology_fragment	9982100	9982200	782	143	0.18286445012787725
ont_late	topology_fragment	9982200	9982300	784	132	0.1683673469387755
ont_late	topology_fragment	9982300	9982400	783	110	0.140485312899106
ont_late	topology_fragment	9982400	9982500	779	126	0.16174582798459564
ont_late	topology_fragment	9982500	9982600	775	141	0.18193548387096775
ont_late	topology_fragment	9982600	9982700	773	98	0.12677878395860284
ont_late	topology_fragment	9982700	9982800	779	139	0.17843388960205392
ont_late	topology_fragment	9982800	9982900	770	128	0.16623376623376623
ont_late	topology_fragment	9982900	9983000	768	132	0.171875
ont_late	topology_fragment	9983000	9983100	771	170	0.2204928664072633
ont_late	topology_fragment	9983100	9983200	772	162	0.20984455958549222
ont_late	topology_fragment	9983200	9983300	768	148	0.19270833333333334
ont_late	topology_fragment	9983300	9983400	767	176	0.22946544980443284
ont_late	topology_fragment	9983400	9983500	771	186	0.24124513618677043
ont_late	topology_fragment	9983500	9983600	769	160	0.20806241872561768
ont_late	topology_fragment	9983600	9983700	770	213	0.2766233766233766
ont_late	topology_fragment	9983700	9983800	773	185	0.23932729624838292
ont_late	topology_fragment	9983800	9983900	767	171	0.22294654498044328
ont_late	topology_fragment	9983900	9984000	766	107	0.13968668407310705
ont_late	topology_fragment	9984000	9984100	766	112	0.1462140992167102
ont_late	topology_fragment	9984100	9984200	768	165	0.21484375
ont_late	topology_fragment	9984200	9984300	754	109	0.14456233421750664
ont_late	topology_fragment	9984300	9984400	752	92	0.12234042553191489
ont_late	topology_fragment	9984400	9984500	750	92	0.12266666666666666
ont_late	topology_fragment	9984500	9984600	753	89	0.11819389110225764
ont_late	topology_fragment	9984600	9984700	749	97	0.1295060080106809
ont_late	topology_fragment	9984700	9984800	754	127	0.16843501326259946
ont_late	topology_fragment	9984800	9984900	752	155	0.20611702127659576
ont_late	topology_fragment	9984900	9985000	745	181	0.24295302013422818
ont_late	topology_fragment	9985000	9985100	741	128	0.17273954116059378
ont_late	topology_fragment	9985100	9985200	743	123	0.1655450874831763
ont_late	topology_fragment	9985200	9985300	739	104	0.14073071718538566
ont_late	topology_fragment	9985300	9985400	733	116	0.1582537517053206
ont_late	topology_fragment	9985400	9985500	736	183	0.24864130434782608
ont_late	topology_fragment	9985500	9985600	734	208	0.28337874659400547
ont_late	topology_fragment	9985600	9985700	738	194	0.26287262872628725
ont_late	topology_fragment	9985700	9985800	730	154	0.21095890410958903
ont_late	topology_fragment	9985800	9985900	733	130	0.17735334242837653
ont_late	topology_fragment	9985900	9986000	720	108	0.15
ont_late	topology_fragment	9986000	9986100	721	145	0.20110957004160887
ont_late	topology_fragment	9986100	9986200	723	203	0.28077455048409405
ont_late	topology_fragment	9986200	9986300	718	172	0.2395543175487465
ont_late	topology_fragment	9986300	9986400	723	146	0.20193637621023514
ont_late	topology_fragment	9986400	9986500	715	146	0.2041958041958042
ont_late	topology_fragment	9986500	9986600	705	70	0.09929078014184398
ont_late	topology_fragment	9986600	9986700	707	94	0.13295615275813297
ont_late	topology_fragment	9986700	9986800	708	125	0.1765536723163842
ont_late	topology_fragment	9986800	9986900	708	118	0.16666666666666666
ont_late	topology_fragment	9986900	9987000	716	161	0.22486033519553073
ont_late	topology_fragment	9987000	9987100	720	159	0.22083333333333333
ont_late	topology_fragment	9987100	9987200	721	144	0.19972260748959778
ont_late	topology_fragment	9987200	9987300	719	136	0.18915159944367177
ont_late	topology_fragment	9987300	9987400	720	131	0.18194444444444444
ont_late	topology_fragment	9987400	9987500	725	115	0.15862068965517243
ont_late	topology_fragment	9987500	9987600	717	121	0.16875871687587168
ont_late	topology_fragment	9987600	9987700	717	143	0.199442119944212
ont_late	topology_fragment	9987700	9987800	708	159	0.2245762711864407
ont_late	topology_fragment	9987800	9987900	709	106	0.14950634696755993
ont_late	topology_fragment	9987900	9988000	707	59	0.08345120226308345
ont_late	topology_fragment	9988000	9988100	708	55	0.07768361581920905
ont_late	topology_fragment	9988100	9988200	703	92	0.13086770981507823
ont_late	topology_fragment	9988200	9988300	702	145	0.20655270655270655
ont_late	topology_fragment	9988300	9988400	701	202	0.28815977175463625
ont_late	topology_fragment	9988400	9988500	695	232	0.3338129496402878
ont_late	topology_fragment	9988500	9988600	688	228	0.3313953488372093
ont_late	topology_fragment	9988600	9988700	686	170	0.2478134110787172
ont_late	topology_fragment	9988700	9988800	681	186	0.27312775330396477
ont_late	topology_fragment	9988800	9988900	693	262	0.37806637806637805
ont_late	topology_fragment	9988900	9989000	684	298	0.43567251461988304
ont_late	topology_fragment	9989000	9989100	691	345	0.4992764109985528
ont_late	topology_fragment	9989100	9989200	683	317	0.46412884333821375
ont_late	topology_fragment	9989200	9989300	672	233	0.34672619047619047
ont_late	topology_fragment	9989300	9989400	674	136	0.20178041543026706
ont_late	topology_fragment	9989400	9989500	667	128	0.191904047976012
ont_late	topology_fragment	9989500	9989600	668	173	0.25898203592814373
ont_late	topology_fragment	9989600	9989700	667	182	0.272863568215892
ont_late	topology_fragment	9989700	9989800	687	80	0.11644832605531295
ont_late	topology_fragment	9989800	9989900	683	65	0.0951683748169839
ont_late	topology_fragment	9989900	9990000	678	57	0.084070796460177
ont_late	topology_fragment	9990000	9990100	683	83	0.12152269399707175
ont_late	topology_fragment	9990100	9990200	686	106	0.15451895043731778
ont_late	topology_fragment	9990200	9990300	682	74	0.10850439882697947
ont_late	topology_fragment	9990300	9990400	689	138	0.20029027576197386
ont_late	topology_fragment	9990400	9990500	687	204	0.29694323144104806
ont_late	topology_fragment	9990500	9990600	688	204	0.29651162790697677
ont_late	topology_fragment	9990600	9990700	687	180	0.26200873362445415
ont_late	topology_fragment	9990700	9990800	678	219	0.3230088495575221
ont_late	topology_fragment	9990800	9990900	678	206	0.30383480825958703
ont_late	topology_fragment	9990900	9991000	673	191	0.2838038632986627
ont_late	topology_fragment	9991000	9991100	675	204	0.3022222222222222
ont_late	topology_fragment	9991100	9991200	682	169	0.24780058651026393
ont_late	topology_fragment	9991200	9991300	682	170	0.24926686217008798
ont_late	topology_fragment	9991300	9991400	683	171	0.25036603221083453
ont_late	topology_fragment	9991400	9991500	689	169	0.24528301886792453
ont_late	topology_fragment	9991500	9991600	687	164	0.23871906841339155
ont_late	topology_fragment	9991600	9991700	679	189	0.27835051546391754
ont_late	topology_fragment	9991700	9991800	680	203	0.2985294117647059
ont_late	topology_fragment	9991800	9991900	682	183	0.26832844574780057
ont_late	topology_fragment	9991900	9992000	682	206	0.3020527859237537
ont_late	topology_fragment	9992000	9992100	676	230	0.34023668639053256
ont_late	topology_fragment	9992100	9992200	677	281	0.4150664697193501
ont_late	topology_fragment	9992200	9992300	673	247	0.36701337295690933
ont_late	topology_fragment	9992300	9992400	679	153	0.22533136966126657
ont_late	topology_fragment	9992400	9992500	679	195	0.28718703976435933
ont_late	topology_fragment	9992500	9992600	678	194	0.2861356932153392
ont_late	topology_fragment	9992600	9992700	681	174	0.2555066079295154
ont_late	topology_fragment	9992700	9992800	677	125	0.18463810930576072
ont_late	topology_fragment	9992800	9992900	675	155	0.22962962962962963
ont_late	topology_fragment	9992900	9993000	674	131	0.1943620178041543
ont_late	topology_fragment	9993000	9993100	680	94	0.13823529411764707
ont_late	topology_fragment	9993100	9993200	674	71	0.10534124629080119
ont_late	topology_fragment	9993200	9993300	679	129	0.18998527245949925
ont_late	topology_fragment	9993300	9993400	672	124	0.18452380952380953
ont_late	topology_fragment	9993400	9993500	673	72	0.10698365527488855
ont_late	topology_fragment	9993500	9993600	673	38	0.05646359583952452
ont_late	topology_fragment	9993600	9993700	677	60	0.08862629246676514
ont_late	topology_fragment	9993700	9993800	675	98	0.1451851851851852
ont_late	topology_fragment	9993800	9993900	675	87	0.1288888888888889
ont_late	topology_fragment	9993900	9994000	678	46	0.06784660766961652
ont_late	topology_fragment	9994000	9994100	679	42	0.061855670103092786
ont_late	topology_fragment	9994100	9994200	682	40	0.05865102639296188
ont_late	topology_fragment	9994200	9994300	682	30	0.04398826979472141
ont_late	topology_fragment	9994300	9994400	674	23	0.03412462908011869
ont_late	topology_fragment	9994400	9994500	672	41	0.06101190476190476
ont_late	topology_fragment	9994500	9994600	665	54	0.081203007518797
ont_late	topology_fragment	9994600	9994700	667	50	0.07496251874062969
ont_late	topology_fragment	9994700	9994800	659	38	0.057663125948406675
ont_late	topology_fragment	9994800	9994900	658	66	0.10030395136778116
ont_late	topology_fragment	9994900	9995000	658	60	0.0911854103343465
ont_late	topology_fragment	9995000	9995100	651	64	0.09831029185867896
ont_late	topology_fragment	9995100	9995200	648	68	0.10493827160493827
ont_late	topology_fragment	9995200	9995300	645	85	0.13178294573643412
ont_late	topology_fragment	9995300	9995400	640	110	0.171875
ont_late	topology_fragment	9995400	9995500	641	85	0.13260530421216848
ont_late	topology_fragment	9995500	9995600	645	94	0.14573643410852713
ont_late	topology_fragment	9995600	9995700	642	126	0.19626168224299065
ont_late	topology_fragment	9995700	9995800	644	85	0.13198757763975155
ont_late	topology_fragment	9995800	9995900	640	56	0.0875
ont_late	topology_fragment	9995900	9996000	639	42	0.06572769953051644
ont_late	topology_fragment	9996000	9996100	642	57	0.08878504672897196
ont_late	topology_fragment	9996100	9996200	648	62	0.09567901234567901
ont_late	topology_fragment	9996200	9996300	647	85	0.13137557959814528
ont_late	topology_fragment	9996300	9996400	651	139	0.21351766513056836
ont_late	topology_fragment	9996400	9996500	650	135	0.2076923076923077
ont_late	topology_fragment	9996500	9996600	656	161	0.24542682926829268
ont_late	topology_fragment	9996600	9996700	661	146	0.22087745839636913
ont_late	topology_fragment	9996700	9996800	669	111	0.16591928251121077
ont_late	topology_fragment	9996800	9996900	669	109	0.16292974588938713
ont_late	topology_fragment	9996900	9997000	668	99	0.14820359281437126
ont_late	topology_fragment	9997000	9997100	669	90	0.13452914798206278
ont_late	topology_fragment	9997100	9997200	672	155	0.23065476190476192
ont_late	topology_fragment	9997200	9997300	670	102	0.15223880597014924
ont_late	topology_fragment	9997300	9997400	667	60	0.08995502248875563
ont_late	topology_fragment	9997400	9997500	671	123	0.18330849478390462
ont_late	topology_fragment	9997500	9997600	664	156	0.23493975903614459
ont_late	topology_fragment	9997600	9997700	664	136	0.20481927710843373
ont_late	topology_fragment	9997700	9997800	664	227	0.34186746987951805
ont_late	topology_fragment	9997800	9997900	669	199	0.2974588938714499
ont_late	topology_fragment	9997900	9998000	668	110	0.16467065868263472
ont_late	topology_fragment	9998000	9998100	666	53	0.07957957957957958
ont_late	topology_fragment	9998100	9998200	667	51	0.07646176911544228
ont_late	topology_fragment	9998200	9998300	672	120	0.17857142857142858
ont_late	topology_fragment	9998300	9998400	671	157	0.23397913561847988
ont_late	topology_fragment	9998400	9998500	672	185	0.27529761904761907
ont_late	topology_fragment	9998500	9998600	670	159	0.2373134328358209
ont_late	topology_fragment	9998600	9998700	673	94	0.13967310549777118
ont_late	topology_fragment	9998700	9998800	671	122	0.18181818181818182
ont_late	topology_fragment	9998800	9998900	672	100	0.1488095238095238
ont_late	topology_fragment	9998900	9999000	672	66	0.09821428571428571
ont_late	topology_fragment	9999000	9999100	674	65	0.09643916913946587
ont_late	topology_fragment	9999100	9999200	672	56	0.08333333333333333
ont_late	topology_fragment	9999200	9999300	672	65	0.09672619047619048
ont_late	topology_fragment	9999300	9999400	671	81	0.12071535022354694
ont_late	topology_fragment	9999400	9999500	668	108	0.16167664670658682
ont_late	topology_fragment	9999500	9999600	670	117	0.1746268656716418
ont_late	topology_fragment	9999600	9999700	665	122	0.18345864661654135
ont_late	topology_fragment	9999700	9999800	666	156	0.23423423423423423
ont_late	topology_fragment	9999800	9999900	661	183	0.27685325264750377
ont_late	topology_fragment	9999900	10000000	660	151	0.2287878787878788
ont_late	topology_fragment	10000000	10000100	662	139	0.20996978851963746
ont_late	topology_fragment	10000100	10000200	656	133	0.2027439024390244
ont_late	topology_fragment	10000200	10000300	651	67	0.10291858678955453
ont_late	topology_fragment	10000300	10000400	654	26	0.039755351681957186
ont_late	topology_fragment	10000400	10000500	653	57	0.08728943338437979
ont_late	topology_fragment	10000500	10000600	651	76	0.11674347158218126
ont_late	topology_fragment	10000600	10000700	653	86	0.13169984686064318
ont_late	topology_fragment	10000700	10000800	654	85	0.12996941896024464
ont_late	topology_fragment	10000800	10000900	656	74	0.11280487804878049
ont_late	topology_fragment	10000900	10001000	656	59	0.0899390243902439
ont_late	topology_fragment	10001000	10001100	660	90	0.13636363636363635
ont_late	topology_fragment	10001100	10001200	664	85	0.1280120481927711
ont_late	topology_fragment	10001200	10001300	666	98	0.14714714714714713
ont_late	topology_fragment	10001300	10001400	668	113	0.1691616766467066
ont_late	topology_fragment	10001400	10001500	672	102	0.15178571428571427
ont_late	topology_fragment	10001500	10001600	669	128	0.19133034379671152
ont_late	topology_fragment	10001600	10001700	670	92	0.1373134328358209
ont_late	topology_fragment	10001700	10001800	669	53	0.07922272047832586
ont_late	topology_fragment	10001800	10001900	667	59	0.08845577211394302
ont_late	topology_fragment	10001900	10002000	665	56	0.08421052631578947
ont_late	topology_fragment	10002000	10002100	661	57	0.08623298033282904
ont_late	topology_fragment	10002100	10002200	657	53	0.0806697108066971
ont_late	topology_fragment	10002200	10002300	656	76	0.11585365853658537
ont_late	topology_fragment	10002300	10002400	654	112	0.1712538226299694
ont_late	topology_fragment	10002400	10002500	652	140	0.2147239263803681
ont_late	topology_fragment	10002500	10002600	654	182	0.2782874617737003
ont_late	topology_fragment	10002600	10002700	653	142	0.21745788667687596
ont_late	topology_fragment	10002700	10002800	654	66	0.10091743119266056
ont_late	topology_fragment	10002800	10002900	652	69	0.1058282208588957
ont_late	topology_fragment	10002900	10003000	653	64	0.09800918836140889
ont_late	topology_fragment	10003000	10003100	647	93	0.1437403400309119
ont_late	topology_fragment	10003100	10003200	645	125	0.1937984496124031
ont_late	topology_fragment	10003200	10003300	650	134	0.20615384615384616
ont_late	topology_fragment	10003300	10003400	648	154	0.23765432098765432
ont_late	topology_fragment	10003400	10003500	646	91	0.14086687306501547
ont_late	topology_fragment	10003500	10003600	649	73	0.11248073959938366
ont_late	topology_fragment	10003600	10003700	652	88	0.13496932515337423
ont_late	topology_fragment	10003700	10003800	655	113	0.17251908396946564
ont_late	topology_fragment	10003800	10003900	657	101	0.1537290715372907
ont_late	topology_fragment	10003900	10004000	658	56	0.0851063829787234
ont_late	topology_fragment	10004000	10004100	659	45	0.06828528072837632
ont_late	topology_fragment	10004100	10004200	659	78	0.11836115326251896
ont_late	topology_fragment	10004200	10004300	657	116	0.1765601217656012
ont_late	topology_fragment	10004300	10004400	656	141	0.2149390243902439
ont_late	topology_fragment	10004400	10004500	657	104	0.1582952815829528
ont_late	topology_fragment	10004500	10004600	650	71	0.10923076923076923
ont_late	topology_fragment	10004600	10004700	647	74	0.1143740340030912
ont_late	topology_fragment	10004700	10004800	651	70	0.10752688172043011
ont_late	topology_fragment	10004800	10004900	642	86	0.13395638629283488
ont_late	topology_fragment	10004900	10005000	640	81	0.1265625
ont_late	topology_fragment	10005000	10005100	642	70	0.10903426791277258
ont_late	topology_fragment	10005100	10005200	642	169	0.2632398753894081
ont_late	topology_fragment	10005200	10005300	641	173	0.2698907956318253
ont_late	topology_fragment	10005300	10005400	638	136	0.21316614420062696
ont_late	topology_fragment	10005400	10005500	633	77	0.12164296998420221
ont_late	topology_fragment	10005500	10005600	628	55	0.0875796178343949
ont_late	topology_fragment	10005600	10005700	624	45	0.07211538461538461
ont_late	topology_fragment	10005700	10005800	622	93	0.1495176848874598
ont_late	topology_fragment	10005800	10005900	619	133	0.2148626817447496
ont_late	topology_fragment	10005900	10006000	618	73	0.11812297734627832
pacbio_2_4	supplied	9954000	9954100	281	13	0.046263345195729534
pacbio_2_4	supplied	9954100	9954200	279	15	0.053763440860215055
pacbio_2_4	supplied	9954200	9954300	279	13	0.04659498207885305
pacbio_2_4	supplied	9954300	9954400	278	11	0.039568345323741004
pacbio_2_4	supplied	9954400	9954500	278	15	0.0539568345323741
pacbio_2_4	supplied	9954500	9954600	280	19	0.06785714285714285
pacbio_2_4	supplied	9954600	9954700	280	22	0.07857142857142857
pacbio_2_4	supplied	9954700	9954800	279	23	0.08243727598566308
pacbio_2_4	supplied	9954800	9954900	276	29	0.10507246376811594
pacbio_2_4	supplied	9954900	9955000	276	24	0.08695652173913043
pacbio_2_4	supplied	9955000	9955100	279	36	0.12903225806451613
pacbio_2_4	supplied	9955100	9955200	280	83	0.29642857142857143
pacbio_2_4	supplied	9955200	9955300	281	121	0.4306049822064057
pacbio_2_4	supplied	9955300	9955400	280	114	0.40714285714285714
pacbio_2_4	supplied	9955400	9955500	278	65	0.23381294964028776
pacbio_2_4	supplied	9955500	9955600	275	33	0.12
pacbio_2_4	supplied	9955600	9955700	275	42	0.15272727272727274
pacbio_2_4	supplied	9955700	9955800	277	49	0.17689530685920576
pacbio_2_4	supplied	9955800	9955900	276	39	0.14130434782608695
pacbio_2_4	supplied	9955900	9956000	277	41	0.148014440433213
pacbio_2_4	supplied	9956000	9956100	279	37	0.13261648745519714
pacbio_2_4	supplied	9956100	9956200	278	22	0.07913669064748201
pacbio_2_4	supplied	9956200	9956300	281	30	0.10676156583629894
pacbio_2_4	supplied	9956300	9956400	281	42	0.1494661921708185
pacbio_2_4	supplied	9956400	9956500	282	46	0.16312056737588654
pacbio_2_4	supplied	9956500	9956600	282	39	0.13829787234042554
pacbio_2_4	supplied	9956600	9956700	283	34	0.12014134275618374
pacbio_2_4	supplied	9956700	9956800	286	32	0.11188811188811189
pacbio_2_4	supplied	9956800	9956900	282	11	0.03900709219858156
pacbio_2_4	supplied	9956900	9957000	280	11	0.039285714285714285
pacbio_2_4	supplied	9957000	9957100	280	21	0.075
pacbio_2_4	supplied	9957100	9957200	281	32	0.11387900355871886
pacbio_2_4	supplied	9957200	9957300	281	22	0.07829181494661921
pacbio_2_4	supplied	9957300	9957400	280	6	0.02142857142857143
pacbio_2_4	supplied	9957400	9957500	279	19	0.06810035842293907
pacbio_2_4	supplied	9957500	9957600	280	34	0.12142857142857143
pacbio_2_4	supplied	9957600	9957700	283	33	0.1166077738515901
pacbio_2_4	supplied	9957700	9957800	283	19	0.06713780918727916
pacbio_2_4	supplied	9957800	9957900	281	18	0.06405693950177936
pacbio_2_4	supplied	9957900	9958000	283	25	0.08833922261484099
pacbio_2_4	supplied	9958000	9958100	281	31	0.1103202846975089
pacbio_2_4	supplied	9958100	9958200	281	31	0.1103202846975089
pacbio_2_4	supplied	9958200	9958300	283	29	0.10247349823321555
pacbio_2_4	supplied	9958300	9958400	283	22	0.07773851590106007
pacbio_2_4	supplied	9958400	9958500	283	32	0.11307420494699646
pacbio_2_4	supplied	9958500	9958600	283	53	0.1872791519434629
pacbio_2_4	supplied	9958600	9958700	281	44	0.15658362989323843
pacbio_2_4	supplied	9958700	9958800	283	77	0.27208480565371024
pacbio_2_4	supplied	9958800	9958900	282	118	0.41843971631205673
pacbio_2_4	supplied	9958900	9959000	278	92	0.33093525179856115
pacbio_2_4	supplied	9959000	9959100	276	19	0.06884057971014493
pacbio_2_4	supplied	9959100	9959200	274	16	0.058394160583941604
pacbio_2_4	supplied	9959200	9959300	275	29	0.10545454545454545
pacbio_2_4	supplied	9959300	9959400	277	30	0.10830324909747292
pacbio_2_4	supplied	9959400	9959500	277	43	0.1552346570397112
pacbio_2_4	supplied	9959500	9959600	277	56	0.20216606498194944
pacbio_2_4	supplied	9959600	9959700	275	40	0.14545454545454545
pacbio_2_4	supplied	9959700	9959800	275	56	0.20363636363636364
pacbio_2_4	supplied	9959800	9959900	270	42	0.15555555555555556
pacbio_2_4	supplied	9959900	9960000	269	88	0.3271375464684015
pacbio_2_4	supplied	9960000	9960100	269	137	0.5092936802973977
pacbio_2_4	supplied	9960100	9960200	268	107	0.39925373134328357
pacbio_2_4	supplied	9960200	9960300	265	107	0.4037735849056604
pacbio_2_4	supplied	9960300	9960400	265	117	0.44150943396226416
pacbio_2_4	supplied	9960400	9960500	264	92	0.3484848484848485
pacbio_2_4	supplied	9960500	9960600	261	57	0.21839080459770116
pacbio_2_4	supplied	9960600	9960700	261	45	0.1724137931034483
pacbio_2_4	supplied	9960700	9960800	262	50	0.19083969465648856
pacbio_2_4	supplied	9960800	9960900	261	41	0.15708812260536398
pacbio_2_4	supplied	9960900	9961000	257	31	0.12062256809338522
pacbio_2_4	supplied	9961000	9961100	254	36	0.14173228346456693
pacbio_2_4	supplied	9961100	9961200	253	38	0.15019762845849802
pacbio_2_4	supplied	9961200	9961300	250	31	0.124
pacbio_2_4	supplied	9961300	9961400	250	15	0.06
pacbio_2_4	supplied	9961400	9961500	249	19	0.07630522088353414
pacbio_2_4	supplied	9961500	9961600	247	42	0.1700404858299595
pacbio_2_4	supplied	9961600	9961700	246	45	0.18292682926829268
pacbio_2_4	supplied	9961700	9961800	246	32	0.13008130081300814
pacbio_2_4	supplied	9961800	9961900	245	26	0.10612244897959183
pacbio_2_4	supplied	9961900	9962000	244	44	0.18032786885245902
pacbio_2_4	supplied	9962000	9962100	242	43	0.17768595041322313
pacbio_2_4	supplied	9962100	9962200	242	34	0.14049586776859505
pacbio_2_4	supplied	9962200	9962300	241	35	0.14522821576763487
pacbio_2_4	supplied	9962300	9962400	240	37	0.15416666666666667
pacbio_2_4	supplied	9962400	9962500	241	42	0.17427385892116182
pacbio_2_4	supplied	9962500	9962600	241	41	0.17012448132780084
pacbio_2_4	supplied	9962600	9962700	240	29	0.12083333333333333
pacbio_2_4	supplied	9962700	9962800	241	38	0.15767634854771784
pacbio_2_4	supplied	9962800	9962900	238	32	0.13445378151260504
pacbio_2_4	supplied	9962900	9963000	238	21	0.08823529411764706
pacbio_2_4	supplied	9963000	9963100	238	19	0.07983193277310924
pacbio_2_4	supplied	9963100	9963200	237	32	0.1350210970464135
pacbio_2_4	supplied	9963200	9963300	236	52	0.22033898305084745
pacbio_2_4	supplied	9963300	9963400	236	45	0.1906779661016949
pacbio_2_4	supplied	9963400	9963500	236	48	0.2033898305084746
pacbio_2_4	supplied	9963500	9963600	237	30	0.12658227848101267
pacbio_2_4	supplied	9963600	9963700	237	9	0.0379746835443038
pacbio_2_4	supplied	9963700	9963800	238	11	0.046218487394957986
pacbio_2_4	supplied	9963800	9963900	236	13	0.05508474576271186
pacbio_2_4	supplied	9963900	9964000	238	23	0.09663865546218488
pacbio_2_4	supplied	9964000	9964100	234	30	0.1282051282051282
pacbio_2_4	supplied	9964100	9964200	236	37	0.15677966101694915
pacbio_2_4	supplied	9964200	9964300	236	28	0.11864406779661017
pacbio_2_4	supplied	9964300	9964400	234	25	0.10683760683760683
pacbio_2_4	supplied	9964400	9964500	235	38	0.16170212765957448
pacbio_2_4	supplied	9964500	9964600	237	35	0.14767932489451477
pacbio_2_4	supplied	9964600	9964700	240	35	0.14583333333333334
pacbio_2_4	supplied	9964700	9964800	241	38	0.15767634854771784
pacbio_2_4	supplied	9964800	9964900	243	46	0.18930041152263374
pacbio_2_4	supplied	9964900	9965000	244	41	0.1680327868852459
pacbio_2_4	supplied	9965000	9965100	247	114	0.46153846153846156
pacbio_2_4	supplied	9965100	9965200	247	75	0.30364372469635625
pacbio_2_4	supplied	9965200	9965300	246	11	0.044715447154471545
pacbio_2_4	supplied	9965300	9965400	246	16	0.06504065040650407
pacbio_2_4	supplied	9965400	9965500	245	27	0.11020408163265306
pacbio_2_4	supplied	9965500	9965600	244	26	0.10655737704918032
pacbio_2_4	supplied	9965600	9965700	241	12	0.04979253112033195
pacbio_2_4	supplied	9965700	9965800	243	7	0.02880658436213992
pacbio_2_4	supplied	9965800	9965900	242	11	0.045454545454545456
pacbio_2_4	supplied	9965900	9966000	242	31	0.128099173553719
pacbio_2_4	supplied	9966000	9966100	240	25	0.10416666666666667
pacbio_2_4	supplied	9966100	9966200	242	17	0.07024793388429752
pacbio_2_4	supplied	9966200	9966300	241	20	0.08298755186721991
pacbio_2_4	supplied	9966300	9966400	241	31	0.12863070539419086
pacbio_2_4	supplied	9966400	9966500	240	26	0.10833333333333334
pacbio_2_4	supplied	9966500	9966600	240	11	0.04583333333333333
pacbio_2_4	supplied	9966600	9966700	240	15	0.0625
pacbio_2_4	supplied	9966700	9966800	241	13	0.05394190871369295
pacbio_2_4	supplied	9966800	9966900	242	11	0.045454545454545456
pacbio_2_4	supplied	9966900	9967000	243	22	0.09053497942386832
pacbio_2_4	supplied	9967000	9967100	244	30	0.12295081967213115
pacbio_2_4	supplied	9967100	9967200	246	35	0.14227642276422764
pacbio_2_4	supplied	9967200	9967300	246	45	0.18292682926829268
pacbio_2_4	supplied	9967300	9967400	247	68	0.27530364372469635
pacbio_2_4	supplied	9967400	9967500	245	75	0.30612244897959184
pacbio_2_4	supplied	9967500	9967600	244	73	0.29918032786885246
pacbio_2_4	supplied	9967600	9967700	244	56	0.22950819672131148
pacbio_2_4	supplied	9967700	9967800	246	39	0.15853658536585366
pacbio_2_4	supplied	9967800	9967900	245	39	0.15918367346938775
pacbio_2_4	supplied	9967900	9968000	244	44	0.18032786885245902
pacbio_2_4	supplied	9968000	9968100	245	57	0.23265306122448978
pacbio_2_4	supplied	9968100	9968200	242	54	0.2231404958677686
pacbio_2_4	supplied	9968200	9968300	243	32	0.13168724279835392
pacbio_2_4	supplied	9968300	9968400	242	13	0.05371900826446281
pacbio_2_4	supplied	9968400	9968500	241	19	0.07883817427385892
pacbio_2_4	supplied	9968500	9968600	240	45	0.1875
pacbio_2_4	supplied	9968600	9968700	240	48	0.2
pacbio_2_4	supplied	9968700	9968800	240	24	0.1
pacbio_2_4	supplied	9968800	9968900	239	21	0.08786610878661087
pacbio_2_4	supplied	9968900	9969000	240	119	0.49583333333333335
pacbio_2_4	supplied	9969000	9969100	239	137	0.5732217573221757
pacbio_2_4	supplied	9969100	9969200	237	99	0.4177215189873418
pacbio_2_4	supplied	9969200	9969300	238	57	0.23949579831932774
pacbio_2_4	supplied	9969300	9969400	239	64	0.26778242677824265
pacbio_2_4	supplied	9969400	9969500	239	41	0.17154811715481172
pacbio_2_4	supplied	9969500	9969600	239	33	0.13807531380753138
pacbio_2_4	supplied	9969600	9969700	238	26	0.1092436974789916
pacbio_2_4	supplied	9969700	9969800	239	19	0.0794979079497908
pacbio_2_4	supplied	9969800	9969900	238	15	0.06302521008403361
pacbio_2_4	supplied	9969900	9970000	240	20	0.08333333333333333
pacbio_2_4	supplied	9970000	9970100	238	23	0.09663865546218488
pacbio_2_4	supplied	9970100	9970200	237	23	0.0970464135021097
pacbio_2_4	supplied	9970200	9970300	240	22	0.09166666666666666
pacbio_2_4	supplied	9970300	9970400	238	17	0.07142857142857142
pacbio_2_4	supplied	9970400	9970500	238	26	0.1092436974789916
pacbio_2_4	supplied	9970500	9970600	237	25	0.10548523206751055
pacbio_2_4	supplied	9970600	9970700	236	12	0.05084745762711865
pacbio_2_4	supplied	9970700	9970800	238	20	0.08403361344537816
pacbio_2_4	supplied	9970800	9970900	235	22	0.09361702127659574
pacbio_2_4	supplied	9970900	9971000	238	27	0.1134453781512605
pacbio_2_4	supplied	9971000	9971100	235	64	0.2723404255319149
pacbio_2_4	supplied	9971100	9971200	231	60	0.2597402597402597
pacbio_2_4	supplied	9971200	9971300	229	43	0.18777292576419213
pacbio_2_4	supplied	9971300	9971400	232	51	0.21982758620689655
pacbio_2_4	supplied	9971400	9971500	231	27	0.11688311688311688
pacbio_2_4	supplied	9971500	9971600	232	66	0.28448275862068967
pacbio_2_4	supplied	9971600	9971700	231	52	0.22510822510822512
pacbio_2_4	supplied	9971700	9971800	230	31	0.13478260869565217
pacbio_2_4	supplied	9971800	9971900	229	38	0.16593886462882096
pacbio_2_4	supplied	9971900	9972000	229	28	0.1222707423580786
pacbio_2_4	supplied	9972000	9972100	229	31	0.13537117903930132
pacbio_2_4	supplied	9972100	9972200	229	42	0.18340611353711792
pacbio_2_4	supplied	9972200	9972300	229	52	0.22707423580786026
pacbio_2_4	supplied	9972300	9972400	230	29	0.12608695652173912
pacbio_2_4	supplied	9972400	9972500	228	24	0.10526315789473684
pacbio_2_4	supplied	9972500	9972600	227	35	0.15418502202643172
pacbio_2_4	supplied	9972600	9972700	226	33	0.14601769911504425
pacbio_2_4	supplied	9972700	9972800	229	100	0.4366812227074236
pacbio_2_4	supplied	9972800	9972900	228	112	0.49122807017543857
pacbio_2_4	supplied	9972900	9973000	227	71	0.31277533039647576
pacbio_2_4	supplied	9973000	9973100	227	53	0.23348017621145375
pacbio_2_4	supplied	9973100	9973200	228	16	0.07017543859649122
pacbio_2_4	supplied	9973200	9973300	227	36	0.15859030837004406
pacbio_2_4	supplied	9973300	9973400	225	69	0.30666666666666664
pacbio_2_4	supplied	9973400	9973500	227	95	0.4185022026431718
pacbio_2_4	supplied	9973500	9973600	227	81	0.3568281938325991
pacbio_2_4	supplied	9973600	9973700	228	75	0.32894736842105265
pacbio_2_4	supplied	9973700	9973800	227	84	0.3700440528634361
pacbio_2_4	supplied	9973800	9973900	229	92	0.4017467248908297
pacbio_2_4	supplied	9973900	9974000	227	112	0.4933920704845815
pacbio_2_4	supplied	9974000	9974100	225	110	0.4888888888888889
pacbio_2_4	supplied	9974100	9974200	224	102	0.45535714285714285
pacbio_2_4	supplied	9974200	9974300	225	89	0.39555555555555555
pacbio_2_4	supplied	9974300	9974400	223	67	0.3004484304932735
pacbio_2_4	supplied	9974400	9974500	223	47	0.21076233183856502
pacbio_2_4	supplied	9974500	9974600	225	47	0.2088888888888889
pacbio_2_4	supplied	9974600	9974700	226	32	0.1415929203539823
pacbio_2_4	supplied	9974700	9974800	224	17	0.07589285714285714
pacbio_2_4	supplied	9974800	9974900	224	12	0.05357142857142857
pacbio_2_4	supplied	9974900	9975000	224	16	0.07142857142857142
pacbio_2_4	supplied	9975000	9975100	223	29	0.13004484304932734
pacbio_2_4	supplied	9975100	9975200	224	40	0.17857142857142858
pacbio_2_4	supplied	9975200	9975300	225	40	0.17777777777777778
pacbio_2_4	supplied	9975300	9975400	224	43	0.19196428571428573
pacbio_2_4	supplied	9975400	9975500	224	51	0.22767857142857142
pacbio_2_4	supplied	9975500	9975600	222	47	0.21171171171171171
pacbio_2_4	supplied	9975600	9975700	220	26	0.11818181818181818
pacbio_2_4	supplied	9975700	9975800	218	24	0.11009174311926606
pacbio_2_4	supplied	9975800	9975900	220	28	0.12727272727272726
pacbio_2_4	supplied	9975900	9976000	219	35	0.1598173515981735
pacbio_2_4	supplied	9976000	9976100	219	37	0.1689497716894977
pacbio_2_4	supplied	9976100	9976200	217	28	0.12903225806451613
pacbio_2_4	supplied	9976200	9976300	217	47	0.21658986175115208
pacbio_2_4	supplied	9976300	9976400	218	65	0.2981651376146789
pacbio_2_4	supplied	9976400	9976500	219	51	0.2328767123287671
pacbio_2_4	supplied	9976500	9976600	217	11	0.05069124423963134
pacbio_2_4	supplied	9976600	9976700	216	6	0.027777777777777776
pacbio_2_4	supplied	9976700	9976800	216	7	0.032407407407407406
pacbio_2_4	supplied	9976800	9976900	215	10	0.046511627906976744
pacbio_2_4	supplied	9976900	9977000	215	11	0.05116279069767442
pacbio_2_4	supplied	9977000	9977100	215	17	0.07906976744186046
pacbio_2_4	supplied	9977100	9977200	216	35	0.16203703703703703
pacbio_2_4	supplied	9977200	9977300	215	40	0.18604651162790697
pacbio_2_4	supplied	9977300	9977400	215	69	0.3209302325581395
pacbio_2_4	supplied	9977400	9977500	215	86	0.4
pacbio_2_4	supplied	9977500	9977600	217	88	0.4055299539170507
pacbio_2_4	supplied	9977600	9977700	219	76	0.3470319634703196
pacbio_2_4	supplied	9977700	9977800	219	55	0.2511415525114155
pacbio_2_4	supplied	9977800	9977900	218	34	0.1559633027522936
pacbio_2_4	supplied	9977900	9978000	218	33	0.15137614678899083
pacbio_2_4	supplied	9978000	9978100	217	40	0.18433179723502305
pacbio_2_4	supplied	9978100	9978200	216	19	0.08796296296296297
pacbio_2_4	supplied	9978200	9978300	217	21	0.0967741935483871
pacbio_2_4	supplied	9978300	9978400	217	16	0.07373271889400922
pacbio_2_4	supplied	9978400	9978500	219	14	0.0639269406392694
pacbio_2_4	supplied	9978500	9978600	218	17	0.0779816513761468
pacbio_2_4	supplied	9978600	9978700	218	16	0.07339449541284404
pacbio_2_4	supplied	9978700	9978800	217	18	0.08294930875576037
pacbio_2_4	supplied	9978800	9978900	215	46	0.21395348837209302
pacbio_2_4	supplied	9978900	9979000	215	73	0.3395348837209302
pacbio_2_4	supplied	9979000	9979100	218	66	0.30275229357798167
pacbio_2_4	supplied	9979100	9979200	215	145	0.6744186046511628
pacbio_2_4	supplied	9979200	9979300	215	155	0.7209302325581395
pacbio_2_4	supplied	9979300	9979400	219	69	0.3150684931506849
pacbio_2_4	supplied	9979400	9979500	222	53	0.23873873873873874
pacbio_2_4	supplied	9979500	9979600	226	33	0.14601769911504425
pacbio_2_4	supplied	9979600	9979700	224	39	0.17410714285714285
pacbio_2_4	supplied	9979700	9979800	223	43	0.19282511210762332
pacbio_2_4	supplied	9979800	9979900	224	38	0.16964285714285715
pacbio_2_4	supplied	9979900	9980000	224	33	0.14732142857142858
pacbio_2_4	supplied	9980000	9980100	226	24	0.10619469026548672
pacbio_2_4	supplied	9980100	9980200	224	25	0.11160714285714286
pacbio_2_4	supplied	9980200	9980300	224	20	0.08928571428571429
pacbio_2_4	supplied	9980300	9980400	224	31	0.13839285714285715
pacbio_2_4	supplied	9980400	9980500	227	34	0.14977973568281938
pacbio_2_4	supplied	9980500	9980600	228	33	0.14473684210526316
pacbio_2_4	supplied	9980600	9980700	228	22	0.09649122807017543
pacbio_2_4	supplied	9980700	9980800	229	23	0.10043668122270742
pacbio_2_4	supplied	9980800	9980900	230	51	0.2217391304347826
pacbio_2_4	supplied	9980900	9981000	228	79	0.34649122807017546
pacbio_2_4	supplied	9981000	9981100	229	63	0.27510917030567683
pacbio_2_4	supplied	9981100	9981200	232	50	0.21551724137931033
pacbio_2_4	supplied	9981200	9981300	231	51	0.22077922077922077
pacbio_2_4	supplied	9981300	9981400	231	37	0.16017316017316016
pacbio_2_4	supplied	9981400	9981500	232	47	0.2025862068965517
pacbio_2_4	supplied	9981500	9981600	232	38	0.16379310344827586
pacbio_2_4	supplied	9981600	9981700	233	41	0.1759656652360515
pacbio_2_4	supplied	9981700	9981800	230	29	0.12608695652173912
pacbio_2_4	supplied	9981800	9981900	228	22	0.09649122807017543
pacbio_2_4	supplied	9981900	9982000	228	15	0.06578947368421052
pacbio_2_4	supplied	9982000	9982100	227	14	0.06167400881057269
pacbio_2_4	supplied	9982100	9982200	228	18	0.07894736842105263
pacbio_2_4	supplied	9982200	9982300	229	20	0.08733624454148471
pacbio_2_4	supplied	9982300	9982400	230	23	0.1
pacbio_2_4	supplied	9982400	9982500	232	31	0.1336206896551724
pacbio_2_4	supplied	9982500	9982600	233	33	0.14163090128755365
pacbio_2_4	supplied	9982600	9982700	233	26	0.11158798283261803
pacbio_2_4	supplied	9982700	9982800	232	30	0.12931034482758622
pacbio_2_4	supplied	9982800	9982900	233	27	0.11587982832618025
pacbio_2_4	supplied	9982900	9983000	233	25	0.1072961373390558
pacbio_2_4	supplied	9983000	9983100	237	35	0.14767932489451477
pacbio_2_4	supplied	9983100	9983200	239	41	0.17154811715481172
pacbio_2_4	supplied	9983200	9983300	238	29	0.12184873949579832
pacbio_2_4	supplied	9983300	9983400	239	26	0.1087866108786611
pacbio_2_4	supplied	9983400	9983500	244	37	0.15163934426229508
pacbio_2_4	supplied	9983500	9983600	243	40	0.1646090534979424
pacbio_2_4	supplied	9983600	9983700	246	57	0.23170731707317074
pacbio_2_4	supplied	9983700	9983800	249	60	0.24096385542168675
pacbio_2_4	supplied	9983800	9983900	248	45	0.1814516129032258
pacbio_2_4	supplied	9983900	9984000	248	27	0.10887096774193548
pacbio_2_4	supplied	9984000	9984100	250	24	0.096
pacbio_2_4	supplied	9984100	9984200	251	54	0.2151394422310757
pacbio_2_4	supplied	9984200	9984300	252	41	0.1626984126984127
pacbio_2_4	supplied	9984300	9984400	252	28	0.1111111111111111
pacbio_2_4	supplied	9984400	9984500	251	28	0.11155378486055777
pacbio_2_4	supplied	9984500	9984600	254	16	0.06299212598425197
pacbio_2_4	supplied	9984600	9984700	255	20	0.0784313725490196
pacbio_2_4	supplied	9984700	9984800	257	30	0.11673151750972763
pacbio_2_4	supplied	9984800	9984900	257	66	0.25680933852140075
pacbio_2_4	supplied	9984900	9985000	260	85	0.3269230769230769
pacbio_2_4	supplied	9985000	9985100	259	65	0.25096525096525096
pacbio_2_4	supplied	9985100	9985200	260	50	0.19230769230769232
pacbio_2_4	supplied	9985200	9985300	260	46	0.17692307692307693
pacbio_2_4	supplied	9985300	9985400	261	32	0.12260536398467432
pacbio_2_4	supplied	9985400	9985500	262	56	0.21374045801526717
pacbio_2_4	supplied	9985500	9985600	262	69	0.2633587786259542
pacbio_2_4	supplied	9985600	9985700	262	53	0.20229007633587787
pacbio_2_4	supplied	9985700	9985800	260	32	0.12307692307692308
pacbio_2_4	supplied	9985800	9985900	260	26	0.1
pacbio_2_4	supplied	9985900	9986000	262	24	0.0916030534351145
pacbio_2_4	supplied	9986000	9986100	263	24	0.09125475285171103
pacbio_2_4	supplied	9986100	9986200	262	26	0.09923664122137404
pacbio_2_4	supplied	9986200	9986300	261	40	0.1532567049808429
pacbio_2_4	supplied	9986300	9986400	263	46	0.17490494296577946
pacbio_2_4	supplied	9986400	9986500	265	46	0.17358490566037735
pacbio_2_4	supplied	9986500	9986600	266	25	0.09398496240601503
pacbio_2_4	supplied	9986600	9986700	271	27	0.0996309963099631
pacbio_2_4	supplied	9986700	9986800	269	32	0.11895910780669144
pacbio_2_4	supplied	9986800	9986900	271	24	0.08856088560885608
pacbio_2_4	supplied	9986900	9987000	271	26	0.0959409594095941
pacbio_2_4	supplied	9987000	9987100	273	31	0.11355311355311355
pacbio_2_4	supplied	9987100	9987200	274	30	0.10948905109489052
pacbio_2_4	supplied	9987200	9987300	275	30	0.10909090909090909
pacbio_2_4	supplied	9987300	9987400	275	29	0.10545454545454545
pacbio_2_4	supplied	9987400	9987500	278	29	0.10431654676258993
pacbio_2_4	supplied	9987500	9987600	277	29	0.10469314079422383
pacbio_2_4	supplied	9987600	9987700	277	34	0.12274368231046931
pacbio_2_4	supplied	9987700	9987800	276	38	0.13768115942028986
pacbio_2_4	supplied	9987800	9987900	276	33	0.11956521739130435
pacbio_2_4	supplied	9987900	9988000	277	17	0.061371841155234655
pacbio_2_4	supplied	9988000	9988100	280	15	0.05357142857142857
pacbio_2_4	supplied	9988100	9988200	279	18	0.06451612903225806
pacbio_2_4	supplied	9988200	9988300	280	42	0.15
pacbio_2_4	supplied	9988300	9988400	279	52	0.1863799283154122
pacbio_2_4	supplied	9988400	9988500	280	68	0.24285714285714285
pacbio_2_4	supplied	9988500	9988600	282	67	0.2375886524822695
pacbio_2_4	supplied	9988600	9988700	282	29	0.10283687943262411
pacbio_2_4	supplied	9988700	9988800	282	78	0.2765957446808511
pacbio_2_4	supplied	9988800	9988900	284	111	0.3908450704225352
pacbio_2_4	supplied	9988900	9989000	283	102	0.36042402826855124
pacbio_2_4	supplied	9989000	9989100	285	102	0.35789473684210527
pacbio_2_4	supplied	9989100	9989200	284	132	0.4647887323943662
pacbio_2_4	supplied	9989200	9989300	288	109	0.3784722222222222
pacbio_2_4	supplied	9989300	9989400	287	24	0.08362369337979095
pacbio_2_4	supplied	9989400	9989500	286	24	0.08391608391608392
pacbio_2_4	supplied	9989500	9989600	287	56	0.1951219512195122
pacbio_2_4	supplied	9989600	9989700	286	60	0.2097902097902098
pacbio_2_4	supplied	9989700	9989800	298	29	0.09731543624161074
pacbio_2_4	supplied	9989800	9989900	291	22	0.07560137457044673
pacbio_2_4	supplied	9989900	9990000	288	11	0.03819444444444445
pacbio_2_4	supplied	9990000	9990100	290	16	0.05517241379310345
pacbio_2_4	supplied	9990100	9990200	291	28	0.09621993127147767
pacbio_2_4	supplied	9990200	9990300	292	22	0.07534246575342465
pacbio_2_4	supplied	9990300	9990400	293	26	0.08873720136518772
pacbio_2_4	supplied	9990400	9990500	296	41	0.13851351351351351
pacbio_2_4	supplied	9990500	9990600	296	45	0.15202702702702703
pacbio_2_4	supplied	9990600	9990700	295	39	0.13220338983050847
pacbio_2_4	supplied	9990700	9990800	295	56	0.18983050847457628
pacbio_2_4	supplied	9990800	9990900	295	40	0.13559322033898305
pacbio_2_4	supplied	9990900	9991000	295	36	0.12203389830508475
pacbio_2_4	supplied	9991000	9991100	295	45	0.15254237288135594
pacbio_2_4	supplied	9991100	9991200	297	33	0.1111111111111111
pacbio_2_4	supplied	9991200	9991300	297	30	0.10101010101010101
pacbio_2_4	supplied	9991300	9991400	297	19	0.06397306397306397
pacbio_2_4	supplied	9991400	9991500	300	28	0.09333333333333334
pacbio_2_4	supplied	9991500	9991600	302	33	0.10927152317880795
pacbio_2_4	supplied	9991600	9991700	305	43	0.14098360655737704
pacbio_2_4	supplied	9991700	9991800	306	46	0.1503267973856209
pacbio_2_4	supplied	9991800	9991900	308	42	0.13636363636363635
pacbio_2_4	supplied	9991900	9992000	310	36	0.11612903225806452
pacbio_2_4	supplied	9992000	9992100	308	35	0.11363636363636363
pacbio_2_4	supplied	9992100	9992200	307	56	0.18241042345276873
pacbio_2_4	supplied	9992200	9992300	310	47	0.15161290322580645
pacbio_2_4	supplied	9992300	9992400	311	31	0.09967845659163987
pacbio_2_4	supplied	9992400	9992500	310	49	0.15806451612903225
pacbio_2_4	supplied	9992500	9992600	309	40	0.12944983818770225
pacbio_2_4	supplied	9992600	9992700	308	29	0.09415584415584416
pacbio_2_4	supplied	9992700	9992800	308	27	0.08766233766233766
pacbio_2_4	supplied	9992800	9992900	310	40	0.12903225806451613
pacbio_2_4	supplied	9992900	9993000	311	36	0.1157556270096463
pacbio_2_4	supplied	9993000	9993100	312	18	0.057692307692307696
pacbio_2_4	supplied	9993100	9993200	310	20	0.06451612903225806
pacbio_2_4	supplied	9993200	9993300	309	46	0.1488673139158576
pacbio_2_4	supplied	9993300	9993400	314	46	0.1464968152866242
pacbio_2_4	supplied	9993400	9993500	314	21	0.06687898089171974
pacbio_2_4	supplied	9993500	9993600	314	14	0.044585987261146494
pacbio_2_4	supplied	9993600	9993700	315	22	0.06984126984126984
pacbio_2_4	supplied	9993700	9993800	315	35	0.1111111111111111
pacbio_2_4	supplied	9993800	9993900	314	26	0.08280254777070063
pacbio_2_4	supplied	9993900	9994000	313	7	0.022364217252396165
pacbio_2_4	supplied	9994000	9994100	315	6	0.01904761904761905
pacbio_2_4	supplied	9994100	9994200	313	10	0.03194888178913738
pacbio_2_4	supplied	9994200	9994300	313	8	0.025559105431309903
pacbio_2_4	supplied	9994300	9994400	314	4	0.012738853503184714
pacbio_2_4	supplied	9994400	9994500	315	8	0.025396825396825397
pacbio_2_4	supplied	9994500	9994600	313	21	0.0670926517571885
pacbio_2_4	supplied	9994600	9994700	316	20	0.06329113924050633
pacbio_2_4	supplied	9994700	9994800	317	10	0.031545741324921134
pacbio_2_4	supplied	9994800	9994900	317	20	0.06309148264984227
pacbio_2_4	supplied	9994900	9995000	321	19	0.059190031152647975
pacbio_2_4	supplied	9995000	9995100	321	12	0.037383177570093455
pacbio_2_4	supplied	9995100	9995200	322	15	0.046583850931677016
pacbio_2_4	supplied	9995200	9995300	325	19	0.05846153846153846
pacbio_2_4	supplied	9995300	9995400	323	35	0.10835913312693499
pacbio_2_4	supplied	9995400	9995500	326	34	0.10429447852760736
pacbio_2_4	supplied	9995500	9995600	326	20	0.06134969325153374
pacbio_2_4	supplied	9995600	9995700	326	25	0.07668711656441718
pacbio_2_4	supplied	9995700	9995800	328	37	0.11280487804878049
pacbio_2_4	supplied	9995800	9995900	330	24	0.07272727272727272
pacbio_2_4	supplied	9995900	9996000	330	8	0.024242424242424242
pacbio_2_4	supplied	9996000	9996100	330	15	0.045454545454545456
pacbio_2_4	supplied	9996100	9996200	331	18	0.054380664652567974
pacbio_2_4	supplied	9996200	9996300	328	26	0.07926829268292683
pacbio_2_4	supplied	9996300	9996400	329	72	0.2188449848024316
pacbio_2_4	supplied	9996400	9996500	328	76	0.23170731707317074
pacbio_2_4	supplied	9996500	9996600	328	53	0.16158536585365854
pacbio_2_4	supplied	9996600	9996700	327	42	0.12844036697247707
pacbio_2_4	supplied	9996700	9996800	324	34	0.10493827160493827
pacbio_2_4	supplied	9996800	9996900	323	53	0.16408668730650156
pacbio_2_4	supplied	9996900	9997000	324	56	0.1728395061728395
pacbio_2_4	supplied	9997000	9997100	326	28	0.08588957055214724
pacbio_2_4	supplied	9997100	9997200	328	48	0.14634146341463414
pacbio_2_4	supplied	9997200	9997300	329	34	0.1033434650455927
pacbio_2_4	supplied	9997300	9997400	329	18	0.0547112462006079
pacbio_2_4	supplied	9997400	9997500	325	18	0.055384615384615386
pacbio_2_4	supplied	9997500	9997600	326	23	0.0705521472392638
pacbio_2_4	supplied	9997600	9997700	326	42	0.12883435582822086
pacbio_2_4	supplied	9997700	9997800	325	61	0.18769230769230769
pacbio_2_4	supplied	9997800	9997900	325	44	0.13538461538461538
pacbio_2_4	supplied	9997900	9998000	328	18	0.054878048780487805
pacbio_2_4	supplied	9998000	9998100	328	11	0.03353658536585366
pacbio_2_4	supplied	9998100	9998200	329	16	0.0486322188449848
pacbio_2_4	supplied	9998200	9998300	331	33	0.09969788519637462
pacbio_2_4	supplied	9998300	9998400	330	39	0.11818181818181818
pacbio_2_4	supplied	9998400	9998500	331	43	0.1299093655589124
pacbio_2_4	supplied	9998500	9998600	332	44	0.13253012048192772
pacbio_2_4	supplied	9998600	9998700	330	33	0.1
pacbio_2_4	supplied	9998700	9998800	327	41	0.12538226299694188
pacbio_2_4	supplied	9998800	9998900	329	27	0.08206686930091185
pacbio_2_4	supplied	9998900	9999000	335	15	0.04477611940298507
pacbio_2_4	supplied	9999000	9999100	334	11	0.03293413173652695
pacbio_2_4	supplied	9999100	9999200	333	6	0.018018018018018018
pacbio_2_4	supplied	9999200	9999300	332	8	0.024096385542168676
pacbio_2_4	supplied	9999300	9999400	333	12	0.036036036036036036
pacbio_2_4	supplied	9999400	9999500	332	24	0.07228915662650602
pacbio_2_4	supplied	9999500	9999600	331	31	0.09365558912386707
pacbio_2_4	supplied	9999600	9999700	332	42	0.12650602409638553
pacbio_2_4	supplied	9999700	9999800	335	47	0.14029850746268657
pacbio_2_4	supplied	9999800	9999900	334	40	0.11976047904191617
pacbio_2_4	supplied	9999900	10000000	336	30	0.08928571428571429
pacbio_2_4	supplied	10000000	10000100	336	42	0.125
pacbio_2_4	supplied	10000100	10000200	334	39	0.11676646706586827
pacbio_2_4	supplied	10000200	10000300	334	10	0.029940119760479042
pacbio_2_4	supplied	10000300	10000400	334	7	0.020958083832335328
pacbio_2_4	supplied	10000400	10000500	333	13	0.03903903903903904
pacbio_2_4	supplied	10000500	10000600	331	22	0.06646525679758308
pacbio_2_4	supplied	10000600	10000700	332	30	0.09036144578313253
pacbio_2_4	supplied	10000700	10000800	332	33	0.09939759036144578
pacbio_2_4	supplied	10000800	10000900	334	13	0.038922155688622756
pacbio_2_4	supplied	10000900	10001000	331	9	0.027190332326283987
pacbio_2_4	supplied	10001000	10001100	331	7	0.021148036253776436
pacbio_2_4	supplied	10001100	10001200	331	11	0.03323262839879154
pacbio_2_4	supplied	10001200	10001300	332	25	0.07530120481927711
pacbio_2_4	supplied	10001300	10001400	334	28	0.08383233532934131
pacbio_2_4	supplied	10001400	10001500	333	21	0.06306306306306306
pacbio_2_4	supplied	10001500	10001600	333	26	0.07807807807807808
pacbio_2_4	supplied	10001600	10001700	335	9	0.026865671641791045
pacbio_2_4	supplied	10001700	10001800	334	11	0.03293413173652695
pacbio_2_4	supplied	10001800	10001900	334	11	0.03293413173652695
pacbio_2_4	supplied	10001900	10002000	333	9	0.02702702702702703
pacbio_2_4	supplied	10002000	10002100	334	8	0.023952095808383235
pacbio_2_4	supplied	10002100	10002200	333	23	0.06906906906906907
pacbio_2_4	supplied	10002200	10002300	334	14	0.041916167664670656
pacbio_2_4	supplied	10002300	10002400	335	22	0.06567164179104477
pacbio_2_4	supplied	10002400	10002500	335	30	0.08955223880597014
pacbio_2_4	supplied	10002500	10002600	336	60	0.17857142857142858
pacbio_2_4	supplied	10002600	10002700	336	47	0.13988095238095238
pacbio_2_4	supplied	10002700	10002800	341	17	0.04985337243401759
pacbio_2_4	supplied	10002800	10002900	343	9	0.026239067055393587
pacbio_2_4	supplied	10002900	10003000	343	12	0.03498542274052478
pacbio_2_4	supplied	10003000	10003100	342	19	0.05555555555555555
pacbio_2_4	supplied	10003100	10003200	342	24	0.07017543859649122
pacbio_2_4	supplied	10003200	10003300	342	21	0.06140350877192982
pacbio_2_4	supplied	10003300	10003400	341	32	0.093841642228739
pacbio_2_4	supplied	10003400	10003500	341	18	0.05278592375366569
pacbio_2_4	supplied	10003500	10003600	340	15	0.04411764705882353
pacbio_2_4	supplied	10003600	10003700	339	18	0.05309734513274336
pacbio_2_4	supplied	10003700	10003800	339	22	0.06489675516224189
pacbio_2_4	supplied	10003800	10003900	339	13	0.038348082595870206
pacbio_2_4	supplied	10003900	10004000	339	6	0.017699115044247787
pacbio_2_4	supplied	10004000	10004100	336	10	0.02976190476190476
pacbio_2_4	supplied	10004100	10004200	335	17	0.050746268656716415
pacbio_2_4	supplied	10004200	10004300	333	23	0.06906906906906907
pacbio_2_4	supplied	10004300	10004400	329	39	0.11854103343465046
pacbio_2_4	supplied	10004400	10004500	329	23	0.06990881458966565
pacbio_2_4	supplied	10004500	10004600	327	20	0.06116207951070336
pacbio_2_4	supplied	10004600	10004700	327	19	0.0581039755351682
pacbio_2_4	supplied	10004700	10004800	327	21	0.06422018348623854
pacbio_2_4	supplied	10004800	10004900	325	23	0.07076923076923076
pacbio_2_4	supplied	10004900	10005000	323	19	0.058823529411764705
pacbio_2_4	supplied	10005000	10005100	320	16	0.05
pacbio_2_4	supplied	10005100	10005200	320	32	0.1
pacbio_2_4	supplied	10005200	10005300	318	45	0.14150943396226415
pacbio_2_4	supplied	10005300	10005400	317	37	0.1167192429022082
pacbio_2_4	supplied	10005400	10005500	317	10	0.031545741324921134
pacbio_2_4	supplied	10005500	10005600	315	13	0.04126984126984127
pacbio_2_4	supplied	10005600	10005700	314	15	0.04777070063694268
pacbio_2_4	supplied	10005700	10005800	312	25	0.08012820512820513
pacbio_2_4	supplied	10005800	10005900	311	36	0.1157556270096463
pacbio_2_4	supplied	10005900	10006000	308	19	0.06168831168831169
pacbio_2_4	supplied_nuc_complement	9954000	9954100	281	34	0.12099644128113879
pacbio_2_4	supplied_nuc_complement	9954100	9954200	279	28	0.1003584229390681
pacbio_2_4	supplied_nuc_complement	9954200	9954300	279	26	0.0931899641577061
pacbio_2_4	supplied_nuc_complement	9954300	9954400	278	35	0.12589928057553956
pacbio_2_4	supplied_nuc_complement	9954400	9954500	278	36	0.12949640287769784
pacbio_2_4	supplied_nuc_complement	9954500	9954600	280	45	0.16071428571428573
pacbio_2_4	supplied_nuc_complement	9954600	9954700	280	36	0.12857142857142856
pacbio_2_4	supplied_nuc_complement	9954700	9954800	279	35	0.12544802867383512
pacbio_2_4	supplied_nuc_complement	9954800	9954900	276	43	0.15579710144927536
pacbio_2_4	supplied_nuc_complement	9954900	9955000	276	35	0.12681159420289856
pacbio_2_4	supplied_nuc_complement	9955000	9955100	279	67	0.24014336917562723
pacbio_2_4	supplied_nuc_complement	9955100	9955200	280	128	0.45714285714285713
pacbio_2_4	supplied_nuc_complement	9955200	9955300	281	152	0.5409252669039146
pacbio_2_4	supplied_nuc_complement	9955300	9955400	280	160	0.5714285714285714
pacbio_2_4	supplied_nuc_complement	9955400	9955500	278	110	0.39568345323741005
pacbio_2_4	supplied_nuc_complement	9955500	9955600	275	73	0.26545454545454544
pacbio_2_4	supplied_nuc_complement	9955600	9955700	275	126	0.4581818181818182
pacbio_2_4	supplied_nuc_complement	9955700	9955800	277	129	0.4657039711191336
pacbio_2_4	supplied_nuc_complement	9955800	9955900	276	68	0.2463768115942029
pacbio_2_4	supplied_nuc_complement	9955900	9956000	277	70	0.2527075812274368
pacbio_2_4	supplied_nuc_complement	9956000	9956100	279	71	0.25448028673835127
pacbio_2_4	supplied_nuc_complement	9956100	9956200	278	39	0.14028776978417265
pacbio_2_4	supplied_nuc_complement	9956200	9956300	281	54	0.19217081850533807
pacbio_2_4	supplied_nuc_complement	9956300	9956400	281	75	0.2669039145907473
pacbio_2_4	supplied_nuc_complement	9956400	9956500	282	81	0.2872340425531915
pacbio_2_4	supplied_nuc_complement	9956500	9956600	282	71	0.25177304964539005
pacbio_2_4	supplied_nuc_complement	9956600	9956700	283	68	0.24028268551236748
pacbio_2_4	supplied_nuc_complement	9956700	9956800	286	57	0.1993006993006993
pacbio_2_4	supplied_nuc_complement	9956800	9956900	282	24	0.0851063829787234
pacbio_2_4	supplied_nuc_complement	9956900	9957000	280	26	0.09285714285714286
pacbio_2_4	supplied_nuc_complement	9957000	9957100	280	44	0.15714285714285714
pacbio_2_4	supplied_nuc_complement	9957100	9957200	281	61	0.21708185053380782
pacbio_2_4	supplied_nuc_complement	9957200	9957300	281	54	0.19217081850533807
pacbio_2_4	supplied_nuc_complement	9957300	9957400	280	21	0.075
pacbio_2_4	supplied_nuc_complement	9957400	9957500	279	30	0.10752688172043011
pacbio_2_4	supplied_nuc_complement	9957500	9957600	280	50	0.17857142857142858
pacbio_2_4	supplied_nuc_complement	9957600	9957700	283	50	0.17667844522968199
pacbio_2_4	supplied_nuc_complement	9957700	9957800	283	37	0.13074204946996468
pacbio_2_4	supplied_nuc_complement	9957800	9957900	281	33	0.11743772241992882
pacbio_2_4	supplied_nuc_complement	9957900	9958000	283	43	0.1519434628975265
pacbio_2_4	supplied_nuc_complement	9958000	9958100	281	45	0.1601423487544484
pacbio_2_4	supplied_nuc_complement	9958100	9958200	281	45	0.1601423487544484
pacbio_2_4	supplied_nuc_complement	9958200	9958300	283	37	0.13074204946996468
pacbio_2_4	supplied_nuc_complement	9958300	9958400	283	39	0.13780918727915195
pacbio_2_4	supplied_nuc_complement	9958400	9958500	283	50	0.17667844522968199
pacbio_2_4	supplied_nuc_complement	9958500	9958600	283	66	0.2332155477031802
pacbio_2_4	supplied_nuc_complement	9958600	9958700	281	62	0.2206405693950178
pacbio_2_4	supplied_nuc_complement	9958700	9958800	283	119	0.4204946996466431
pacbio_2_4	supplied_nuc_complement	9958800	9958900	282	175	0.6205673758865248
pacbio_2_4	supplied_nuc_complement	9958900	9959000	278	149	0.5359712230215827
pacbio_2_4	supplied_nuc_complement	9959000	9959100	276	33	0.11956521739130435
pacbio_2_4	supplied_nuc_complement	9959100	9959200	274	25	0.09124087591240876
pacbio_2_4	supplied_nuc_complement	9959200	9959300	275	44	0.16
pacbio_2_4	supplied_nuc_complement	9959300	9959400	277	50	0.18050541516245489
pacbio_2_4	supplied_nuc_complement	9959400	9959500	277	66	0.23826714801444043
pacbio_2_4	supplied_nuc_complement	9959500	9959600	277	87	0.3140794223826715
pacbio_2_4	supplied_nuc_complement	9959600	9959700	275	119	0.43272727272727274
pacbio_2_4	supplied_nuc_complement	9959700	9959800	275	143	0.52
pacbio_2_4	supplied_nuc_complement	9959800	9959900	270	123	0.45555555555555555
pacbio_2_4	supplied_nuc_complement	9959900	9960000	269	176	0.654275092936803
pacbio_2_4	supplied_nuc_complement	9960000	9960100	269	210	0.7806691449814126
pacbio_2_4	supplied_nuc_complement	9960100	9960200	268	169	0.6305970149253731
pacbio_2_4	supplied_nuc_complement	9960200	9960300	265	148	0.5584905660377358
pacbio_2_4	supplied_nuc_complement	9960300	9960400	265	165	0.6226415094339622
pacbio_2_4	supplied_nuc_complement	9960400	9960500	264	131	0.4962121212121212
pacbio_2_4	supplied_nuc_complement	9960500	9960600	261	80	0.3065134099616858
pacbio_2_4	supplied_nuc_complement	9960600	9960700	261	74	0.2835249042145594
pacbio_2_4	supplied_nuc_complement	9960700	9960800	262	75	0.2862595419847328
pacbio_2_4	supplied_nuc_complement	9960800	9960900	261	70	0.2681992337164751
pacbio_2_4	supplied_nuc_complement	9960900	9961000	257	55	0.2140077821011673
pacbio_2_4	supplied_nuc_complement	9961000	9961100	254	60	0.23622047244094488
pacbio_2_4	supplied_nuc_complement	9961100	9961200	253	64	0.25296442687747034
pacbio_2_4	supplied_nuc_complement	9961200	9961300	250	57	0.228
pacbio_2_4	supplied_nuc_complement	9961300	9961400	250	35	0.14
pacbio_2_4	supplied_nuc_complement	9961400	9961500	249	36	0.14457831325301204
pacbio_2_4	supplied_nuc_complement	9961500	9961600	247	61	0.24696356275303644
pacbio_2_4	supplied_nuc_complement	9961600	9961700	246	63	0.25609756097560976
pacbio_2_4	supplied_nuc_complement	9961700	9961800	246	46	0.18699186991869918
pacbio_2_4	supplied_nuc_complement	9961800	9961900	245	40	0.16326530612244897
pacbio_2_4	supplied_nuc_complement	9961900	9962000	244	65	0.26639344262295084
pacbio_2_4	supplied_nuc_complement	9962000	9962100	242	69	0.28512396694214875
pacbio_2_4	supplied_nuc_complement	9962100	9962200	242	53	0.2190082644628099
pacbio_2_4	supplied_nuc_complement	9962200	9962300	241	63	0.26141078838174275
pacbio_2_4	supplied_nuc_complement	9962300	9962400	240	58	0.24166666666666667
pacbio_2_4	supplied_nuc_complement	9962400	9962500	241	58	0.24066390041493776
pacbio_2_4	supplied_nuc_complement	9962500	9962600	241	62	0.2572614107883817
pacbio_2_4	supplied_nuc_complement	9962600	9962700	240	49	0.20416666666666666
pacbio_2_4	supplied_nuc_complement	9962700	9962800	241	66	0.27385892116182575
pacbio_2_4	supplied_nuc_complement	9962800	9962900	238	54	0.226890756302521
pacbio_2_4	supplied_nuc_complement	9962900	9963000	238	34	0.14285714285714285
pacbio_2_4	supplied_nuc_complement	9963000	9963100	238	39	0.1638655462184874
pacbio_2_4	supplied_nuc_complement	9963100	9963200	237	53	0.22362869198312235
pacbio_2_4	supplied_nuc_complement	9963200	9963300	236	78	0.3305084745762712
pacbio_2_4	supplied_nuc_complement	9963300	9963400	236	78	0.3305084745762712
pacbio_2_4	supplied_nuc_complement	9963400	9963500	236	79	0.3347457627118644
pacbio_2_4	supplied_nuc_complement	9963500	9963600	237	58	0.24472573839662448
pacbio_2_4	supplied_nuc_complement	9963600	9963700	237	36	0.1518987341772152
pacbio_2_4	supplied_nuc_complement	9963700	9963800	238	27	0.1134453781512605
pacbio_2_4	supplied_nuc_complement	9963800	9963900	236	30	0.1271186440677966
pacbio_2_4	supplied_nuc_complement	9963900	9964000	238	47	0.19747899159663865
pacbio_2_4	supplied_nuc_complement	9964000	9964100	234	49	0.2094017094017094
pacbio_2_4	supplied_nuc_complement	9964100	9964200	236	63	0.2669491525423729
pacbio_2_4	supplied_nuc_complement	9964200	9964300	236	59	0.25
pacbio_2_4	supplied_nuc_complement	9964300	9964400	234	56	0.23931623931623933
pacbio_2_4	supplied_nuc_complement	9964400	9964500	235	59	0.251063829787234
pacbio_2_4	supplied_nuc_complement	9964500	9964600	237	55	0.2320675105485232
pacbio_2_4	supplied_nuc_complement	9964600	9964700	240	50	0.20833333333333334
pacbio_2_4	supplied_nuc_complement	9964700	9964800	241	60	0.24896265560165975
pacbio_2_4	supplied_nuc_complement	9964800	9964900	243	71	0.29218106995884774
pacbio_2_4	supplied_nuc_complement	9964900	9965000	244	74	0.30327868852459017
pacbio_2_4	supplied_nuc_complement	9965000	9965100	247	180	0.728744939271255
pacbio_2_4	supplied_nuc_complement	9965100	9965200	247	157	0.6356275303643725
pacbio_2_4	supplied_nuc_complement	9965200	9965300	246	26	0.10569105691056911
pacbio_2_4	supplied_nuc_complement	9965300	9965400	246	30	0.12195121951219512
pacbio_2_4	supplied_nuc_complement	9965400	9965500	245	57	0.23265306122448978
pacbio_2_4	supplied_nuc_complement	9965500	9965600	244	52	0.21311475409836064
pacbio_2_4	supplied_nuc_complement	9965600	9965700	241	31	0.12863070539419086
pacbio_2_4	supplied_nuc_complement	9965700	9965800	243	30	0.12345679012345678
pacbio_2_4	supplied_nuc_complement	9965800	9965900	242	21	0.08677685950413223
pacbio_2_4	supplied_nuc_complement	9965900	9966000	242	52	0.21487603305785125
pacbio_2_4	supplied_nuc_complement	9966000	9966100	240	48	0.2
pacbio_2_4	supplied_nuc_complement	9966100	9966200	242	31	0.128099173553719
pacbio_2_4	supplied_nuc_complement	9966200	9966300	241	33	0.13692946058091288
pacbio_2_4	supplied_nuc_complement	9966300	9966400	241	62	0.2572614107883817
pacbio_2_4	supplied_nuc_complement	9966400	9966500	240	61	0.25416666666666665
pacbio_2_4	supplied_nuc_complement	9966500	9966600	240	31	0.12916666666666668
pacbio_2_4	supplied_nuc_complement	9966600	9966700	240	34	0.14166666666666666
pacbio_2_4	supplied_nuc_complement	9966700	9966800	241	34	0.14107883817427386
pacbio_2_4	supplied_nuc_complement	9966800	9966900	242	36	0.1487603305785124
pacbio_2_4	supplied_nuc_complement	9966900	9967000	243	47	0.1934156378600823
pacbio_2_4	supplied_nuc_complement	9967000	9967100	244	55	0.22540983606557377
pacbio_2_4	supplied_nuc_complement	9967100	9967200	246	63	0.25609756097560976
pacbio_2_4	supplied_nuc_complement	9967200	9967300	246	78	0.3170731707317073
pacbio_2_4	supplied_nuc_complement	9967300	9967400	247	104	0.42105263157894735
pacbio_2_4	supplied_nuc_complement	9967400	9967500	245	104	0.42448979591836733
pacbio_2_4	supplied_nuc_complement	9967500	9967600	244	101	0.4139344262295082
pacbio_2_4	supplied_nuc_complement	9967600	9967700	244	76	0.3114754098360656
pacbio_2_4	supplied_nuc_complement	9967700	9967800	246	62	0.25203252032520324
pacbio_2_4	supplied_nuc_complement	9967800	9967900	245	64	0.2612244897959184
pacbio_2_4	supplied_nuc_complement	9967900	9968000	244	55	0.22540983606557377
pacbio_2_4	supplied_nuc_complement	9968000	9968100	245	74	0.3020408163265306
pacbio_2_4	supplied_nuc_complement	9968100	9968200	242	69	0.28512396694214875
pacbio_2_4	supplied_nuc_complement	9968200	9968300	243	46	0.18930041152263374
pacbio_2_4	supplied_nuc_complement	9968300	9968400	242	23	0.09504132231404959
pacbio_2_4	supplied_nuc_complement	9968400	9968500	241	31	0.12863070539419086
pacbio_2_4	supplied_nuc_complement	9968500	9968600	240	81	0.3375
pacbio_2_4	supplied_nuc_complement	9968600	9968700	240	91	0.37916666666666665
pacbio_2_4	supplied_nuc_complement	9968700	9968800	240	45	0.1875
pacbio_2_4	supplied_nuc_complement	9968800	9968900	239	38	0.1589958158995816
pacbio_2_4	supplied_nuc_complement	9968900	9969000	240	161	0.6708333333333333
pacbio_2_4	supplied_nuc_complement	9969000	9969100	239	188	0.7866108786610879
pacbio_2_4	supplied_nuc_complement	9969100	9969200	237	178	0.7510548523206751
pacbio_2_4	supplied_nuc_complement	9969200	9969300	238	100	0.42016806722689076
pacbio_2_4	supplied_nuc_complement	9969300	9969400	239	112	0.4686192468619247
pacbio_2_4	supplied_nuc_complement	9969400	9969500	239	62	0.2594142259414226
pacbio_2_4	supplied_nuc_complement	9969500	9969600	239	45	0.18828451882845187
pacbio_2_4	supplied_nuc_complement	9969600	9969700	238	45	0.18907563025210083
pacbio_2_4	supplied_nuc_complement	9969700	9969800	239	45	0.18828451882845187
pacbio_2_4	supplied_nuc_complement	9969800	9969900	238	34	0.14285714285714285
pacbio_2_4	supplied_nuc_complement	9969900	9970000	240	41	0.17083333333333334
pacbio_2_4	supplied_nuc_complement	9970000	9970100	238	41	0.1722689075630252
pacbio_2_4	supplied_nuc_complement	9970100	9970200	237	39	0.16455696202531644
pacbio_2_4	supplied_nuc_complement	9970200	9970300	240	36	0.15
pacbio_2_4	supplied_nuc_complement	9970300	9970400	238	31	0.13025210084033614
pacbio_2_4	supplied_nuc_complement	9970400	9970500	238	41	0.1722689075630252
pacbio_2_4	supplied_nuc_complement	9970500	9970600	237	42	0.17721518987341772
pacbio_2_4	supplied_nuc_complement	9970600	9970700	236	34	0.1440677966101695
pacbio_2_4	supplied_nuc_complement	9970700	9970800	238	43	0.18067226890756302
pacbio_2_4	supplied_nuc_complement	9970800	9970900	235	53	0.225531914893617
pacbio_2_4	supplied_nuc_complement	9970900	9971000	238	49	0.20588235294117646
pacbio_2_4	supplied_nuc_complement	9971000	9971100	235	126	0.5361702127659574
pacbio_2_4	supplied_nuc_complement	9971100	9971200	231	132	0.5714285714285714
pacbio_2_4	supplied_nuc_complement	9971200	9971300	229	73	0.31877729257641924
pacbio_2_4	supplied_nuc_complement	9971300	9971400	232	91	0.3922413793103448
pacbio_2_4	supplied_nuc_complement	9971400	9971500	231	52	0.22510822510822512
pacbio_2_4	supplied_nuc_complement	9971500	9971600	232	91	0.3922413793103448
pacbio_2_4	supplied_nuc_complement	9971600	9971700	231	79	0.341991341991342
pacbio_2_4	supplied_nuc_complement	9971700	9971800	230	57	0.24782608695652175
pacbio_2_4	supplied_nuc_complement	9971800	9971900	229	67	0.2925764192139738
pacbio_2_4	supplied_nuc_complement	9971900	9972000	229	58	0.25327510917030566
pacbio_2_4	supplied_nuc_complement	9972000	9972100	229	54	0.23580786026200873
pacbio_2_4	supplied_nuc_complement	9972100	9972200	229	71	0.31004366812227074
pacbio_2_4	supplied_nuc_complement	9972200	9972300	229	81	0.3537117903930131
pacbio_2_4	supplied_nuc_complement	9972300	9972400	230	51	0.2217391304347826
pacbio_2_4	supplied_nuc_complement	9972400	9972500	228	43	0.18859649122807018
pacbio_2_4	supplied_nuc_complement	9972500	9972600	227	63	0.2775330396475771
pacbio_2_4	supplied_nuc_complement	9972600	9972700	226	56	0.24778761061946902
pacbio_2_4	supplied_nuc_complement	9972700	9972800	229	150	0.6550218340611353
pacbio_2_4	supplied_nuc_complement	9972800	9972900	228	181	0.793859649122807
pacbio_2_4	supplied_nuc_complement	9972900	9973000	227	181	0.7973568281938326
pacbio_2_4	supplied_nuc_complement	9973000	9973100	227	129	0.5682819383259912
pacbio_2_4	supplied_nuc_complement	9973100	9973200	228	32	0.14035087719298245
pacbio_2_4	supplied_nuc_complement	9973200	9973300	227	61	0.2687224669603524
pacbio_2_4	supplied_nuc_complement	9973300	9973400	225	89	0.39555555555555555
pacbio_2_4	supplied_nuc_complement	9973400	9973500	227	116	0.5110132158590308
pacbio_2_4	supplied_nuc_complement	9973500	9973600	227	112	0.4933920704845815
pacbio_2_4	supplied_nuc_complement	9973600	9973700	228	111	0.4868421052631579
pacbio_2_4	supplied_nuc_complement	9973700	9973800	227	115	0.5066079295154186
pacbio_2_4	supplied_nuc_complement	9973800	9973900	229	120	0.5240174672489083
pacbio_2_4	supplied_nuc_complement	9973900	9974000	227	139	0.6123348017621145
pacbio_2_4	supplied_nuc_complement	9974000	9974100	225	128	0.5688888888888889
pacbio_2_4	supplied_nuc_complement	9974100	9974200	224	132	0.5892857142857143
pacbio_2_4	supplied_nuc_complement	9974200	9974300	225	118	0.5244444444444445
pacbio_2_4	supplied_nuc_complement	9974300	9974400	223	89	0.3991031390134529
pacbio_2_4	supplied_nuc_complement	9974400	9974500	223	74	0.33183856502242154
pacbio_2_4	supplied_nuc_complement	9974500	9974600	225	76	0.3377777777777778
pacbio_2_4	supplied_nuc_complement	9974600	9974700	226	59	0.2610619469026549
pacbio_2_4	supplied_nuc_complement	9974700	9974800	224	34	0.15178571428571427
pacbio_2_4	supplied_nuc_complement	9974800	9974900	224	26	0.11607142857142858
pacbio_2_4	supplied_nuc_complement	9974900	9975000	224	33	0.14732142857142858
pacbio_2_4	supplied_nuc_complement	9975000	9975100	223	41	0.18385650224215247
pacbio_2_4	supplied_nuc_complement	9975100	9975200	224	65	0.29017857142857145
pacbio_2_4	supplied_nuc_complement	9975200	9975300	225	59	0.26222222222222225
pacbio_2_4	supplied_nuc_complement	9975300	9975400	224	65	0.29017857142857145
pacbio_2_4	supplied_nuc_complement	9975400	9975500	224	79	0.35267857142857145
pacbio_2_4	supplied_nuc_complement	9975500	9975600	222	76	0.34234234234234234
pacbio_2_4	supplied_nuc_complement	9975600	9975700	220	38	0.17272727272727273
pacbio_2_4	supplied_nuc_complement	9975700	9975800	218	37	0.16972477064220184
pacbio_2_4	supplied_nuc_complement	9975800	9975900	220	47	0.21363636363636362
pacbio_2_4	supplied_nuc_complement	9975900	9976000	219	65	0.2968036529680365
pacbio_2_4	supplied_nuc_complement	9976000	9976100	219	65	0.2968036529680365
pacbio_2_4	supplied_nuc_complement	9976100	9976200	217	40	0.18433179723502305
pacbio_2_4	supplied_nuc_complement	9976200	9976300	217	72	0.3317972350230415
pacbio_2_4	supplied_nuc_complement	9976300	9976400	218	88	0.4036697247706422
pacbio_2_4	supplied_nuc_complement	9976400	9976500	219	74	0.3378995433789954
pacbio_2_4	supplied_nuc_complement	9976500	9976600	217	30	0.1382488479262673
pacbio_2_4	supplied_nuc_complement	9976600	9976700	216	18	0.08333333333333333
pacbio_2_4	supplied_nuc_complement	9976700	9976800	216	15	0.06944444444444445
pacbio_2_4	supplied_nuc_complement	9976800	9976900	215	18	0.08372093023255814
pacbio_2_4	supplied_nuc_complement	9976900	9977000	215	27	0.12558139534883722
pacbio_2_4	supplied_nuc_complement	9977000	9977100	215	34	0.15813953488372093
pacbio_2_4	supplied_nuc_complement	9977100	9977200	216	63	0.2916666666666667
pacbio_2_4	supplied_nuc_complement	9977200	9977300	215	69	0.3209302325581395
pacbio_2_4	supplied_nuc_complement	9977300	9977400	215	98	0.4558139534883721
pacbio_2_4	supplied_nuc_complement	9977400	9977500	215	115	0.5348837209302325
pacbio_2_4	supplied_nuc_complement	9977500	9977600	217	108	0.4976958525345622
pacbio_2_4	supplied_nuc_complement	9977600	9977700	219	99	0.4520547945205479
pacbio_2_4	supplied_nuc_complement	9977700	9977800	219	84	0.3835616438356164
pacbio_2_4	supplied_nuc_complement	9977800	9977900	218	57	0.26146788990825687
pacbio_2_4	supplied_nuc_complement	9977900	9978000	218	54	0.24770642201834864
pacbio_2_4	supplied_nuc_complement	9978000	9978100	217	52	0.23963133640552994
pacbio_2_4	supplied_nuc_complement	9978100	9978200	216	32	0.14814814814814814
pacbio_2_4	supplied_nuc_complement	9978200	9978300	217	34	0.15668202764976957
pacbio_2_4	supplied_nuc_complement	9978300	9978400	217	27	0.12442396313364056
pacbio_2_4	supplied_nuc_complement	9978400	9978500	219	22	0.1004566210045662
pacbio_2_4	supplied_nuc_complement	9978500	9978600	218	29	0.13302752293577982
pacbio_2_4	supplied_nuc_complement	9978600	9978700	218	33	0.15137614678899083
pacbio_2_4	supplied_nuc_complement	9978700	9978800	217	34	0.15668202764976957
pacbio_2_4	supplied_nuc_complement	9978800	9978900	215	60	0.27906976744186046
pacbio_2_4	supplied_nuc_complement	9978900	9979000	215	97	0.4511627906976744
pacbio_2_4	supplied_nuc_complement	9979000	9979100	218	99	0.4541284403669725
pacbio_2_4	supplied_nuc_complement	9979100	9979200	215	175	0.813953488372093
pacbio_2_4	supplied_nuc_complement	9979200	9979300	215	182	0.8465116279069768
pacbio_2_4	supplied_nuc_complement	9979300	9979400	219	158	0.7214611872146118
pacbio_2_4	supplied_nuc_complement	9979400	9979500	222	97	0.4369369369369369
pacbio_2_4	supplied_nuc_complement	9979500	9979600	226	60	0.26548672566371684
pacbio_2_4	supplied_nuc_complement	9979600	9979700	224	63	0.28125
pacbio_2_4	supplied_nuc_complement	9979700	9979800	223	61	0.273542600896861
pacbio_2_4	supplied_nuc_complement	9979800	9979900	224	52	0.23214285714285715
pacbio_2_4	supplied_nuc_complement	9979900	9980000	224	49	0.21875
pacbio_2_4	supplied_nuc_complement	9980000	9980100	226	41	0.18141592920353983
pacbio_2_4	supplied_nuc_complement	9980100	9980200	224	35	0.15625
pacbio_2_4	supplied_nuc_complement	9980200	9980300	224	33	0.14732142857142858
pacbio_2_4	supplied_nuc_complement	9980300	9980400	224	47	0.20982142857142858
pacbio_2_4	supplied_nuc_complement	9980400	9980500	227	53	0.23348017621145375
pacbio_2_4	supplied_nuc_complement	9980500	9980600	228	49	0.2149122807017544
pacbio_2_4	supplied_nuc_complement	9980600	9980700	228	44	0.19298245614035087
pacbio_2_4	supplied_nuc_complement	9980700	9980800	229	49	0.21397379912663755
pacbio_2_4	supplied_nuc_complement	9980800	9980900	230	79	0.34347826086956523
pacbio_2_4	supplied_nuc_complement	9980900	9981000	228	102	0.4473684210526316
pacbio_2_4	supplied_nuc_complement	9981000	9981100	229	83	0.3624454148471616
pacbio_2_4	supplied_nuc_complement	9981100	9981200	232	63	0.27155172413793105
pacbio_2_4	supplied_nuc_complement	9981200	9981300	231	69	0.2987012987012987
pacbio_2_4	supplied_nuc_complement	9981300	9981400	231	76	0.329004329004329
pacbio_2_4	supplied_nuc_complement	9981400	9981500	232	84	0.3620689655172414
pacbio_2_4	supplied_nuc_complement	9981500	9981600	232	64	0.27586206896551724
pacbio_2_4	supplied_nuc_complement	9981600	9981700	233	62	0.26609442060085836
pacbio_2_4	supplied_nuc_complement	9981700	9981800	230	42	0.1826086956521739
pacbio_2_4	supplied_nuc_complement	9981800	9981900	228	44	0.19298245614035087
pacbio_2_4	supplied_nuc_complement	9981900	9982000	228	28	0.12280701754385964
pacbio_2_4	supplied_nuc_complement	9982000	9982100	227	25	0.11013215859030837
pacbio_2_4	supplied_nuc_complement	9982100	9982200	228	36	0.15789473684210525
pacbio_2_4	supplied_nuc_complement	9982200	9982300	229	40	0.17467248908296942
pacbio_2_4	supplied_nuc_complement	9982300	9982400	230	36	0.1565217391304348
pacbio_2_4	supplied_nuc_complement	9982400	9982500	232	46	0.19827586206896552
pacbio_2_4	supplied_nuc_complement	9982500	9982600	233	51	0.21888412017167383
pacbio_2_4	supplied_nuc_complement	9982600	9982700	233	36	0.15450643776824036
pacbio_2_4	supplied_nuc_complement	9982700	9982800	232	41	0.17672413793103448
pacbio_2_4	supplied_nuc_complement	9982800	9982900	233	35	0.15021459227467812
pacbio_2_4	supplied_nuc_complement	9982900	9983000	233	35	0.15021459227467812
pacbio_2_4	supplied_nuc_complement	9983000	9983100	237	60	0.25316455696202533
pacbio_2_4	supplied_nuc_complement	9983100	9983200	239	64	0.26778242677824265
pacbio_2_4	supplied_nuc_complement	9983200	9983300	238	47	0.19747899159663865
pacbio_2_4	supplied_nuc_complement	9983300	9983400	239	48	0.200836820083682
pacbio_2_4	supplied_nuc_complement	9983400	9983500	244	56	0.22950819672131148
pacbio_2_4	supplied_nuc_complement	9983500	9983600	243	61	0.25102880658436216
pacbio_2_4	supplied_nuc_complement	9983600	9983700	246	89	0.3617886178861789
pacbio_2_4	supplied_nuc_complement	9983700	9983800	249	93	0.37349397590361444
pacbio_2_4	supplied_nuc_complement	9983800	9983900	248	66	0.2661290322580645
pacbio_2_4	supplied_nuc_complement	9983900	9984000	248	48	0.1935483870967742
pacbio_2_4	supplied_nuc_complement	9984000	9984100	250	45	0.18
pacbio_2_4	supplied_nuc_complement	9984100	9984200	251	79	0.3147410358565737
pacbio_2_4	supplied_nuc_complement	9984200	9984300	252	57	0.2261904761904762
pacbio_2_4	supplied_nuc_complement	9984300	9984400	252	39	0.15476190476190477
pacbio_2_4	supplied_nuc_complement	9984400	9984500	251	40	0.1593625498007968
pacbio_2_4	supplied_nuc_complement	9984500	9984600	254	35	0.1377952755905512
pacbio_2_4	supplied_nuc_complement	9984600	9984700	255	30	0.11764705882352941
pacbio_2_4	supplied_nuc_complement	9984700	9984800	257	39	0.1517509727626459
pacbio_2_4	supplied_nuc_complement	9984800	9984900	257	93	0.36186770428015563
pacbio_2_4	supplied_nuc_complement	9984900	9985000	260	128	0.49230769230769234
pacbio_2_4	supplied_nuc_complement	9985000	9985100	259	107	0.41312741312741313
pacbio_2_4	supplied_nuc_complement	9985100	9985200	260	84	0.3230769230769231
pacbio_2_4	supplied_nuc_complement	9985200	9985300	260	76	0.2923076923076923
pacbio_2_4	supplied_nuc_complement	9985300	9985400	261	53	0.20306513409961685
pacbio_2_4	supplied_nuc_complement	9985400	9985500	262	102	0.3893129770992366
pacbio_2_4	supplied_nuc_complement	9985500	9985600	262	113	0.4312977099236641
pacbio_2_4	supplied_nuc_complement	9985600	9985700	262	86	0.3282442748091603
pacbio_2_4	supplied_nuc_complement	9985700	9985800	260	59	0.22692307692307692
pacbio_2_4	supplied_nuc_complement	9985800	9985900	260	40	0.15384615384615385
pacbio_2_4	supplied_nuc_complement	9985900	9986000	262	41	0.15648854961832062
pacbio_2_4	supplied_nuc_complement	9986000	9986100	263	48	0.18250950570342206
pacbio_2_4	supplied_nuc_complement	9986100	9986200	262	51	0.1946564885496183
pacbio_2_4	supplied_nuc_complement	9986200	9986300	261	59	0.2260536398467433
pacbio_2_4	supplied_nuc_complement	9986300	9986400	263	58	0.22053231939163498
pacbio_2_4	supplied_nuc_complement	9986400	9986500	265	63	0.23773584905660378
pacbio_2_4	supplied_nuc_complement	9986500	9986600	266	44	0.16541353383458646
pacbio_2_4	supplied_nuc_complement	9986600	9986700	271	53	0.19557195571955718
pacbio_2_4	supplied_nuc_complement	9986700	9986800	269	62	0.23048327137546468
pacbio_2_4	supplied_nuc_complement	9986800	9986900	271	53	0.19557195571955718
pacbio_2_4	supplied_nuc_complement	9986900	9987000	271	56	0.2066420664206642
pacbio_2_4	supplied_nuc_complement	9987000	9987100	273	48	0.17582417582417584
pacbio_2_4	supplied_nuc_complement	9987100	9987200	274	50	0.18248175182481752
pacbio_2_4	supplied_nuc_complement	9987200	9987300	275	50	0.18181818181818182
pacbio_2_4	supplied_nuc_complement	9987300	9987400	275	49	0.1781818181818182
pacbio_2_4	supplied_nuc_complement	9987400	9987500	278	48	0.17266187050359713
pacbio_2_4	supplied_nuc_complement	9987500	9987600	277	43	0.1552346570397112
pacbio_2_4	supplied_nuc_complement	9987600	9987700	277	52	0.18772563176895307
pacbio_2_4	supplied_nuc_complement	9987700	9987800	276	56	0.2028985507246377
pacbio_2_4	supplied_nuc_complement	9987800	9987900	276	43	0.15579710144927536
pacbio_2_4	supplied_nuc_complement	9987900	9988000	277	27	0.09747292418772563
pacbio_2_4	supplied_nuc_complement	9988000	9988100	280	31	0.11071428571428571
pacbio_2_4	supplied_nuc_complement	9988100	9988200	279	43	0.15412186379928317
pacbio_2_4	supplied_nuc_complement	9988200	9988300	280	71	0.25357142857142856
pacbio_2_4	supplied_nuc_complement	9988300	9988400	279	87	0.3118279569892473
pacbio_2_4	supplied_nuc_complement	9988400	9988500	280	93	0.33214285714285713
pacbio_2_4	supplied_nuc_complement	9988500	9988600	282	93	0.32978723404255317
pacbio_2_4	supplied_nuc_complement	9988600	9988700	282	58	0.20567375886524822
pacbio_2_4	supplied_nuc_complement	9988700	9988800	282	140	0.49645390070921985
pacbio_2_4	supplied_nuc_complement	9988800	9988900	284	217	0.7640845070422535
pacbio_2_4	supplied_nuc_complement	9988900	9989000	283	224	0.7915194346289752
pacbio_2_4	supplied_nuc_complement	9989000	9989100	285	223	0.7824561403508772
pacbio_2_4	supplied_nuc_complement	9989100	9989200	284	211	0.7429577464788732
pacbio_2_4	supplied_nuc_complement	9989200	9989300	288	163	0.5659722222222222
pacbio_2_4	supplied_nuc_complement	9989300	9989400	287	53	0.18466898954703834
pacbio_2_4	supplied_nuc_complement	9989400	9989500	286	68	0.23776223776223776
pacbio_2_4	supplied_nuc_complement	9989500	9989600	287	133	0.4634146341463415
pacbio_2_4	supplied_nuc_complement	9989600	9989700	286	142	0.4965034965034965
pacbio_2_4	supplied_nuc_complement	9989700	9989800	298	66	0.2214765100671141
pacbio_2_4	supplied_nuc_complement	9989800	9989900	291	50	0.1718213058419244
pacbio_2_4	supplied_nuc_complement	9989900	9990000	288	21	0.07291666666666667
pacbio_2_4	supplied_nuc_complement	9990000	9990100	290	29	0.1
pacbio_2_4	supplied_nuc_complement	9990100	9990200	291	50	0.1718213058419244
pacbio_2_4	supplied_nuc_complement	9990200	9990300	292	40	0.136986301369863
pacbio_2_4	supplied_nuc_complement	9990300	9990400	293	48	0.16382252559726962
pacbio_2_4	supplied_nuc_complement	9990400	9990500	296	61	0.20608108108108109
pacbio_2_4	supplied_nuc_complement	9990500	9990600	296	76	0.25675675675675674
pacbio_2_4	supplied_nuc_complement	9990600	9990700	295	78	0.26440677966101694
pacbio_2_4	supplied_nuc_complement	9990700	9990800	295	83	0.28135593220338984
pacbio_2_4	supplied_nuc_complement	9990800	9990900	295	63	0.2135593220338983
pacbio_2_4	supplied_nuc_complement	9990900	9991000	295	55	0.1864406779661017
pacbio_2_4	supplied_nuc_complement	9991000	9991100	295	58	0.19661016949152543
pacbio_2_4	supplied_nuc_complement	9991100	9991200	297	54	0.18181818181818182
pacbio_2_4	supplied_nuc_complement	9991200	9991300	297	48	0.16161616161616163
pacbio_2_4	supplied_nuc_complement	9991300	9991400	297	35	0.11784511784511785
pacbio_2_4	supplied_nuc_complement	9991400	9991500	300	40	0.13333333333333333
pacbio_2_4	supplied_nuc_complement	9991500	9991600	302	46	0.152317880794702
pacbio_2_4	supplied_nuc_complement	9991600	9991700	305	64	0.2098360655737705
pacbio_2_4	supplied_nuc_complement	9991700	9991800	306	74	0.24183006535947713
pacbio_2_4	supplied_nuc_complement	9991800	9991900	308	64	0.2077922077922078
pacbio_2_4	supplied_nuc_complement	9991900	9992000	310	68	0.21935483870967742
pacbio_2_4	supplied_nuc_complement	9992000	9992100	308	56	0.18181818181818182
pacbio_2_4	supplied_nuc_complement	9992100	9992200	307	83	0.2703583061889251
pacbio_2_4	supplied_nuc_complement	9992200	9992300	310	69	0.22258064516129034
pacbio_2_4	supplied_nuc_complement	9992300	9992400	311	48	0.15434083601286175
pacbio_2_4	supplied_nuc_complement	9992400	9992500	310	72	0.23225806451612904
pacbio_2_4	supplied_nuc_complement	9992500	9992600	309	62	0.20064724919093851
pacbio_2_4	supplied_nuc_complement	9992600	9992700	308	56	0.18181818181818182
pacbio_2_4	supplied_nuc_complement	9992700	9992800	308	45	0.1461038961038961
pacbio_2_4	supplied_nuc_complement	9992800	9992900	310	66	0.2129032258064516
pacbio_2_4	supplied_nuc_complement	9992900	9993000	311	65	0.2090032154340836
pacbio_2_4	supplied_nuc_complement	9993000	9993100	312	43	0.13782051282051283
pacbio_2_4	supplied_nuc_complement	9993100	9993200	310	45	0.14516129032258066
pacbio_2_4	supplied_nuc_complement	9993200	9993300	309	77	0.24919093851132687
pacbio_2_4	supplied_nuc_complement	9993300	9993400	314	82	0.2611464968152866
pacbio_2_4	supplied_nuc_complement	9993400	9993500	314	50	0.1592356687898089
pacbio_2_4	supplied_nuc_complement	9993500	9993600	314	28	0.08917197452229299
pacbio_2_4	supplied_nuc_complement	9993600	9993700	315	37	0.11746031746031746
pacbio_2_4	supplied_nuc_complement	9993700	9993800	315	60	0.19047619047619047
pacbio_2_4	supplied_nuc_complement	9993800	9993900	314	53	0.16878980891719744
pacbio_2_4	supplied_nuc_complement	9993900	9994000	313	29	0.0926517571884984
pacbio_2_4	supplied_nuc_complement	9994000	9994100	315	25	0.07936507936507936
pacbio_2_4	supplied_nuc_complement	9994100	9994200	313	20	0.06389776357827476
pacbio_2_4	supplied_nuc_complement	9994200	9994300	313	24	0.07667731629392971
pacbio_2_4	supplied_nuc_complement	9994300	9994400	314	19	0.06050955414012739
pacbio_2_4	supplied_nuc_complement	9994400	9994500	315	11	0.03492063492063492
pacbio_2_4	supplied_nuc_complement	9994500	9994600	313	42	0.134185303514377
pacbio_2_4	supplied_nuc_complement	9994600	9994700	316	47	0.14873417721518986
pacbio_2_4	supplied_nuc_complement	9994700	9994800	317	29	0.0914826498422713
pacbio_2_4	supplied_nuc_complement	9994800	9994900	317	48	0.15141955835962145
pacbio_2_4	supplied_nuc_complement	9994900	9995000	321	40	0.12461059190031153
pacbio_2_4	supplied_nuc_complement	9995000	9995100	321	28	0.08722741433021806
pacbio_2_4	supplied_nuc_complement	9995100	9995200	322	31	0.09627329192546584
pacbio_2_4	supplied_nuc_complement	9995200	9995300	325	47	0.14461538461538462
pacbio_2_4	supplied_nuc_complement	9995300	9995400	323	60	0.18575851393188855
pacbio_2_4	supplied_nuc_complement	9995400	9995500	326	67	0.20552147239263804
pacbio_2_4	supplied_nuc_complement	9995500	9995600	326	50	0.15337423312883436
pacbio_2_4	supplied_nuc_complement	9995600	9995700	326	60	0.18404907975460122
pacbio_2_4	supplied_nuc_complement	9995700	9995800	328	67	0.20426829268292682
pacbio_2_4	supplied_nuc_complement	9995800	9995900	330	50	0.15151515151515152
pacbio_2_4	supplied_nuc_complement	9995900	9996000	330	25	0.07575757575757576
pacbio_2_4	supplied_nuc_complement	9996000	9996100	330	36	0.10909090909090909
pacbio_2_4	supplied_nuc_complement	9996100	9996200	331	40	0.12084592145015106
pacbio_2_4	supplied_nuc_complement	9996200	9996300	328	57	0.17378048780487804
pacbio_2_4	supplied_nuc_complement	9996300	9996400	329	125	0.3799392097264438
pacbio_2_4	supplied_nuc_complement	9996400	9996500	328	120	0.36585365853658536
pacbio_2_4	supplied_nuc_complement	9996500	9996600	328	87	0.2652439024390244
pacbio_2_4	supplied_nuc_complement	9996600	9996700	327	73	0.22324159021406728
pacbio_2_4	supplied_nuc_complement	9996700	9996800	324	62	0.19135802469135801
pacbio_2_4	supplied_nuc_complement	9996800	9996900	323	91	0.28173374613003094
pacbio_2_4	supplied_nuc_complement	9996900	9997000	324	89	0.27469135802469136
pacbio_2_4	supplied_nuc_complement	9997000	9997100	326	52	0.15950920245398773
pacbio_2_4	supplied_nuc_complement	9997100	9997200	328	80	0.24390243902439024
pacbio_2_4	supplied_nuc_complement	9997200	9997300	329	59	0.17933130699088146
pacbio_2_4	supplied_nuc_complement	9997300	9997400	329	30	0.0911854103343465
pacbio_2_4	supplied_nuc_complement	9997400	9997500	325	38	0.11692307692307692
pacbio_2_4	supplied_nuc_complement	9997500	9997600	326	51	0.15644171779141106
pacbio_2_4	supplied_nuc_complement	9997600	9997700	326	67	0.20552147239263804
pacbio_2_4	supplied_nuc_complement	9997700	9997800	325	84	0.25846153846153846
pacbio_2_4	supplied_nuc_complement	9997800	9997900	325	77	0.23692307692307693
pacbio_2_4	supplied_nuc_complement	9997900	9998000	328	45	0.13719512195121952
pacbio_2_4	supplied_nuc_complement	9998000	9998100	328	24	0.07317073170731707
pacbio_2_4	supplied_nuc_complement	9998100	9998200	329	33	0.10030395136778116
pacbio_2_4	supplied_nuc_complement	9998200	9998300	331	65	0.19637462235649547
pacbio_2_4	supplied_nuc_complement	9998300	9998400	330	65	0.19696969696969696
pacbio_2_4	supplied_nuc_complement	9998400	9998500	331	71	0.21450151057401812
pacbio_2_4	supplied_nuc_complement	9998500	9998600	332	72	0.21686746987951808
pacbio_2_4	supplied_nuc_complement	9998600	9998700	330	71	0.21515151515151515
pacbio_2_4	supplied_nuc_complement	9998700	9998800	327	79	0.2415902140672783
pacbio_2_4	supplied_nuc_complement	9998800	9998900	329	53	0.16109422492401215
pacbio_2_4	supplied_nuc_complement	9998900	9999000	335	41	0.12238805970149254
pacbio_2_4	supplied_nuc_complement	9999000	9999100	334	35	0.10479041916167664
pacbio_2_4	supplied_nuc_complement	9999100	9999200	333	21	0.06306306306306306
pacbio_2_4	supplied_nuc_complement	9999200	9999300	332	23	0.06927710843373494
pacbio_2_4	supplied_nuc_complement	9999300	9999400	333	27	0.08108108108108109
pacbio_2_4	supplied_nuc_complement	9999400	9999500	332	50	0.15060240963855423
pacbio_2_4	supplied_nuc_complement	9999500	9999600	331	60	0.18126888217522658
pacbio_2_4	supplied_nuc_complement	9999600	9999700	332	81	0.24397590361445784
pacbio_2_4	supplied_nuc_complement	9999700	9999800	335	82	0.24477611940298508
pacbio_2_4	supplied_nuc_complement	9999800	9999900	334	69	0.20658682634730538
pacbio_2_4	supplied_nuc_complement	9999900	10000000	336	67	0.19940476190476192
pacbio_2_4	supplied_nuc_complement	10000000	10000100	336	70	0.20833333333333334
pacbio_2_4	supplied_nuc_complement	10000100	10000200	334	68	0.20359281437125748
pacbio_2_4	supplied_nuc_complement	10000200	10000300	334	30	0.08982035928143713
pacbio_2_4	supplied_nuc_complement	10000300	10000400	334	15	0.04491017964071856
pacbio_2_4	supplied_nuc_complement	10000400	10000500	333	33	0.0990990990990991
pacbio_2_4	supplied_nuc_complement	10000500	10000600	331	57	0.17220543806646527
pacbio_2_4	supplied_nuc_complement	10000600	10000700	332	57	0.1716867469879518
pacbio_2_4	supplied_nuc_complement	10000700	10000800	332	63	0.1897590361445783
pacbio_2_4	supplied_nuc_complement	10000800	10000900	334	32	0.09580838323353294
pacbio_2_4	supplied_nuc_complement	10000900	10001000	331	20	0.06042296072507553
pacbio_2_4	supplied_nuc_complement	10001000	10001100	331	32	0.09667673716012085
pacbio_2_4	supplied_nuc_complement	10001100	10001200	331	36	0.10876132930513595
pacbio_2_4	supplied_nuc_complement	10001200	10001300	332	43	0.12951807228915663
pacbio_2_4	supplied_nuc_complement	10001300	10001400	334	47	0.1407185628742515
pacbio_2_4	supplied_nuc_complement	10001400	10001500	333	40	0.12012012012012012
pacbio_2_4	supplied_nuc_complement	10001500	10001600	333	53	0.15915915915915915
pacbio_2_4	supplied_nuc_complement	10001600	10001700	335	25	0.07462686567164178
pacbio_2_4	supplied_nuc_complement	10001700	10001800	334	20	0.059880239520958084
pacbio_2_4	supplied_nuc_complement	10001800	10001900	334	22	0.0658682634730539
pacbio_2_4	supplied_nuc_complement	10001900	10002000	333	26	0.07807807807807808
pacbio_2_4	supplied_nuc_complement	10002000	10002100	334	27	0.08083832335329341
pacbio_2_4	supplied_nuc_complement	10002100	10002200	333	52	0.15615615615615616
pacbio_2_4	supplied_nuc_complement	10002200	10002300	334	53	0.15868263473053892
pacbio_2_4	supplied_nuc_complement	10002300	10002400	335	53	0.1582089552238806
pacbio_2_4	supplied_nuc_complement	10002400	10002500	335	54	0.16119402985074627
pacbio_2_4	supplied_nuc_complement	10002500	10002600	336	91	0.2708333333333333
pacbio_2_4	supplied_nuc_complement	10002600	10002700	336	85	0.25297619047619047
pacbio_2_4	supplied_nuc_complement	10002700	10002800	341	41	0.12023460410557185
pacbio_2_4	supplied_nuc_complement	10002800	10002900	343	19	0.05539358600583091
pacbio_2_4	supplied_nuc_complement	10002900	10003000	343	37	0.10787172011661808
pacbio_2_4	supplied_nuc_complement	10003000	10003100	342	48	0.14035087719298245
pacbio_2_4	supplied_nuc_complement	10003100	10003200	342	55	0.1608187134502924
pacbio_2_4	supplied_nuc_complement	10003200	10003300	342	46	0.13450292397660818
pacbio_2_4	supplied_nuc_complement	10003300	10003400	341	52	0.15249266862170088
pacbio_2_4	supplied_nuc_complement	10003400	10003500	341	46	0.1348973607038123
pacbio_2_4	supplied_nuc_complement	10003500	10003600	340	45	0.1323529411764706
pacbio_2_4	supplied_nuc_complement	10003600	10003700	339	24	0.07079646017699115
pacbio_2_4	supplied_nuc_complement	10003700	10003800	339	34	0.10029498525073746
pacbio_2_4	supplied_nuc_complement	10003800	10003900	339	32	0.0943952802359882
pacbio_2_4	supplied_nuc_complement	10003900	10004000	339	21	0.061946902654867256
pacbio_2_4	supplied_nuc_complement	10004000	10004100	336	18	0.05357142857142857
pacbio_2_4	supplied_nuc_complement	10004100	10004200	335	32	0.0955223880597015
pacbio_2_4	supplied_nuc_complement	10004200	10004300	333	39	0.11711711711711711
pacbio_2_4	supplied_nuc_complement	10004300	10004400	329	58	0.1762917933130699
pacbio_2_4	supplied_nuc_complement	10004400	10004500	329	37	0.11246200607902736
pacbio_2_4	supplied_nuc_complement	10004500	10004600	327	39	0.11926605504587157
pacbio_2_4	supplied_nuc_complement	10004600	10004700	327	30	0.09174311926605505
pacbio_2_4	supplied_nuc_complement	10004700	10004800	327	48	0.14678899082568808
pacbio_2_4	supplied_nuc_complement	10004800	10004900	325	58	0.17846153846153845
pacbio_2_4	supplied_nuc_complement	10004900	10005000	323	37	0.11455108359133127
pacbio_2_4	supplied_nuc_complement	10005000	10005100	320	41	0.128125
pacbio_2_4	supplied_nuc_complement	10005100	10005200	320	67	0.209375
pacbio_2_4	supplied_nuc_complement	10005200	10005300	318	73	0.22955974842767296
pacbio_2_4	supplied_nuc_complement	10005300	10005400	317	69	0.21766561514195584
pacbio_2_4	supplied_nuc_complement	10005400	10005500	317	53	0.167192429022082
pacbio_2_4	supplied_nuc_complement	10005500	10005600	315	47	0.1492063492063492
pacbio_2_4	supplied_nuc_complement	10005600	10005700	314	31	0.09872611464968153
pacbio_2_4	supplied_nuc_complement	10005700	10005800	312	46	0.14743589743589744
pacbio_2_4	supplied_nuc_complement	10005800	10005900	311	56	0.18006430868167203
pacbio_2_4	supplied_nuc_complement	10005900	10006000	308	35	0.11363636363636363
pacbio_2_4	raw_hmm	9954000	9954100	281	34	0.12099644128113879
pacbio_2_4	raw_hmm	9954100	9954200	279	27	0.0967741935483871
pacbio_2_4	raw_hmm	9954200	9954300	279	25	0.08960573476702509
pacbio_2_4	raw_hmm	9954300	9954400	278	35	0.12589928057553956
pacbio_2_4	raw_hmm	9954400	9954500	278	35	0.12589928057553956
pacbio_2_4	raw_hmm	9954500	9954600	280	44	0.15714285714285714
pacbio_2_4	raw_hmm	9954600	9954700	280	34	0.12142857142857143
pacbio_2_4	raw_hmm	9954700	9954800	279	34	0.12186379928315412
pacbio_2_4	raw_hmm	9954800	9954900	276	43	0.15579710144927536
pacbio_2_4	raw_hmm	9954900	9955000	276	35	0.12681159420289856
pacbio_2_4	raw_hmm	9955000	9955100	279	67	0.24014336917562723
pacbio_2_4	raw_hmm	9955100	9955200	280	127	0.45357142857142857
pacbio_2_4	raw_hmm	9955200	9955300	281	153	0.5444839857651246
pacbio_2_4	raw_hmm	9955300	9955400	280	159	0.5678571428571428
pacbio_2_4	raw_hmm	9955400	9955500	278	109	0.3920863309352518
pacbio_2_4	raw_hmm	9955500	9955600	275	72	0.26181818181818184
pacbio_2_4	raw_hmm	9955600	9955700	275	126	0.4581818181818182
pacbio_2_4	raw_hmm	9955700	9955800	277	129	0.4657039711191336
pacbio_2_4	raw_hmm	9955800	9955900	276	69	0.25
pacbio_2_4	raw_hmm	9955900	9956000	277	69	0.2490974729241877
pacbio_2_4	raw_hmm	9956000	9956100	279	71	0.25448028673835127
pacbio_2_4	raw_hmm	9956100	9956200	278	38	0.1366906474820144
pacbio_2_4	raw_hmm	9956200	9956300	281	54	0.19217081850533807
pacbio_2_4	raw_hmm	9956300	9956400	281	74	0.26334519572953735
pacbio_2_4	raw_hmm	9956400	9956500	282	80	0.28368794326241137
pacbio_2_4	raw_hmm	9956500	9956600	282	72	0.2553191489361702
pacbio_2_4	raw_hmm	9956600	9956700	283	68	0.24028268551236748
pacbio_2_4	raw_hmm	9956700	9956800	286	57	0.1993006993006993
pacbio_2_4	raw_hmm	9956800	9956900	282	23	0.08156028368794327
pacbio_2_4	raw_hmm	9956900	9957000	280	26	0.09285714285714286
pacbio_2_4	raw_hmm	9957000	9957100	280	44	0.15714285714285714
pacbio_2_4	raw_hmm	9957100	9957200	281	61	0.21708185053380782
pacbio_2_4	raw_hmm	9957200	9957300	281	54	0.19217081850533807
pacbio_2_4	raw_hmm	9957300	9957400	280	19	0.06785714285714285
pacbio_2_4	raw_hmm	9957400	9957500	279	29	0.1039426523297491
pacbio_2_4	raw_hmm	9957500	9957600	280	50	0.17857142857142858
pacbio_2_4	raw_hmm	9957600	9957700	283	50	0.17667844522968199
pacbio_2_4	raw_hmm	9957700	9957800	283	37	0.13074204946996468
pacbio_2_4	raw_hmm	9957800	9957900	281	32	0.11387900355871886
pacbio_2_4	raw_hmm	9957900	9958000	283	41	0.14487632508833923
pacbio_2_4	raw_hmm	9958000	9958100	281	44	0.15658362989323843
pacbio_2_4	raw_hmm	9958100	9958200	281	45	0.1601423487544484
pacbio_2_4	raw_hmm	9958200	9958300	283	37	0.13074204946996468
pacbio_2_4	raw_hmm	9958300	9958400	283	39	0.13780918727915195
pacbio_2_4	raw_hmm	9958400	9958500	283	49	0.17314487632508835
pacbio_2_4	raw_hmm	9958500	9958600	283	66	0.2332155477031802
pacbio_2_4	raw_hmm	9958600	9958700	281	63	0.22419928825622776
pacbio_2_4	raw_hmm	9958700	9958800	283	118	0.4169611307420495
pacbio_2_4	raw_hmm	9958800	9958900	282	174	0.6170212765957447
pacbio_2_4	raw_hmm	9958900	9959000	278	147	0.5287769784172662
pacbio_2_4	raw_hmm	9959000	9959100	276	33	0.11956521739130435
pacbio_2_4	raw_hmm	9959100	9959200	274	25	0.09124087591240876
pacbio_2_4	raw_hmm	9959200	9959300	275	43	0.15636363636363637
pacbio_2_4	raw_hmm	9959300	9959400	277	47	0.16967509025270758
pacbio_2_4	raw_hmm	9959400	9959500	277	65	0.23465703971119134
pacbio_2_4	raw_hmm	9959500	9959600	277	87	0.3140794223826715
pacbio_2_4	raw_hmm	9959600	9959700	275	118	0.4290909090909091
pacbio_2_4	raw_hmm	9959700	9959800	275	140	0.509090909090909
pacbio_2_4	raw_hmm	9959800	9959900	270	121	0.44814814814814813
pacbio_2_4	raw_hmm	9959900	9960000	269	176	0.654275092936803
pacbio_2_4	raw_hmm	9960000	9960100	269	211	0.7843866171003717
pacbio_2_4	raw_hmm	9960100	9960200	268	171	0.6380597014925373
pacbio_2_4	raw_hmm	9960200	9960300	265	148	0.5584905660377358
pacbio_2_4	raw_hmm	9960300	9960400	265	164	0.6188679245283019
pacbio_2_4	raw_hmm	9960400	9960500	264	130	0.49242424242424243
pacbio_2_4	raw_hmm	9960500	9960600	261	81	0.3103448275862069
pacbio_2_4	raw_hmm	9960600	9960700	261	74	0.2835249042145594
pacbio_2_4	raw_hmm	9960700	9960800	262	74	0.2824427480916031
pacbio_2_4	raw_hmm	9960800	9960900	261	69	0.26436781609195403
pacbio_2_4	raw_hmm	9960900	9961000	257	55	0.2140077821011673
pacbio_2_4	raw_hmm	9961000	9961100	254	60	0.23622047244094488
pacbio_2_4	raw_hmm	9961100	9961200	253	61	0.24110671936758893
pacbio_2_4	raw_hmm	9961200	9961300	250	55	0.22
pacbio_2_4	raw_hmm	9961300	9961400	250	34	0.136
pacbio_2_4	raw_hmm	9961400	9961500	249	36	0.14457831325301204
pacbio_2_4	raw_hmm	9961500	9961600	247	61	0.24696356275303644
pacbio_2_4	raw_hmm	9961600	9961700	246	63	0.25609756097560976
pacbio_2_4	raw_hmm	9961700	9961800	246	46	0.18699186991869918
pacbio_2_4	raw_hmm	9961800	9961900	245	39	0.15918367346938775
pacbio_2_4	raw_hmm	9961900	9962000	244	65	0.26639344262295084
pacbio_2_4	raw_hmm	9962000	9962100	242	68	0.2809917355371901
pacbio_2_4	raw_hmm	9962100	9962200	242	52	0.21487603305785125
pacbio_2_4	raw_hmm	9962200	9962300	241	63	0.26141078838174275
pacbio_2_4	raw_hmm	9962300	9962400	240	57	0.2375
pacbio_2_4	raw_hmm	9962400	9962500	241	57	0.23651452282157676
pacbio_2_4	raw_hmm	9962500	9962600	241	61	0.25311203319502074
pacbio_2_4	raw_hmm	9962600	9962700	240	48	0.2
pacbio_2_4	raw_hmm	9962700	9962800	241	65	0.2697095435684647
pacbio_2_4	raw_hmm	9962800	9962900	238	54	0.226890756302521
pacbio_2_4	raw_hmm	9962900	9963000	238	34	0.14285714285714285
pacbio_2_4	raw_hmm	9963000	9963100	238	38	0.15966386554621848
pacbio_2_4	raw_hmm	9963100	9963200	237	52	0.21940928270042195
pacbio_2_4	raw_hmm	9963200	9963300	236	77	0.326271186440678
pacbio_2_4	raw_hmm	9963300	9963400	236	78	0.3305084745762712
pacbio_2_4	raw_hmm	9963400	9963500	236	78	0.3305084745762712
pacbio_2_4	raw_hmm	9963500	9963600	237	56	0.23628691983122363
pacbio_2_4	raw_hmm	9963600	9963700	237	34	0.14345991561181434
pacbio_2_4	raw_hmm	9963700	9963800	238	27	0.1134453781512605
pacbio_2_4	raw_hmm	9963800	9963900	236	30	0.1271186440677966
pacbio_2_4	raw_hmm	9963900	9964000	238	47	0.19747899159663865
pacbio_2_4	raw_hmm	9964000	9964100	234	49	0.2094017094017094
pacbio_2_4	raw_hmm	9964100	9964200	236	64	0.2711864406779661
pacbio_2_4	raw_hmm	9964200	9964300	236	59	0.25
pacbio_2_4	raw_hmm	9964300	9964400	234	56	0.23931623931623933
pacbio_2_4	raw_hmm	9964400	9964500	235	59	0.251063829787234
pacbio_2_4	raw_hmm	9964500	9964600	237	55	0.2320675105485232
pacbio_2_4	raw_hmm	9964600	9964700	240	50	0.20833333333333334
pacbio_2_4	raw_hmm	9964700	9964800	241	60	0.24896265560165975
pacbio_2_4	raw_hmm	9964800	9964900	243	70	0.2880658436213992
pacbio_2_4	raw_hmm	9964900	9965000	244	74	0.30327868852459017
pacbio_2_4	raw_hmm	9965000	9965100	247	178	0.7206477732793523
pacbio_2_4	raw_hmm	9965100	9965200	247	156	0.631578947368421
pacbio_2_4	raw_hmm	9965200	9965300	246	26	0.10569105691056911
pacbio_2_4	raw_hmm	9965300	9965400	246	30	0.12195121951219512
pacbio_2_4	raw_hmm	9965400	9965500	245	57	0.23265306122448978
pacbio_2_4	raw_hmm	9965500	9965600	244	51	0.20901639344262296
pacbio_2_4	raw_hmm	9965600	9965700	241	30	0.12448132780082988
pacbio_2_4	raw_hmm	9965700	9965800	243	29	0.11934156378600823
pacbio_2_4	raw_hmm	9965800	9965900	242	21	0.08677685950413223
pacbio_2_4	raw_hmm	9965900	9966000	242	52	0.21487603305785125
pacbio_2_4	raw_hmm	9966000	9966100	240	48	0.2
pacbio_2_4	raw_hmm	9966100	9966200	242	30	0.12396694214876033
pacbio_2_4	raw_hmm	9966200	9966300	241	33	0.13692946058091288
pacbio_2_4	raw_hmm	9966300	9966400	241	62	0.2572614107883817
pacbio_2_4	raw_hmm	9966400	9966500	240	60	0.25
pacbio_2_4	raw_hmm	9966500	9966600	240	29	0.12083333333333333
pacbio_2_4	raw_hmm	9966600	9966700	240	33	0.1375
pacbio_2_4	raw_hmm	9966700	9966800	241	34	0.14107883817427386
pacbio_2_4	raw_hmm	9966800	9966900	242	36	0.1487603305785124
pacbio_2_4	raw_hmm	9966900	9967000	243	47	0.1934156378600823
pacbio_2_4	raw_hmm	9967000	9967100	244	56	0.22950819672131148
pacbio_2_4	raw_hmm	9967100	9967200	246	63	0.25609756097560976
pacbio_2_4	raw_hmm	9967200	9967300	246	76	0.3089430894308943
pacbio_2_4	raw_hmm	9967300	9967400	247	104	0.42105263157894735
pacbio_2_4	raw_hmm	9967400	9967500	245	103	0.4204081632653061
pacbio_2_4	raw_hmm	9967500	9967600	244	101	0.4139344262295082
pacbio_2_4	raw_hmm	9967600	9967700	244	76	0.3114754098360656
pacbio_2_4	raw_hmm	9967700	9967800	246	62	0.25203252032520324
pacbio_2_4	raw_hmm	9967800	9967900	245	63	0.2571428571428571
pacbio_2_4	raw_hmm	9967900	9968000	244	56	0.22950819672131148
pacbio_2_4	raw_hmm	9968000	9968100	245	75	0.30612244897959184
pacbio_2_4	raw_hmm	9968100	9968200	242	69	0.28512396694214875
pacbio_2_4	raw_hmm	9968200	9968300	243	46	0.18930041152263374
pacbio_2_4	raw_hmm	9968300	9968400	242	23	0.09504132231404959
pacbio_2_4	raw_hmm	9968400	9968500	241	31	0.12863070539419086
pacbio_2_4	raw_hmm	9968500	9968600	240	81	0.3375
pacbio_2_4	raw_hmm	9968600	9968700	240	91	0.37916666666666665
pacbio_2_4	raw_hmm	9968700	9968800	240	45	0.1875
pacbio_2_4	raw_hmm	9968800	9968900	239	37	0.15481171548117154
pacbio_2_4	raw_hmm	9968900	9969000	240	160	0.6666666666666666
pacbio_2_4	raw_hmm	9969000	9969100	239	189	0.7907949790794979
pacbio_2_4	raw_hmm	9969100	9969200	237	178	0.7510548523206751
pacbio_2_4	raw_hmm	9969200	9969300	238	100	0.42016806722689076
pacbio_2_4	raw_hmm	9969300	9969400	239	112	0.4686192468619247
pacbio_2_4	raw_hmm	9969400	9969500	239	61	0.25523012552301255
pacbio_2_4	raw_hmm	9969500	9969600	239	45	0.18828451882845187
pacbio_2_4	raw_hmm	9969600	9969700	238	45	0.18907563025210083
pacbio_2_4	raw_hmm	9969700	9969800	239	45	0.18828451882845187
pacbio_2_4	raw_hmm	9969800	9969900	238	35	0.14705882352941177
pacbio_2_4	raw_hmm	9969900	9970000	240	41	0.17083333333333334
pacbio_2_4	raw_hmm	9970000	9970100	238	40	0.16806722689075632
pacbio_2_4	raw_hmm	9970100	9970200	237	39	0.16455696202531644
pacbio_2_4	raw_hmm	9970200	9970300	240	36	0.15
pacbio_2_4	raw_hmm	9970300	9970400	238	30	0.12605042016806722
pacbio_2_4	raw_hmm	9970400	9970500	238	41	0.1722689075630252
pacbio_2_4	raw_hmm	9970500	9970600	237	42	0.17721518987341772
pacbio_2_4	raw_hmm	9970600	9970700	236	33	0.13983050847457626
pacbio_2_4	raw_hmm	9970700	9970800	238	41	0.1722689075630252
pacbio_2_4	raw_hmm	9970800	9970900	235	52	0.22127659574468084
pacbio_2_4	raw_hmm	9970900	9971000	238	49	0.20588235294117646
pacbio_2_4	raw_hmm	9971000	9971100	235	125	0.5319148936170213
pacbio_2_4	raw_hmm	9971100	9971200	231	130	0.5627705627705628
pacbio_2_4	raw_hmm	9971200	9971300	229	72	0.314410480349345
pacbio_2_4	raw_hmm	9971300	9971400	232	89	0.38362068965517243
pacbio_2_4	raw_hmm	9971400	9971500	231	51	0.22077922077922077
pacbio_2_4	raw_hmm	9971500	9971600	232	90	0.3879310344827586
pacbio_2_4	raw_hmm	9971600	9971700	231	79	0.341991341991342
pacbio_2_4	raw_hmm	9971700	9971800	230	58	0.25217391304347825
pacbio_2_4	raw_hmm	9971800	9971900	229	67	0.2925764192139738
pacbio_2_4	raw_hmm	9971900	9972000	229	58	0.25327510917030566
pacbio_2_4	raw_hmm	9972000	9972100	229	54	0.23580786026200873
pacbio_2_4	raw_hmm	9972100	9972200	229	70	0.3056768558951965
pacbio_2_4	raw_hmm	9972200	9972300	229	81	0.3537117903930131
pacbio_2_4	raw_hmm	9972300	9972400	230	51	0.2217391304347826
pacbio_2_4	raw_hmm	9972400	9972500	228	41	0.17982456140350878
pacbio_2_4	raw_hmm	9972500	9972600	227	62	0.27312775330396477
pacbio_2_4	raw_hmm	9972600	9972700	226	57	0.252212389380531
pacbio_2_4	raw_hmm	9972700	9972800	229	150	0.6550218340611353
pacbio_2_4	raw_hmm	9972800	9972900	228	179	0.7850877192982456
pacbio_2_4	raw_hmm	9972900	9973000	227	178	0.7841409691629956
pacbio_2_4	raw_hmm	9973000	9973100	227	129	0.5682819383259912
pacbio_2_4	raw_hmm	9973100	9973200	228	31	0.13596491228070176
pacbio_2_4	raw_hmm	9973200	9973300	227	60	0.2643171806167401
pacbio_2_4	raw_hmm	9973300	9973400	225	89	0.39555555555555555
pacbio_2_4	raw_hmm	9973400	9973500	227	116	0.5110132158590308
pacbio_2_4	raw_hmm	9973500	9973600	227	112	0.4933920704845815
pacbio_2_4	raw_hmm	9973600	9973700	228	112	0.49122807017543857
pacbio_2_4	raw_hmm	9973700	9973800	227	115	0.5066079295154186
pacbio_2_4	raw_hmm	9973800	9973900	229	119	0.519650655021834
pacbio_2_4	raw_hmm	9973900	9974000	227	139	0.6123348017621145
pacbio_2_4	raw_hmm	9974000	9974100	225	128	0.5688888888888889
pacbio_2_4	raw_hmm	9974100	9974200	224	130	0.5803571428571429
pacbio_2_4	raw_hmm	9974200	9974300	225	117	0.52
pacbio_2_4	raw_hmm	9974300	9974400	223	89	0.3991031390134529
pacbio_2_4	raw_hmm	9974400	9974500	223	74	0.33183856502242154
pacbio_2_4	raw_hmm	9974500	9974600	225	75	0.3333333333333333
pacbio_2_4	raw_hmm	9974600	9974700	226	58	0.25663716814159293
pacbio_2_4	raw_hmm	9974700	9974800	224	33	0.14732142857142858
pacbio_2_4	raw_hmm	9974800	9974900	224	26	0.11607142857142858
pacbio_2_4	raw_hmm	9974900	9975000	224	33	0.14732142857142858
pacbio_2_4	raw_hmm	9975000	9975100	223	41	0.18385650224215247
pacbio_2_4	raw_hmm	9975100	9975200	224	65	0.29017857142857145
pacbio_2_4	raw_hmm	9975200	9975300	225	59	0.26222222222222225
pacbio_2_4	raw_hmm	9975300	9975400	224	65	0.29017857142857145
pacbio_2_4	raw_hmm	9975400	9975500	224	79	0.35267857142857145
pacbio_2_4	raw_hmm	9975500	9975600	222	76	0.34234234234234234
pacbio_2_4	raw_hmm	9975600	9975700	220	38	0.17272727272727273
pacbio_2_4	raw_hmm	9975700	9975800	218	37	0.16972477064220184
pacbio_2_4	raw_hmm	9975800	9975900	220	47	0.21363636363636362
pacbio_2_4	raw_hmm	9975900	9976000	219	66	0.3013698630136986
pacbio_2_4	raw_hmm	9976000	9976100	219	66	0.3013698630136986
pacbio_2_4	raw_hmm	9976100	9976200	217	40	0.18433179723502305
pacbio_2_4	raw_hmm	9976200	9976300	217	72	0.3317972350230415
pacbio_2_4	raw_hmm	9976300	9976400	218	88	0.4036697247706422
pacbio_2_4	raw_hmm	9976400	9976500	219	74	0.3378995433789954
pacbio_2_4	raw_hmm	9976500	9976600	217	30	0.1382488479262673
pacbio_2_4	raw_hmm	9976600	9976700	216	18	0.08333333333333333
pacbio_2_4	raw_hmm	9976700	9976800	216	15	0.06944444444444445
pacbio_2_4	raw_hmm	9976800	9976900	215	18	0.08372093023255814
pacbio_2_4	raw_hmm	9976900	9977000	215	27	0.12558139534883722
pacbio_2_4	raw_hmm	9977000	9977100	215	33	0.15348837209302327
pacbio_2_4	raw_hmm	9977100	9977200	216	62	0.28703703703703703
pacbio_2_4	raw_hmm	9977200	9977300	215	68	0.31627906976744186
pacbio_2_4	raw_hmm	9977300	9977400	215	97	0.4511627906976744
pacbio_2_4	raw_hmm	9977400	9977500	215	115	0.5348837209302325
pacbio_2_4	raw_hmm	9977500	9977600	217	109	0.5023041474654378
pacbio_2_4	raw_hmm	9977600	9977700	219	99	0.4520547945205479
pacbio_2_4	raw_hmm	9977700	9977800	219	82	0.3744292237442922
pacbio_2_4	raw_hmm	9977800	9977900	218	57	0.26146788990825687
pacbio_2_4	raw_hmm	9977900	9978000	218	56	0.25688073394495414
pacbio_2_4	raw_hmm	9978000	9978100	217	53	0.24423963133640553
pacbio_2_4	raw_hmm	9978100	9978200	216	32	0.14814814814814814
pacbio_2_4	raw_hmm	9978200	9978300	217	34	0.15668202764976957
pacbio_2_4	raw_hmm	9978300	9978400	217	27	0.12442396313364056
pacbio_2_4	raw_hmm	9978400	9978500	219	21	0.0958904109589041
pacbio_2_4	raw_hmm	9978500	9978600	218	29	0.13302752293577982
pacbio_2_4	raw_hmm	9978600	9978700	218	33	0.15137614678899083
pacbio_2_4	raw_hmm	9978700	9978800	217	34	0.15668202764976957
pacbio_2_4	raw_hmm	9978800	9978900	215	60	0.27906976744186046
pacbio_2_4	raw_hmm	9978900	9979000	215	96	0.44651162790697674
pacbio_2_4	raw_hmm	9979000	9979100	218	99	0.4541284403669725
pacbio_2_4	raw_hmm	9979100	9979200	215	175	0.813953488372093
pacbio_2_4	raw_hmm	9979200	9979300	215	182	0.8465116279069768
pacbio_2_4	raw_hmm	9979300	9979400	219	155	0.7077625570776256
pacbio_2_4	raw_hmm	9979400	9979500	222	95	0.42792792792792794
pacbio_2_4	raw_hmm	9979500	9979600	226	60	0.26548672566371684
pacbio_2_4	raw_hmm	9979600	9979700	224	63	0.28125
pacbio_2_4	raw_hmm	9979700	9979800	223	60	0.26905829596412556
pacbio_2_4	raw_hmm	9979800	9979900	224	51	0.22767857142857142
pacbio_2_4	raw_hmm	9979900	9980000	224	49	0.21875
pacbio_2_4	raw_hmm	9980000	9980100	226	39	0.17256637168141592
pacbio_2_4	raw_hmm	9980100	9980200	224	34	0.15178571428571427
pacbio_2_4	raw_hmm	9980200	9980300	224	31	0.13839285714285715
pacbio_2_4	raw_hmm	9980300	9980400	224	45	0.20089285714285715
pacbio_2_4	raw_hmm	9980400	9980500	227	50	0.22026431718061673
pacbio_2_4	raw_hmm	9980500	9980600	228	47	0.20614035087719298
pacbio_2_4	raw_hmm	9980600	9980700	228	44	0.19298245614035087
pacbio_2_4	raw_hmm	9980700	9980800	229	49	0.21397379912663755
pacbio_2_4	raw_hmm	9980800	9980900	230	79	0.34347826086956523
pacbio_2_4	raw_hmm	9980900	9981000	228	102	0.4473684210526316
pacbio_2_4	raw_hmm	9981000	9981100	229	84	0.36681222707423583
pacbio_2_4	raw_hmm	9981100	9981200	232	64	0.27586206896551724
pacbio_2_4	raw_hmm	9981200	9981300	231	69	0.2987012987012987
pacbio_2_4	raw_hmm	9981300	9981400	231	76	0.329004329004329
pacbio_2_4	raw_hmm	9981400	9981500	232	84	0.3620689655172414
pacbio_2_4	raw_hmm	9981500	9981600	232	63	0.27155172413793105
pacbio_2_4	raw_hmm	9981600	9981700	233	62	0.26609442060085836
pacbio_2_4	raw_hmm	9981700	9981800	230	42	0.1826086956521739
pacbio_2_4	raw_hmm	9981800	9981900	228	45	0.19736842105263158
pacbio_2_4	raw_hmm	9981900	9982000	228	29	0.12719298245614036
pacbio_2_4	raw_hmm	9982000	9982100	227	24	0.10572687224669604
pacbio_2_4	raw_hmm	9982100	9982200	228	36	0.15789473684210525
pacbio_2_4	raw_hmm	9982200	9982300	229	39	0.1703056768558952
pacbio_2_4	raw_hmm	9982300	9982400	230	36	0.1565217391304348
pacbio_2_4	raw_hmm	9982400	9982500	232	45	0.1939655172413793
pacbio_2_4	raw_hmm	9982500	9982600	233	50	0.2145922746781116
pacbio_2_4	raw_hmm	9982600	9982700	233	36	0.15450643776824036
pacbio_2_4	raw_hmm	9982700	9982800	232	41	0.17672413793103448
pacbio_2_4	raw_hmm	9982800	9982900	233	34	0.1459227467811159
pacbio_2_4	raw_hmm	9982900	9983000	233	35	0.15021459227467812
pacbio_2_4	raw_hmm	9983000	9983100	237	59	0.2489451476793249
pacbio_2_4	raw_hmm	9983100	9983200	239	62	0.2594142259414226
pacbio_2_4	raw_hmm	9983200	9983300	238	46	0.19327731092436976
pacbio_2_4	raw_hmm	9983300	9983400	239	49	0.20502092050209206
pacbio_2_4	raw_hmm	9983400	9983500	244	55	0.22540983606557377
pacbio_2_4	raw_hmm	9983500	9983600	243	58	0.23868312757201646
pacbio_2_4	raw_hmm	9983600	9983700	246	91	0.3699186991869919
pacbio_2_4	raw_hmm	9983700	9983800	249	94	0.37751004016064255
pacbio_2_4	raw_hmm	9983800	9983900	248	66	0.2661290322580645
pacbio_2_4	raw_hmm	9983900	9984000	248	48	0.1935483870967742
pacbio_2_4	raw_hmm	9984000	9984100	250	43	0.172
pacbio_2_4	raw_hmm	9984100	9984200	251	79	0.3147410358565737
pacbio_2_4	raw_hmm	9984200	9984300	252	56	0.2222222222222222
pacbio_2_4	raw_hmm	9984300	9984400	252	38	0.15079365079365079
pacbio_2_4	raw_hmm	9984400	9984500	251	40	0.1593625498007968
pacbio_2_4	raw_hmm	9984500	9984600	254	36	0.14173228346456693
pacbio_2_4	raw_hmm	9984600	9984700	255	32	0.12549019607843137
pacbio_2_4	raw_hmm	9984700	9984800	257	39	0.1517509727626459
pacbio_2_4	raw_hmm	9984800	9984900	257	93	0.36186770428015563
pacbio_2_4	raw_hmm	9984900	9985000	260	129	0.49615384615384617
pacbio_2_4	raw_hmm	9985000	9985100	259	104	0.4015444015444015
pacbio_2_4	raw_hmm	9985100	9985200	260	83	0.3192307692307692
pacbio_2_4	raw_hmm	9985200	9985300	260	75	0.28846153846153844
pacbio_2_4	raw_hmm	9985300	9985400	261	52	0.19923371647509577
pacbio_2_4	raw_hmm	9985400	9985500	262	101	0.38549618320610685
pacbio_2_4	raw_hmm	9985500	9985600	262	111	0.42366412213740456
pacbio_2_4	raw_hmm	9985600	9985700	262	85	0.3244274809160305
pacbio_2_4	raw_hmm	9985700	9985800	260	58	0.2230769230769231
pacbio_2_4	raw_hmm	9985800	9985900	260	39	0.15
pacbio_2_4	raw_hmm	9985900	9986000	262	41	0.15648854961832062
pacbio_2_4	raw_hmm	9986000	9986100	263	48	0.18250950570342206
pacbio_2_4	raw_hmm	9986100	9986200	262	51	0.1946564885496183
pacbio_2_4	raw_hmm	9986200	9986300	261	59	0.2260536398467433
pacbio_2_4	raw_hmm	9986300	9986400	263	58	0.22053231939163498
pacbio_2_4	raw_hmm	9986400	9986500	265	63	0.23773584905660378
pacbio_2_4	raw_hmm	9986500	9986600	266	44	0.16541353383458646
pacbio_2_4	raw_hmm	9986600	9986700	271	52	0.1918819188191882
pacbio_2_4	raw_hmm	9986700	9986800	269	62	0.23048327137546468
pacbio_2_4	raw_hmm	9986800	9986900	271	52	0.1918819188191882
pacbio_2_4	raw_hmm	9986900	9987000	271	55	0.2029520295202952
pacbio_2_4	raw_hmm	9987000	9987100	273	48	0.17582417582417584
pacbio_2_4	raw_hmm	9987100	9987200	274	50	0.18248175182481752
pacbio_2_4	raw_hmm	9987200	9987300	275	50	0.18181818181818182
pacbio_2_4	raw_hmm	9987300	9987400	275	49	0.1781818181818182
pacbio_2_4	raw_hmm	9987400	9987500	278	48	0.17266187050359713
pacbio_2_4	raw_hmm	9987500	9987600	277	43	0.1552346570397112
pacbio_2_4	raw_hmm	9987600	9987700	277	51	0.18411552346570398
pacbio_2_4	raw_hmm	9987700	9987800	276	56	0.2028985507246377
pacbio_2_4	raw_hmm	9987800	9987900	276	43	0.15579710144927536
pacbio_2_4	raw_hmm	9987900	9988000	277	27	0.09747292418772563
pacbio_2_4	raw_hmm	9988000	9988100	280	31	0.11071428571428571
pacbio_2_4	raw_hmm	9988100	9988200	279	43	0.15412186379928317
pacbio_2_4	raw_hmm	9988200	9988300	280	70	0.25
pacbio_2_4	raw_hmm	9988300	9988400	279	87	0.3118279569892473
pacbio_2_4	raw_hmm	9988400	9988500	280	94	0.3357142857142857
pacbio_2_4	raw_hmm	9988500	9988600	282	93	0.32978723404255317
pacbio_2_4	raw_hmm	9988600	9988700	282	58	0.20567375886524822
pacbio_2_4	raw_hmm	9988700	9988800	282	139	0.4929078014184397
pacbio_2_4	raw_hmm	9988800	9988900	284	214	0.7535211267605634
pacbio_2_4	raw_hmm	9988900	9989000	283	218	0.7703180212014135
pacbio_2_4	raw_hmm	9989000	9989100	285	220	0.7719298245614035
pacbio_2_4	raw_hmm	9989100	9989200	284	206	0.7253521126760564
pacbio_2_4	raw_hmm	9989200	9989300	288	159	0.5520833333333334
pacbio_2_4	raw_hmm	9989300	9989400	287	54	0.18815331010452963
pacbio_2_4	raw_hmm	9989400	9989500	286	68	0.23776223776223776
pacbio_2_4	raw_hmm	9989500	9989600	287	133	0.4634146341463415
pacbio_2_4	raw_hmm	9989600	9989700	286	140	0.48951048951048953
pacbio_2_4	raw_hmm	9989700	9989800	298	64	0.21476510067114093
pacbio_2_4	raw_hmm	9989800	9989900	291	50	0.1718213058419244
pacbio_2_4	raw_hmm	9989900	9990000	288	21	0.07291666666666667
pacbio_2_4	raw_hmm	9990000	9990100	290	29	0.1
pacbio_2_4	raw_hmm	9990100	9990200	291	49	0.16838487972508592
pacbio_2_4	raw_hmm	9990200	9990300	292	39	0.13356164383561644
pacbio_2_4	raw_hmm	9990300	9990400	293	47	0.16040955631399317
pacbio_2_4	raw_hmm	9990400	9990500	296	61	0.20608108108108109
pacbio_2_4	raw_hmm	9990500	9990600	296	76	0.25675675675675674
pacbio_2_4	raw_hmm	9990600	9990700	295	77	0.26101694915254237
pacbio_2_4	raw_hmm	9990700	9990800	295	83	0.28135593220338984
pacbio_2_4	raw_hmm	9990800	9990900	295	62	0.21016949152542372
pacbio_2_4	raw_hmm	9990900	9991000	295	54	0.18305084745762712
pacbio_2_4	raw_hmm	9991000	9991100	295	57	0.19322033898305085
pacbio_2_4	raw_hmm	9991100	9991200	297	54	0.18181818181818182
pacbio_2_4	raw_hmm	9991200	9991300	297	48	0.16161616161616163
pacbio_2_4	raw_hmm	9991300	9991400	297	35	0.11784511784511785
pacbio_2_4	raw_hmm	9991400	9991500	300	40	0.13333333333333333
pacbio_2_4	raw_hmm	9991500	9991600	302	46	0.152317880794702
pacbio_2_4	raw_hmm	9991600	9991700	305	64	0.2098360655737705
pacbio_2_4	raw_hmm	9991700	9991800	306	74	0.24183006535947713
pacbio_2_4	raw_hmm	9991800	9991900	308	63	0.20454545454545456
pacbio_2_4	raw_hmm	9991900	9992000	310	66	0.2129032258064516
pacbio_2_4	raw_hmm	9992000	9992100	308	55	0.17857142857142858
pacbio_2_4	raw_hmm	9992100	9992200	307	82	0.2671009771986971
pacbio_2_4	raw_hmm	9992200	9992300	310	68	0.21935483870967742
pacbio_2_4	raw_hmm	9992300	9992400	311	46	0.14790996784565916
pacbio_2_4	raw_hmm	9992400	9992500	310	70	0.22580645161290322
pacbio_2_4	raw_hmm	9992500	9992600	309	61	0.19741100323624594
pacbio_2_4	raw_hmm	9992600	9992700	308	56	0.18181818181818182
pacbio_2_4	raw_hmm	9992700	9992800	308	46	0.14935064935064934
pacbio_2_4	raw_hmm	9992800	9992900	310	67	0.2161290322580645
pacbio_2_4	raw_hmm	9992900	9993000	311	64	0.2057877813504823
pacbio_2_4	raw_hmm	9993000	9993100	312	41	0.13141025641025642
pacbio_2_4	raw_hmm	9993100	9993200	310	45	0.14516129032258066
pacbio_2_4	raw_hmm	9993200	9993300	309	77	0.24919093851132687
pacbio_2_4	raw_hmm	9993300	9993400	314	82	0.2611464968152866
pacbio_2_4	raw_hmm	9993400	9993500	314	50	0.1592356687898089
pacbio_2_4	raw_hmm	9993500	9993600	314	28	0.08917197452229299
pacbio_2_4	raw_hmm	9993600	9993700	315	37	0.11746031746031746
pacbio_2_4	raw_hmm	9993700	9993800	315	60	0.19047619047619047
pacbio_2_4	raw_hmm	9993800	9993900	314	51	0.1624203821656051
pacbio_2_4	raw_hmm	9993900	9994000	313	29	0.0926517571884984
pacbio_2_4	raw_hmm	9994000	9994100	315	25	0.07936507936507936
pacbio_2_4	raw_hmm	9994100	9994200	313	20	0.06389776357827476
pacbio_2_4	raw_hmm	9994200	9994300	313	24	0.07667731629392971
pacbio_2_4	raw_hmm	9994300	9994400	314	18	0.05732484076433121
pacbio_2_4	raw_hmm	9994400	9994500	315	10	0.031746031746031744
pacbio_2_4	raw_hmm	9994500	9994600	313	42	0.134185303514377
pacbio_2_4	raw_hmm	9994600	9994700	316	48	0.1518987341772152
pacbio_2_4	raw_hmm	9994700	9994800	317	29	0.0914826498422713
pacbio_2_4	raw_hmm	9994800	9994900	317	48	0.15141955835962145
pacbio_2_4	raw_hmm	9994900	9995000	321	40	0.12461059190031153
pacbio_2_4	raw_hmm	9995000	9995100	321	28	0.08722741433021806
pacbio_2_4	raw_hmm	9995100	9995200	322	31	0.09627329192546584
pacbio_2_4	raw_hmm	9995200	9995300	325	47	0.14461538461538462
pacbio_2_4	raw_hmm	9995300	9995400	323	60	0.18575851393188855
pacbio_2_4	raw_hmm	9995400	9995500	326	66	0.20245398773006135
pacbio_2_4	raw_hmm	9995500	9995600	326	49	0.15030674846625766
pacbio_2_4	raw_hmm	9995600	9995700	326	60	0.18404907975460122
pacbio_2_4	raw_hmm	9995700	9995800	328	68	0.2073170731707317
pacbio_2_4	raw_hmm	9995800	9995900	330	50	0.15151515151515152
pacbio_2_4	raw_hmm	9995900	9996000	330	24	0.07272727272727272
pacbio_2_4	raw_hmm	9996000	9996100	330	35	0.10606060606060606
pacbio_2_4	raw_hmm	9996100	9996200	331	39	0.11782477341389729
pacbio_2_4	raw_hmm	9996200	9996300	328	57	0.17378048780487804
pacbio_2_4	raw_hmm	9996300	9996400	329	125	0.3799392097264438
pacbio_2_4	raw_hmm	9996400	9996500	328	121	0.36890243902439024
pacbio_2_4	raw_hmm	9996500	9996600	328	87	0.2652439024390244
pacbio_2_4	raw_hmm	9996600	9996700	327	71	0.21712538226299694
pacbio_2_4	raw_hmm	9996700	9996800	324	60	0.18518518518518517
pacbio_2_4	raw_hmm	9996800	9996900	323	90	0.2786377708978328
pacbio_2_4	raw_hmm	9996900	9997000	324	88	0.2716049382716049
pacbio_2_4	raw_hmm	9997000	9997100	326	52	0.15950920245398773
pacbio_2_4	raw_hmm	9997100	9997200	328	80	0.24390243902439024
pacbio_2_4	raw_hmm	9997200	9997300	329	59	0.17933130699088146
pacbio_2_4	raw_hmm	9997300	9997400	329	30	0.0911854103343465
pacbio_2_4	raw_hmm	9997400	9997500	325	38	0.11692307692307692
pacbio_2_4	raw_hmm	9997500	9997600	326	50	0.15337423312883436
pacbio_2_4	raw_hmm	9997600	9997700	326	67	0.20552147239263804
pacbio_2_4	raw_hmm	9997700	9997800	325	84	0.25846153846153846
pacbio_2_4	raw_hmm	9997800	9997900	325	76	0.23384615384615384
pacbio_2_4	raw_hmm	9997900	9998000	328	44	0.13414634146341464
pacbio_2_4	raw_hmm	9998000	9998100	328	23	0.0701219512195122
pacbio_2_4	raw_hmm	9998100	9998200	329	33	0.10030395136778116
pacbio_2_4	raw_hmm	9998200	9998300	331	64	0.1933534743202417
pacbio_2_4	raw_hmm	9998300	9998400	330	65	0.19696969696969696
pacbio_2_4	raw_hmm	9998400	9998500	331	71	0.21450151057401812
pacbio_2_4	raw_hmm	9998500	9998600	332	71	0.21385542168674698
pacbio_2_4	raw_hmm	9998600	9998700	330	69	0.20909090909090908
pacbio_2_4	raw_hmm	9998700	9998800	327	76	0.2324159021406728
pacbio_2_4	raw_hmm	9998800	9998900	329	50	0.1519756838905775
pacbio_2_4	raw_hmm	9998900	9999000	335	40	0.11940298507462686
pacbio_2_4	raw_hmm	9999000	9999100	334	35	0.10479041916167664
pacbio_2_4	raw_hmm	9999100	9999200	333	21	0.06306306306306306
pacbio_2_4	raw_hmm	9999200	9999300	332	22	0.06626506024096386
pacbio_2_4	raw_hmm	9999300	9999400	333	26	0.07807807807807808
pacbio_2_4	raw_hmm	9999400	9999500	332	50	0.15060240963855423
pacbio_2_4	raw_hmm	9999500	9999600	331	59	0.1782477341389728
pacbio_2_4	raw_hmm	9999600	9999700	332	81	0.24397590361445784
pacbio_2_4	raw_hmm	9999700	9999800	335	82	0.24477611940298508
pacbio_2_4	raw_hmm	9999800	9999900	334	67	0.20059880239520958
pacbio_2_4	raw_hmm	9999900	10000000	336	65	0.19345238095238096
pacbio_2_4	raw_hmm	10000000	10000100	336	69	0.20535714285714285
pacbio_2_4	raw_hmm	10000100	10000200	334	67	0.20059880239520958
pacbio_2_4	raw_hmm	10000200	10000300	334	30	0.08982035928143713
pacbio_2_4	raw_hmm	10000300	10000400	334	15	0.04491017964071856
pacbio_2_4	raw_hmm	10000400	10000500	333	32	0.0960960960960961
pacbio_2_4	raw_hmm	10000500	10000600	331	56	0.1691842900302115
pacbio_2_4	raw_hmm	10000600	10000700	332	57	0.1716867469879518
pacbio_2_4	raw_hmm	10000700	10000800	332	63	0.1897590361445783
pacbio_2_4	raw_hmm	10000800	10000900	334	33	0.09880239520958084
pacbio_2_4	raw_hmm	10000900	10001000	331	20	0.06042296072507553
pacbio_2_4	raw_hmm	10001000	10001100	331	31	0.09365558912386707
pacbio_2_4	raw_hmm	10001100	10001200	331	36	0.10876132930513595
pacbio_2_4	raw_hmm	10001200	10001300	332	44	0.13253012048192772
pacbio_2_4	raw_hmm	10001300	10001400	334	47	0.1407185628742515
pacbio_2_4	raw_hmm	10001400	10001500	333	39	0.11711711711711711
pacbio_2_4	raw_hmm	10001500	10001600	333	52	0.15615615615615616
pacbio_2_4	raw_hmm	10001600	10001700	335	25	0.07462686567164178
pacbio_2_4	raw_hmm	10001700	10001800	334	21	0.06287425149700598
pacbio_2_4	raw_hmm	10001800	10001900	334	23	0.0688622754491018
pacbio_2_4	raw_hmm	10001900	10002000	333	25	0.07507507507507508
pacbio_2_4	raw_hmm	10002000	10002100	334	27	0.08083832335329341
pacbio_2_4	raw_hmm	10002100	10002200	333	52	0.15615615615615616
pacbio_2_4	raw_hmm	10002200	10002300	334	52	0.15568862275449102
pacbio_2_4	raw_hmm	10002300	10002400	335	51	0.15223880597014924
pacbio_2_4	raw_hmm	10002400	10002500	335	54	0.16119402985074627
pacbio_2_4	raw_hmm	10002500	10002600	336	91	0.2708333333333333
pacbio_2_4	raw_hmm	10002600	10002700	336	85	0.25297619047619047
pacbio_2_4	raw_hmm	10002700	10002800	341	41	0.12023460410557185
pacbio_2_4	raw_hmm	10002800	10002900	343	19	0.05539358600583091
pacbio_2_4	raw_hmm	10002900	10003000	343	37	0.10787172011661808
pacbio_2_4	raw_hmm	10003000	10003100	342	49	0.14327485380116958
pacbio_2_4	raw_hmm	10003100	10003200	342	55	0.1608187134502924
pacbio_2_4	raw_hmm	10003200	10003300	342	47	0.13742690058479531
pacbio_2_4	raw_hmm	10003300	10003400	341	53	0.15542521994134897
pacbio_2_4	raw_hmm	10003400	10003500	341	46	0.1348973607038123
pacbio_2_4	raw_hmm	10003500	10003600	340	44	0.12941176470588237
pacbio_2_4	raw_hmm	10003600	10003700	339	23	0.06784660766961652
pacbio_2_4	raw_hmm	10003700	10003800	339	34	0.10029498525073746
pacbio_2_4	raw_hmm	10003800	10003900	339	32	0.0943952802359882
pacbio_2_4	raw_hmm	10003900	10004000	339	21	0.061946902654867256
pacbio_2_4	raw_hmm	10004000	10004100	336	18	0.05357142857142857
pacbio_2_4	raw_hmm	10004100	10004200	335	33	0.09850746268656717
pacbio_2_4	raw_hmm	10004200	10004300	333	39	0.11711711711711711
pacbio_2_4	raw_hmm	10004300	10004400	329	58	0.1762917933130699
pacbio_2_4	raw_hmm	10004400	10004500	329	37	0.11246200607902736
pacbio_2_4	raw_hmm	10004500	10004600	327	39	0.11926605504587157
pacbio_2_4	raw_hmm	10004600	10004700	327	29	0.08868501529051988
pacbio_2_4	raw_hmm	10004700	10004800	327	47	0.1437308868501529
pacbio_2_4	raw_hmm	10004800	10004900	325	56	0.1723076923076923
pacbio_2_4	raw_hmm	10004900	10005000	323	35	0.10835913312693499
pacbio_2_4	raw_hmm	10005000	10005100	320	40	0.125
pacbio_2_4	raw_hmm	10005100	10005200	320	67	0.209375
pacbio_2_4	raw_hmm	10005200	10005300	318	72	0.22641509433962265
pacbio_2_4	raw_hmm	10005300	10005400	317	69	0.21766561514195584
pacbio_2_4	raw_hmm	10005400	10005500	317	54	0.17034700315457413
pacbio_2_4	raw_hmm	10005500	10005600	315	47	0.1492063492063492
pacbio_2_4	raw_hmm	10005600	10005700	314	31	0.09872611464968153
pacbio_2_4	raw_hmm	10005700	10005800	312	46	0.14743589743589744
pacbio_2_4	raw_hmm	10005800	10005900	311	56	0.18006430868167203
pacbio_2_4	raw_hmm	10005900	10006000	308	35	0.11363636363636363
pacbio_2_4	conservative	9954000	9954100	281	48	0.1708185053380783
pacbio_2_4	conservative	9954100	9954200	279	45	0.16129032258064516
pacbio_2_4	conservative	9954200	9954300	279	37	0.13261648745519714
pacbio_2_4	conservative	9954300	9954400	278	42	0.1510791366906475
pacbio_2_4	conservative	9954400	9954500	278	43	0.15467625899280577
pacbio_2_4	conservative	9954500	9954600	280	60	0.21428571428571427
pacbio_2_4	conservative	9954600	9954700	280	55	0.19642857142857142
pacbio_2_4	conservative	9954700	9954800	279	50	0.17921146953405018
pacbio_2_4	conservative	9954800	9954900	276	51	0.18478260869565216
pacbio_2_4	conservative	9954900	9955000	276	45	0.16304347826086957
pacbio_2_4	conservative	9955000	9955100	279	75	0.26881720430107525
pacbio_2_4	conservative	9955100	9955200	280	132	0.4714285714285714
pacbio_2_4	conservative	9955200	9955300	281	164	0.5836298932384342
pacbio_2_4	conservative	9955300	9955400	280	169	0.6035714285714285
pacbio_2_4	conservative	9955400	9955500	278	122	0.43884892086330934
pacbio_2_4	conservative	9955500	9955600	275	88	0.32
pacbio_2_4	conservative	9955600	9955700	275	141	0.5127272727272727
pacbio_2_4	conservative	9955700	9955800	277	148	0.5342960288808665
pacbio_2_4	conservative	9955800	9955900	276	77	0.27898550724637683
pacbio_2_4	conservative	9955900	9956000	277	76	0.2743682310469314
pacbio_2_4	conservative	9956000	9956100	279	77	0.27598566308243727
pacbio_2_4	conservative	9956100	9956200	278	43	0.15467625899280577
pacbio_2_4	conservative	9956200	9956300	281	62	0.2206405693950178
pacbio_2_4	conservative	9956300	9956400	281	92	0.3274021352313167
pacbio_2_4	conservative	9956400	9956500	282	101	0.35815602836879434
pacbio_2_4	conservative	9956500	9956600	282	89	0.31560283687943264
pacbio_2_4	conservative	9956600	9956700	283	77	0.27208480565371024
pacbio_2_4	conservative	9956700	9956800	286	66	0.23076923076923078
pacbio_2_4	conservative	9956800	9956900	282	33	0.11702127659574468
pacbio_2_4	conservative	9956900	9957000	280	38	0.1357142857142857
pacbio_2_4	conservative	9957000	9957100	280	52	0.18571428571428572
pacbio_2_4	conservative	9957100	9957200	281	79	0.28113879003558717
pacbio_2_4	conservative	9957200	9957300	281	67	0.23843416370106763
pacbio_2_4	conservative	9957300	9957400	280	27	0.09642857142857143
pacbio_2_4	conservative	9957400	9957500	279	38	0.13620071684587814
pacbio_2_4	conservative	9957500	9957600	280	62	0.22142857142857142
pacbio_2_4	conservative	9957600	9957700	283	57	0.20141342756183744
pacbio_2_4	conservative	9957700	9957800	283	49	0.17314487632508835
pacbio_2_4	conservative	9957800	9957900	281	55	0.19572953736654805
pacbio_2_4	conservative	9957900	9958000	283	67	0.23674911660777384
pacbio_2_4	conservative	9958000	9958100	281	63	0.22419928825622776
pacbio_2_4	conservative	9958100	9958200	281	58	0.20640569395017794
pacbio_2_4	conservative	9958200	9958300	283	52	0.18374558303886926
pacbio_2_4	conservative	9958300	9958400	283	53	0.1872791519434629
pacbio_2_4	conservative	9958400	9958500	283	60	0.21201413427561838
pacbio_2_4	conservative	9958500	9958600	283	81	0.2862190812720848
pacbio_2_4	conservative	9958600	9958700	281	75	0.2669039145907473
pacbio_2_4	conservative	9958700	9958800	283	134	0.4734982332155477
pacbio_2_4	conservative	9958800	9958900	282	186	0.6595744680851063
pacbio_2_4	conservative	9958900	9959000	278	160	0.5755395683453237
pacbio_2_4	conservative	9959000	9959100	276	37	0.13405797101449277
pacbio_2_4	conservative	9959100	9959200	274	33	0.12043795620437957
pacbio_2_4	conservative	9959200	9959300	275	55	0.2
pacbio_2_4	conservative	9959300	9959400	277	63	0.22743682310469315
pacbio_2_4	conservative	9959400	9959500	277	76	0.2743682310469314
pacbio_2_4	conservative	9959500	9959600	277	98	0.35379061371841153
pacbio_2_4	conservative	9959600	9959700	275	130	0.4727272727272727
pacbio_2_4	conservative	9959700	9959800	275	165	0.6
pacbio_2_4	conservative	9959800	9959900	270	146	0.5407407407407407
pacbio_2_4	conservative	9959900	9960000	269	184	0.6840148698884758
pacbio_2_4	conservative	9960000	9960100	269	216	0.8029739776951673
pacbio_2_4	conservative	9960100	9960200	268	179	0.667910447761194
pacbio_2_4	conservative	9960200	9960300	265	163	0.6150943396226415
pacbio_2_4	conservative	9960300	9960400	265	180	0.6792452830188679
pacbio_2_4	conservative	9960400	9960500	264	143	0.5416666666666666
pacbio_2_4	conservative	9960500	9960600	261	94	0.36015325670498083
pacbio_2_4	conservative	9960600	9960700	261	86	0.32950191570881227
pacbio_2_4	conservative	9960700	9960800	262	89	0.33969465648854963
pacbio_2_4	conservative	9960800	9960900	261	81	0.3103448275862069
pacbio_2_4	conservative	9960900	9961000	257	67	0.2607003891050584
pacbio_2_4	conservative	9961000	9961100	254	70	0.2755905511811024
pacbio_2_4	conservative	9961100	9961200	253	72	0.2845849802371542
pacbio_2_4	conservative	9961200	9961300	250	67	0.268
pacbio_2_4	conservative	9961300	9961400	250	44	0.176
pacbio_2_4	conservative	9961400	9961500	249	44	0.17670682730923695
pacbio_2_4	conservative	9961500	9961600	247	71	0.2874493927125506
pacbio_2_4	conservative	9961600	9961700	246	73	0.2967479674796748
pacbio_2_4	conservative	9961700	9961800	246	58	0.23577235772357724
pacbio_2_4	conservative	9961800	9961900	245	59	0.24081632653061225
pacbio_2_4	conservative	9961900	9962000	244	83	0.3401639344262295
pacbio_2_4	conservative	9962000	9962100	242	80	0.3305785123966942
pacbio_2_4	conservative	9962100	9962200	242	65	0.26859504132231404
pacbio_2_4	conservative	9962200	9962300	241	80	0.33195020746887965
pacbio_2_4	conservative	9962300	9962400	240	77	0.32083333333333336
pacbio_2_4	conservative	9962400	9962500	241	76	0.3153526970954357
pacbio_2_4	conservative	9962500	9962600	241	74	0.3070539419087137
pacbio_2_4	conservative	9962600	9962700	240	65	0.2708333333333333
pacbio_2_4	conservative	9962700	9962800	241	90	0.37344398340248963
pacbio_2_4	conservative	9962800	9962900	238	71	0.29831932773109243
pacbio_2_4	conservative	9962900	9963000	238	42	0.17647058823529413
pacbio_2_4	conservative	9963000	9963100	238	44	0.18487394957983194
pacbio_2_4	conservative	9963100	9963200	237	60	0.25316455696202533
pacbio_2_4	conservative	9963200	9963300	236	90	0.3813559322033898
pacbio_2_4	conservative	9963300	9963400	236	97	0.4110169491525424
pacbio_2_4	conservative	9963400	9963500	236	96	0.4067796610169492
pacbio_2_4	conservative	9963500	9963600	237	68	0.2869198312236287
pacbio_2_4	conservative	9963600	9963700	237	42	0.17721518987341772
pacbio_2_4	conservative	9963700	9963800	238	32	0.13445378151260504
pacbio_2_4	conservative	9963800	9963900	236	38	0.16101694915254236
pacbio_2_4	conservative	9963900	9964000	238	56	0.23529411764705882
pacbio_2_4	conservative	9964000	9964100	234	66	0.28205128205128205
pacbio_2_4	conservative	9964100	9964200	236	85	0.3601694915254237
pacbio_2_4	conservative	9964200	9964300	236	74	0.3135593220338983
pacbio_2_4	conservative	9964300	9964400	234	61	0.2606837606837607
pacbio_2_4	conservative	9964400	9964500	235	73	0.31063829787234043
pacbio_2_4	conservative	9964500	9964600	237	60	0.25316455696202533
pacbio_2_4	conservative	9964600	9964700	240	58	0.24166666666666667
pacbio_2_4	conservative	9964700	9964800	241	71	0.2946058091286307
pacbio_2_4	conservative	9964800	9964900	243	86	0.35390946502057613
pacbio_2_4	conservative	9964900	9965000	244	81	0.3319672131147541
pacbio_2_4	conservative	9965000	9965100	247	194	0.7854251012145749
pacbio_2_4	conservative	9965100	9965200	247	173	0.7004048582995951
pacbio_2_4	conservative	9965200	9965300	246	35	0.14227642276422764
pacbio_2_4	conservative	9965300	9965400	246	40	0.16260162601626016
pacbio_2_4	conservative	9965400	9965500	245	71	0.2897959183673469
pacbio_2_4	conservative	9965500	9965600	244	59	0.24180327868852458
pacbio_2_4	conservative	9965600	9965700	241	36	0.14937759336099585
pacbio_2_4	conservative	9965700	9965800	243	36	0.14814814814814814
pacbio_2_4	conservative	9965800	9965900	242	28	0.11570247933884298
pacbio_2_4	conservative	9965900	9966000	242	59	0.24380165289256198
pacbio_2_4	conservative	9966000	9966100	240	55	0.22916666666666666
pacbio_2_4	conservative	9966100	9966200	242	34	0.14049586776859505
pacbio_2_4	conservative	9966200	9966300	241	39	0.16182572614107885
pacbio_2_4	conservative	9966300	9966400	241	72	0.2987551867219917
pacbio_2_4	conservative	9966400	9966500	240	72	0.3
pacbio_2_4	conservative	9966500	9966600	240	39	0.1625
pacbio_2_4	conservative	9966600	9966700	240	47	0.19583333333333333
pacbio_2_4	conservative	9966700	9966800	241	51	0.21161825726141079
pacbio_2_4	conservative	9966800	9966900	242	47	0.19421487603305784
pacbio_2_4	conservative	9966900	9967000	243	61	0.25102880658436216
pacbio_2_4	conservative	9967000	9967100	244	72	0.29508196721311475
pacbio_2_4	conservative	9967100	9967200	246	71	0.2886178861788618
pacbio_2_4	conservative	9967200	9967300	246	92	0.37398373983739835
pacbio_2_4	conservative	9967300	9967400	247	116	0.46963562753036436
pacbio_2_4	conservative	9967400	9967500	245	111	0.4530612244897959
pacbio_2_4	conservative	9967500	9967600	244	114	0.4672131147540984
pacbio_2_4	conservative	9967600	9967700	244	94	0.38524590163934425
pacbio_2_4	conservative	9967700	9967800	246	74	0.3008130081300813
pacbio_2_4	conservative	9967800	9967900	245	69	0.2816326530612245
pacbio_2_4	conservative	9967900	9968000	244	72	0.29508196721311475
pacbio_2_4	conservative	9968000	9968100	245	92	0.37551020408163266
pacbio_2_4	conservative	9968100	9968200	242	89	0.3677685950413223
pacbio_2_4	conservative	9968200	9968300	243	62	0.2551440329218107
pacbio_2_4	conservative	9968300	9968400	242	35	0.1446280991735537
pacbio_2_4	conservative	9968400	9968500	241	39	0.16182572614107885
pacbio_2_4	conservative	9968500	9968600	240	90	0.375
pacbio_2_4	conservative	9968600	9968700	240	102	0.425
pacbio_2_4	conservative	9968700	9968800	240	53	0.22083333333333333
pacbio_2_4	conservative	9968800	9968900	239	42	0.17573221757322174
pacbio_2_4	conservative	9968900	9969000	240	180	0.75
pacbio_2_4	conservative	9969000	9969100	239	206	0.8619246861924686
pacbio_2_4	conservative	9969100	9969200	237	194	0.8185654008438819
pacbio_2_4	conservative	9969200	9969300	238	125	0.5252100840336135
pacbio_2_4	conservative	9969300	9969400	239	124	0.5188284518828452
pacbio_2_4	conservative	9969400	9969500	239	76	0.3179916317991632
pacbio_2_4	conservative	9969500	9969600	239	65	0.2719665271966527
pacbio_2_4	conservative	9969600	9969700	238	57	0.23949579831932774
pacbio_2_4	conservative	9969700	9969800	239	52	0.2175732217573222
pacbio_2_4	conservative	9969800	9969900	238	41	0.1722689075630252
pacbio_2_4	conservative	9969900	9970000	240	55	0.22916666666666666
pacbio_2_4	conservative	9970000	9970100	238	54	0.226890756302521
pacbio_2_4	conservative	9970100	9970200	237	49	0.20675105485232068
pacbio_2_4	conservative	9970200	9970300	240	44	0.18333333333333332
pacbio_2_4	conservative	9970300	9970400	238	38	0.15966386554621848
pacbio_2_4	conservative	9970400	9970500	238	46	0.19327731092436976
pacbio_2_4	conservative	9970500	9970600	237	53	0.22362869198312235
pacbio_2_4	conservative	9970600	9970700	236	44	0.1864406779661017
pacbio_2_4	conservative	9970700	9970800	238	52	0.2184873949579832
pacbio_2_4	conservative	9970800	9970900	235	66	0.28085106382978725
pacbio_2_4	conservative	9970900	9971000	238	56	0.23529411764705882
pacbio_2_4	conservative	9971000	9971100	235	139	0.5914893617021276
pacbio_2_4	conservative	9971100	9971200	231	145	0.6277056277056277
pacbio_2_4	conservative	9971200	9971300	229	80	0.34934497816593885
pacbio_2_4	conservative	9971300	9971400	232	110	0.47413793103448276
pacbio_2_4	conservative	9971400	9971500	231	61	0.26406926406926406
pacbio_2_4	conservative	9971500	9971600	232	101	0.4353448275862069
pacbio_2_4	conservative	9971600	9971700	231	96	0.4155844155844156
pacbio_2_4	conservative	9971700	9971800	230	71	0.30869565217391304
pacbio_2_4	conservative	9971800	9971900	229	75	0.32751091703056767
pacbio_2_4	conservative	9971900	9972000	229	66	0.28820960698689957
pacbio_2_4	conservative	9972000	9972100	229	61	0.2663755458515284
pacbio_2_4	conservative	9972100	9972200	229	77	0.33624454148471616
pacbio_2_4	conservative	9972200	9972300	229	92	0.4017467248908297
pacbio_2_4	conservative	9972300	9972400	230	69	0.3
pacbio_2_4	conservative	9972400	9972500	228	54	0.23684210526315788
pacbio_2_4	conservative	9972500	9972600	227	71	0.31277533039647576
pacbio_2_4	conservative	9972600	9972700	226	67	0.29646017699115046
pacbio_2_4	conservative	9972700	9972800	229	161	0.7030567685589519
pacbio_2_4	conservative	9972800	9972900	228	187	0.8201754385964912
pacbio_2_4	conservative	9972900	9973000	227	187	0.8237885462555066
pacbio_2_4	conservative	9973000	9973100	227	138	0.6079295154185022
pacbio_2_4	conservative	9973100	9973200	228	37	0.16228070175438597
pacbio_2_4	conservative	9973200	9973300	227	69	0.3039647577092511
pacbio_2_4	conservative	9973300	9973400	225	98	0.43555555555555553
pacbio_2_4	conservative	9973400	9973500	227	129	0.5682819383259912
pacbio_2_4	conservative	9973500	9973600	227	124	0.5462555066079295
pacbio_2_4	conservative	9973600	9973700	228	117	0.5131578947368421
pacbio_2_4	conservative	9973700	9973800	227	137	0.6035242290748899
pacbio_2_4	conservative	9973800	9973900	229	135	0.5895196506550219
pacbio_2_4	conservative	9973900	9974000	227	150	0.6607929515418502
pacbio_2_4	conservative	9974000	9974100	225	140	0.6222222222222222
pacbio_2_4	conservative	9974100	9974200	224	136	0.6071428571428571
pacbio_2_4	conservative	9974200	9974300	225	123	0.5466666666666666
pacbio_2_4	conservative	9974300	9974400	223	101	0.452914798206278
pacbio_2_4	conservative	9974400	9974500	223	87	0.3901345291479821
pacbio_2_4	conservative	9974500	9974600	225	82	0.36444444444444446
pacbio_2_4	conservative	9974600	9974700	226	68	0.3008849557522124
pacbio_2_4	conservative	9974700	9974800	224	42	0.1875
pacbio_2_4	conservative	9974800	9974900	224	30	0.13392857142857142
pacbio_2_4	conservative	9974900	9975000	224	38	0.16964285714285715
pacbio_2_4	conservative	9975000	9975100	223	56	0.25112107623318386
pacbio_2_4	conservative	9975100	9975200	224	72	0.32142857142857145
pacbio_2_4	conservative	9975200	9975300	225	69	0.30666666666666664
pacbio_2_4	conservative	9975300	9975400	224	83	0.3705357142857143
pacbio_2_4	conservative	9975400	9975500	224	88	0.39285714285714285
pacbio_2_4	conservative	9975500	9975600	222	85	0.38288288288288286
pacbio_2_4	conservative	9975600	9975700	220	55	0.25
pacbio_2_4	conservative	9975700	9975800	218	49	0.22477064220183487
pacbio_2_4	conservative	9975800	9975900	220	51	0.2318181818181818
pacbio_2_4	conservative	9975900	9976000	219	73	0.3333333333333333
pacbio_2_4	conservative	9976000	9976100	219	76	0.3470319634703196
pacbio_2_4	conservative	9976100	9976200	217	52	0.23963133640552994
pacbio_2_4	conservative	9976200	9976300	217	84	0.3870967741935484
pacbio_2_4	conservative	9976300	9976400	218	97	0.44495412844036697
pacbio_2_4	conservative	9976400	9976500	219	83	0.3789954337899543
pacbio_2_4	conservative	9976500	9976600	217	33	0.15207373271889402
pacbio_2_4	conservative	9976600	9976700	216	21	0.09722222222222222
pacbio_2_4	conservative	9976700	9976800	216	19	0.08796296296296297
pacbio_2_4	conservative	9976800	9976900	215	27	0.12558139534883722
pacbio_2_4	conservative	9976900	9977000	215	46	0.21395348837209302
pacbio_2_4	conservative	9977000	9977100	215	48	0.22325581395348837
pacbio_2_4	conservative	9977100	9977200	216	72	0.3333333333333333
pacbio_2_4	conservative	9977200	9977300	215	73	0.3395348837209302
pacbio_2_4	conservative	9977300	9977400	215	104	0.48372093023255813
pacbio_2_4	conservative	9977400	9977500	215	121	0.5627906976744186
pacbio_2_4	conservative	9977500	9977600	217	117	0.5391705069124424
pacbio_2_4	conservative	9977600	9977700	219	110	0.502283105022831
pacbio_2_4	conservative	9977700	9977800	219	87	0.3972602739726027
pacbio_2_4	conservative	9977800	9977900	218	62	0.28440366972477066
pacbio_2_4	conservative	9977900	9978000	218	62	0.28440366972477066
pacbio_2_4	conservative	9978000	9978100	217	66	0.30414746543778803
pacbio_2_4	conservative	9978100	9978200	216	42	0.19444444444444445
pacbio_2_4	conservative	9978200	9978300	217	46	0.2119815668202765
pacbio_2_4	conservative	9978300	9978400	217	39	0.17972350230414746
pacbio_2_4	conservative	9978400	9978500	219	32	0.1461187214611872
pacbio_2_4	conservative	9978500	9978600	218	33	0.15137614678899083
pacbio_2_4	conservative	9978600	9978700	218	42	0.1926605504587156
pacbio_2_4	conservative	9978700	9978800	217	44	0.20276497695852536
pacbio_2_4	conservative	9978800	9978900	215	76	0.35348837209302325
pacbio_2_4	conservative	9978900	9979000	215	117	0.5441860465116279
pacbio_2_4	conservative	9979000	9979100	218	120	0.5504587155963303
pacbio_2_4	conservative	9979100	9979200	215	189	0.8790697674418605
pacbio_2_4	conservative	9979200	9979300	215	191	0.8883720930232558
pacbio_2_4	conservative	9979300	9979400	219	162	0.7397260273972602
pacbio_2_4	conservative	9979400	9979500	222	107	0.481981981981982
pacbio_2_4	conservative	9979500	9979600	226	71	0.3141592920353982
pacbio_2_4	conservative	9979600	9979700	224	78	0.3482142857142857
pacbio_2_4	conservative	9979700	9979800	223	79	0.3542600896860987
pacbio_2_4	conservative	9979800	9979900	224	62	0.2767857142857143
pacbio_2_4	conservative	9979900	9980000	224	57	0.2544642857142857
pacbio_2_4	conservative	9980000	9980100	226	54	0.23893805309734514
pacbio_2_4	conservative	9980100	9980200	224	48	0.21428571428571427
pacbio_2_4	conservative	9980200	9980300	224	53	0.23660714285714285
pacbio_2_4	conservative	9980300	9980400	224	67	0.29910714285714285
pacbio_2_4	conservative	9980400	9980500	227	71	0.31277533039647576
pacbio_2_4	conservative	9980500	9980600	228	66	0.2894736842105263
pacbio_2_4	conservative	9980600	9980700	228	54	0.23684210526315788
pacbio_2_4	conservative	9980700	9980800	229	60	0.26200873362445415
pacbio_2_4	conservative	9980800	9980900	230	92	0.4
pacbio_2_4	conservative	9980900	9981000	228	112	0.49122807017543857
pacbio_2_4	conservative	9981000	9981100	229	93	0.40611353711790393
pacbio_2_4	conservative	9981100	9981200	232	81	0.34913793103448276
pacbio_2_4	conservative	9981200	9981300	231	89	0.3852813852813853
pacbio_2_4	conservative	9981300	9981400	231	95	0.41125541125541126
pacbio_2_4	conservative	9981400	9981500	232	94	0.4051724137931034
pacbio_2_4	conservative	9981500	9981600	232	69	0.2974137931034483
pacbio_2_4	conservative	9981600	9981700	233	68	0.2918454935622318
pacbio_2_4	conservative	9981700	9981800	230	60	0.2608695652173913
pacbio_2_4	conservative	9981800	9981900	228	65	0.2850877192982456
pacbio_2_4	conservative	9981900	9982000	228	43	0.18859649122807018
pacbio_2_4	conservative	9982000	9982100	227	38	0.16740088105726872
pacbio_2_4	conservative	9982100	9982200	228	49	0.2149122807017544
pacbio_2_4	conservative	9982200	9982300	229	57	0.24890829694323144
pacbio_2_4	conservative	9982300	9982400	230	49	0.21304347826086956
pacbio_2_4	conservative	9982400	9982500	232	58	0.25
pacbio_2_4	conservative	9982500	9982600	233	62	0.26609442060085836
pacbio_2_4	conservative	9982600	9982700	233	48	0.20600858369098712
pacbio_2_4	conservative	9982700	9982800	232	50	0.21551724137931033
pacbio_2_4	conservative	9982800	9982900	233	47	0.2017167381974249
pacbio_2_4	conservative	9982900	9983000	233	44	0.1888412017167382
pacbio_2_4	conservative	9983000	9983100	237	74	0.31223628691983124
pacbio_2_4	conservative	9983100	9983200	239	81	0.3389121338912134
pacbio_2_4	conservative	9983200	9983300	238	68	0.2857142857142857
pacbio_2_4	conservative	9983300	9983400	239	68	0.28451882845188287
pacbio_2_4	conservative	9983400	9983500	244	70	0.28688524590163933
pacbio_2_4	conservative	9983500	9983600	243	74	0.3045267489711934
pacbio_2_4	conservative	9983600	9983700	246	98	0.3983739837398374
pacbio_2_4	conservative	9983700	9983800	249	104	0.41767068273092367
pacbio_2_4	conservative	9983800	9983900	248	74	0.29838709677419356
pacbio_2_4	conservative	9983900	9984000	248	54	0.21774193548387097
pacbio_2_4	conservative	9984000	9984100	250	64	0.256
pacbio_2_4	conservative	9984100	9984200	251	89	0.3545816733067729
pacbio_2_4	conservative	9984200	9984300	252	66	0.2619047619047619
pacbio_2_4	conservative	9984300	9984400	252	56	0.2222222222222222
pacbio_2_4	conservative	9984400	9984500	251	52	0.20717131474103587
pacbio_2_4	conservative	9984500	9984600	254	44	0.1732283464566929
pacbio_2_4	conservative	9984600	9984700	255	45	0.17647058823529413
pacbio_2_4	conservative	9984700	9984800	257	52	0.20233463035019456
pacbio_2_4	conservative	9984800	9984900	257	106	0.41245136186770426
pacbio_2_4	conservative	9984900	9985000	260	144	0.5538461538461539
pacbio_2_4	conservative	9985000	9985100	259	116	0.44787644787644787
pacbio_2_4	conservative	9985100	9985200	260	94	0.36153846153846153
pacbio_2_4	conservative	9985200	9985300	260	83	0.3192307692307692
pacbio_2_4	conservative	9985300	9985400	261	63	0.2413793103448276
pacbio_2_4	conservative	9985400	9985500	262	117	0.44656488549618323
pacbio_2_4	conservative	9985500	9985600	262	126	0.48091603053435117
pacbio_2_4	conservative	9985600	9985700	262	101	0.38549618320610685
pacbio_2_4	conservative	9985700	9985800	260	76	0.2923076923076923
pacbio_2_4	conservative	9985800	9985900	260	53	0.20384615384615384
pacbio_2_4	conservative	9985900	9986000	262	48	0.183206106870229
pacbio_2_4	conservative	9986000	9986100	263	60	0.22813688212927757
pacbio_2_4	conservative	9986100	9986200	262	65	0.2480916030534351
pacbio_2_4	conservative	9986200	9986300	261	67	0.2567049808429119
pacbio_2_4	conservative	9986300	9986400	263	77	0.29277566539923955
pacbio_2_4	conservative	9986400	9986500	265	74	0.2792452830188679
pacbio_2_4	conservative	9986500	9986600	266	55	0.20676691729323307
pacbio_2_4	conservative	9986600	9986700	271	61	0.22509225092250923
pacbio_2_4	conservative	9986700	9986800	269	73	0.27137546468401486
pacbio_2_4	conservative	9986800	9986900	271	65	0.23985239852398524
pacbio_2_4	conservative	9986900	9987000	271	65	0.23985239852398524
pacbio_2_4	conservative	9987000	9987100	273	57	0.2087912087912088
pacbio_2_4	conservative	9987100	9987200	274	60	0.21897810218978103
pacbio_2_4	conservative	9987200	9987300	275	63	0.2290909090909091
pacbio_2_4	conservative	9987300	9987400	275	62	0.22545454545454546
pacbio_2_4	conservative	9987400	9987500	278	63	0.22661870503597123
pacbio_2_4	conservative	9987500	9987600	277	54	0.19494584837545126
pacbio_2_4	conservative	9987600	9987700	277	66	0.23826714801444043
pacbio_2_4	conservative	9987700	9987800	276	76	0.2753623188405797
pacbio_2_4	conservative	9987800	9987900	276	55	0.19927536231884058
pacbio_2_4	conservative	9987900	9988000	277	34	0.12274368231046931
pacbio_2_4	conservative	9988000	9988100	280	38	0.1357142857142857
pacbio_2_4	conservative	9988100	9988200	279	56	0.2007168458781362
pacbio_2_4	conservative	9988200	9988300	280	86	0.30714285714285716
pacbio_2_4	conservative	9988300	9988400	279	99	0.3548387096774194
pacbio_2_4	conservative	9988400	9988500	280	106	0.37857142857142856
pacbio_2_4	conservative	9988500	9988600	282	104	0.36879432624113473
pacbio_2_4	conservative	9988600	9988700	282	68	0.24113475177304963
pacbio_2_4	conservative	9988700	9988800	282	165	0.5851063829787234
pacbio_2_4	conservative	9988800	9988900	284	222	0.7816901408450704
pacbio_2_4	conservative	9988900	9989000	283	229	0.8091872791519434
pacbio_2_4	conservative	9989000	9989100	285	235	0.8245614035087719
pacbio_2_4	conservative	9989100	9989200	284	221	0.778169014084507
pacbio_2_4	conservative	9989200	9989300	288	177	0.6145833333333334
pacbio_2_4	conservative	9989300	9989400	287	72	0.2508710801393728
pacbio_2_4	conservative	9989400	9989500	286	79	0.2762237762237762
pacbio_2_4	conservative	9989500	9989600	287	162	0.5644599303135889
pacbio_2_4	conservative	9989600	9989700	286	170	0.5944055944055944
pacbio_2_4	conservative	9989700	9989800	298	84	0.28187919463087246
pacbio_2_4	conservative	9989800	9989900	291	63	0.21649484536082475
pacbio_2_4	conservative	9989900	9990000	288	32	0.1111111111111111
pacbio_2_4	conservative	9990000	9990100	290	43	0.1482758620689655
pacbio_2_4	conservative	9990100	9990200	291	61	0.20962199312714777
pacbio_2_4	conservative	9990200	9990300	292	53	0.1815068493150685
pacbio_2_4	conservative	9990300	9990400	293	59	0.20136518771331058
pacbio_2_4	conservative	9990400	9990500	296	68	0.22972972972972974
pacbio_2_4	conservative	9990500	9990600	296	95	0.32094594594594594
pacbio_2_4	conservative	9990600	9990700	295	93	0.3152542372881356
pacbio_2_4	conservative	9990700	9990800	295	97	0.3288135593220339
pacbio_2_4	conservative	9990800	9990900	295	79	0.2677966101694915
pacbio_2_4	conservative	9990900	9991000	295	75	0.2542372881355932
pacbio_2_4	conservative	9991000	9991100	295	82	0.27796610169491526
pacbio_2_4	conservative	9991100	9991200	297	72	0.24242424242424243
pacbio_2_4	conservative	9991200	9991300	297	70	0.2356902356902357
pacbio_2_4	conservative	9991300	9991400	297	52	0.1750841750841751
pacbio_2_4	conservative	9991400	9991500	300	56	0.18666666666666668
pacbio_2_4	conservative	9991500	9991600	302	57	0.18874172185430463
pacbio_2_4	conservative	9991600	9991700	305	85	0.2786885245901639
pacbio_2_4	conservative	9991700	9991800	306	92	0.3006535947712418
pacbio_2_4	conservative	9991800	9991900	308	91	0.29545454545454547
pacbio_2_4	conservative	9991900	9992000	310	96	0.3096774193548387
pacbio_2_4	conservative	9992000	9992100	308	78	0.2532467532467532
pacbio_2_4	conservative	9992100	9992200	307	98	0.31921824104234525
pacbio_2_4	conservative	9992200	9992300	310	83	0.267741935483871
pacbio_2_4	conservative	9992300	9992400	311	64	0.2057877813504823
pacbio_2_4	conservative	9992400	9992500	310	94	0.3032258064516129
pacbio_2_4	conservative	9992500	9992600	309	81	0.2621359223300971
pacbio_2_4	conservative	9992600	9992700	308	75	0.2435064935064935
pacbio_2_4	conservative	9992700	9992800	308	65	0.21103896103896103
pacbio_2_4	conservative	9992800	9992900	310	86	0.27741935483870966
pacbio_2_4	conservative	9992900	9993000	311	84	0.27009646302250806
pacbio_2_4	conservative	9993000	9993100	312	58	0.1858974358974359
pacbio_2_4	conservative	9993100	9993200	310	60	0.1935483870967742
pacbio_2_4	conservative	9993200	9993300	309	90	0.2912621359223301
pacbio_2_4	conservative	9993300	9993400	314	98	0.31210191082802546
pacbio_2_4	conservative	9993400	9993500	314	64	0.20382165605095542
pacbio_2_4	conservative	9993500	9993600	314	44	0.14012738853503184
pacbio_2_4	conservative	9993600	9993700	315	51	0.1619047619047619
pacbio_2_4	conservative	9993700	9993800	315	76	0.24126984126984127
pacbio_2_4	conservative	9993800	9993900	314	64	0.20382165605095542
pacbio_2_4	conservative	9993900	9994000	313	39	0.12460063897763578
pacbio_2_4	conservative	9994000	9994100	315	30	0.09523809523809523
pacbio_2_4	conservative	9994100	9994200	313	25	0.07987220447284345
pacbio_2_4	conservative	9994200	9994300	313	31	0.09904153354632587
pacbio_2_4	conservative	9994300	9994400	314	27	0.08598726114649681
pacbio_2_4	conservative	9994400	9994500	315	21	0.06666666666666667
pacbio_2_4	conservative	9994500	9994600	313	56	0.17891373801916932
pacbio_2_4	conservative	9994600	9994700	316	63	0.19936708860759494
pacbio_2_4	conservative	9994700	9994800	317	37	0.1167192429022082
pacbio_2_4	conservative	9994800	9994900	317	53	0.167192429022082
pacbio_2_4	conservative	9994900	9995000	321	48	0.14953271028037382
pacbio_2_4	conservative	9995000	9995100	321	37	0.11526479750778816
pacbio_2_4	conservative	9995100	9995200	322	42	0.13043478260869565
pacbio_2_4	conservative	9995200	9995300	325	60	0.18461538461538463
pacbio_2_4	conservative	9995300	9995400	323	78	0.24148606811145512
pacbio_2_4	conservative	9995400	9995500	326	83	0.254601226993865
pacbio_2_4	conservative	9995500	9995600	326	67	0.20552147239263804
pacbio_2_4	conservative	9995600	9995700	326	77	0.2361963190184049
pacbio_2_4	conservative	9995700	9995800	328	74	0.22560975609756098
pacbio_2_4	conservative	9995800	9995900	330	60	0.18181818181818182
pacbio_2_4	conservative	9995900	9996000	330	29	0.08787878787878788
pacbio_2_4	conservative	9996000	9996100	330	43	0.1303030303030303
pacbio_2_4	conservative	9996100	9996200	331	49	0.14803625377643503
pacbio_2_4	conservative	9996200	9996300	328	67	0.20426829268292682
pacbio_2_4	conservative	9996300	9996400	329	140	0.425531914893617
pacbio_2_4	conservative	9996400	9996500	328	134	0.40853658536585363
pacbio_2_4	conservative	9996500	9996600	328	96	0.2926829268292683
pacbio_2_4	conservative	9996600	9996700	327	83	0.25382262996941896
pacbio_2_4	conservative	9996700	9996800	324	69	0.21296296296296297
pacbio_2_4	conservative	9996800	9996900	323	105	0.32507739938080493
pacbio_2_4	conservative	9996900	9997000	324	115	0.3549382716049383
pacbio_2_4	conservative	9997000	9997100	326	62	0.1901840490797546
pacbio_2_4	conservative	9997100	9997200	328	97	0.29573170731707316
pacbio_2_4	conservative	9997200	9997300	329	74	0.22492401215805471
pacbio_2_4	conservative	9997300	9997400	329	37	0.11246200607902736
pacbio_2_4	conservative	9997400	9997500	325	46	0.14153846153846153
pacbio_2_4	conservative	9997500	9997600	326	66	0.20245398773006135
pacbio_2_4	conservative	9997600	9997700	326	85	0.2607361963190184
pacbio_2_4	conservative	9997700	9997800	325	107	0.3292307692307692
pacbio_2_4	conservative	9997800	9997900	325	102	0.31384615384615383
pacbio_2_4	conservative	9997900	9998000	328	66	0.20121951219512196
pacbio_2_4	conservative	9998000	9998100	328	26	0.07926829268292683
pacbio_2_4	conservative	9998100	9998200	329	41	0.12462006079027356
pacbio_2_4	conservative	9998200	9998300	331	85	0.256797583081571
pacbio_2_4	conservative	9998300	9998400	330	95	0.2878787878787879
pacbio_2_4	conservative	9998400	9998500	331	105	0.31722054380664655
pacbio_2_4	conservative	9998500	9998600	332	103	0.3102409638554217
pacbio_2_4	conservative	9998600	9998700	330	98	0.296969696969697
pacbio_2_4	conservative	9998700	9998800	327	100	0.3058103975535168
pacbio_2_4	conservative	9998800	9998900	329	68	0.2066869300911854
pacbio_2_4	conservative	9998900	9999000	335	53	0.1582089552238806
pacbio_2_4	conservative	9999000	9999100	334	41	0.12275449101796407
pacbio_2_4	conservative	9999100	9999200	333	29	0.08708708708708708
pacbio_2_4	conservative	9999200	9999300	332	34	0.10240963855421686
pacbio_2_4	conservative	9999300	9999400	333	40	0.12012012012012012
pacbio_2_4	conservative	9999400	9999500	332	64	0.1927710843373494
pacbio_2_4	conservative	9999500	9999600	331	83	0.25075528700906347
pacbio_2_4	conservative	9999600	9999700	332	95	0.286144578313253
pacbio_2_4	conservative	9999700	9999800	335	103	0.3074626865671642
pacbio_2_4	conservative	9999800	9999900	334	94	0.281437125748503
pacbio_2_4	conservative	9999900	10000000	336	87	0.25892857142857145
pacbio_2_4	conservative	10000000	10000100	336	92	0.27380952380952384
pacbio_2_4	conservative	10000100	10000200	334	91	0.27245508982035926
pacbio_2_4	conservative	10000200	10000300	334	42	0.12574850299401197
pacbio_2_4	conservative	10000300	10000400	334	17	0.05089820359281437
pacbio_2_4	conservative	10000400	10000500	333	35	0.10510510510510511
pacbio_2_4	conservative	10000500	10000600	331	78	0.23564954682779457
pacbio_2_4	conservative	10000600	10000700	332	69	0.20783132530120482
pacbio_2_4	conservative	10000700	10000800	332	73	0.21987951807228914
pacbio_2_4	conservative	10000800	10000900	334	50	0.1497005988023952
pacbio_2_4	conservative	10000900	10001000	331	33	0.09969788519637462
pacbio_2_4	conservative	10001000	10001100	331	57	0.17220543806646527
pacbio_2_4	conservative	10001100	10001200	331	57	0.17220543806646527
pacbio_2_4	conservative	10001200	10001300	332	62	0.18674698795180722
pacbio_2_4	conservative	10001300	10001400	334	65	0.19461077844311378
pacbio_2_4	conservative	10001400	10001500	333	58	0.17417417417417416
pacbio_2_4	conservative	10001500	10001600	333	74	0.2222222222222222
pacbio_2_4	conservative	10001600	10001700	335	34	0.10149253731343283
pacbio_2_4	conservative	10001700	10001800	334	30	0.08982035928143713
pacbio_2_4	conservative	10001800	10001900	334	39	0.11676646706586827
pacbio_2_4	conservative	10001900	10002000	333	41	0.12312312312312312
pacbio_2_4	conservative	10002000	10002100	334	38	0.11377245508982035
pacbio_2_4	conservative	10002100	10002200	333	64	0.1921921921921922
pacbio_2_4	conservative	10002200	10002300	334	64	0.19161676646706588
pacbio_2_4	conservative	10002300	10002400	335	69	0.20597014925373133
pacbio_2_4	conservative	10002400	10002500	335	79	0.23582089552238805
pacbio_2_4	conservative	10002500	10002600	336	118	0.35119047619047616
pacbio_2_4	conservative	10002600	10002700	336	105	0.3125
pacbio_2_4	conservative	10002700	10002800	341	49	0.1436950146627566
pacbio_2_4	conservative	10002800	10002900	343	25	0.0728862973760933
pacbio_2_4	conservative	10002900	10003000	343	49	0.14285714285714285
pacbio_2_4	conservative	10003000	10003100	342	64	0.1871345029239766
pacbio_2_4	conservative	10003100	10003200	342	79	0.2309941520467836
pacbio_2_4	conservative	10003200	10003300	342	72	0.21052631578947367
pacbio_2_4	conservative	10003300	10003400	341	70	0.20527859237536658
pacbio_2_4	conservative	10003400	10003500	341	51	0.1495601173020528
pacbio_2_4	conservative	10003500	10003600	340	63	0.18529411764705883
pacbio_2_4	conservative	10003600	10003700	339	38	0.11209439528023599
pacbio_2_4	conservative	10003700	10003800	339	44	0.12979351032448377
pacbio_2_4	conservative	10003800	10003900	339	43	0.12684365781710916
pacbio_2_4	conservative	10003900	10004000	339	26	0.07669616519174041
pacbio_2_4	conservative	10004000	10004100	336	25	0.0744047619047619
pacbio_2_4	conservative	10004100	10004200	335	46	0.1373134328358209
pacbio_2_4	conservative	10004200	10004300	333	59	0.17717717717717718
pacbio_2_4	conservative	10004300	10004400	329	78	0.23708206686930092
pacbio_2_4	conservative	10004400	10004500	329	58	0.1762917933130699
pacbio_2_4	conservative	10004500	10004600	327	50	0.1529051987767584
pacbio_2_4	conservative	10004600	10004700	327	47	0.1437308868501529
pacbio_2_4	conservative	10004700	10004800	327	70	0.21406727828746178
pacbio_2_4	conservative	10004800	10004900	325	87	0.2676923076923077
pacbio_2_4	conservative	10004900	10005000	323	50	0.15479876160990713
pacbio_2_4	conservative	10005000	10005100	320	58	0.18125
pacbio_2_4	conservative	10005100	10005200	320	85	0.265625
pacbio_2_4	conservative	10005200	10005300	318	85	0.2672955974842767
pacbio_2_4	conservative	10005300	10005400	317	76	0.23974763406940064
pacbio_2_4	conservative	10005400	10005500	317	61	0.19242902208201892
pacbio_2_4	conservative	10005500	10005600	315	56	0.17777777777777778
pacbio_2_4	conservative	10005600	10005700	314	39	0.12420382165605096
pacbio_2_4	conservative	10005700	10005800	312	64	0.20512820512820512
pacbio_2_4	conservative	10005800	10005900	311	80	0.2572347266881029
pacbio_2_4	conservative	10005900	10006000	308	48	0.15584415584415584
pacbio_2_4	topology_fragment	9954000	9954100	281	34	0.12099644128113879
pacbio_2_4	topology_fragment	9954100	9954200	279	27	0.0967741935483871
pacbio_2_4	topology_fragment	9954200	9954300	279	25	0.08960573476702509
pacbio_2_4	topology_fragment	9954300	9954400	278	35	0.12589928057553956
pacbio_2_4	topology_fragment	9954400	9954500	278	35	0.12589928057553956
pacbio_2_4	topology_fragment	9954500	9954600	280	44	0.15714285714285714
pacbio_2_4	topology_fragment	9954600	9954700	280	34	0.12142857142857143
pacbio_2_4	topology_fragment	9954700	9954800	279	34	0.12186379928315412
pacbio_2_4	topology_fragment	9954800	9954900	276	43	0.15579710144927536
pacbio_2_4	topology_fragment	9954900	9955000	276	35	0.12681159420289856
pacbio_2_4	topology_fragment	9955000	9955100	279	67	0.24014336917562723
pacbio_2_4	topology_fragment	9955100	9955200	280	127	0.45357142857142857
pacbio_2_4	topology_fragment	9955200	9955300	281	153	0.5444839857651246
pacbio_2_4	topology_fragment	9955300	9955400	280	159	0.5678571428571428
pacbio_2_4	topology_fragment	9955400	9955500	278	109	0.3920863309352518
pacbio_2_4	topology_fragment	9955500	9955600	275	72	0.26181818181818184
pacbio_2_4	topology_fragment	9955600	9955700	275	126	0.4581818181818182
pacbio_2_4	topology_fragment	9955700	9955800	277	129	0.4657039711191336
pacbio_2_4	topology_fragment	9955800	9955900	276	69	0.25
pacbio_2_4	topology_fragment	9955900	9956000	277	69	0.2490974729241877
pacbio_2_4	topology_fragment	9956000	9956100	279	71	0.25448028673835127
pacbio_2_4	topology_fragment	9956100	9956200	278	38	0.1366906474820144
pacbio_2_4	topology_fragment	9956200	9956300	281	54	0.19217081850533807
pacbio_2_4	topology_fragment	9956300	9956400	281	74	0.26334519572953735
pacbio_2_4	topology_fragment	9956400	9956500	282	80	0.28368794326241137
pacbio_2_4	topology_fragment	9956500	9956600	282	72	0.2553191489361702
pacbio_2_4	topology_fragment	9956600	9956700	283	68	0.24028268551236748
pacbio_2_4	topology_fragment	9956700	9956800	286	57	0.1993006993006993
pacbio_2_4	topology_fragment	9956800	9956900	282	23	0.08156028368794327
pacbio_2_4	topology_fragment	9956900	9957000	280	26	0.09285714285714286
pacbio_2_4	topology_fragment	9957000	9957100	280	44	0.15714285714285714
pacbio_2_4	topology_fragment	9957100	9957200	281	61	0.21708185053380782
pacbio_2_4	topology_fragment	9957200	9957300	281	54	0.19217081850533807
pacbio_2_4	topology_fragment	9957300	9957400	280	19	0.06785714285714285
pacbio_2_4	topology_fragment	9957400	9957500	279	29	0.1039426523297491
pacbio_2_4	topology_fragment	9957500	9957600	280	50	0.17857142857142858
pacbio_2_4	topology_fragment	9957600	9957700	283	50	0.17667844522968199
pacbio_2_4	topology_fragment	9957700	9957800	283	37	0.13074204946996468
pacbio_2_4	topology_fragment	9957800	9957900	281	32	0.11387900355871886
pacbio_2_4	topology_fragment	9957900	9958000	283	41	0.14487632508833923
pacbio_2_4	topology_fragment	9958000	9958100	281	44	0.15658362989323843
pacbio_2_4	topology_fragment	9958100	9958200	281	45	0.1601423487544484
pacbio_2_4	topology_fragment	9958200	9958300	283	37	0.13074204946996468
pacbio_2_4	topology_fragment	9958300	9958400	283	39	0.13780918727915195
pacbio_2_4	topology_fragment	9958400	9958500	283	49	0.17314487632508835
pacbio_2_4	topology_fragment	9958500	9958600	283	66	0.2332155477031802
pacbio_2_4	topology_fragment	9958600	9958700	281	63	0.22419928825622776
pacbio_2_4	topology_fragment	9958700	9958800	283	118	0.4169611307420495
pacbio_2_4	topology_fragment	9958800	9958900	282	174	0.6170212765957447
pacbio_2_4	topology_fragment	9958900	9959000	278	147	0.5287769784172662
pacbio_2_4	topology_fragment	9959000	9959100	276	33	0.11956521739130435
pacbio_2_4	topology_fragment	9959100	9959200	274	25	0.09124087591240876
pacbio_2_4	topology_fragment	9959200	9959300	275	43	0.15636363636363637
pacbio_2_4	topology_fragment	9959300	9959400	277	47	0.16967509025270758
pacbio_2_4	topology_fragment	9959400	9959500	277	65	0.23465703971119134
pacbio_2_4	topology_fragment	9959500	9959600	277	87	0.3140794223826715
pacbio_2_4	topology_fragment	9959600	9959700	275	118	0.4290909090909091
pacbio_2_4	topology_fragment	9959700	9959800	275	140	0.509090909090909
pacbio_2_4	topology_fragment	9959800	9959900	270	121	0.44814814814814813
pacbio_2_4	topology_fragment	9959900	9960000	269	176	0.654275092936803
pacbio_2_4	topology_fragment	9960000	9960100	269	211	0.7843866171003717
pacbio_2_4	topology_fragment	9960100	9960200	268	171	0.6380597014925373
pacbio_2_4	topology_fragment	9960200	9960300	265	148	0.5584905660377358
pacbio_2_4	topology_fragment	9960300	9960400	265	164	0.6188679245283019
pacbio_2_4	topology_fragment	9960400	9960500	264	130	0.49242424242424243
pacbio_2_4	topology_fragment	9960500	9960600	261	81	0.3103448275862069
pacbio_2_4	topology_fragment	9960600	9960700	261	74	0.2835249042145594
pacbio_2_4	topology_fragment	9960700	9960800	262	74	0.2824427480916031
pacbio_2_4	topology_fragment	9960800	9960900	261	69	0.26436781609195403
pacbio_2_4	topology_fragment	9960900	9961000	257	55	0.2140077821011673
pacbio_2_4	topology_fragment	9961000	9961100	254	60	0.23622047244094488
pacbio_2_4	topology_fragment	9961100	9961200	253	61	0.24110671936758893
pacbio_2_4	topology_fragment	9961200	9961300	250	55	0.22
pacbio_2_4	topology_fragment	9961300	9961400	250	34	0.136
pacbio_2_4	topology_fragment	9961400	9961500	249	36	0.14457831325301204
pacbio_2_4	topology_fragment	9961500	9961600	247	61	0.24696356275303644
pacbio_2_4	topology_fragment	9961600	9961700	246	63	0.25609756097560976
pacbio_2_4	topology_fragment	9961700	9961800	246	46	0.18699186991869918
pacbio_2_4	topology_fragment	9961800	9961900	245	39	0.15918367346938775
pacbio_2_4	topology_fragment	9961900	9962000	244	65	0.26639344262295084
pacbio_2_4	topology_fragment	9962000	9962100	242	68	0.2809917355371901
pacbio_2_4	topology_fragment	9962100	9962200	242	52	0.21487603305785125
pacbio_2_4	topology_fragment	9962200	9962300	241	63	0.26141078838174275
pacbio_2_4	topology_fragment	9962300	9962400	240	57	0.2375
pacbio_2_4	topology_fragment	9962400	9962500	241	57	0.23651452282157676
pacbio_2_4	topology_fragment	9962500	9962600	241	61	0.25311203319502074
pacbio_2_4	topology_fragment	9962600	9962700	240	48	0.2
pacbio_2_4	topology_fragment	9962700	9962800	241	65	0.2697095435684647
pacbio_2_4	topology_fragment	9962800	9962900	238	54	0.226890756302521
pacbio_2_4	topology_fragment	9962900	9963000	238	34	0.14285714285714285
pacbio_2_4	topology_fragment	9963000	9963100	238	38	0.15966386554621848
pacbio_2_4	topology_fragment	9963100	9963200	237	52	0.21940928270042195
pacbio_2_4	topology_fragment	9963200	9963300	236	77	0.326271186440678
pacbio_2_4	topology_fragment	9963300	9963400	236	78	0.3305084745762712
pacbio_2_4	topology_fragment	9963400	9963500	236	78	0.3305084745762712
pacbio_2_4	topology_fragment	9963500	9963600	237	56	0.23628691983122363
pacbio_2_4	topology_fragment	9963600	9963700	237	34	0.14345991561181434
pacbio_2_4	topology_fragment	9963700	9963800	238	27	0.1134453781512605
pacbio_2_4	topology_fragment	9963800	9963900	236	30	0.1271186440677966
pacbio_2_4	topology_fragment	9963900	9964000	238	47	0.19747899159663865
pacbio_2_4	topology_fragment	9964000	9964100	234	49	0.2094017094017094
pacbio_2_4	topology_fragment	9964100	9964200	236	64	0.2711864406779661
pacbio_2_4	topology_fragment	9964200	9964300	236	59	0.25
pacbio_2_4	topology_fragment	9964300	9964400	234	56	0.23931623931623933
pacbio_2_4	topology_fragment	9964400	9964500	235	59	0.251063829787234
pacbio_2_4	topology_fragment	9964500	9964600	237	55	0.2320675105485232
pacbio_2_4	topology_fragment	9964600	9964700	240	50	0.20833333333333334
pacbio_2_4	topology_fragment	9964700	9964800	241	60	0.24896265560165975
pacbio_2_4	topology_fragment	9964800	9964900	243	70	0.2880658436213992
pacbio_2_4	topology_fragment	9964900	9965000	244	74	0.30327868852459017
pacbio_2_4	topology_fragment	9965000	9965100	247	178	0.7206477732793523
pacbio_2_4	topology_fragment	9965100	9965200	247	156	0.631578947368421
pacbio_2_4	topology_fragment	9965200	9965300	246	26	0.10569105691056911
pacbio_2_4	topology_fragment	9965300	9965400	246	30	0.12195121951219512
pacbio_2_4	topology_fragment	9965400	9965500	245	57	0.23265306122448978
pacbio_2_4	topology_fragment	9965500	9965600	244	51	0.20901639344262296
pacbio_2_4	topology_fragment	9965600	9965700	241	30	0.12448132780082988
pacbio_2_4	topology_fragment	9965700	9965800	243	29	0.11934156378600823
pacbio_2_4	topology_fragment	9965800	9965900	242	21	0.08677685950413223
pacbio_2_4	topology_fragment	9965900	9966000	242	52	0.21487603305785125
pacbio_2_4	topology_fragment	9966000	9966100	240	48	0.2
pacbio_2_4	topology_fragment	9966100	9966200	242	30	0.12396694214876033
pacbio_2_4	topology_fragment	9966200	9966300	241	33	0.13692946058091288
pacbio_2_4	topology_fragment	9966300	9966400	241	62	0.2572614107883817
pacbio_2_4	topology_fragment	9966400	9966500	240	60	0.25
pacbio_2_4	topology_fragment	9966500	9966600	240	29	0.12083333333333333
pacbio_2_4	topology_fragment	9966600	9966700	240	33	0.1375
pacbio_2_4	topology_fragment	9966700	9966800	241	34	0.14107883817427386
pacbio_2_4	topology_fragment	9966800	9966900	242	36	0.1487603305785124
pacbio_2_4	topology_fragment	9966900	9967000	243	47	0.1934156378600823
pacbio_2_4	topology_fragment	9967000	9967100	244	56	0.22950819672131148
pacbio_2_4	topology_fragment	9967100	9967200	246	63	0.25609756097560976
pacbio_2_4	topology_fragment	9967200	9967300	246	76	0.3089430894308943
pacbio_2_4	topology_fragment	9967300	9967400	247	104	0.42105263157894735
pacbio_2_4	topology_fragment	9967400	9967500	245	103	0.4204081632653061
pacbio_2_4	topology_fragment	9967500	9967600	244	101	0.4139344262295082
pacbio_2_4	topology_fragment	9967600	9967700	244	76	0.3114754098360656
pacbio_2_4	topology_fragment	9967700	9967800	246	62	0.25203252032520324
pacbio_2_4	topology_fragment	9967800	9967900	245	63	0.2571428571428571
pacbio_2_4	topology_fragment	9967900	9968000	244	56	0.22950819672131148
pacbio_2_4	topology_fragment	9968000	9968100	245	75	0.30612244897959184
pacbio_2_4	topology_fragment	9968100	9968200	242	69	0.28512396694214875
pacbio_2_4	topology_fragment	9968200	9968300	243	46	0.18930041152263374
pacbio_2_4	topology_fragment	9968300	9968400	242	23	0.09504132231404959
pacbio_2_4	topology_fragment	9968400	9968500	241	31	0.12863070539419086
pacbio_2_4	topology_fragment	9968500	9968600	240	81	0.3375
pacbio_2_4	topology_fragment	9968600	9968700	240	91	0.37916666666666665
pacbio_2_4	topology_fragment	9968700	9968800	240	45	0.1875
pacbio_2_4	topology_fragment	9968800	9968900	239	37	0.15481171548117154
pacbio_2_4	topology_fragment	9968900	9969000	240	160	0.6666666666666666
pacbio_2_4	topology_fragment	9969000	9969100	239	189	0.7907949790794979
pacbio_2_4	topology_fragment	9969100	9969200	237	178	0.7510548523206751
pacbio_2_4	topology_fragment	9969200	9969300	238	100	0.42016806722689076
pacbio_2_4	topology_fragment	9969300	9969400	239	112	0.4686192468619247
pacbio_2_4	topology_fragment	9969400	9969500	239	61	0.25523012552301255
pacbio_2_4	topology_fragment	9969500	9969600	239	45	0.18828451882845187
pacbio_2_4	topology_fragment	9969600	9969700	238	45	0.18907563025210083
pacbio_2_4	topology_fragment	9969700	9969800	239	45	0.18828451882845187
pacbio_2_4	topology_fragment	9969800	9969900	238	35	0.14705882352941177
pacbio_2_4	topology_fragment	9969900	9970000	240	41	0.17083333333333334
pacbio_2_4	topology_fragment	9970000	9970100	238	40	0.16806722689075632
pacbio_2_4	topology_fragment	9970100	9970200	237	39	0.16455696202531644
pacbio_2_4	topology_fragment	9970200	9970300	240	36	0.15
pacbio_2_4	topology_fragment	9970300	9970400	238	30	0.12605042016806722
pacbio_2_4	topology_fragment	9970400	9970500	238	41	0.1722689075630252
pacbio_2_4	topology_fragment	9970500	9970600	237	42	0.17721518987341772
pacbio_2_4	topology_fragment	9970600	9970700	236	33	0.13983050847457626
pacbio_2_4	topology_fragment	9970700	9970800	238	41	0.1722689075630252
pacbio_2_4	topology_fragment	9970800	9970900	235	52	0.22127659574468084
pacbio_2_4	topology_fragment	9970900	9971000	238	49	0.20588235294117646
pacbio_2_4	topology_fragment	9971000	9971100	235	125	0.5319148936170213
pacbio_2_4	topology_fragment	9971100	9971200	231	130	0.5627705627705628
pacbio_2_4	topology_fragment	9971200	9971300	229	72	0.314410480349345
pacbio_2_4	topology_fragment	9971300	9971400	232	89	0.38362068965517243
pacbio_2_4	topology_fragment	9971400	9971500	231	51	0.22077922077922077
pacbio_2_4	topology_fragment	9971500	9971600	232	90	0.3879310344827586
pacbio_2_4	topology_fragment	9971600	9971700	231	79	0.341991341991342
pacbio_2_4	topology_fragment	9971700	9971800	230	58	0.25217391304347825
pacbio_2_4	topology_fragment	9971800	9971900	229	67	0.2925764192139738
pacbio_2_4	topology_fragment	9971900	9972000	229	58	0.25327510917030566
pacbio_2_4	topology_fragment	9972000	9972100	229	54	0.23580786026200873
pacbio_2_4	topology_fragment	9972100	9972200	229	70	0.3056768558951965
pacbio_2_4	topology_fragment	9972200	9972300	229	81	0.3537117903930131
pacbio_2_4	topology_fragment	9972300	9972400	230	51	0.2217391304347826
pacbio_2_4	topology_fragment	9972400	9972500	228	41	0.17982456140350878
pacbio_2_4	topology_fragment	9972500	9972600	227	62	0.27312775330396477
pacbio_2_4	topology_fragment	9972600	9972700	226	57	0.252212389380531
pacbio_2_4	topology_fragment	9972700	9972800	229	150	0.6550218340611353
pacbio_2_4	topology_fragment	9972800	9972900	228	179	0.7850877192982456
pacbio_2_4	topology_fragment	9972900	9973000	227	178	0.7841409691629956
pacbio_2_4	topology_fragment	9973000	9973100	227	129	0.5682819383259912
pacbio_2_4	topology_fragment	9973100	9973200	228	31	0.13596491228070176
pacbio_2_4	topology_fragment	9973200	9973300	227	60	0.2643171806167401
pacbio_2_4	topology_fragment	9973300	9973400	225	89	0.39555555555555555
pacbio_2_4	topology_fragment	9973400	9973500	227	116	0.5110132158590308
pacbio_2_4	topology_fragment	9973500	9973600	227	112	0.4933920704845815
pacbio_2_4	topology_fragment	9973600	9973700	228	112	0.49122807017543857
pacbio_2_4	topology_fragment	9973700	9973800	227	115	0.5066079295154186
pacbio_2_4	topology_fragment	9973800	9973900	229	119	0.519650655021834
pacbio_2_4	topology_fragment	9973900	9974000	227	139	0.6123348017621145
pacbio_2_4	topology_fragment	9974000	9974100	225	128	0.5688888888888889
pacbio_2_4	topology_fragment	9974100	9974200	224	130	0.5803571428571429
pacbio_2_4	topology_fragment	9974200	9974300	225	117	0.52
pacbio_2_4	topology_fragment	9974300	9974400	223	89	0.3991031390134529
pacbio_2_4	topology_fragment	9974400	9974500	223	74	0.33183856502242154
pacbio_2_4	topology_fragment	9974500	9974600	225	75	0.3333333333333333
pacbio_2_4	topology_fragment	9974600	9974700	226	58	0.25663716814159293
pacbio_2_4	topology_fragment	9974700	9974800	224	33	0.14732142857142858
pacbio_2_4	topology_fragment	9974800	9974900	224	26	0.11607142857142858
pacbio_2_4	topology_fragment	9974900	9975000	224	33	0.14732142857142858
pacbio_2_4	topology_fragment	9975000	9975100	223	41	0.18385650224215247
pacbio_2_4	topology_fragment	9975100	9975200	224	65	0.29017857142857145
pacbio_2_4	topology_fragment	9975200	9975300	225	59	0.26222222222222225
pacbio_2_4	topology_fragment	9975300	9975400	224	65	0.29017857142857145
pacbio_2_4	topology_fragment	9975400	9975500	224	79	0.35267857142857145
pacbio_2_4	topology_fragment	9975500	9975600	222	76	0.34234234234234234
pacbio_2_4	topology_fragment	9975600	9975700	220	38	0.17272727272727273
pacbio_2_4	topology_fragment	9975700	9975800	218	37	0.16972477064220184
pacbio_2_4	topology_fragment	9975800	9975900	220	47	0.21363636363636362
pacbio_2_4	topology_fragment	9975900	9976000	219	66	0.3013698630136986
pacbio_2_4	topology_fragment	9976000	9976100	219	66	0.3013698630136986
pacbio_2_4	topology_fragment	9976100	9976200	217	40	0.18433179723502305
pacbio_2_4	topology_fragment	9976200	9976300	217	72	0.3317972350230415
pacbio_2_4	topology_fragment	9976300	9976400	218	88	0.4036697247706422
pacbio_2_4	topology_fragment	9976400	9976500	219	74	0.3378995433789954
pacbio_2_4	topology_fragment	9976500	9976600	217	30	0.1382488479262673
pacbio_2_4	topology_fragment	9976600	9976700	216	18	0.08333333333333333
pacbio_2_4	topology_fragment	9976700	9976800	216	15	0.06944444444444445
pacbio_2_4	topology_fragment	9976800	9976900	215	18	0.08372093023255814
pacbio_2_4	topology_fragment	9976900	9977000	215	27	0.12558139534883722
pacbio_2_4	topology_fragment	9977000	9977100	215	33	0.15348837209302327
pacbio_2_4	topology_fragment	9977100	9977200	216	62	0.28703703703703703
pacbio_2_4	topology_fragment	9977200	9977300	215	68	0.31627906976744186
pacbio_2_4	topology_fragment	9977300	9977400	215	97	0.4511627906976744
pacbio_2_4	topology_fragment	9977400	9977500	215	115	0.5348837209302325
pacbio_2_4	topology_fragment	9977500	9977600	217	109	0.5023041474654378
pacbio_2_4	topology_fragment	9977600	9977700	219	99	0.4520547945205479
pacbio_2_4	topology_fragment	9977700	9977800	219	82	0.3744292237442922
pacbio_2_4	topology_fragment	9977800	9977900	218	57	0.26146788990825687
pacbio_2_4	topology_fragment	9977900	9978000	218	56	0.25688073394495414
pacbio_2_4	topology_fragment	9978000	9978100	217	53	0.24423963133640553
pacbio_2_4	topology_fragment	9978100	9978200	216	32	0.14814814814814814
pacbio_2_4	topology_fragment	9978200	9978300	217	34	0.15668202764976957
pacbio_2_4	topology_fragment	9978300	9978400	217	27	0.12442396313364056
pacbio_2_4	topology_fragment	9978400	9978500	219	21	0.0958904109589041
pacbio_2_4	topology_fragment	9978500	9978600	218	29	0.13302752293577982
pacbio_2_4	topology_fragment	9978600	9978700	218	33	0.15137614678899083
pacbio_2_4	topology_fragment	9978700	9978800	217	34	0.15668202764976957
pacbio_2_4	topology_fragment	9978800	9978900	215	60	0.27906976744186046
pacbio_2_4	topology_fragment	9978900	9979000	215	96	0.44651162790697674
pacbio_2_4	topology_fragment	9979000	9979100	218	99	0.4541284403669725
pacbio_2_4	topology_fragment	9979100	9979200	215	175	0.813953488372093
pacbio_2_4	topology_fragment	9979200	9979300	215	182	0.8465116279069768
pacbio_2_4	topology_fragment	9979300	9979400	219	155	0.7077625570776256
pacbio_2_4	topology_fragment	9979400	9979500	222	95	0.42792792792792794
pacbio_2_4	topology_fragment	9979500	9979600	226	60	0.26548672566371684
pacbio_2_4	topology_fragment	9979600	9979700	224	63	0.28125
pacbio_2_4	topology_fragment	9979700	9979800	223	60	0.26905829596412556
pacbio_2_4	topology_fragment	9979800	9979900	224	51	0.22767857142857142
pacbio_2_4	topology_fragment	9979900	9980000	224	49	0.21875
pacbio_2_4	topology_fragment	9980000	9980100	226	39	0.17256637168141592
pacbio_2_4	topology_fragment	9980100	9980200	224	34	0.15178571428571427
pacbio_2_4	topology_fragment	9980200	9980300	224	31	0.13839285714285715
pacbio_2_4	topology_fragment	9980300	9980400	224	45	0.20089285714285715
pacbio_2_4	topology_fragment	9980400	9980500	227	50	0.22026431718061673
pacbio_2_4	topology_fragment	9980500	9980600	228	47	0.20614035087719298
pacbio_2_4	topology_fragment	9980600	9980700	228	44	0.19298245614035087
pacbio_2_4	topology_fragment	9980700	9980800	229	49	0.21397379912663755
pacbio_2_4	topology_fragment	9980800	9980900	230	79	0.34347826086956523
pacbio_2_4	topology_fragment	9980900	9981000	228	102	0.4473684210526316
pacbio_2_4	topology_fragment	9981000	9981100	229	84	0.36681222707423583
pacbio_2_4	topology_fragment	9981100	9981200	232	64	0.27586206896551724
pacbio_2_4	topology_fragment	9981200	9981300	231	69	0.2987012987012987
pacbio_2_4	topology_fragment	9981300	9981400	231	76	0.329004329004329
pacbio_2_4	topology_fragment	9981400	9981500	232	84	0.3620689655172414
pacbio_2_4	topology_fragment	9981500	9981600	232	63	0.27155172413793105
pacbio_2_4	topology_fragment	9981600	9981700	233	62	0.26609442060085836
pacbio_2_4	topology_fragment	9981700	9981800	230	42	0.1826086956521739
pacbio_2_4	topology_fragment	9981800	9981900	228	45	0.19736842105263158
pacbio_2_4	topology_fragment	9981900	9982000	228	29	0.12719298245614036
pacbio_2_4	topology_fragment	9982000	9982100	227	24	0.10572687224669604
pacbio_2_4	topology_fragment	9982100	9982200	228	36	0.15789473684210525
pacbio_2_4	topology_fragment	9982200	9982300	229	39	0.1703056768558952
pacbio_2_4	topology_fragment	9982300	9982400	230	36	0.1565217391304348
pacbio_2_4	topology_fragment	9982400	9982500	232	45	0.1939655172413793
pacbio_2_4	topology_fragment	9982500	9982600	233	50	0.2145922746781116
pacbio_2_4	topology_fragment	9982600	9982700	233	36	0.15450643776824036
pacbio_2_4	topology_fragment	9982700	9982800	232	41	0.17672413793103448
pacbio_2_4	topology_fragment	9982800	9982900	233	34	0.1459227467811159
pacbio_2_4	topology_fragment	9982900	9983000	233	35	0.15021459227467812
pacbio_2_4	topology_fragment	9983000	9983100	237	59	0.2489451476793249
pacbio_2_4	topology_fragment	9983100	9983200	239	62	0.2594142259414226
pacbio_2_4	topology_fragment	9983200	9983300	238	46	0.19327731092436976
pacbio_2_4	topology_fragment	9983300	9983400	239	49	0.20502092050209206
pacbio_2_4	topology_fragment	9983400	9983500	244	55	0.22540983606557377
pacbio_2_4	topology_fragment	9983500	9983600	243	58	0.23868312757201646
pacbio_2_4	topology_fragment	9983600	9983700	246	91	0.3699186991869919
pacbio_2_4	topology_fragment	9983700	9983800	249	94	0.37751004016064255
pacbio_2_4	topology_fragment	9983800	9983900	248	66	0.2661290322580645
pacbio_2_4	topology_fragment	9983900	9984000	248	48	0.1935483870967742
pacbio_2_4	topology_fragment	9984000	9984100	250	43	0.172
pacbio_2_4	topology_fragment	9984100	9984200	251	79	0.3147410358565737
pacbio_2_4	topology_fragment	9984200	9984300	252	56	0.2222222222222222
pacbio_2_4	topology_fragment	9984300	9984400	252	38	0.15079365079365079
pacbio_2_4	topology_fragment	9984400	9984500	251	40	0.1593625498007968
pacbio_2_4	topology_fragment	9984500	9984600	254	36	0.14173228346456693
pacbio_2_4	topology_fragment	9984600	9984700	255	32	0.12549019607843137
pacbio_2_4	topology_fragment	9984700	9984800	257	39	0.1517509727626459
pacbio_2_4	topology_fragment	9984800	9984900	257	93	0.36186770428015563
pacbio_2_4	topology_fragment	9984900	9985000	260	129	0.49615384615384617
pacbio_2_4	topology_fragment	9985000	9985100	259	104	0.4015444015444015
pacbio_2_4	topology_fragment	9985100	9985200	260	83	0.3192307692307692
pacbio_2_4	topology_fragment	9985200	9985300	260	75	0.28846153846153844
pacbio_2_4	topology_fragment	9985300	9985400	261	52	0.19923371647509577
pacbio_2_4	topology_fragment	9985400	9985500	262	101	0.38549618320610685
pacbio_2_4	topology_fragment	9985500	9985600	262	111	0.42366412213740456
pacbio_2_4	topology_fragment	9985600	9985700	262	85	0.3244274809160305
pacbio_2_4	topology_fragment	9985700	9985800	260	58	0.2230769230769231
pacbio_2_4	topology_fragment	9985800	9985900	260	39	0.15
pacbio_2_4	topology_fragment	9985900	9986000	262	41	0.15648854961832062
pacbio_2_4	topology_fragment	9986000	9986100	263	48	0.18250950570342206
pacbio_2_4	topology_fragment	9986100	9986200	262	51	0.1946564885496183
pacbio_2_4	topology_fragment	9986200	9986300	261	59	0.2260536398467433
pacbio_2_4	topology_fragment	9986300	9986400	263	58	0.22053231939163498
pacbio_2_4	topology_fragment	9986400	9986500	265	63	0.23773584905660378
pacbio_2_4	topology_fragment	9986500	9986600	266	44	0.16541353383458646
pacbio_2_4	topology_fragment	9986600	9986700	271	52	0.1918819188191882
pacbio_2_4	topology_fragment	9986700	9986800	269	62	0.23048327137546468
pacbio_2_4	topology_fragment	9986800	9986900	271	52	0.1918819188191882
pacbio_2_4	topology_fragment	9986900	9987000	271	55	0.2029520295202952
pacbio_2_4	topology_fragment	9987000	9987100	273	48	0.17582417582417584
pacbio_2_4	topology_fragment	9987100	9987200	274	50	0.18248175182481752
pacbio_2_4	topology_fragment	9987200	9987300	275	50	0.18181818181818182
pacbio_2_4	topology_fragment	9987300	9987400	275	49	0.1781818181818182
pacbio_2_4	topology_fragment	9987400	9987500	278	48	0.17266187050359713
pacbio_2_4	topology_fragment	9987500	9987600	277	43	0.1552346570397112
pacbio_2_4	topology_fragment	9987600	9987700	277	51	0.18411552346570398
pacbio_2_4	topology_fragment	9987700	9987800	276	56	0.2028985507246377
pacbio_2_4	topology_fragment	9987800	9987900	276	43	0.15579710144927536
pacbio_2_4	topology_fragment	9987900	9988000	277	27	0.09747292418772563
pacbio_2_4	topology_fragment	9988000	9988100	280	31	0.11071428571428571
pacbio_2_4	topology_fragment	9988100	9988200	279	43	0.15412186379928317
pacbio_2_4	topology_fragment	9988200	9988300	280	70	0.25
pacbio_2_4	topology_fragment	9988300	9988400	279	87	0.3118279569892473
pacbio_2_4	topology_fragment	9988400	9988500	280	94	0.3357142857142857
pacbio_2_4	topology_fragment	9988500	9988600	282	93	0.32978723404255317
pacbio_2_4	topology_fragment	9988600	9988700	282	58	0.20567375886524822
pacbio_2_4	topology_fragment	9988700	9988800	282	139	0.4929078014184397
pacbio_2_4	topology_fragment	9988800	9988900	284	214	0.7535211267605634
pacbio_2_4	topology_fragment	9988900	9989000	283	218	0.7703180212014135
pacbio_2_4	topology_fragment	9989000	9989100	285	220	0.7719298245614035
pacbio_2_4	topology_fragment	9989100	9989200	284	206	0.7253521126760564
pacbio_2_4	topology_fragment	9989200	9989300	288	159	0.5520833333333334
pacbio_2_4	topology_fragment	9989300	9989400	287	54	0.18815331010452963
pacbio_2_4	topology_fragment	9989400	9989500	286	68	0.23776223776223776
pacbio_2_4	topology_fragment	9989500	9989600	287	133	0.4634146341463415
pacbio_2_4	topology_fragment	9989600	9989700	286	140	0.48951048951048953
pacbio_2_4	topology_fragment	9989700	9989800	298	64	0.21476510067114093
pacbio_2_4	topology_fragment	9989800	9989900	291	50	0.1718213058419244
pacbio_2_4	topology_fragment	9989900	9990000	288	21	0.07291666666666667
pacbio_2_4	topology_fragment	9990000	9990100	290	29	0.1
pacbio_2_4	topology_fragment	9990100	9990200	291	49	0.16838487972508592
pacbio_2_4	topology_fragment	9990200	9990300	292	39	0.13356164383561644
pacbio_2_4	topology_fragment	9990300	9990400	293	47	0.16040955631399317
pacbio_2_4	topology_fragment	9990400	9990500	296	61	0.20608108108108109
pacbio_2_4	topology_fragment	9990500	9990600	296	76	0.25675675675675674
pacbio_2_4	topology_fragment	9990600	9990700	295	77	0.26101694915254237
pacbio_2_4	topology_fragment	9990700	9990800	295	83	0.28135593220338984
pacbio_2_4	topology_fragment	9990800	9990900	295	62	0.21016949152542372
pacbio_2_4	topology_fragment	9990900	9991000	295	54	0.18305084745762712
pacbio_2_4	topology_fragment	9991000	9991100	295	57	0.19322033898305085
pacbio_2_4	topology_fragment	9991100	9991200	297	54	0.18181818181818182
pacbio_2_4	topology_fragment	9991200	9991300	297	48	0.16161616161616163
pacbio_2_4	topology_fragment	9991300	9991400	297	35	0.11784511784511785
pacbio_2_4	topology_fragment	9991400	9991500	300	40	0.13333333333333333
pacbio_2_4	topology_fragment	9991500	9991600	302	46	0.152317880794702
pacbio_2_4	topology_fragment	9991600	9991700	305	64	0.2098360655737705
pacbio_2_4	topology_fragment	9991700	9991800	306	74	0.24183006535947713
pacbio_2_4	topology_fragment	9991800	9991900	308	63	0.20454545454545456
pacbio_2_4	topology_fragment	9991900	9992000	310	66	0.2129032258064516
pacbio_2_4	topology_fragment	9992000	9992100	308	55	0.17857142857142858
pacbio_2_4	topology_fragment	9992100	9992200	307	82	0.2671009771986971
pacbio_2_4	topology_fragment	9992200	9992300	310	68	0.21935483870967742
pacbio_2_4	topology_fragment	9992300	9992400	311	46	0.14790996784565916
pacbio_2_4	topology_fragment	9992400	9992500	310	70	0.22580645161290322
pacbio_2_4	topology_fragment	9992500	9992600	309	61	0.19741100323624594
pacbio_2_4	topology_fragment	9992600	9992700	308	56	0.18181818181818182
pacbio_2_4	topology_fragment	9992700	9992800	308	46	0.14935064935064934
pacbio_2_4	topology_fragment	9992800	9992900	310	67	0.2161290322580645
pacbio_2_4	topology_fragment	9992900	9993000	311	64	0.2057877813504823
pacbio_2_4	topology_fragment	9993000	9993100	312	41	0.13141025641025642
pacbio_2_4	topology_fragment	9993100	9993200	310	45	0.14516129032258066
pacbio_2_4	topology_fragment	9993200	9993300	309	77	0.24919093851132687
pacbio_2_4	topology_fragment	9993300	9993400	314	82	0.2611464968152866
pacbio_2_4	topology_fragment	9993400	9993500	314	50	0.1592356687898089
pacbio_2_4	topology_fragment	9993500	9993600	314	28	0.08917197452229299
pacbio_2_4	topology_fragment	9993600	9993700	315	37	0.11746031746031746
pacbio_2_4	topology_fragment	9993700	9993800	315	60	0.19047619047619047
pacbio_2_4	topology_fragment	9993800	9993900	314	51	0.1624203821656051
pacbio_2_4	topology_fragment	9993900	9994000	313	29	0.0926517571884984
pacbio_2_4	topology_fragment	9994000	9994100	315	25	0.07936507936507936
pacbio_2_4	topology_fragment	9994100	9994200	313	20	0.06389776357827476
pacbio_2_4	topology_fragment	9994200	9994300	313	24	0.07667731629392971
pacbio_2_4	topology_fragment	9994300	9994400	314	18	0.05732484076433121
pacbio_2_4	topology_fragment	9994400	9994500	315	10	0.031746031746031744
pacbio_2_4	topology_fragment	9994500	9994600	313	42	0.134185303514377
pacbio_2_4	topology_fragment	9994600	9994700	316	48	0.1518987341772152
pacbio_2_4	topology_fragment	9994700	9994800	317	29	0.0914826498422713
pacbio_2_4	topology_fragment	9994800	9994900	317	48	0.15141955835962145
pacbio_2_4	topology_fragment	9994900	9995000	321	40	0.12461059190031153
pacbio_2_4	topology_fragment	9995000	9995100	321	28	0.08722741433021806
pacbio_2_4	topology_fragment	9995100	9995200	322	31	0.09627329192546584
pacbio_2_4	topology_fragment	9995200	9995300	325	47	0.14461538461538462
pacbio_2_4	topology_fragment	9995300	9995400	323	60	0.18575851393188855
pacbio_2_4	topology_fragment	9995400	9995500	326	66	0.20245398773006135
pacbio_2_4	topology_fragment	9995500	9995600	326	49	0.15030674846625766
pacbio_2_4	topology_fragment	9995600	9995700	326	60	0.18404907975460122
pacbio_2_4	topology_fragment	9995700	9995800	328	68	0.2073170731707317
pacbio_2_4	topology_fragment	9995800	9995900	330	50	0.15151515151515152
pacbio_2_4	topology_fragment	9995900	9996000	330	24	0.07272727272727272
pacbio_2_4	topology_fragment	9996000	9996100	330	35	0.10606060606060606
pacbio_2_4	topology_fragment	9996100	9996200	331	39	0.11782477341389729
pacbio_2_4	topology_fragment	9996200	9996300	328	57	0.17378048780487804
pacbio_2_4	topology_fragment	9996300	9996400	329	125	0.3799392097264438
pacbio_2_4	topology_fragment	9996400	9996500	328	121	0.36890243902439024
pacbio_2_4	topology_fragment	9996500	9996600	328	87	0.2652439024390244
pacbio_2_4	topology_fragment	9996600	9996700	327	71	0.21712538226299694
pacbio_2_4	topology_fragment	9996700	9996800	324	60	0.18518518518518517
pacbio_2_4	topology_fragment	9996800	9996900	323	90	0.2786377708978328
pacbio_2_4	topology_fragment	9996900	9997000	324	88	0.2716049382716049
pacbio_2_4	topology_fragment	9997000	9997100	326	52	0.15950920245398773
pacbio_2_4	topology_fragment	9997100	9997200	328	80	0.24390243902439024
pacbio_2_4	topology_fragment	9997200	9997300	329	59	0.17933130699088146
pacbio_2_4	topology_fragment	9997300	9997400	329	30	0.0911854103343465
pacbio_2_4	topology_fragment	9997400	9997500	325	38	0.11692307692307692
pacbio_2_4	topology_fragment	9997500	9997600	326	50	0.15337423312883436
pacbio_2_4	topology_fragment	9997600	9997700	326	67	0.20552147239263804
pacbio_2_4	topology_fragment	9997700	9997800	325	84	0.25846153846153846
pacbio_2_4	topology_fragment	9997800	9997900	325	76	0.23384615384615384
pacbio_2_4	topology_fragment	9997900	9998000	328	44	0.13414634146341464
pacbio_2_4	topology_fragment	9998000	9998100	328	23	0.0701219512195122
pacbio_2_4	topology_fragment	9998100	9998200	329	33	0.10030395136778116
pacbio_2_4	topology_fragment	9998200	9998300	331	64	0.1933534743202417
pacbio_2_4	topology_fragment	9998300	9998400	330	65	0.19696969696969696
pacbio_2_4	topology_fragment	9998400	9998500	331	71	0.21450151057401812
pacbio_2_4	topology_fragment	9998500	9998600	332	71	0.21385542168674698
pacbio_2_4	topology_fragment	9998600	9998700	330	69	0.20909090909090908
pacbio_2_4	topology_fragment	9998700	9998800	327	76	0.2324159021406728
pacbio_2_4	topology_fragment	9998800	9998900	329	50	0.1519756838905775
pacbio_2_4	topology_fragment	9998900	9999000	335	40	0.11940298507462686
pacbio_2_4	topology_fragment	9999000	9999100	334	35	0.10479041916167664
pacbio_2_4	topology_fragment	9999100	9999200	333	21	0.06306306306306306
pacbio_2_4	topology_fragment	9999200	9999300	332	22	0.06626506024096386
pacbio_2_4	topology_fragment	9999300	9999400	333	26	0.07807807807807808
pacbio_2_4	topology_fragment	9999400	9999500	332	50	0.15060240963855423
pacbio_2_4	topology_fragment	9999500	9999600	331	59	0.1782477341389728
pacbio_2_4	topology_fragment	9999600	9999700	332	81	0.24397590361445784
pacbio_2_4	topology_fragment	9999700	9999800	335	82	0.24477611940298508
pacbio_2_4	topology_fragment	9999800	9999900	334	67	0.20059880239520958
pacbio_2_4	topology_fragment	9999900	10000000	336	65	0.19345238095238096
pacbio_2_4	topology_fragment	10000000	10000100	336	69	0.20535714285714285
pacbio_2_4	topology_fragment	10000100	10000200	334	67	0.20059880239520958
pacbio_2_4	topology_fragment	10000200	10000300	334	30	0.08982035928143713
pacbio_2_4	topology_fragment	10000300	10000400	334	15	0.04491017964071856
pacbio_2_4	topology_fragment	10000400	10000500	333	32	0.0960960960960961
pacbio_2_4	topology_fragment	10000500	10000600	331	56	0.1691842900302115
pacbio_2_4	topology_fragment	10000600	10000700	332	57	0.1716867469879518
pacbio_2_4	topology_fragment	10000700	10000800	332	63	0.1897590361445783
pacbio_2_4	topology_fragment	10000800	10000900	334	33	0.09880239520958084
pacbio_2_4	topology_fragment	10000900	10001000	331	20	0.06042296072507553
pacbio_2_4	topology_fragment	10001000	10001100	331	31	0.09365558912386707
pacbio_2_4	topology_fragment	10001100	10001200	331	36	0.10876132930513595
pacbio_2_4	topology_fragment	10001200	10001300	332	44	0.13253012048192772
pacbio_2_4	topology_fragment	10001300	10001400	334	47	0.1407185628742515
pacbio_2_4	topology_fragment	10001400	10001500	333	39	0.11711711711711711
pacbio_2_4	topology_fragment	10001500	10001600	333	52	0.15615615615615616
pacbio_2_4	topology_fragment	10001600	10001700	335	25	0.07462686567164178
pacbio_2_4	topology_fragment	10001700	10001800	334	21	0.06287425149700598
pacbio_2_4	topology_fragment	10001800	10001900	334	23	0.0688622754491018
pacbio_2_4	topology_fragment	10001900	10002000	333	25	0.07507507507507508
pacbio_2_4	topology_fragment	10002000	10002100	334	27	0.08083832335329341
pacbio_2_4	topology_fragment	10002100	10002200	333	52	0.15615615615615616
pacbio_2_4	topology_fragment	10002200	10002300	334	52	0.15568862275449102
pacbio_2_4	topology_fragment	10002300	10002400	335	51	0.15223880597014924
pacbio_2_4	topology_fragment	10002400	10002500	335	54	0.16119402985074627
pacbio_2_4	topology_fragment	10002500	10002600	336	91	0.2708333333333333
pacbio_2_4	topology_fragment	10002600	10002700	336	85	0.25297619047619047
pacbio_2_4	topology_fragment	10002700	10002800	341	41	0.12023460410557185
pacbio_2_4	topology_fragment	10002800	10002900	343	19	0.05539358600583091
pacbio_2_4	topology_fragment	10002900	10003000	343	37	0.10787172011661808
pacbio_2_4	topology_fragment	10003000	10003100	342	49	0.14327485380116958
pacbio_2_4	topology_fragment	10003100	10003200	342	55	0.1608187134502924
pacbio_2_4	topology_fragment	10003200	10003300	342	47	0.13742690058479531
pacbio_2_4	topology_fragment	10003300	10003400	341	53	0.15542521994134897
pacbio_2_4	topology_fragment	10003400	10003500	341	46	0.1348973607038123
pacbio_2_4	topology_fragment	10003500	10003600	340	44	0.12941176470588237
pacbio_2_4	topology_fragment	10003600	10003700	339	23	0.06784660766961652
pacbio_2_4	topology_fragment	10003700	10003800	339	34	0.10029498525073746
pacbio_2_4	topology_fragment	10003800	10003900	339	32	0.0943952802359882
pacbio_2_4	topology_fragment	10003900	10004000	339	21	0.061946902654867256
pacbio_2_4	topology_fragment	10004000	10004100	336	18	0.05357142857142857
pacbio_2_4	topology_fragment	10004100	10004200	335	33	0.09850746268656717
pacbio_2_4	topology_fragment	10004200	10004300	333	39	0.11711711711711711
pacbio_2_4	topology_fragment	10004300	10004400	329	58	0.1762917933130699
pacbio_2_4	topology_fragment	10004400	10004500	329	37	0.11246200607902736
pacbio_2_4	topology_fragment	10004500	10004600	327	39	0.11926605504587157
pacbio_2_4	topology_fragment	10004600	10004700	327	29	0.08868501529051988
pacbio_2_4	topology_fragment	10004700	10004800	327	47	0.1437308868501529
pacbio_2_4	topology_fragment	10004800	10004900	325	56	0.1723076923076923
pacbio_2_4	topology_fragment	10004900	10005000	323	35	0.10835913312693499
pacbio_2_4	topology_fragment	10005000	10005100	320	40	0.125
pacbio_2_4	topology_fragment	10005100	10005200	320	67	0.209375
pacbio_2_4	topology_fragment	10005200	10005300	318	72	0.22641509433962265
pacbio_2_4	topology_fragment	10005300	10005400	317	69	0.21766561514195584
pacbio_2_4	topology_fragment	10005400	10005500	317	54	0.17034700315457413
pacbio_2_4	topology_fragment	10005500	10005600	315	47	0.1492063492063492
pacbio_2_4	topology_fragment	10005600	10005700	314	31	0.09872611464968153
pacbio_2_4	topology_fragment	10005700	10005800	312	46	0.14743589743589744
pacbio_2_4	topology_fragment	10005800	10005900	311	56	0.18006430868167203
pacbio_2_4	topology_fragment	10005900	10006000	308	35	0.11363636363636363
